time,iso_string,NDP1-1,NDP1-2,NDP1-3
741009607.0,2023-06-26T00:00:07.000,-1.058922864893841,-0.8837316758381064,-1.2319247776559905
741009627.0,2023-06-26T00:00:27.000,0.2650536866322106,-1.4253170736666654,0.8925194083464483
741009647.0,2023-06-26T00:00:47.000,-1.1418402923180082,-0.6623475104716725,-0.040655374033971015
741009667.0,2023-06-26T00:01:07.000,-0.2442981423489421,0.19645025413073114,-0.08140669112144394
741009687.0,2023-06-26T00:01:27.000,-1.320031437457292,0.5490341197011972,-1.3698957101682119
741009707.0,2023-06-26T00:01:47.000,0.105398080729735,0.518917000402741,-1.1163997463148334
741009727.0,2023-06-26T00:02:07.000,0.4052809234544874,1.5900293666382126,-0.9642274197085854
741009747.0,2023-06-26T00:02:27.000,-1.4163258278521162,1.0838086060283025,-0.11047306686107206
741009767.0,2023-06-26T00:02:47.000,0.3302519130166104,-1.7557685015212599,0.40231572130400295
741009787.0,2023-06-26T00:03:07.000,0.3492756229572791,-0.6453467676581504,-1.462631353599253
741009807.0,2023-06-26T00:03:27.000,1.0358261899878762,0.781215589551465,0.739237362357148
741009827.0,2023-06-26T00:03:47.000,0.5584861719087897,0.09288436803034372,0.08852381897517247
741009847.0,2023-06-26T00:04:07.000,0.18395647864988263,-0.8662207144904954,-1.1713131185309145
741009867.0,2023-06-26T00:04:27.000,0.23459744983300723,1.41313037458346,0.3587514257330504
741009887.0,2023-06-26T00:04:47.000,0.2131390742232675,-1.1672245308624873,-0.33512647380495864
741009907.0,2023-06-26T00:05:07.000,0.54712896713216,-1.6827694182763864,-0.08736126522190801
741009927.0,2023-06-26T00:05:27.000,0.5994306311984943,0.05361974561024496,1.020872790435945
741009947.0,2023-06-26T00:05:47.000,-0.1085453875449005,-0.5076990002073067,-2.098314745557772
741009967.0,2023-06-26T00:06:07.000,-1.0522170343696402,-1.5212672668907246,-1.119218152856316
741009987.0,2023-06-26T00:06:27.000,-2.202310085996917,-1.2297812576944622,0.08312616824879271
741010007.0,2023-06-26T00:06:47.000,0.5295375900105093,-0.8546305691803369,-0.344546639352572
741010027.0,2023-06-26T00:07:07.000,-0.6394148451716042,0.4234586504447968,0.11863727760186293
741010047.0,2023-06-26T00:07:27.000,-0.2525012154697137,-1.5173454766981287,-0.520229135503314
741010067.0,2023-06-26T00:07:47.000,-1.7795770010264889,0.07626599608512308,-0.08154115336278522
741010087.0,2023-06-26T00:08:07.000,1.3525749499421202,-0.11557436704334734,2.2544455670292507
741010107.0,2023-06-26T00:08:27.000,-1.0462928113574854,-1.3680910147084724,-0.7357849711175923
741010127.0,2023-06-26T00:08:47.000,-0.6695551381330489,-0.6637158040168067,0.7500550220584934
741010147.0,2023-06-26T00:09:07.000,-0.4842826042184001,-0.28127783952003327,-0.5019571470477047
741010167.0,2023-06-26T00:09:27.000,-2.035625423124632,-0.5737013509921063,-0.013470187765207697
741010187.0,2023-06-26T00:09:47.000,-0.017136227170588825,1.1558186360005607,-0.2240495040162216
741010207.0,2023-06-26T00:10:07.000,-1.3647002924388474,0.03988778380925595,-1.5452743204025232
741010227.0,2023-06-26T00:10:27.000,-0.3987270861482983,-2.150278739931899,0.025432442618544826
741010247.0,2023-06-26T00:10:47.000,-0.3695568442596553,0.4098412410113994,-0.477294355438751
741010267.0,2023-06-26T00:11:07.000,-0.8564552059553421,0.32395914620897415,0.34245167724877845
741010287.0,2023-06-26T00:11:27.000,-0.9553060759448506,-0.7106547323942891,0.18059073250142887
741010307.0,2023-06-26T00:11:47.000,-0.9675981066381567,0.3024931601203207,-0.04904069084155083
741010327.0,2023-06-26T00:12:07.000,-0.4164837689724088,-0.48688110619865554,-0.18388174236605437
741010347.0,2023-06-26T00:12:27.000,-0.1434599428917771,-0.086841437174634,-1.4748013120402526
741010367.0,2023-06-26T00:12:47.000,-0.8631288206828458,0.5126949170541906,-1.1747171120846112
741010387.0,2023-06-26T00:13:07.000,1.366633791499705,-0.6549961648727454,-1.022105904679993
741010407.0,2023-06-26T00:13:27.000,0.017098839977247593,-1.481921901091976,-0.3978538429039169
741010427.0,2023-06-26T00:13:47.000,0.5078259378676897,0.03530894566727838,-0.3140870677209584
741010447.0,2023-06-26T00:14:07.000,-1.1267001645665076,0.08713363507384386,-0.8077273043083366
741010467.0,2023-06-26T00:14:27.000,0.059645927730223036,-0.3487486974207421,-0.39835655430975336
741010487.0,2023-06-26T00:14:47.000,-1.1440032450016346,-1.0790431789420296,0.11267401448522563
741010507.0,2023-06-26T00:15:07.000,-0.8538679605041288,0.06133382411954713,0.12847267509830118
741010527.0,2023-06-26T00:15:27.000,-0.844015932510711,0.6953605801829355,-0.028918181316228697
741010547.0,2023-06-26T00:15:47.000,0.035165761169686505,-0.19493062880515666,0.08810647558199491
741010567.0,2023-06-26T00:16:07.000,-0.739006575034562,1.1927496272989835,0.16775581447303622
741010587.0,2023-06-26T00:16:27.000,-0.3835453172396086,0.10274270560994836,-1.0395168395738175
741010607.0,2023-06-26T00:16:47.000,0.195930276503109,0.37127239272960466,-1.3349675845764075
741010627.0,2023-06-26T00:17:07.000,-0.3265587790179936,0.27263721850134814,-0.3820019813471909
741010647.0,2023-06-26T00:17:27.000,-1.5936935369387228,0.3646209453367355,0.28832325204009024
741010667.0,2023-06-26T00:17:47.000,0.21651201774774975,-0.6512100291344858,-0.05393379063356463
741010687.0,2023-06-26T00:18:07.000,-1.3427093320528272,0.554765843829852,0.316104643827142
741010707.0,2023-06-26T00:18:27.000,-0.8241996265478946,-0.1294029608134295,-1.3042684308572916
741010727.0,2023-06-26T00:18:47.000,-1.0729778289531033,-0.23375262372393735,-0.6429371336991174
741010747.0,2023-06-26T00:19:07.000,-0.22543310814748807,0.9888455404838403,-0.17830266523244376
741010767.0,2023-06-26T00:19:27.000,-0.13535959719757074,0.3499669938178407,-0.09139151425641145
741010787.0,2023-06-26T00:19:47.000,-0.40905767183518904,0.3877467740553975,0.6778515612482217
741010807.0,2023-06-26T00:20:07.000,-1.1910039056983734,-1.59531196589624,-0.9050934769994079
741010827.0,2023-06-26T00:20:27.000,-0.9444634260669105,-0.10296096059070337,0.603251996955656
741010847.0,2023-06-26T00:20:47.000,-1.0542126583024114,-0.19709130464340419,-0.7534003316878035
741010867.0,2023-06-26T00:21:07.000,0.995015117899456,-0.7531487412060223,-0.022251239883974705
741010887.0,2023-06-26T00:21:27.000,-0.33671489043651803,0.3795522593552647,-1.2242381865590346
741010907.0,2023-06-26T00:21:47.000,0.7567837409405698,-0.15551559769955148,0.34195427196515027
741010927.0,2023-06-26T00:22:07.000,0.06711434421546869,-0.7641682556736029,-0.5470271368546165
741010947.0,2023-06-26T00:22:27.000,0.47106784023531745,0.21241818763950704,0.4465168806366826
741010967.0,2023-06-26T00:22:47.000,0.49064528333531143,-0.06406911488010536,-0.6856961863643818
741010987.0,2023-06-26T00:23:07.000,0.11627445143380655,0.36776285213813154,-0.6302520523804311
741011007.0,2023-06-26T00:23:27.000,0.8965544265659986,0.15162917181843483,-0.3270327805227069
741011027.0,2023-06-26T00:23:47.000,0.18269675159388044,0.3600024291006143,0.03291019297080311
741011047.0,2023-06-26T00:24:07.000,-0.9229986363545883,0.2061682897402939,-0.35143864455244866
741011067.0,2023-06-26T00:24:27.000,0.6519377159786011,-1.2889164835439004,-1.8612907244475174
741011087.0,2023-06-26T00:24:47.000,-0.07827902286372534,-1.261189795431772,-0.9573007652252663
741011107.0,2023-06-26T00:25:07.000,0.8091678357025067,1.0510225214810376,-0.8475911590921648
741011127.0,2023-06-26T00:25:27.000,-0.16832610528760839,1.1296659833570644,-0.1114878911856465
741011147.0,2023-06-26T00:25:47.000,-0.11591401292143644,1.5478915701527818,-0.1537779942384354
741011167.0,2023-06-26T00:26:07.000,-0.5539091769257709,0.588901993903157,-0.3684290170280491
741011187.0,2023-06-26T00:26:27.000,1.0013557802612816,0.7168633104459587,0.04490278475710596
741011207.0,2023-06-26T00:26:47.000,-1.272012308983772,-0.8106030101484585,-0.6897883603973476
741011227.0,2023-06-26T00:27:07.000,-1.2418590697782506,-1.691882561449809,-1.3022921661720588
741011247.0,2023-06-26T00:27:27.000,-2.373338085293053,-0.5209951505880106,0.39871763600762833
741011267.0,2023-06-26T00:27:47.000,0.08316850025336109,-1.1312096347304568,-0.0835864512604978
741011287.0,2023-06-26T00:28:07.000,0.888035816415389,-0.9402010123116256,-0.38388765553065696
741011307.0,2023-06-26T00:28:27.000,-0.0783732873599341,1.17948458113748,0.222460856502682
741011327.0,2023-06-26T00:28:47.000,0.6125496496367511,0.625148242505702,-0.6159069414479745
741011347.0,2023-06-26T00:29:07.000,-0.12812440411957837,-0.5163506195948742,-0.19102207519106074
741011367.0,2023-06-26T00:29:27.000,-0.14675291185595185,0.954721085322241,0.08297092489728541
741011387.0,2023-06-26T00:29:47.000,-1.1387469704859932,1.0625630541105657,0.1110324061359691
741011407.0,2023-06-26T00:30:07.000,-0.1822911106730274,0.15573581304550999,0.41245879754958636
741011427.0,2023-06-26T00:30:27.000,0.5019757916668866,-0.1917290403108396,-0.6069713761602813
741011447.0,2023-06-26T00:30:47.000,0.11019833239256371,0.04032212747029362,0.30810726083796425
741011467.0,2023-06-26T00:31:07.000,-1.1150901659040535,1.3916692004123377,1.0154294699415978
741011487.0,2023-06-26T00:31:27.000,-1.4171376689131598,-0.7453287420911003,0.3711022660501939
741011507.0,2023-06-26T00:31:47.000,0.20054382884326927,-1.0254678146304208,-0.21800977603181337
741011527.0,2023-06-26T00:32:07.000,-0.24078363453083895,0.14391100208177576,-0.30256571408315835
741011547.0,2023-06-26T00:32:27.000,0.2747690835191996,0.7130957295986562,-1.357646088284703
741011567.0,2023-06-26T00:32:47.000,-0.37866902776739764,-1.4584686039875727,-1.3915169631228963
741011587.0,2023-06-26T00:33:07.000,-0.28174247268530905,-0.9431975182216945,-0.6115299953091125
741011607.0,2023-06-26T00:33:27.000,0.3483448811403278,-0.07285429746151095,-0.15416538742263342
741011627.0,2023-06-26T00:33:47.000,1.1967393522493985,-1.4917077167497794,0.34804179228631327
741011647.0,2023-06-26T00:34:07.000,-0.7895030852744789,-0.005853946327682991,0.35504869471125744
741011667.0,2023-06-26T00:34:27.000,0.5238730841461425,1.6258139593272602,0.40015767932555235
741011687.0,2023-06-26T00:34:47.000,-0.21824029853290128,-0.32061205513800317,0.6527884879647949
741011707.0,2023-06-26T00:35:07.000,-1.0522545030644537,0.9360846306094572,-0.3929159195337206
741011727.0,2023-06-26T00:35:27.000,-0.232957089452146,1.1400975982622796,-0.3674326726876842
741011747.0,2023-06-26T00:35:47.000,-0.894434476683692,0.5868843083844943,-0.7903071600479095
741011767.0,2023-06-26T00:36:07.000,0.45590233495040877,-1.082989684264568,-0.07447792402803799
741011787.0,2023-06-26T00:36:27.000,-0.2398363831201955,-0.5745625054398573,1.5247499529968955
741011807.0,2023-06-26T00:36:47.000,0.4274137063609018,-0.030155136820919637,-1.2691596520064685
741011827.0,2023-06-26T00:37:07.000,0.48664831904243755,1.258240316970305,0.29271576422740253
741011847.0,2023-06-26T00:37:27.000,-0.7665112782495598,-0.3999027554435486,-0.5774038637551548
741011867.0,2023-06-26T00:37:47.000,-0.12693674364960827,-0.6217543006448167,-0.4544828003938406
741011887.0,2023-06-26T00:38:07.000,0.5677434649409285,-0.0055350449557067805,-0.9901317564176004
741011907.0,2023-06-26T00:38:27.000,0.2823221151526667,0.054836748075715036,0.12201281721635482
741011927.0,2023-06-26T00:38:47.000,0.44519081727756316,0.4233628576710835,-1.5340986995404648
741011947.0,2023-06-26T00:39:07.000,-0.06458344462556553,0.6138754227280607,0.5759746736555549
741011967.0,2023-06-26T00:39:27.000,0.6799840187921014,-0.46651094497418555,-0.34137346492935094
741011987.0,2023-06-26T00:39:47.000,0.13075654305971796,-0.014775604606498405,-0.3093420412159098
741012007.0,2023-06-26T00:40:07.000,0.4831671275407068,-1.5149225562338664,0.13821589149864977
741012027.0,2023-06-26T00:40:27.000,0.01659260429054399,0.7998418351973235,-0.6617447138257404
741012047.0,2023-06-26T00:40:47.000,-1.267794985326809,0.11314668025841357,0.3033847498890019
741012067.0,2023-06-26T00:41:07.000,-0.269165624189327,-0.026097395444679705,-0.14995348815993736
741012087.0,2023-06-26T00:41:27.000,0.6992089975677018,-1.9887539883911565,-0.785050670137899
741012107.0,2023-06-26T00:41:47.000,-0.2518927309402841,-1.5891743437523864,-0.6709055472842174
741012127.0,2023-06-26T00:42:07.000,-1.364639510426091,-0.19818753148603818,-0.205897335947558
741012147.0,2023-06-26T00:42:27.000,-0.18679926715448048,-0.6460497238180984,0.3344083836509526
741012167.0,2023-06-26T00:42:47.000,0.2842301201400055,-1.8181712874931755,0.06198818228719816
741012187.0,2023-06-26T00:43:07.000,0.47444511146466084,0.007627328035830772,0.327921366294337
741012207.0,2023-06-26T00:43:27.000,0.19545840925783153,0.3577208370852958,-0.9675300906786255
741012227.0,2023-06-26T00:43:47.000,-0.5629126383688288,-1.9072783846940666,0.5584789134149837
741012247.0,2023-06-26T00:44:07.000,-0.3533709652892014,-0.5223018286870662,-0.24877952651269908
741012267.0,2023-06-26T00:44:27.000,0.5101733519974339,0.2986907263524685,0.04173396328521761
741012287.0,2023-06-26T00:44:47.000,0.4498946927000702,-0.4438883902446733,-0.4870685842317535
741012307.0,2023-06-26T00:45:07.000,-0.30058469966398604,0.13040155045773716,0.7866097326170163
741012327.0,2023-06-26T00:45:27.000,-0.5607478875568894,0.16540929019814854,0.5124836928827037
741012347.0,2023-06-26T00:45:47.000,0.15577884232564898,-1.374247614038815,0.5587529529393898
741012367.0,2023-06-26T00:46:07.000,0.20476210637054848,-0.88807843805494,-0.3028847927133427
741012387.0,2023-06-26T00:46:27.000,1.5115089036066287,-1.468812560279087,-0.8694864574998462
741012407.0,2023-06-26T00:46:47.000,0.1765978809853408,-0.1692223277838245,-0.26003107753691523
741012427.0,2023-06-26T00:47:07.000,-0.5844322775061528,0.6563493335831616,-0.16150373188805744
741012447.0,2023-06-26T00:47:27.000,-0.757009643070905,-0.5021699992502349,-1.482917802020367
741012467.0,2023-06-26T00:47:47.000,0.11226163508792908,-0.7244991947374935,1.3290843599023106
741012487.0,2023-06-26T00:48:07.000,0.33323253060268954,-1.5082206614613902,0.6366304267757528
741012507.0,2023-06-26T00:48:27.000,0.16551371566642104,-1.4270793239123947,0.8509985356730532
741012527.0,2023-06-26T00:48:47.000,0.45538840818259985,-0.2960332998402926,-0.6518035693181545
741012547.0,2023-06-26T00:49:07.000,-0.05544188518280535,-0.7420369381283543,0.5079725066914342
741012567.0,2023-06-26T00:49:27.000,-0.10412095798884025,-1.6144624375047378,-0.17776793374002509
741012587.0,2023-06-26T00:49:47.000,0.5100483080222595,-0.9628097025982107,-0.23385523880703474
741012607.0,2023-06-26T00:50:07.000,0.06131454667324121,1.23155171993794,-0.747643468335113
741012627.0,2023-06-26T00:50:27.000,-0.6825723210979184,-0.7330760705137607,-0.8645286582287248
741012647.0,2023-06-26T00:50:47.000,1.0939312976132598,0.23308378194197843,0.42150853494238305
741012667.0,2023-06-26T00:51:07.000,-0.04622680405130808,-1.9774753216572627,0.7552780566300044
741012687.0,2023-06-26T00:51:27.000,-0.17312440597772039,-0.59211796649139,-1.2089495479039591
741012707.0,2023-06-26T00:51:47.000,1.707428330188776,-0.7539212585894184,0.5767109775733914
741012727.0,2023-06-26T00:52:07.000,0.6110901679345915,-1.7797996175517028,0.04906429296180903
741012747.0,2023-06-26T00:52:27.000,0.30965431042639935,-0.5209553523899402,-0.2850937935061637
741012767.0,2023-06-26T00:52:47.000,-0.14723063378463408,-0.5693619030910924,0.2470331893378308
741012787.0,2023-06-26T00:53:07.000,-0.6529069316196789,-0.6672215427827588,0.46759322297473815
741012807.0,2023-06-26T00:53:27.000,-0.13854564462345564,-0.9653886231419939,-1.4699529517270271
741012827.0,2023-06-26T00:53:47.000,-0.7373830124834946,-0.2956825095101756,-1.6359115946218417
741012847.0,2023-06-26T00:54:07.000,-0.03760062521340757,0.3424306559973722,0.16322692367731761
741012867.0,2023-06-26T00:54:27.000,0.5161816452936563,-0.24104289697568504,-0.3849549218726267
741012887.0,2023-06-26T00:54:47.000,-0.014698695494086422,-0.769473015904687,-1.2887548201945265
741012907.0,2023-06-26T00:55:07.000,0.8258261857352345,-0.6769828026831348,-0.8759436877836535
741012927.0,2023-06-26T00:55:27.000,0.5937184843096688,-1.322562781425063,0.17793886197825515
741012947.0,2023-06-26T00:55:47.000,-0.6499929147918415,1.2161398941223922,-0.1483800916135536
741012967.0,2023-06-26T00:56:07.000,0.678088696659529,0.2047924534287482,-1.0442749314609756
741012987.0,2023-06-26T00:56:27.000,0.36621037998729733,-1.060346836934123,0.006846123734582932
741013007.0,2023-06-26T00:56:47.000,-1.1133754013403774,-1.2331738085347155,-0.6928656522187104
741013027.0,2023-06-26T00:57:07.000,1.1182880971238873,-0.31506453319618544,-0.4454959772082212
741013047.0,2023-06-26T00:57:27.000,-0.590729097837972,-0.6488731873477427,0.19833837702210033
741013067.0,2023-06-26T00:57:47.000,-1.0132216602065647,-1.3337202116381341,0.8264536543789447
741013087.0,2023-06-26T00:58:07.000,-0.13614043682386168,-0.02667739329442753,1.141996368236864
741013107.0,2023-06-26T00:58:27.000,0.038886890407763275,0.9176166589908163,-0.4152065065099464
741013127.0,2023-06-26T00:58:47.000,0.3144242533337227,0.2313173359858034,1.2520533603566086
741013147.0,2023-06-26T00:59:07.000,-1.156286960346531,-0.4902417832353123,0.6283129965645173
741013167.0,2023-06-26T00:59:27.000,-1.5561952927289902,-0.5547411544459813,-0.6820973827759147
741013187.0,2023-06-26T00:59:47.000,-0.11262776381526507,-0.44060656453348557,-0.26407554259977317
741013207.0,2023-06-26T01:00:07.000,-0.1818649951301765,-0.22863066726497294,-1.8459461485376139
741013227.0,2023-06-26T01:00:27.000,0.6274283182339246,-1.2176753614756564,-1.420138721786035
741013247.0,2023-06-26T01:00:47.000,0.0732351282284327,-0.7069136796933329,0.35974119939607974
741013267.0,2023-06-26T01:01:07.000,-1.0273300842023048,-0.33181739362841967,0.25559454742696275
741013287.0,2023-06-26T01:01:27.000,-1.581797693228637,-0.4435453156426128,0.5840418964786487
741013307.0,2023-06-26T01:01:47.000,0.03197926033982057,-0.8980596873486846,0.9437779117216216
741013327.0,2023-06-26T01:02:07.000,-0.058392423796238546,-0.32547931047011147,0.062157231262016666
741013347.0,2023-06-26T01:02:27.000,0.47786886471223866,0.4656642415334922,0.2832277442910147
741013367.0,2023-06-26T01:02:47.000,0.2832714623535182,-0.42876363256505456,-0.46788847053447213
741013387.0,2023-06-26T01:03:07.000,-0.9999390104598049,-1.0992514521968033,0.8017489957934387
741013407.0,2023-06-26T01:03:27.000,-0.20657503034815505,-0.7925720558521476,0.44594613721749
741013427.0,2023-06-26T01:03:47.000,0.1327725250743761,-1.7642340896850683,-1.0963794931595494
741013447.0,2023-06-26T01:04:07.000,-1.5587580378451094,0.22836929101099912,-0.14983525087330918
741013467.0,2023-06-26T01:04:27.000,1.1675527460175417,-0.6453327165645284,-0.9765763475888534
741013487.0,2023-06-26T01:04:47.000,-1.63841126855635,0.032239083103124955,0.018161779447023463
741013507.0,2023-06-26T01:05:07.000,0.9046572440496448,0.5839974509647128,-0.5871852755023887
741013527.0,2023-06-26T01:05:27.000,0.5674282593126634,-0.6618897221644104,0.2546360128419245
741013547.0,2023-06-26T01:05:47.000,0.6421793145250376,-1.1822827410079562,0.618865543677849
741013567.0,2023-06-26T01:06:07.000,0.40980431524895167,-0.2625704331626899,0.9089514326210413
741013587.0,2023-06-26T01:06:27.000,-0.27682389170946564,0.539459779647089,1.8936556616111488
741013607.0,2023-06-26T01:06:47.000,0.6169582055570721,-0.7912305580393131,-1.3230711136347217
741013627.0,2023-06-26T01:07:07.000,-1.521237251533858,0.31472292149059555,0.708608013166856
741013647.0,2023-06-26T01:07:27.000,-1.7705517672661486,0.5560081009936546,0.23827907084106315
741013667.0,2023-06-26T01:07:47.000,0.2957718339913207,-0.12535808044944474,0.22592651069963665
741013687.0,2023-06-26T01:08:07.000,-2.3736247049210846,-0.0761038566499117,-0.33545110019739255
741013707.0,2023-06-26T01:08:27.000,-1.7693203126945,0.1047569742951282,2.2661625261322094
741013727.0,2023-06-26T01:08:47.000,0.006852062517381796,-2.2893491455899806,0.2146824602422548
741013747.0,2023-06-26T01:09:07.000,-0.21827758300840827,-0.18063657629685537,0.5053988232583961
741013767.0,2023-06-26T01:09:27.000,-0.31753312835780534,-1.041166987592046,0.17539916229436514
741013787.0,2023-06-26T01:09:47.000,0.44624273173310414,-2.379776287597668,0.15696011756993755
741013807.0,2023-06-26T01:10:07.000,-0.7172051627590825,-1.279125056075081,0.8512392735360308
741013827.0,2023-06-26T01:10:27.000,-0.89298053068676,-1.0102945954493237,0.615491416100511
741013847.0,2023-06-26T01:10:47.000,0.37453022913025436,-1.2185057173930147,0.7596326083825211
741013867.0,2023-06-26T01:11:07.000,-0.6235880309457542,-1.5741893995002698,0.33369941540017933
741013887.0,2023-06-26T01:11:27.000,-0.9008173430524735,-1.6104950923856443,1.1710086818883525
741013907.0,2023-06-26T01:11:47.000,-0.5578028002162227,0.10197519865196014,1.261909749394885
741013927.0,2023-06-26T01:12:07.000,-0.8081489853983825,-0.6946339704771987,0.8651972936757346
741013947.0,2023-06-26T01:12:27.000,0.5561860127123452,0.406570118571814,-0.7595953729344629
741013967.0,2023-06-26T01:12:47.000,-1.0121576173860447,-0.24012418743390995,0.02733672804788867
741013987.0,2023-06-26T01:13:07.000,0.020135508294050197,-0.23101053573393315,-0.21206862379496982
741014007.0,2023-06-26T01:13:27.000,-1.2414775163227532,-2.1585845451754793,1.134253296852794
741014027.0,2023-06-26T01:13:47.000,-0.9225196955675585,-0.36970015319104377,0.18782194333155644
741014047.0,2023-06-26T01:14:07.000,-1.2086991722837226,-0.7811575591709641,0.0021089266999396727
741014067.0,2023-06-26T01:14:27.000,-1.5169041065909994,-1.5887897596544853,-0.15994199917823693
741014087.0,2023-06-26T01:14:47.000,-0.9279371586123908,1.161262995230672,1.702111836943132
741014107.0,2023-06-26T01:15:07.000,-0.5334258734057684,-1.0988004408019059,-0.09996012877433458
741014127.0,2023-06-26T01:15:27.000,-0.9252262941128464,-0.5757507377524007,0.6715937615364709
741014147.0,2023-06-26T01:15:47.000,1.6117040632090962,-0.39961117641595933,-0.7267066977512115
741014167.0,2023-06-26T01:16:07.000,0.9873547618499678,-0.6320864033515505,1.5405126131740055
741014187.0,2023-06-26T01:16:27.000,-2.2911364003674883,-0.6354168987976472,0.6896063656780527
741014207.0,2023-06-26T01:16:47.000,-0.4645687115001351,0.8145017400540411,0.15652606417670967
741014227.0,2023-06-26T01:17:07.000,-0.8778878659021494,-0.8494755814103527,-0.6909425546042236
741014247.0,2023-06-26T01:17:27.000,-0.7966607334486397,-0.6481602777164142,0.4346716257264127
741014267.0,2023-06-26T01:17:47.000,-0.2007573822515596,-1.2692067347774838,1.514219291554042
741014287.0,2023-06-26T01:18:07.000,-1.2573008138949682,0.3218086606526782,-0.16611435257329887
741014307.0,2023-06-26T01:18:27.000,-0.8731320982224844,-1.1265144805983063,0.4029005942207675
741014327.0,2023-06-26T01:18:47.000,-1.1630158288089554,-1.3957189131441616,0.2594505966735383
741014347.0,2023-06-26T01:19:07.000,-0.9792762058591364,-0.2690024066165364,0.9792374370043433
741014367.0,2023-06-26T01:19:27.000,0.5207485842206871,-1.6074645358132855,-1.1569091509788798
741014387.0,2023-06-26T01:19:47.000,-0.6144436273447518,-0.31278703980230915,1.0296208439841692
741014407.0,2023-06-26T01:20:07.000,0.12138827076846326,0.21983874680664428,1.9077431097858089
741014427.0,2023-06-26T01:20:27.000,1.425329241067086,0.1820584012213189,-1.693231215604829
741014447.0,2023-06-26T01:20:47.000,-1.3773292768970435,1.1147431276392616,0.9977177604425513
741014467.0,2023-06-26T01:21:07.000,0.8795030378982993,-0.8356617866689398,0.09917122573144255
741014487.0,2023-06-26T01:21:27.000,-0.5404469315406502,-0.21196460573413844,-0.47976609388600266
741014507.0,2023-06-26T01:21:47.000,-0.5820505372011731,-0.8923637901947501,1.2055897972595986
741014527.0,2023-06-26T01:22:07.000,-0.9556384440778665,0.21938335611482174,0.3427350224627368
741014547.0,2023-06-26T01:22:27.000,-0.34241766042608646,-0.45549909457598403,0.5960118228953704
741014567.0,2023-06-26T01:22:47.000,0.20741041447669417,-0.8762311443089033,-0.1097613700262734
741014587.0,2023-06-26T01:23:07.000,-0.009862220473610961,0.4090095700459706,0.0593809832305503
741014607.0,2023-06-26T01:23:27.000,0.11878561697598045,-0.6175722272905304,0.34102530652724283
741014627.0,2023-06-26T01:23:47.000,0.23740015213657983,-1.218795338586709,0.09348902868522302
741014647.0,2023-06-26T01:24:07.000,-0.2035449578885462,-0.745103348087639,0.32781405879811487
741014667.0,2023-06-26T01:24:27.000,0.4555086833724076,0.037574561428943554,-0.11580563994417759
741014687.0,2023-06-26T01:24:47.000,-1.0093881713135744,0.6285831132935016,-0.10812701550788617
741014707.0,2023-06-26T01:25:07.000,-0.33836794129937786,-0.9880257389571767,-0.47629860858711126
741014727.0,2023-06-26T01:25:27.000,-0.18017963081540245,-0.03793995694278962,0.455432074153439
741014747.0,2023-06-26T01:25:47.000,-0.6893624767689843,-0.3594924773531183,-0.39554835793431664
741014767.0,2023-06-26T01:26:07.000,-0.012311783159635326,-0.9235136730012528,0.4900365181970123
741014787.0,2023-06-26T01:26:27.000,-1.190746334567283,0.023400549098440138,1.5885135325133248
741014807.0,2023-06-26T01:26:47.000,-0.44811759666307793,0.14610588185970386,-0.3951030010163059
741014827.0,2023-06-26T01:27:07.000,0.051828628988559444,0.26220262377973924,1.459288392957614
741014847.0,2023-06-26T01:27:27.000,-0.9974127164191771,0.06901717730656287,0.2964892141799069
741014867.0,2023-06-26T01:27:47.000,-0.3798028118007224,-0.9235877717950203,0.4453532754578049
741014887.0,2023-06-26T01:28:07.000,-1.7222169153452427,1.0568467739946463,0.678016238153667
741014907.0,2023-06-26T01:28:27.000,-1.03177105502672,0.3304284287852788,-0.7174741643800608
741014927.0,2023-06-26T01:28:47.000,-0.14274338627773275,-0.716807487199933,0.13565828710371264
741014947.0,2023-06-26T01:29:07.000,-1.5764270947959957,-0.6739724432547334,0.4395579183635867
741014967.0,2023-06-26T01:29:27.000,-1.2188433857529546,-0.794809066795299,0.7284493089732003
741014987.0,2023-06-26T01:29:47.000,-0.20884695303147183,-1.2124329174967308,0.9680640343678881
741015007.0,2023-06-26T01:30:07.000,0.4063768640594212,0.47271310082974694,0.27714938087841645
741015027.0,2023-06-26T01:30:27.000,-1.1959316714937884,0.2605985951698031,-0.4186052655841266
741015047.0,2023-06-26T01:30:47.000,-1.5895920260078356,-0.18580933501821661,-1.2846685227274612
741015067.0,2023-06-26T01:31:07.000,0.26937002878257843,-0.1441239379840198,-0.13498344385576289
741015087.0,2023-06-26T01:31:27.000,0.06692202881852793,-0.03770270379233054,0.15916160522877476
741015107.0,2023-06-26T01:31:47.000,-1.0557124393018036,-0.320786436613929,0.11204756825700102
741015127.0,2023-06-26T01:32:07.000,-0.8173171954228842,0.4323701276010006,0.3100342294226621
741015147.0,2023-06-26T01:32:27.000,-1.755118188251359,-0.1981348973556507,0.34479457595715246
741015167.0,2023-06-26T01:32:47.000,0.33059091281151254,0.11063658565957368,-1.7302491414294963
741015187.0,2023-06-26T01:33:07.000,-1.326397387690914,0.059788620054845865,-1.3727786667416808
741015207.0,2023-06-26T01:33:27.000,0.7773155033974355,-0.0486076499717214,-0.5608942692303387
741015227.0,2023-06-26T01:33:47.000,-1.2941262269139386,-0.1482227436788719,-0.8484984619916425
741015247.0,2023-06-26T01:34:07.000,-0.7722078984251368,-0.38164206828117386,-0.2418162823647485
741015267.0,2023-06-26T01:34:27.000,-0.6725235302651456,0.11579074395973166,1.2477723859150025
741015287.0,2023-06-26T01:34:47.000,0.445332357990047,0.31256371068044686,-0.24116289208953035
741015307.0,2023-06-26T01:35:07.000,0.20848625119640474,0.6791404052797212,0.6585113369594886
741015327.0,2023-06-26T01:35:27.000,-1.2648693288763724,-0.22325626354291472,1.5213401406977134
741015347.0,2023-06-26T01:35:47.000,-2.498474796852612,-1.037975537421243,0.4156910625718879
741015367.0,2023-06-26T01:36:07.000,-0.2618099386952899,-1.0762703773536941,0.29251692901244297
741015387.0,2023-06-26T01:36:27.000,-0.7742127835830281,-0.7742842829228103,0.42759138030312727
741015407.0,2023-06-26T01:36:47.000,-0.9926070262067377,0.509354069389012,0.3734514315123505
741015427.0,2023-06-26T01:37:07.000,-0.4803681692755468,-0.4472891153461944,0.48994797888779473
741015447.0,2023-06-26T01:37:27.000,-0.46845068913947685,0.6541718340358216,-0.5944670147139952
741015467.0,2023-06-26T01:37:47.000,-0.9982072489256311,-0.9789595575515619,0.3020566789024848
741015487.0,2023-06-26T01:38:07.000,-2.0579631251127495,0.3844292888022238,-1.1219595977274288
741015507.0,2023-06-26T01:38:27.000,0.6142686631016581,1.1473331211431237,-0.15698861157709132
741015527.0,2023-06-26T01:38:47.000,-0.5270216499875247,0.7569494413273148,0.4816469476920382
741015547.0,2023-06-26T01:39:07.000,-0.38716950915285153,-0.4917561694517403,0.9355467328164835
741015567.0,2023-06-26T01:39:27.000,-2.321724411491477,0.5846939950537866,0.4385660529071522
741015587.0,2023-06-26T01:39:47.000,0.10260973783982053,-0.04089060117173915,-1.1919803002968798
741015607.0,2023-06-26T01:40:07.000,-1.289865619547026,1.0569514472980046,1.6771671282778122
741015627.0,2023-06-26T01:40:27.000,-0.3106469604219342,1.039454457507638,0.04756199880606715
741015647.0,2023-06-26T01:40:47.000,1.084052303323979,-0.5106806091004223,-1.4459408413602937
741015667.0,2023-06-26T01:41:07.000,0.09456743448321703,-0.3214498993986403,-0.9554711917325598
741015687.0,2023-06-26T01:41:27.000,-0.2098549945817041,0.9652220717026871,-0.3714702149881788
741015707.0,2023-06-26T01:41:47.000,-0.6240671711732482,0.45963377987012777,0.3132287329843386
741015727.0,2023-06-26T01:42:07.000,-1.173927527986507,-0.4552868746676708,-0.8558195290775394
741015747.0,2023-06-26T01:42:27.000,0.08699829150415894,0.7432621787040183,-0.16677043116475332
741015767.0,2023-06-26T01:42:47.000,-1.4944271001349207,-0.3794967190828835,0.9856688737541752
741015787.0,2023-06-26T01:43:07.000,-2.078826924634125,0.2482465378594867,-0.02809375925227897
741015807.0,2023-06-26T01:43:27.000,-0.620271357576474,0.8794982756743508,-0.7552171015889897
741015827.0,2023-06-26T01:43:47.000,-1.3635015500002012,0.9422447753038021,-0.005742133302177876
741015847.0,2023-06-26T01:44:07.000,-0.3701958513735448,-0.8469442139613648,-1.5220411079819307
741015867.0,2023-06-26T01:44:27.000,-0.8700918071036234,-1.4469682407258766,-0.12813172569625664
741015887.0,2023-06-26T01:44:47.000,-1.518155992252801,-0.5991621571221906,-0.11633005232436489
741015907.0,2023-06-26T01:45:07.000,-0.3937855165614401,0.5826094325978026,0.644247695158473
741015927.0,2023-06-26T01:45:27.000,-0.8011868629864694,-0.548986864501444,-1.1694107935333875
741015947.0,2023-06-26T01:45:47.000,0.9365070011146948,1.766283679216496,0.24195455435860325
741015967.0,2023-06-26T01:46:07.000,-1.1723269958130444,0.49718861051539776,-0.35723197336912094
741015987.0,2023-06-26T01:46:27.000,-1.9555242847357768,-0.7992795488465099,0.5488654550189764
741016007.0,2023-06-26T01:46:47.000,-0.4374229955250719,0.8081625592404329,0.5705006814960001
741016027.0,2023-06-26T01:47:07.000,-0.48414271128782715,-0.2957980293372131,0.08581259356432724
741016047.0,2023-06-26T01:47:27.000,-0.14401139740716218,1.1567160306258373,-0.09443779561690846
741016067.0,2023-06-26T01:47:47.000,-0.19416377718961542,0.22589848471810114,-0.9050584080849688
741016087.0,2023-06-26T01:48:07.000,-0.8341440321135707,-0.15242046061958447,-0.055752755745430704
741016107.0,2023-06-26T01:48:27.000,0.7817078427563295,0.27091265873968595,-0.39078321665275695
741016127.0,2023-06-26T01:48:47.000,-0.20373479606705658,0.5867353529032115,0.7312321781416387
741016147.0,2023-06-26T01:49:07.000,-1.013214026879261,0.7818470665887922,0.11000919108994367
741016167.0,2023-06-26T01:49:27.000,0.6518176199454828,0.2710688822404883,-1.3232695820764029
741016187.0,2023-06-26T01:49:47.000,-0.7102343674514344,0.35110416197747796,-1.2292082820608563
741016207.0,2023-06-26T01:50:07.000,-0.7018727630425659,0.7640814026821374,-0.2820991849450394
741016227.0,2023-06-26T01:50:27.000,-0.5867353909061457,-0.002201864923723207,0.379982118636768
741016247.0,2023-06-26T01:50:47.000,-0.04761543479503416,1.0640007063744683,-0.4404874328289843
741016267.0,2023-06-26T01:51:07.000,-0.03299894214547905,0.7941836745239961,-0.6396708854272681
741016287.0,2023-06-26T01:51:27.000,-0.5616749667036736,1.4269715744363864,-0.9434233380511969
741016307.0,2023-06-26T01:51:47.000,-1.0458022562609415,-0.2573307164355221,-1.0697810918114392
741016327.0,2023-06-26T01:52:07.000,0.06255561382229047,0.26312137961781445,-0.6305273477669182
741016347.0,2023-06-26T01:52:27.000,-1.3206382905917025,-0.024903232809236897,-0.9410042966173648
741016367.0,2023-06-26T01:52:47.000,-1.178573165394603,-0.14069248959192038,-0.971076837408269
741016387.0,2023-06-26T01:53:07.000,-1.3533283202749047,-0.20488921366190738,-0.04932334237706115
741016407.0,2023-06-26T01:53:27.000,-0.3425814977697783,0.22225369195050249,-1.5997442063708789
741016427.0,2023-06-26T01:53:47.000,0.20029699938639567,0.8229791745417714,0.26761773314065707
741016447.0,2023-06-26T01:54:07.000,-1.227448003537912,1.379818924718279,-0.6537923660121514
741016467.0,2023-06-26T01:54:27.000,1.3464446659283702,1.8525216992082427,-0.8858742751360893
741016487.0,2023-06-26T01:54:47.000,-1.2253908954873438,-0.4515425857554156,0.6658399882453203
741016507.0,2023-06-26T01:55:07.000,-0.35664424113956983,0.5620800276551208,0.2952728884397793
741016527.0,2023-06-26T01:55:27.000,-0.2189054619572417,-0.8201983938693758,0.1881058297126259
741016547.0,2023-06-26T01:55:47.000,0.17920793782266742,-0.7073890934350402,-0.5480854014638936
741016567.0,2023-06-26T01:56:07.000,-0.2647247945852804,0.7122058198860692,-0.7828524858366492
741016587.0,2023-06-26T01:56:27.000,-0.14350106336546986,0.5513348749541791,-0.3010338074815877
741016607.0,2023-06-26T01:56:47.000,0.12494639453075607,-0.6884762681957923,-0.5440678747858918
741016627.0,2023-06-26T01:57:07.000,1.033075225898017,-0.928395686894401,0.6833320198018633
741016647.0,2023-06-26T01:57:27.000,-0.6074901241048813,-0.14761007732788656,0.431079894813724
741016667.0,2023-06-26T01:57:47.000,0.6061839551319004,1.2136214403768442,-0.36207311622238336
741016687.0,2023-06-26T01:58:07.000,0.7405902294421729,0.3497700880927823,0.08275869796126045
741016707.0,2023-06-26T01:58:27.000,-0.03156141824556258,0.450375230642841,-0.7834235204229323
741016727.0,2023-06-26T01:58:47.000,-0.5082953195678641,-0.8839547823713545,0.18700409960548114
741016747.0,2023-06-26T01:59:07.000,-0.5979770454800359,-0.28633038613445905,-1.4185705707103757
741016767.0,2023-06-26T01:59:27.000,-1.0827703454507898,0.34272928035594674,-0.37357101868584763
741016787.0,2023-06-26T01:59:47.000,-0.05629503859738705,-1.6383270156183904,-0.8507960167380979
741016807.0,2023-06-26T02:00:07.000,0.5330609634035532,0.44059338464297326,-0.1214688242323625
741016827.0,2023-06-26T02:00:27.000,-0.03679381326282538,1.0247849481670457,-0.08633971834148824
741016847.0,2023-06-26T02:00:47.000,-0.2086411069579519,0.1767312307499047,-0.016254947587945878
741016867.0,2023-06-26T02:01:07.000,0.20315157922556892,0.297039316876635,0.15088728466672308
741016887.0,2023-06-26T02:01:27.000,-0.06405735335501817,-0.6896756885255151,0.06144912189087748
741016907.0,2023-06-26T02:01:47.000,-0.7691730117831419,-0.1710050427261578,-0.6155159594678494
741016927.0,2023-06-26T02:02:07.000,-0.2941200841544145,1.8353381343372277,1.2160485034606872
741016947.0,2023-06-26T02:02:27.000,-0.4377672074173944,-1.044139166328506,-1.1215077405757334
741016967.0,2023-06-26T02:02:47.000,-0.3887980910888267,1.0264968221762594,-0.6699541969856782
741016987.0,2023-06-26T02:03:07.000,-1.5790190309616925,0.4894496517415803,-0.15832468373000452
741017007.0,2023-06-26T02:03:27.000,-0.05413517011332303,-1.7499438944246215,-0.7907636028314791
741017027.0,2023-06-26T02:03:47.000,0.33907825780499223,-0.26112867744787494,-0.018743659258024792
741017047.0,2023-06-26T02:04:07.000,-0.13958675855185732,0.6780492106450708,-0.8217911947272505
741017067.0,2023-06-26T02:04:27.000,-1.7777934889884328,0.643683556988961,-1.0032612967059151
741017087.0,2023-06-26T02:04:47.000,-0.7087467238764411,-0.6606739354930724,-1.0052971969209956
741017107.0,2023-06-26T02:05:07.000,-0.22735675482277173,0.7605760915074811,-0.568027749370259
741017127.0,2023-06-26T02:05:27.000,-0.39904728891260177,0.32086223181737594,-0.6683188759071257
741017147.0,2023-06-26T02:05:47.000,0.7464202191331815,-0.4115731747411644,-0.2732290716012109
741017167.0,2023-06-26T02:06:07.000,2.2604734084885614,0.9199870832143908,-0.5224210158139009
741017187.0,2023-06-26T02:06:27.000,-0.5982727573350388,0.7478205384936487,-2.3458125371855765
741017207.0,2023-06-26T02:06:47.000,0.018299328752302557,-0.24748527054363478,-0.9178152128308525
741017227.0,2023-06-26T02:07:07.000,0.7475635632525623,0.49390341280153294,-0.10703056720906545
741017247.0,2023-06-26T02:07:27.000,1.8167077324160452,0.7051851017125799,1.1486539955862796
741017267.0,2023-06-26T02:07:47.000,0.5795404841357765,-0.5590820468914792,-0.34309228881257425
741017287.0,2023-06-26T02:08:07.000,-0.10758199857630046,1.4125440931600508,-0.9574260801836765
741017307.0,2023-06-26T02:08:27.000,-0.44489532128322296,0.4472855723802738,-1.0978790999316423
741017327.0,2023-06-26T02:08:47.000,-0.9846696377269204,0.059045240630162255,-1.32866728909109
741017347.0,2023-06-26T02:09:07.000,-0.21480251204408773,0.27541303987410615,-0.20267230986803497
741017367.0,2023-06-26T02:09:27.000,0.09806950554969163,-0.9281658393534009,-0.5459749733316421
741017387.0,2023-06-26T02:09:47.000,-0.1430955961723157,0.5283184916882178,-1.2376445398865066
741017407.0,2023-06-26T02:10:07.000,0.5328352958522409,-0.42947109392121874,-1.1041120677401928
741017427.0,2023-06-26T02:10:27.000,0.10639641970788816,-0.3648409111822737,-0.04456449596013101
741017447.0,2023-06-26T02:10:47.000,-0.334371610699602,-0.09960816861331878,-0.9124878903477018
741017467.0,2023-06-26T02:11:07.000,-1.1165571753846137,0.24386302677203986,-0.8339976842797192
741017487.0,2023-06-26T02:11:27.000,-0.32558525732140353,-0.26666463827096365,-1.2876282180829257
741017507.0,2023-06-26T02:11:47.000,1.4285019301452095,0.05310596589147565,-1.9086096822329424
741017527.0,2023-06-26T02:12:07.000,-0.3884171198342834,-0.17823078936052283,-1.5013461271529138
741017547.0,2023-06-26T02:12:27.000,0.3913425523638381,-0.23636329523624156,-2.1765746487822923
741017567.0,2023-06-26T02:12:47.000,0.20757525435177726,2.547485101900282,-0.31195098194602977
741017587.0,2023-06-26T02:13:07.000,1.2812257679795103,-0.20179641174733476,-1.022190655686206
741017607.0,2023-06-26T02:13:27.000,0.05806287524112719,1.706221148767284,-0.7926842691241553
741017627.0,2023-06-26T02:13:47.000,0.15003885810438433,0.0870679231046445,0.46093212426878694
741017647.0,2023-06-26T02:14:07.000,1.0023330746067316,2.353707792834836,-1.2102532064850458
741017667.0,2023-06-26T02:14:27.000,1.1141530949165812,-0.000563803870257118,-1.657117005549047
741017687.0,2023-06-26T02:14:47.000,-0.9221073586362927,1.096384884013979,0.19709905950682227
741017707.0,2023-06-26T02:15:07.000,-0.4025291134746034,-0.5832660435967085,0.28685654455129495
741017727.0,2023-06-26T02:15:27.000,-0.3572272294638523,-1.7530025283374329,-2.439345459925857
741017747.0,2023-06-26T02:15:47.000,-0.15402530870733955,0.5136205893596646,-0.9148478368525836
741017767.0,2023-06-26T02:16:07.000,0.30765045807568114,-1.6024377248791133,-2.7300359698556598
741017787.0,2023-06-26T02:16:27.000,-0.24263204552177342,-0.2409781912349196,0.157294995961621
741017807.0,2023-06-26T02:16:47.000,-0.16390652991526977,0.11844270058070094,-0.9725093771950633
741017827.0,2023-06-26T02:17:07.000,-0.6778161683262951,-0.7369372816978803,-0.9468135481305318
741017847.0,2023-06-26T02:17:27.000,0.21699768565364153,-0.7533293998940316,-1.6360883628552259
741017867.0,2023-06-26T02:17:47.000,0.2146484613718691,-0.25377749132138305,-0.12156753970149481
741017887.0,2023-06-26T02:18:07.000,-0.47630211864602146,0.6975403485154352,-0.3549795825952273
741017907.0,2023-06-26T02:18:27.000,0.04483812567901424,0.13714552726806772,0.014648057200528086
741017927.0,2023-06-26T02:18:47.000,0.3103930943271216,-0.9629370857022757,-0.6847129631948334
741017947.0,2023-06-26T02:19:07.000,-0.6838545138165841,0.013559338518653874,-0.7626646039038398
741017967.0,2023-06-26T02:19:27.000,-0.15260184272891664,-0.4699334613111894,-2.1605086273024376
741017987.0,2023-06-26T02:19:47.000,0.23983834361862577,-0.032024206653158416,-0.14764093451136162
741018007.0,2023-06-26T02:20:07.000,-1.4260761134310407,0.8364185720699524,-0.9750435435051941
741018027.0,2023-06-26T02:20:27.000,1.012263020239157,0.027976687033692826,-0.552950010979103
741018047.0,2023-06-26T02:20:47.000,0.5519239648310581,-0.25087376819277196,-1.1494614070239884
741018067.0,2023-06-26T02:21:07.000,0.862353737052235,1.34727195230111,-1.671471813857739
741018087.0,2023-06-26T02:21:27.000,-0.18272771219463024,-1.0734422316360792,-1.2476436813679825
741018107.0,2023-06-26T02:21:47.000,0.024962931921557185,0.4888592408880399,-1.1027104158789491
741018127.0,2023-06-26T02:22:07.000,-0.16574219799947443,-0.3733736417377287,-1.4456258988548853
741018147.0,2023-06-26T02:22:27.000,0.12654697303382534,0.25130326962718996,-0.8173508046049882
741018167.0,2023-06-26T02:22:47.000,-0.39871579134986845,-0.30759216906872666,-1.6453164963459166
741018187.0,2023-06-26T02:23:07.000,0.07671360839900387,0.09814895429727244,0.3115872464709568
741018207.0,2023-06-26T02:23:27.000,0.054944518168564827,-1.5973897783516655,-0.7025290497009173
741018227.0,2023-06-26T02:23:47.000,-0.8584272003897553,-1.3775219224965163,0.3584953059077023
741018247.0,2023-06-26T02:24:07.000,-0.17821214570723498,-0.8534142391436461,-1.1513220981251848
741018267.0,2023-06-26T02:24:27.000,0.4318568710637294,0.43026837006632235,-0.4185882364726723
741018287.0,2023-06-26T02:24:47.000,1.9412319161138392,0.3028841009999894,-0.2827559497542431
741018307.0,2023-06-26T02:25:07.000,0.024576078938576273,0.5848478714320926,1.8234542510597862
741018327.0,2023-06-26T02:25:27.000,0.9259999649069428,-0.8944177255831853,-1.4509158579589787
741018347.0,2023-06-26T02:25:47.000,1.0207819830077014,-0.23612940113215686,-0.42864940493769765
741018367.0,2023-06-26T02:26:07.000,-0.16900492665339328,-0.9420398941917263,0.10671388389615899
741018387.0,2023-06-26T02:26:27.000,0.7625928854060327,2.0448452097587833,-0.2451589969698631
741018407.0,2023-06-26T02:26:47.000,-0.4709709859773703,0.12339260979654654,-0.27328347451671675
741018427.0,2023-06-26T02:27:07.000,0.6652634425008408,-0.6329235217261697,-0.8684541790704436
741018447.0,2023-06-26T02:27:27.000,0.7917180937178081,0.07646163828756158,-1.0720414042153514
741018467.0,2023-06-26T02:27:47.000,-0.23062175968924237,-0.08797202596388942,-0.5585244711725501
741018487.0,2023-06-26T02:28:07.000,-0.6664070526074539,-0.23065566616686795,0.5000175718472555
741018507.0,2023-06-26T02:28:27.000,1.1321629267757594,-0.8406682497130724,-0.7446088700957532
741018527.0,2023-06-26T02:28:47.000,0.12293939446461621,-0.7018068132635946,0.3333518706738481
741018547.0,2023-06-26T02:29:07.000,-0.6809532474560953,-0.7736392087287491,-0.3918162058469399
741018567.0,2023-06-26T02:29:27.000,0.004801195940817848,-0.5654238128371958,0.010495253233155921
741018587.0,2023-06-26T02:29:47.000,2.6034136592523183,0.09530528806145355,0.28293974010384915
741018607.0,2023-06-26T02:30:07.000,-1.000424013830603,-1.335956843218078,-0.5251710353593175
741018627.0,2023-06-26T02:30:27.000,-0.2454434852028342,-1.0920729079044733,-0.24405103508096104
741018647.0,2023-06-26T02:30:47.000,0.11590220296842091,-0.9802822613647066,-0.7782831381031308
741018667.0,2023-06-26T02:31:07.000,-0.8049995573466973,-0.8256681149454437,-1.8018455042678738
741018687.0,2023-06-26T02:31:27.000,0.1505820054314988,0.8494688415350282,-0.3976921962745017
741018707.0,2023-06-26T02:31:47.000,0.5235513019119509,-0.6013737838039823,0.14951752083103287
741018727.0,2023-06-26T02:32:07.000,1.7311614833648292,-0.3858903425801863,-0.27039457263233757
741018747.0,2023-06-26T02:32:27.000,0.9890686578417629,0.6083051557137509,-0.3210267107478515
741018767.0,2023-06-26T02:32:47.000,0.19327133566893195,1.3507405033474917,0.29473280043212924
741018787.0,2023-06-26T02:33:07.000,0.7066026934898773,-0.7308014933538054,-1.2742987184455323
741018807.0,2023-06-26T02:33:27.000,0.17764040575185547,-0.3933722218296687,0.0432298724484248
741018827.0,2023-06-26T02:33:47.000,0.5302107668248013,0.4062776485569408,-0.8061301724482384
741018847.0,2023-06-26T02:34:07.000,0.22504645200704942,-1.0015521755613044,-1.9658645126763297
741018867.0,2023-06-26T02:34:27.000,1.1240179431881714,0.6791935899697066,-0.772893148981435
741018887.0,2023-06-26T02:34:47.000,1.251705446692064,-0.43729403241821174,-1.7224888297362462
741018907.0,2023-06-26T02:35:07.000,0.33297779133967254,-0.674561374425231,-0.07162217748879485
741018927.0,2023-06-26T02:35:27.000,0.005745538045331955,-0.6904921176165146,-0.848764027494564
741018947.0,2023-06-26T02:35:47.000,-1.0948336071070486,-1.1093419838070773,-0.4013174793815466
741018967.0,2023-06-26T02:36:07.000,-0.9573000553597666,-0.8028038217200439,-1.5541574637900624
741018987.0,2023-06-26T02:36:27.000,0.28162738887616,0.4158017328781405,-0.10939334078585716
741019007.0,2023-06-26T02:36:47.000,1.2747317487904475,-1.8828357008171537,-0.12787855211415788
741019027.0,2023-06-26T02:37:07.000,0.941321483660662,1.1342653667978375,-1.145869947694056
741019047.0,2023-06-26T02:37:27.000,0.34950028114932863,-0.09953590225375564,0.8720689312347041
741019067.0,2023-06-26T02:37:47.000,-0.7284270130081261,0.6255873091887132,0.18154493012234596
741019087.0,2023-06-26T02:38:07.000,2.0798927617526886,-0.2988934236780594,-1.0119838361299927
741019107.0,2023-06-26T02:38:27.000,-0.3671114031100764,-1.0837336610780568,-0.851407473023702
741019127.0,2023-06-26T02:38:47.000,0.5636593667812662,-1.5499535527707664,-0.7271063820368795
741019147.0,2023-06-26T02:39:07.000,0.7561928249910643,-1.791939864959069,-0.3321110207843425
741019167.0,2023-06-26T02:39:27.000,-0.6568475271362395,-1.0027449861449433,-1.5304230834622956
741019187.0,2023-06-26T02:39:47.000,0.2648928539850104,0.1403583885117854,-0.5002547192489715
741019207.0,2023-06-26T02:40:07.000,0.9396519969451234,-1.531264792198339,-0.07898760142621697
741019227.0,2023-06-26T02:40:27.000,0.035574070955668446,-0.1743938722098548,-0.7488969631097575
741019247.0,2023-06-26T02:40:47.000,0.3829377433151038,0.8396300184121408,-0.9735748234596109
741019267.0,2023-06-26T02:41:07.000,-0.1637872456661249,-0.7811782488209573,-1.0758182033887564
741019287.0,2023-06-26T02:41:27.000,0.11216634820954141,-0.01183936875204239,-0.36776428732343547
741019307.0,2023-06-26T02:41:47.000,-0.7537576936611501,-0.4916036027924342,-1.3933175480040916
741019327.0,2023-06-26T02:42:07.000,0.926464108330638,-0.742077091375748,-0.7186342953047209
741019347.0,2023-06-26T02:42:27.000,1.1340934411574466,-0.3296117210171978,1.0168284276579342
741019367.0,2023-06-26T02:42:47.000,-0.014598754904948663,-0.5568371645114922,0.4625672399782843
741019387.0,2023-06-26T02:43:07.000,0.2674799571500408,-1.2532546291743607,0.9449912616421585
741019407.0,2023-06-26T02:43:27.000,-0.2902418511863125,-0.6738151290597294,-0.28911256725328016
741019427.0,2023-06-26T02:43:47.000,-0.48845093763016934,-0.34572162139756557,-0.21062692157070018
741019447.0,2023-06-26T02:44:07.000,1.4845963774989812,-0.9953567672416064,-1.5528459502256453
741019467.0,2023-06-26T02:44:27.000,0.8817478161282644,0.7283058074625259,-0.8039134989368257
741019487.0,2023-06-26T02:44:47.000,-0.23786557067362324,-1.3077747861967026,0.07991069579382781
741019507.0,2023-06-26T02:45:07.000,0.8262704421335698,-2.155516417290393,-0.17412747373990456
741019527.0,2023-06-26T02:45:27.000,-0.1453934894479758,-0.3699156526093539,0.2562845921483259
741019547.0,2023-06-26T02:45:47.000,0.8204643596187999,-1.8432655897959727,-0.8964991211057871
741019567.0,2023-06-26T02:46:07.000,-0.04360502399158861,0.20997068180816925,-0.18849808640641896
741019587.0,2023-06-26T02:46:27.000,1.3949851002004188,-1.3961149561092512,-0.10842997030247048
741019607.0,2023-06-26T02:46:47.000,0.2907335601598504,-0.8605531712890802,0.15261242393149743
741019627.0,2023-06-26T02:47:07.000,0.7872088162663715,1.077420645134719,0.25651585672248345
741019647.0,2023-06-26T02:47:27.000,-1.0236023398224603,1.2094727396272376,-2.34866121840982
741019667.0,2023-06-26T02:47:47.000,-0.2697980414745338,0.728871555177868,-0.6508166138674554
741019687.0,2023-06-26T02:48:07.000,0.38981368716273224,-2.567635548744729,-0.1914746096343123
741019707.0,2023-06-26T02:48:27.000,-1.1349555052442284,-0.1753499956902438,-0.7882020567562265
741019727.0,2023-06-26T02:48:47.000,-0.9641185235165217,-1.26386669709877,-0.8629710579799443
741019747.0,2023-06-26T02:49:07.000,1.5787087832008773,-0.9603130638358159,-1.0137038962909628
741019767.0,2023-06-26T02:49:27.000,0.7861500787686992,-1.7980439646181345,0.032663965132684325
741019787.0,2023-06-26T02:49:47.000,1.824181533993663,-0.5747593557092756,-0.44579656403032075
741019807.0,2023-06-26T02:50:07.000,-0.1248513608165247,-0.9966926557747335,-1.1768669490264116
741019827.0,2023-06-26T02:50:27.000,-0.550538044186144,-2.1573891333726003,-0.15275784330803788
741019847.0,2023-06-26T02:50:47.000,-0.5951725588704271,-0.21167434914870498,0.09968992278341915
741019867.0,2023-06-26T02:51:07.000,1.073810197393943,0.38405343765202105,0.10306356245104453
741019887.0,2023-06-26T02:51:27.000,1.3172582795206722,-1.6383329094038501,-0.010278309603428681
741019907.0,2023-06-26T02:51:47.000,2.0030790196190473,0.28622813785794676,0.3317131463842493
741019927.0,2023-06-26T02:52:07.000,0.2629522575015031,0.2890475674144355,0.5327044754310784
741019947.0,2023-06-26T02:52:27.000,-0.14104490632105282,0.239352043418517,-0.18129926746546232
741019967.0,2023-06-26T02:52:47.000,0.14618817313349908,0.235031592521473,0.5365726788886249
741019987.0,2023-06-26T02:53:07.000,0.3471986566916385,-0.5397930255446326,0.09778479066469004
741020007.0,2023-06-26T02:53:27.000,0.7935486136867453,-0.8236590947618971,-0.7808546741205902
741020027.0,2023-06-26T02:53:47.000,0.8113182515145922,0.3929747807163153,-0.9174713805348844
741020047.0,2023-06-26T02:54:07.000,-1.3214230698666007,-0.30399407984216253,-0.2158001471519455
741020067.0,2023-06-26T02:54:27.000,-0.36273640757755743,0.025861641095303867,-0.14272380953750385
741020087.0,2023-06-26T02:54:47.000,-0.7618062574099582,-0.9031664591208077,-1.3532214865663583
741020107.0,2023-06-26T02:55:07.000,1.9440305279894154,-0.11562470154657944,0.28394495554806554
741020127.0,2023-06-26T02:55:27.000,1.5615207906050088,-0.3626915759391558,0.2917233322241586
741020147.0,2023-06-26T02:55:47.000,1.403499154462029,-1.7855710611081044,-0.37481790055027275
741020167.0,2023-06-26T02:56:07.000,0.7687864509664522,-0.7747100316257693,0.05465306697205463
741020187.0,2023-06-26T02:56:27.000,1.787037781819656,-1.7463343264134679,-1.2627143938126473
741020207.0,2023-06-26T02:56:47.000,0.4769499904355712,-0.3712175538961304,0.6755669075486637
741020227.0,2023-06-26T02:57:07.000,-0.22118409653826276,-1.101775928424864,0.21621005309446772
741020247.0,2023-06-26T02:57:27.000,0.06558327287908838,-0.7463015884945357,-1.3120606755401276
741020267.0,2023-06-26T02:57:47.000,-0.13782740532208848,-0.5733091355319964,0.7410530436624541
741020287.0,2023-06-26T02:58:07.000,0.6041671500423007,-1.128389593563206,1.2805497285550693
741020307.0,2023-06-26T02:58:27.000,-0.6390203358463964,0.3050242698421357,-0.14670200947364265
741020327.0,2023-06-26T02:58:47.000,0.3844113653395098,-1.5203760023951851,0.9601919726653918
741020347.0,2023-06-26T02:59:07.000,0.3277504964427358,0.6271353080178343,-0.8173641727449166
741020367.0,2023-06-26T02:59:27.000,1.3507675758583915,-1.9315955785526029,-1.030154268122363
741020387.0,2023-06-26T02:59:47.000,0.5232893923512449,-0.6662583882266482,-0.4507395706010442
741020407.0,2023-06-26T03:00:07.000,0.9899805119339966,0.764745381087728,-1.482676979758235
741020427.0,2023-06-26T03:00:27.000,0.5941842305179357,-0.527406992245627,0.5328257932202263
741020447.0,2023-06-26T03:00:47.000,0.04765928851568901,0.37264749066512337,0.5634943110455204
741020467.0,2023-06-26T03:01:07.000,1.3363347159511818,-1.621582561761592,-0.0557497402242646
741020487.0,2023-06-26T03:01:27.000,1.2777513753059466,0.2840467105191813,-0.3015102595926855
741020507.0,2023-06-26T03:01:47.000,0.32694634020113966,-1.2840868336638778,1.0501577113242178
741020527.0,2023-06-26T03:02:07.000,-0.6884653805716567,-0.47773106304216384,-0.4255888217508108
741020547.0,2023-06-26T03:02:27.000,0.7073444303618004,0.43793053120522174,1.3793622222424418
741020567.0,2023-06-26T03:02:47.000,-0.0632538499578672,-1.0923436541632192,0.18402548291884813
741020587.0,2023-06-26T03:03:07.000,0.15064919758334128,-0.6584422105881949,0.07159727171135444
741020607.0,2023-06-26T03:03:27.000,0.27642611226674774,-1.2956932811669652,0.23718728904276176
741020627.0,2023-06-26T03:03:47.000,0.3416202921213696,-0.8719238208443336,-1.2891382622060021
741020647.0,2023-06-26T03:04:07.000,0.40301946866438954,-2.253834089160911,0.3168944434195353
741020667.0,2023-06-26T03:04:27.000,0.7024045311720961,-1.7693127126072739,0.13262595185414838
741020687.0,2023-06-26T03:04:47.000,-0.7423326818245535,-0.4985287511471981,-0.44273531394356525
741020707.0,2023-06-26T03:05:07.000,0.36842740568365784,0.05305524589660493,-1.4298135597501371
741020727.0,2023-06-26T03:05:27.000,0.11489539230025159,-2.061951511334037,-0.4834457288160898
741020747.0,2023-06-26T03:05:47.000,0.32955638598064496,-2.291690248168443,1.030118843592387
741020767.0,2023-06-26T03:06:07.000,-0.44447299717420563,-0.36580607746250493,1.660346378618005
741020787.0,2023-06-26T03:06:27.000,-0.18546630234927974,-0.8763725784399767,-0.8659699381241559
741020807.0,2023-06-26T03:06:47.000,0.0796654290202703,-0.7234465448036076,-0.9837026438752616
741020827.0,2023-06-26T03:07:07.000,0.1097370536440323,-1.7678316004410277,-0.30204747879514215
741020847.0,2023-06-26T03:07:27.000,-0.8489746974760237,-0.6555917277051293,-0.7005773600576859
741020867.0,2023-06-26T03:07:47.000,0.07132310841928557,-0.5984347682064239,0.3437728736677137
741020887.0,2023-06-26T03:08:07.000,0.23864672608064907,-2.1914789238297594,-0.7394690636153278
741020907.0,2023-06-26T03:08:27.000,1.9631428360922243,0.06275757337137478,0.12430071658631192
741020927.0,2023-06-26T03:08:47.000,0.4718420304472559,-1.0774987674766479,0.5890682607034847
741020947.0,2023-06-26T03:09:07.000,0.24188015543824548,-0.6974378110369273,0.5990940403433065
741020967.0,2023-06-26T03:09:27.000,0.5154623908709688,-1.7534768341986862,-0.49209149555196063
741020987.0,2023-06-26T03:09:47.000,0.057361128846800113,-2.1141176597017086,-1.6275999151771359
741021007.0,2023-06-26T03:10:07.000,-0.3474616945831066,-1.7908930286414382,0.38741451160451135
741021027.0,2023-06-26T03:10:27.000,-0.5175712029292789,-0.9967374345887237,1.577648140527188
741021047.0,2023-06-26T03:10:47.000,0.49313498654557364,-1.0670772543575069,1.4514039208157747
741021067.0,2023-06-26T03:11:07.000,-0.06671324682683277,0.2388454237056692,-1.2706400477124902
741021087.0,2023-06-26T03:11:27.000,-1.145368922672585,1.4952963979686373,0.16015191269813656
741021107.0,2023-06-26T03:11:47.000,-0.35470315218333326,-1.4312462948473659,-0.24838269661042744
741021127.0,2023-06-26T03:12:07.000,-0.779928702321353,-0.06392694207324467,0.09903232514041349
741021147.0,2023-06-26T03:12:27.000,-0.5901155340715114,-0.5041334017241716,0.37837280918440186
741021167.0,2023-06-26T03:12:47.000,-1.1548133650007841,-0.7930709975401129,0.2916654593176915
741021187.0,2023-06-26T03:13:07.000,0.6776447670997499,0.19389072410946895,-0.16262363682351122
741021207.0,2023-06-26T03:13:27.000,-0.7699405255690017,0.0018414770708297112,0.17136291678987448
741021227.0,2023-06-26T03:13:47.000,1.2235417478523303,0.26734693332475246,0.6920238819652091
741021247.0,2023-06-26T03:14:07.000,-0.07705529201373906,-0.6227825991578229,0.6740184151143858
741021267.0,2023-06-26T03:14:27.000,-0.02381514642157967,-0.8827433437552656,-1.0318504034212417
741021287.0,2023-06-26T03:14:47.000,1.0247241763794435,-1.1010698815705489,0.3489712152249247
741021307.0,2023-06-26T03:15:07.000,-0.32353098803339364,0.04656037712047478,-0.6591788999310566
741021327.0,2023-06-26T03:15:27.000,0.2883108299434056,-0.045655184399695514,-0.3736393786035741
741021347.0,2023-06-26T03:15:47.000,-1.6279077593273072,-1.4290287958962367,-0.5173496089194707
741021367.0,2023-06-26T03:16:07.000,-1.142916263430216,-0.1497901230718135,-0.300042665346556
741021387.0,2023-06-26T03:16:27.000,-0.3334782639696776,-1.661495065929941,-0.5158147281969505
741021407.0,2023-06-26T03:16:47.000,-1.1657379044072158,0.7349738679662821,-0.6150434223251011
741021427.0,2023-06-26T03:17:07.000,-0.7742459086190756,-0.2726677628683838,0.026232125405201145
741021447.0,2023-06-26T03:17:27.000,-0.8033863209355729,-1.0649171132581792,0.21649994370598336
741021467.0,2023-06-26T03:17:47.000,-0.3769741941272997,-0.6001005181111019,1.5975431627568426
741021487.0,2023-06-26T03:18:07.000,-0.654908110075958,-1.0816907312194424,0.8995227361641156
741021507.0,2023-06-26T03:18:27.000,-0.009129663858242765,-0.486588550385747,-0.5473225620722388
741021527.0,2023-06-26T03:18:47.000,1.7806758503713382,-0.4357625487116934,1.2446623260053968
741021547.0,2023-06-26T03:19:07.000,0.003980446472429122,0.902320306273019,-0.5589123809435215
741021567.0,2023-06-26T03:19:27.000,-0.3216489808832712,0.7685864653383945,1.0822382281339138
741021587.0,2023-06-26T03:19:47.000,-0.06982717014603068,0.17409948016577914,0.22161801117581703
741021607.0,2023-06-26T03:20:07.000,-2.8023542265054324,-1.3700166896279953,-0.036299851391419224
741021627.0,2023-06-26T03:20:27.000,-0.2312788298208801,0.001247846093122007,0.5744494623649565
741021647.0,2023-06-26T03:20:47.000,-1.0676593274805413,-1.6400796023940956,1.2393225541806885
741021667.0,2023-06-26T03:21:07.000,1.0639620490637824,0.3817726055288517,-0.7439058898550677
741021687.0,2023-06-26T03:21:27.000,-0.7360771689834955,-1.5824932155350524,1.0724302348497083
741021707.0,2023-06-26T03:21:47.000,0.6658206681664502,-0.7219344183129195,0.6192581921582452
741021727.0,2023-06-26T03:22:07.000,-0.28379428497204984,-0.06055073039634706,1.225145627448132
741021747.0,2023-06-26T03:22:27.000,-0.06439909499000862,-1.058035728929152,-0.1516193096740004
741021767.0,2023-06-26T03:22:47.000,-0.5375757851533436,-0.5424313363810995,0.20939881655301917
741021787.0,2023-06-26T03:23:07.000,-0.9497916999889888,-1.263103168358537,0.47507009039993164
741021807.0,2023-06-26T03:23:27.000,-0.012953301631313252,-1.3301719846259275,-0.6502630560345501
741021827.0,2023-06-26T03:23:47.000,0.36678527428612995,-1.7823242995151922,-0.4236014148117917
741021847.0,2023-06-26T03:24:07.000,-0.9707585811868924,-0.9180147422571672,1.7911318243912788
741021867.0,2023-06-26T03:24:27.000,0.4579248231939559,0.3254656678830514,0.7908123535349532
741021887.0,2023-06-26T03:24:47.000,-0.2973663279615124,-2.1008036323211243,0.24801311564459638
741021907.0,2023-06-26T03:25:07.000,-0.07952813407818837,-0.49658113497885736,1.1225878305598513
741021927.0,2023-06-26T03:25:27.000,0.08067620191898328,-2.1481857912508673,0.18195507743845596
741021947.0,2023-06-26T03:25:47.000,-0.3797175650244178,-0.7922929281978242,-0.6687668999250107
741021967.0,2023-06-26T03:26:07.000,-1.2746291564558199,-1.5767213066508745,1.1384405080971938
741021987.0,2023-06-26T03:26:27.000,0.02936532323971619,-0.23893284167852968,0.21072866425164705
741022007.0,2023-06-26T03:26:47.000,0.8125251240165277,-1.189722037653329,-0.0739212800304756
741022027.0,2023-06-26T03:27:07.000,-0.4908597594055486,-1.6544860686806828,1.3639136264398388
741022047.0,2023-06-26T03:27:27.000,-0.7137903460630035,-0.6179382448734394,0.947826622821335
741022067.0,2023-06-26T03:27:47.000,0.49160015161975323,-0.5793117397123737,1.414488590789631
741022087.0,2023-06-26T03:28:07.000,-0.4406241908005981,-0.3363295369207542,0.46069731812758974
741022107.0,2023-06-26T03:28:27.000,0.5218561635489394,-1.414837741198216,1.4552833910608243
741022127.0,2023-06-26T03:28:47.000,-0.8885576935901973,-0.6978598169338213,0.4895152583950235
741022147.0,2023-06-26T03:29:07.000,-0.37887719281926024,-1.1985038068984544,-0.9712437327724643
741022167.0,2023-06-26T03:29:27.000,-0.20043123151181064,-0.22641991458405286,-0.025930289249131988
741022187.0,2023-06-26T03:29:47.000,-1.3478302594349678,-2.255214457580479,1.475545518603294
741022207.0,2023-06-26T03:30:07.000,-0.3429848993485862,-0.3339452858241998,-0.4877102222078378
741022227.0,2023-06-26T03:30:27.000,0.8519491025982262,-2.4218124006880615,-0.024414813737383412
741022247.0,2023-06-26T03:30:47.000,-0.2186342043075662,-0.7191735896472373,0.5804929257280378
741022267.0,2023-06-26T03:31:07.000,-1.1570092861123982,-0.7968145113057545,-0.3193538212875602
741022287.0,2023-06-26T03:31:27.000,-0.4731584396955313,-0.6045219411388025,-0.840447593652982
741022307.0,2023-06-26T03:31:47.000,-1.6842158925500783,-0.9139410819813953,0.9545516055919911
741022327.0,2023-06-26T03:32:07.000,0.5531320415697039,-0.5371547904142737,-0.5668912282930094
741022347.0,2023-06-26T03:32:27.000,-1.1124502953818727,-0.30850841548080155,1.0963450869150293
741022367.0,2023-06-26T03:32:47.000,-0.2519222510932728,-0.4254556953742217,-0.28008323750272623
741022387.0,2023-06-26T03:33:07.000,0.47259759176077054,-0.561873176851968,0.971921971304468
741022407.0,2023-06-26T03:33:27.000,-1.7349253020215727,-0.304179949894845,0.8999844772761278
741022427.0,2023-06-26T03:33:47.000,-0.3118769186571946,-1.971885165352738,0.004640066897376727
741022447.0,2023-06-26T03:34:07.000,-1.458202012138976,-0.7017415311838526,0.5761038579188416
741022467.0,2023-06-26T03:34:27.000,-1.0116149570360555,-0.568484296037397,0.8530007191587252
741022487.0,2023-06-26T03:34:47.000,0.07134636001993044,-0.41657472408251905,1.4382468282003735
741022507.0,2023-06-26T03:35:07.000,-0.03035036268972391,-0.2941310388582252,0.632215295448546
741022527.0,2023-06-26T03:35:27.000,-0.7933818528815806,-1.0136254093406905,0.10477590791646563
741022547.0,2023-06-26T03:35:47.000,0.3507077986686369,-0.28392035652524683,1.155421447351923
741022567.0,2023-06-26T03:36:07.000,-0.3498029167658956,-0.20030662928327558,1.0599448383996624
741022587.0,2023-06-26T03:36:27.000,-0.6363203927106653,0.05030364301772394,0.0021160172281042833
741022607.0,2023-06-26T03:36:47.000,-0.13570706758336826,-0.6447405751952573,-0.19809972818807253
741022627.0,2023-06-26T03:37:07.000,-0.2640464743186577,-1.7155319814055048,1.252475031920941
741022647.0,2023-06-26T03:37:27.000,-0.33816026675514976,0.06478783679542133,0.1872924069834525
741022667.0,2023-06-26T03:37:47.000,0.2302406592380457,-1.3661285855892658,1.3167427638904883
741022687.0,2023-06-26T03:38:07.000,-0.5856616745236742,-0.6815152701178384,-0.7607808154452833
741022707.0,2023-06-26T03:38:27.000,-0.2718788273514683,-1.675474283746592,-0.7214534299637698
741022727.0,2023-06-26T03:38:47.000,-0.11474993971694047,0.37895699255274806,-0.5515757038776492
741022747.0,2023-06-26T03:39:07.000,0.02324314154478202,0.7839235998008398,1.084573496545893
741022767.0,2023-06-26T03:39:27.000,0.6863629030129381,-0.26908043253559555,0.3875712162204614
741022787.0,2023-06-26T03:39:47.000,-1.2026273274901023,-0.4427546731911036,1.427839251966212
741022807.0,2023-06-26T03:40:07.000,0.22574852880374863,-1.420788809636253,0.8560274622482211
741022827.0,2023-06-26T03:40:27.000,-0.5266293214511997,-1.060458194290792,1.6240671518952254
741022847.0,2023-06-26T03:40:47.000,-1.7047580565199283,-1.2104594983020078,1.1672708132737242
741022867.0,2023-06-26T03:41:07.000,-0.38538174604862974,-0.44395637732730364,0.3846790722961124
741022887.0,2023-06-26T03:41:27.000,-0.03143638043212604,-0.7582578597342682,1.2127860489541398
741022907.0,2023-06-26T03:41:47.000,-1.4375079502415566,-0.24636748398032537,-1.3325023694443772
741022927.0,2023-06-26T03:42:07.000,-1.476731087912686,0.28757700264447905,0.8937274806553042
741022947.0,2023-06-26T03:42:27.000,-0.8695737648944935,0.0025361514555122255,0.68152579706382
741022967.0,2023-06-26T03:42:47.000,0.008268235129893498,-0.8266846900695235,0.6312972677946505
741022987.0,2023-06-26T03:43:07.000,-0.7211773595972026,-0.2959127860746591,0.91664020913651
741023007.0,2023-06-26T03:43:27.000,-0.42353162303943037,0.29540418021722914,0.8742810314710248
741023027.0,2023-06-26T03:43:47.000,-1.5114394568915834,-1.2097487021134334,0.6949327548411155
741023047.0,2023-06-26T03:44:07.000,-0.34421255725725075,-0.6496894449758983,0.27260210482271674
741023067.0,2023-06-26T03:44:27.000,-0.865856736742554,-1.2927262247997007,0.14080826944429248
741023087.0,2023-06-26T03:44:47.000,-1.8890658100789715,-0.7844222718045302,0.24643658700362892
741023107.0,2023-06-26T03:45:07.000,-0.15897817728927066,-0.21553912195049207,0.26253712870349943
741023127.0,2023-06-26T03:45:27.000,-0.05842037923420307,-0.3017937344362842,-0.33061553441626756
741023147.0,2023-06-26T03:45:47.000,-1.3974821546636207,0.5674210690642667,0.05186265896739428
741023167.0,2023-06-26T03:46:07.000,-0.16993120364183767,-0.11487898905482297,1.1749178079778488
741023187.0,2023-06-26T03:46:27.000,-0.331117740293152,-1.7619326056150797,0.10944782903310468
741023207.0,2023-06-26T03:46:47.000,0.8712269768951231,-0.6173661653563478,0.43807137320994727
741023227.0,2023-06-26T03:47:07.000,0.8200524273305199,-1.3170559695518946,0.19503339813153886
741023247.0,2023-06-26T03:47:27.000,-0.9884697260376107,-0.8948430563204823,1.5835090004578944
741023267.0,2023-06-26T03:47:47.000,0.07054644798332177,-0.2134438596201882,-1.349384363646955
741023287.0,2023-06-26T03:48:07.000,-1.3468450065556858,-0.7003437863972728,-0.20564261483668744
741023307.0,2023-06-26T03:48:27.000,-1.6663665576399644,-1.3328553308045166,1.0336072051919665
741023327.0,2023-06-26T03:48:47.000,-1.5009223607975741,0.6629595132534583,1.2053907808229347
741023347.0,2023-06-26T03:49:07.000,-0.5299496175559248,-0.191314851061275,0.6650867178992215
741023367.0,2023-06-26T03:49:27.000,-0.09349456725482597,-1.7471972969085314,0.17465565693708385
741023387.0,2023-06-26T03:49:47.000,-0.40734303473621836,-0.47531035077819084,1.4981136808756013
741023407.0,2023-06-26T03:50:07.000,-0.09956568762792273,-0.3848581513477001,1.3646561180746808
741023427.0,2023-06-26T03:50:27.000,-0.34327358415797704,-0.8237293331769813,-0.25025906014164434
741023447.0,2023-06-26T03:50:47.000,-0.033432304857861084,0.12247704520573777,0.18953705325230885
741023467.0,2023-06-26T03:51:07.000,-0.31883774936902753,0.5847667159164516,0.4166633595148461
741023487.0,2023-06-26T03:51:27.000,-1.2296033875758283,0.5137990607639864,-0.5924913537791454
741023507.0,2023-06-26T03:51:47.000,-0.11496139616928858,-1.3029111299855956,-0.6662446172089886
741023527.0,2023-06-26T03:52:07.000,-1.603973667219094,-0.003941618165193006,-0.3320219625901899
741023547.0,2023-06-26T03:52:27.000,-0.9994261718881958,0.6020283846774888,0.3791254132301525
741023567.0,2023-06-26T03:52:47.000,-0.42780548190624046,0.465317896980455,0.9292396775384404
741023587.0,2023-06-26T03:53:07.000,-1.3902725895853507,-1.2258304222689809,0.4794678383657214
741023607.0,2023-06-26T03:53:27.000,-0.9520687556996421,-0.6639601878299928,-0.11144530924767082
741023627.0,2023-06-26T03:53:47.000,-1.4276671315816003,0.9455573660388517,0.22566359327846897
741023647.0,2023-06-26T03:54:07.000,-0.7697321726340967,-0.09649695013047577,-0.18209694585546998
741023667.0,2023-06-26T03:54:27.000,-0.35444753548885544,-0.30295584058093183,1.1871172959310172
741023687.0,2023-06-26T03:54:47.000,-1.2714819326409277,-0.765049675244267,1.3073721417122819
741023707.0,2023-06-26T03:55:07.000,-0.760339380823094,0.7101904413220339,1.5331351024383544
741023727.0,2023-06-26T03:55:27.000,-1.2603654220288973,-1.6185668497814554,0.6388974558402261
741023747.0,2023-06-26T03:55:47.000,0.7902844812557319,0.5552832277322395,-0.6111778891648711
741023767.0,2023-06-26T03:56:07.000,-0.6614105287128247,-1.0561830605770872,1.299463913173593
741023787.0,2023-06-26T03:56:27.000,-0.47863110924639685,-1.0056277587322526,0.782072660432398
741023807.0,2023-06-26T03:56:47.000,-1.3266142093182332,-1.1279649109741108,0.5248207748720368
741023827.0,2023-06-26T03:57:07.000,-0.942954610994029,-0.31115053240604595,0.04110475396723601
741023847.0,2023-06-26T03:57:27.000,-0.46798048386476054,-0.47789638443207494,0.03665360145399532
741023867.0,2023-06-26T03:57:47.000,-0.31446531775225495,-0.47924529694709506,0.23582312043135545
741023887.0,2023-06-26T03:58:07.000,-0.5723057000306397,-0.8119181071464254,-0.1608723821155955
741023907.0,2023-06-26T03:58:27.000,-0.5798768588638481,-0.48145959875567357,0.9961788565382435
741023927.0,2023-06-26T03:58:47.000,-0.0634387455566987,-0.07294728864293276,1.385326166780665
741023947.0,2023-06-26T03:59:07.000,-1.0495459791259876,-0.24966906039258774,1.0298299049193993
741023967.0,2023-06-26T03:59:27.000,-0.42613110603495485,-0.677900849987978,1.706470881701616
741023987.0,2023-06-26T03:59:47.000,-1.4325972928608266,0.7705494503462695,-0.1591480076390539
741024007.0,2023-06-26T04:00:07.000,0.04237450667021747,-1.8311826083472482,0.23378951831132255
741024027.0,2023-06-26T04:00:27.000,-0.37649269721828915,-1.1721678632392596,0.7634709283776964
741024047.0,2023-06-26T04:00:47.000,-1.590875506163325,-1.2652302413762584,0.2760209165897365
741024067.0,2023-06-26T04:01:07.000,-1.3264473263441268,0.25313330288545544,0.07922955191919101
741024087.0,2023-06-26T04:01:27.000,-2.345805570058701,-1.6351138381942576,-0.30839103124513656
741024107.0,2023-06-26T04:01:47.000,0.07476806557216165,0.633824268803096,0.5186025114012338
741024127.0,2023-06-26T04:02:07.000,-1.804154421791715,-1.1736538376161398,0.238782899353307
741024147.0,2023-06-26T04:02:27.000,-1.1806527590918492,0.6330067869875222,-0.0028345146563246715
741024167.0,2023-06-26T04:02:47.000,-0.9191588379087179,0.5835833637668486,0.1508794848392725
741024187.0,2023-06-26T04:03:07.000,-1.2719701580676812,-0.9965520433197206,0.27381381115798575
741024207.0,2023-06-26T04:03:27.000,-0.0249343599434404,1.1996519806545258,-0.21204946365482868
741024227.0,2023-06-26T04:03:47.000,0.6714888368342109,0.2981683002500901,-0.46960365599479914
741024247.0,2023-06-26T04:04:07.000,-1.3223137242501792,0.8642441177375559,-0.28037062941299595
741024267.0,2023-06-26T04:04:27.000,-1.0793171515866007,0.36507626005599647,-0.04142755065661419
741024287.0,2023-06-26T04:04:47.000,-0.7135689411685853,-0.20824409183717307,-0.9492901938523701
741024307.0,2023-06-26T04:05:07.000,-0.424210301086525,0.7687283448465365,-0.8481538725346738
741024327.0,2023-06-26T04:05:27.000,0.2601478206853969,-0.16643789849668522,0.25340051460487345
741024347.0,2023-06-26T04:05:47.000,-0.6063873102646333,-0.7720744710226768,0.4377783189624118
741024367.0,2023-06-26T04:06:07.000,-0.5759144759753809,-0.5660830180942433,-0.4405985805200352
741024387.0,2023-06-26T04:06:27.000,-1.4351036894177938,0.7472874365976878,-0.2588387400748182
741024407.0,2023-06-26T04:06:47.000,-1.5084097735873492,1.0299287102499832,-0.032370439861928446
741024427.0,2023-06-26T04:07:07.000,-0.8489297570246634,-1.0681274585477851,-0.7238151639721302
741024447.0,2023-06-26T04:07:27.000,-0.5158186143217058,-2.0266887362008212,-0.0703382749045467
741024467.0,2023-06-26T04:07:47.000,-1.4694131028947233,0.10722334283785884,-1.2925876758607124
741024487.0,2023-06-26T04:08:07.000,-0.0005885423481899466,-0.9199023851991228,0.3988525143827637
741024507.0,2023-06-26T04:08:27.000,0.09132390540456115,0.17838773648248818,-0.2862656480195902
741024527.0,2023-06-26T04:08:47.000,-1.481075155285172,-0.295464148514224,-0.1622372028053931
741024547.0,2023-06-26T04:09:07.000,-0.9370327668456468,-0.14847022491437656,-0.715926439931458
741024567.0,2023-06-26T04:09:27.000,-2.2818223601950294,-0.7372427563434591,2.0408517032999285
741024587.0,2023-06-26T04:09:47.000,-0.987067723956514,1.0055646154083497,0.05260661193329241
741024607.0,2023-06-26T04:10:07.000,-0.7426285525191645,-0.017553011044668665,0.20027842324576994
741024627.0,2023-06-26T04:10:27.000,0.5670137043889412,1.0023255846647317,1.0290486845976332
741024647.0,2023-06-26T04:10:47.000,-0.6169448122372856,-0.25782657755435423,0.5301584393824221
741024667.0,2023-06-26T04:11:07.000,-1.1111399811580824,0.5982953473981922,1.5417139789142276
741024687.0,2023-06-26T04:11:27.000,-0.8877997558442985,0.6945030603278113,1.4960524817975163
741024707.0,2023-06-26T04:11:47.000,-0.9818428056251882,-0.5788755281788127,0.8262750802567886
741024727.0,2023-06-26T04:12:07.000,-2.3689819437122672,0.007669297696910604,-0.7250180002027484
741024747.0,2023-06-26T04:12:27.000,-0.14529788762152052,-0.27769814917588675,0.8345613284777009
741024767.0,2023-06-26T04:12:47.000,-1.8399894428755559,-0.9554747979811928,0.4668301490373672
741024787.0,2023-06-26T04:13:07.000,-0.9856977602473727,-0.14661399714288592,-0.39810315897170767
741024807.0,2023-06-26T04:13:27.000,-1.4557989434615948,-0.21620383863218962,0.8257831420666051
741024827.0,2023-06-26T04:13:47.000,-1.3119113951520767,0.22065812520510875,-0.9718354231691428
741024847.0,2023-06-26T04:14:07.000,-1.8173301742807624,-0.748516429238677,-0.7514976678946184
741024867.0,2023-06-26T04:14:27.000,-0.10489804638247335,-0.2639284340411052,1.0074495239376091
741024887.0,2023-06-26T04:14:47.000,-0.9144431062368952,1.3008819174875619,0.0853529984023993
741024907.0,2023-06-26T04:15:07.000,-1.4119032574422263,0.61388311930477,-0.2661107955992392
741024927.0,2023-06-26T04:15:27.000,-2.0437010691765067,-0.4787484242374518,0.45562891523021065
741024947.0,2023-06-26T04:15:47.000,-0.8629245247693262,-0.6760490186996648,-0.04802490984889829
741024967.0,2023-06-26T04:16:07.000,-1.3776865569026242,0.31253393752983527,-0.14303774285018278
741024987.0,2023-06-26T04:16:27.000,-2.1459565340720133,-0.38934756805275583,-0.24086324741379173
741025007.0,2023-06-26T04:16:47.000,-1.3965409129457207,-1.091104289718814,-0.22585981671596755
741025027.0,2023-06-26T04:17:07.000,-0.40841363357912996,-0.0038672644087078822,0.5212926395214978
741025047.0,2023-06-26T04:17:27.000,-0.1337782676635868,-1.1574297061112127,-0.2211168856680601
741025067.0,2023-06-26T04:17:47.000,-0.2027796004111515,-2.0330343870722523,-0.9955043592468904
741025087.0,2023-06-26T04:18:07.000,-2.1718483877664063,0.22997366644350592,-0.18118509942377514
741025107.0,2023-06-26T04:18:27.000,-0.5481404727780692,-1.2774609596810649,0.40621608113911023
741025127.0,2023-06-26T04:18:47.000,-0.6887495796692455,1.5528608414805412,0.7639601960707232
741025147.0,2023-06-26T04:19:07.000,-0.08861316443953271,0.294057185368235,0.8010441146399927
741025167.0,2023-06-26T04:19:27.000,-1.5785671244161747,-0.9178424799194396,0.4881906406128955
741025187.0,2023-06-26T04:19:47.000,-0.7450475827952552,-0.5666965026240867,0.5774103121636287
741025207.0,2023-06-26T04:20:07.000,-0.12865293843589143,-0.33767337006551656,0.8226273641276372
741025227.0,2023-06-26T04:20:27.000,-1.2790242961746578,1.2915308634897649,-0.09696037133188895
741025247.0,2023-06-26T04:20:47.000,-0.39535841114268777,0.69466563418219,-0.182587466479589
741025267.0,2023-06-26T04:21:07.000,-0.5561591185920811,-0.332793791790742,1.1999178529453758
741025287.0,2023-06-26T04:21:27.000,-1.8399598647356186,0.043658339876628816,-0.08308570021986483
741025307.0,2023-06-26T04:21:47.000,-0.6607232658661921,0.19729128534207163,-0.08905081032573037
741025327.0,2023-06-26T04:22:07.000,-0.4822982385799257,0.2985977276104279,0.5471271464552174
741025347.0,2023-06-26T04:22:27.000,0.15926912259045523,-0.47189608354258894,-0.6202648139441713
741025367.0,2023-06-26T04:22:47.000,-0.42329559347686896,0.27631612031786545,-1.2929853848264727
741025387.0,2023-06-26T04:23:07.000,-1.0550714932389127,1.2350475066313926,-0.8273693556937189
741025407.0,2023-06-26T04:23:27.000,0.12933089595934533,0.491278835779152,-1.2613335389821678
741025427.0,2023-06-26T04:23:47.000,-2.0598084806811023,-0.15460956338531062,0.45947766048604066
741025447.0,2023-06-26T04:24:07.000,-2.85438556291151,0.6767104984706229,-0.48065119271356593
741025467.0,2023-06-26T04:24:27.000,-1.3798111176299699,0.9994883651054387,0.683035129356302
741025487.0,2023-06-26T04:24:47.000,-0.5452472647049511,0.11414149002630936,-1.2613821764095867
741025507.0,2023-06-26T04:25:07.000,-1.0042695698042614,0.8832681312020974,1.531441518365373
741025527.0,2023-06-26T04:25:27.000,-1.5247681030450266,0.2802498490273031,-0.5533514865652123
741025547.0,2023-06-26T04:25:47.000,-1.4380047678286267,-0.987549153719236,0.4977143149953456
741025567.0,2023-06-26T04:26:07.000,0.5704500390057987,-0.5064323051251485,-1.0926405065725397
741025587.0,2023-06-26T04:26:27.000,-2.1552623436282836,-0.9118582007139331,-0.16939870070009633
741025607.0,2023-06-26T04:26:47.000,0.4462269690086451,0.154350841208295,-0.4666718807055936
741025627.0,2023-06-26T04:27:07.000,-0.3189917977430845,-0.967498361625907,0.5889680612880532
741025647.0,2023-06-26T04:27:27.000,-1.2086611802741842,-0.6817386630553202,-0.3550205292413011
741025667.0,2023-06-26T04:27:47.000,-0.8350655867128687,-0.49728436621876426,0.00932786594631807
741025687.0,2023-06-26T04:28:07.000,-0.9796442344001122,0.6249971055694026,0.5062167963476583
741025707.0,2023-06-26T04:28:27.000,-1.0744460045675197,-0.006007999397983355,0.6412852481041398
741025727.0,2023-06-26T04:28:47.000,0.40351019109374775,0.4734812556694834,0.08449797944676263
741025747.0,2023-06-26T04:29:07.000,0.2036299440066891,-0.44742759923721565,-0.10542774659949572
741025767.0,2023-06-26T04:29:27.000,0.37373583934297017,-0.2052244823413929,-0.3337759143073882
741025787.0,2023-06-26T04:29:47.000,-1.3453385317774291,-0.05644225486989285,-0.6739177113357364
741025807.0,2023-06-26T04:30:07.000,-1.545563595939381,-0.02749823075909319,0.4348049137736787
741025827.0,2023-06-26T04:30:27.000,-1.2379692679642673,1.4603928974787905,0.05990214984041842
741025847.0,2023-06-26T04:30:47.000,0.25384213387935617,0.943430099409337,-0.4321237282001178
741025867.0,2023-06-26T04:31:07.000,-1.171652961551306,-0.05266865127362408,-1.0129369999112292
741025887.0,2023-06-26T04:31:27.000,-0.557774815834744,-0.7058265473758318,0.8331213135703841
741025907.0,2023-06-26T04:31:47.000,0.26383125221185466,0.511256920698866,-0.3845251161149754
741025927.0,2023-06-26T04:32:07.000,-1.2584574320295694,-0.093675060441889,-0.4592484676879671
741025947.0,2023-06-26T04:32:27.000,0.08170585278355347,1.3440523563779117,-0.07919102127385003
741025967.0,2023-06-26T04:32:47.000,-1.6469130276197674,1.7781664472527048,-0.7436579315345249
741025987.0,2023-06-26T04:33:07.000,-0.771819463241119,0.6457894487499338,0.7056303921171292
741026007.0,2023-06-26T04:33:27.000,-0.8590210090586581,0.7146044338601776,0.33605274246673034
741026027.0,2023-06-26T04:33:47.000,-0.892718217582189,-0.9708044396372628,1.130082995581816
741026047.0,2023-06-26T04:34:07.000,-0.8650412648192329,1.2559127035682849,0.28711659060265404
741026067.0,2023-06-26T04:34:27.000,0.09692997847698948,1.126655816907629,-0.7301489581279519
741026087.0,2023-06-26T04:34:47.000,-1.5839941659656631,-1.4331787537735785,-0.013406915011504594
741026107.0,2023-06-26T04:35:07.000,0.6862038304911167,-0.013282886557330897,-0.4753117499922688
741026127.0,2023-06-26T04:35:27.000,-1.1598122513056808,0.18949569953186085,0.015627330429701658
741026147.0,2023-06-26T04:35:47.000,0.6145422251746524,1.0777743830736597,-0.593729469122728
741026167.0,2023-06-26T04:36:07.000,-0.056422822647395066,0.28841002363000356,-0.20032844060269284
741026187.0,2023-06-26T04:36:27.000,-0.06420578632093665,-0.4979120722059527,0.07686000729201226
741026207.0,2023-06-26T04:36:47.000,-1.2066264860943754,-0.5145934956485299,-0.457404773490655
741026227.0,2023-06-26T04:37:07.000,-1.33996218497634,0.7671826564692452,-0.2699701588282366
741026247.0,2023-06-26T04:37:27.000,0.11888351446609491,0.5644095181889242,0.2942570881625528
741026267.0,2023-06-26T04:37:47.000,1.047492556627283,0.5825927848479573,-0.9087755864500835
741026287.0,2023-06-26T04:38:07.000,-0.8029912039297926,-0.09238225954222301,-1.2494201109380931
741026307.0,2023-06-26T04:38:27.000,-0.1805275067767731,0.8750535691048889,-0.2832446785117071
741026327.0,2023-06-26T04:38:47.000,-0.9512083242402269,0.29708449184040475,-0.26894296559776265
741026347.0,2023-06-26T04:39:07.000,-1.388549199687894,1.0045932630098342,-0.3607982268949428
741026367.0,2023-06-26T04:39:27.000,-0.631252503235924,-0.2838113608794046,1.284106670129681
741026387.0,2023-06-26T04:39:47.000,0.9127015367482727,1.5101365604008876,-0.2531657421034339
741026407.0,2023-06-26T04:40:07.000,-0.4963000581503785,1.0987870911471909,-0.6215666704334488
741026427.0,2023-06-26T04:40:27.000,0.6098323350633983,0.7668985130604433,0.10169985467101128
741026447.0,2023-06-26T04:40:47.000,-0.4173263903783919,1.5629610507494895,-0.5589168774133846
741026467.0,2023-06-26T04:41:07.000,1.1497896233114702,0.47438849188896626,0.775281815179607
741026487.0,2023-06-26T04:41:27.000,-0.6716094425263108,0.05738054981163643,-0.9059419318724338
741026507.0,2023-06-26T04:41:47.000,-1.0789676900269107,0.28274137907624564,-1.37667854023249
741026527.0,2023-06-26T04:42:07.000,-0.21303066284339423,1.1821537538536653,0.0566106739818828
741026547.0,2023-06-26T04:42:27.000,0.25411155093468807,0.41658499200236676,-0.043821886686057354
741026567.0,2023-06-26T04:42:47.000,-1.2107384878334848,-0.5062397052224554,-0.09711643392806835
741026587.0,2023-06-26T04:43:07.000,-2.087148662999194,-0.015640424189111712,0.23542059308656604
741026607.0,2023-06-26T04:43:27.000,1.7589801946993333,-0.38880577447608644,0.7240740193426021
741026627.0,2023-06-26T04:43:47.000,-1.4950357070997455,0.02586316147912271,-0.1405538688770136
741026647.0,2023-06-26T04:44:07.000,0.2017124324904529,-0.8756670790810439,-0.2511679841443737
741026667.0,2023-06-26T04:44:27.000,-0.8154180935804334,0.25999808892507303,-0.6791891521862325
741026687.0,2023-06-26T04:44:47.000,-0.026040622358447507,-1.073252884531417,-1.377743951225252
741026707.0,2023-06-26T04:45:07.000,0.03522535589883802,-0.1456888052531191,-0.23214639893742728
741026727.0,2023-06-26T04:45:27.000,-1.8857558924056939,0.6875573167808291,0.5535840619241839
741026747.0,2023-06-26T04:45:47.000,-0.6287487578582329,0.22984378816870432,-0.46583638776409586
741026767.0,2023-06-26T04:46:07.000,-0.45059210952436146,0.5012086750966205,-0.04737396891441037
741026787.0,2023-06-26T04:46:27.000,-0.46617393408832086,0.8300384613968426,-0.9863255763797873
741026807.0,2023-06-26T04:46:47.000,-0.9994235035892807,0.5878678154602746,1.1482407429208585
741026827.0,2023-06-26T04:47:07.000,-0.3148534709285222,0.03090057952848113,0.17906651418320152
741026847.0,2023-06-26T04:47:27.000,0.11575230380866941,0.7526133459778706,-0.47747689878585575
741026867.0,2023-06-26T04:47:47.000,-0.1979231909698953,0.17914676272434704,-0.30941977183784886
741026887.0,2023-06-26T04:48:07.000,0.3956849632613668,0.48488110906408366,-1.193048062875235
741026907.0,2023-06-26T04:48:27.000,0.13411205272984006,0.44598036313958644,0.4120768362203542
741026927.0,2023-06-26T04:48:47.000,-0.12774785279612288,-0.23887841897884954,-0.5609426350083879
741026947.0,2023-06-26T04:49:07.000,0.1024888919065603,-0.11549903100593895,0.5073879594807984
741026967.0,2023-06-26T04:49:27.000,-0.02905713626377704,-0.01518482619644601,-1.581487076163235
741026987.0,2023-06-26T04:49:47.000,0.9900297660347945,0.597462299134488,-1.0784193983148782
741027007.0,2023-06-26T04:50:07.000,-1.9135955396265558,0.7133179013130153,-0.7934482688209954
741027027.0,2023-06-26T04:50:27.000,-0.2943715572301109,0.10833878351101944,0.18426091332734984
741027047.0,2023-06-26T04:50:47.000,-0.11970416075035573,0.1931229889007291,-0.6067962580069697
741027067.0,2023-06-26T04:51:07.000,0.1888258671089993,1.7837166819245631,-1.3193166042646531
741027087.0,2023-06-26T04:51:27.000,0.17503362755855179,1.1810822656888043,0.9748441600954116
741027107.0,2023-06-26T04:51:47.000,0.43151644810723866,-0.010811249662179279,-0.4234674701564245
741027127.0,2023-06-26T04:52:07.000,-0.5783675410930833,1.0362309950107118,-0.5482829084080265
741027147.0,2023-06-26T04:52:27.000,0.44003527048808166,1.041846938787394,-0.8562214397156431
741027167.0,2023-06-26T04:52:47.000,-0.7355319173063535,0.8136299362915267,-0.8558717260909177
741027187.0,2023-06-26T04:53:07.000,0.43122706768761176,-0.5812305017283137,0.5570852062652953
741027207.0,2023-06-26T04:53:27.000,-1.254405467931985,0.19379496797311546,-0.7550220195051693
741027227.0,2023-06-26T04:53:47.000,0.25822006326503555,0.03537494996930235,-0.3623304994038179
741027247.0,2023-06-26T04:54:07.000,-0.9427290894592488,1.1440457701850093,-0.2673911934869544
741027267.0,2023-06-26T04:54:27.000,0.557651804833359,-0.6016407548159464,0.3229896117895592
741027287.0,2023-06-26T04:54:47.000,0.047615789744437365,0.5990890039053731,-1.2686677984818928
741027307.0,2023-06-26T04:55:07.000,0.05725989276061938,0.2506706116345292,-1.8650503371353544
741027327.0,2023-06-26T04:55:27.000,-1.7369826386892662,0.3477036560339819,-1.0115179824743414
741027347.0,2023-06-26T04:55:47.000,-1.1344780234567864,-0.27877127846132055,0.23406076523624364
741027367.0,2023-06-26T04:56:07.000,1.2994703710078603,0.3433539098374183,-1.0598107615833463
741027387.0,2023-06-26T04:56:27.000,-0.7332354264089069,1.0050848285980685,-1.1891886148807096
741027407.0,2023-06-26T04:56:47.000,-1.7367804831969202,0.1680793326519492,0.1536721108363892
741027427.0,2023-06-26T04:57:07.000,-0.6217381876671979,0.2878747020096384,-0.6895442261178886
741027447.0,2023-06-26T04:57:27.000,0.11603993266273704,0.393910234797179,-0.7664821478514661
741027467.0,2023-06-26T04:57:47.000,1.0210220251272162,1.3409498795025065,-0.10002826940080922
741027487.0,2023-06-26T04:58:07.000,-0.5106485318262521,-0.06881037269979018,-1.42677442240835
741027507.0,2023-06-26T04:58:27.000,-0.5819426613262735,0.5571374365520576,-1.0970442746560671
741027527.0,2023-06-26T04:58:47.000,-0.5802441113922363,-1.1196595110396501,-1.0496877164478668
741027547.0,2023-06-26T04:59:07.000,1.25941209581093,-1.2173082399757895,-0.14226695618235752
741027567.0,2023-06-26T04:59:27.000,-0.7039362235117252,0.6552828585415504,-0.14954412641543513
741027587.0,2023-06-26T04:59:47.000,1.138376067011393,1.4765616030198991,-0.2590821149284217
741027607.0,2023-06-26T05:00:07.000,0.9051573313545447,0.137299814051417,-0.5791679087319146
741027627.0,2023-06-26T05:00:27.000,-0.7710004695682393,0.7485551031027882,-0.8548663423812997
741027647.0,2023-06-26T05:00:47.000,0.00814229906831443,0.34558540242812796,0.4206962320507657
741027667.0,2023-06-26T05:01:07.000,-0.38620261205712936,0.26029093290746985,-1.3690201748239872
741027687.0,2023-06-26T05:01:27.000,-0.2739100040116682,-0.537042824744205,-2.5857635890802477
741027707.0,2023-06-26T05:01:47.000,0.2547953430243055,-0.38745820938324016,-1.671626652599567
741027727.0,2023-06-26T05:02:07.000,0.2847051440935111,0.2683210254317281,0.5315986725151767
741027747.0,2023-06-26T05:02:27.000,-0.48465522415330753,-0.8124619921834331,-0.8865672333602248
741027767.0,2023-06-26T05:02:47.000,-0.9691304492243091,0.0183418561672255,-0.9545143049627391
741027787.0,2023-06-26T05:03:07.000,-1.0536722983789382,1.3252400832719502,-0.4379696160738966
741027807.0,2023-06-26T05:03:27.000,-0.8100252560705457,0.9683941213922687,-0.5137159507784261
741027827.0,2023-06-26T05:03:47.000,-1.7236414240562326,0.4015379518218509,-1.308854966375339
741027847.0,2023-06-26T05:04:07.000,-0.7940894891311778,0.3760725749146765,0.24999858539986874
741027867.0,2023-06-26T05:04:27.000,0.5383532870162355,0.3020544587784002,0.6216123098257142
741027887.0,2023-06-26T05:04:47.000,-0.8748192780183572,0.8196365502977088,-1.0305347379446772
741027907.0,2023-06-26T05:05:07.000,-0.02751274178480756,1.416056009984068,0.7371252683574525
741027927.0,2023-06-26T05:05:27.000,1.3881353107314531,1.396038738543659,0.9624139263197939
741027947.0,2023-06-26T05:05:47.000,-0.4818864477784679,0.18059477849829975,-2.0554017245544287
741027967.0,2023-06-26T05:06:07.000,-1.1090138168468044,1.5386808352779724,-1.1333477228370192
741027987.0,2023-06-26T05:06:27.000,-1.046739347465575,0.9542642832260917,0.5174013976261271
741028007.0,2023-06-26T05:06:47.000,0.6016034714728669,-1.156533910373625,-0.6343582749424037
741028027.0,2023-06-26T05:07:07.000,-0.721345431120568,1.7583139921062418,-0.8753901326818969
741028047.0,2023-06-26T05:07:27.000,0.9373069148832514,0.7691021426059486,-1.2712253895874603
741028067.0,2023-06-26T05:07:47.000,-0.600699868213983,1.1713597777740503,-1.0485046617603189
741028087.0,2023-06-26T05:08:07.000,0.7996503436413782,-0.5110952242093347,-0.908245896258375
741028107.0,2023-06-26T05:08:27.000,-0.653482475498901,-0.2897120173761536,-1.2027471658959676
741028127.0,2023-06-26T05:08:47.000,-0.44355929585959686,-0.6866151245898955,-0.6714769924087705
741028147.0,2023-06-26T05:09:07.000,-0.7623682831359169,1.1984992455804644,-0.42813519726125904
741028167.0,2023-06-26T05:09:27.000,0.5664456505516391,0.2290732419085728,-1.3250747246451589
741028187.0,2023-06-26T05:09:47.000,-1.2741302260921294,1.0300733343959756,-1.1011973759522675
741028207.0,2023-06-26T05:10:07.000,-0.7773194904747704,0.69515684342214,-0.35714776442929974
741028227.0,2023-06-26T05:10:27.000,-0.09134059815174567,0.4226470204815591,-0.9981137781611693
741028247.0,2023-06-26T05:10:47.000,0.6976783735734848,-0.05707312119573871,-0.1072750894115515
741028267.0,2023-06-26T05:11:07.000,-0.514636576387506,-0.4602342553061689,-1.5920734815155768
741028287.0,2023-06-26T05:11:27.000,-0.42817070582401584,1.7615855614216969,-1.1640496530351818
741028307.0,2023-06-26T05:11:47.000,0.04465026715028131,-0.40407942761833127,-0.5857614119419985
741028327.0,2023-06-26T05:12:07.000,1.6218938116208115,1.0161587385204562,-0.29776674023151983
741028347.0,2023-06-26T05:12:27.000,1.2872735063229612,0.07050309626110973,-1.526255867123627
741028367.0,2023-06-26T05:12:47.000,0.19392452214050948,-0.35685685556563485,-2.174063028570483
741028387.0,2023-06-26T05:13:07.000,0.595098318623144,0.922026590044478,-0.2142487898426637
741028407.0,2023-06-26T05:13:27.000,0.05885060655463903,-0.5694854603555122,-1.2622236407411336
741028427.0,2023-06-26T05:13:47.000,-1.3716306721089921,-0.08317601744023406,-2.083378688533255
741028447.0,2023-06-26T05:14:07.000,-0.5303903098385909,0.7230131542135254,-2.0267504176940676
741028467.0,2023-06-26T05:14:27.000,-0.1946191306778644,-0.8142868367921885,-2.2315581615250935
741028487.0,2023-06-26T05:14:47.000,1.5879933943474533,0.41278154754298413,-1.1728074807315636
741028507.0,2023-06-26T05:15:07.000,-0.6012117176434906,-0.4247538241797244,-1.4671780949826463
741028527.0,2023-06-26T05:15:27.000,-0.16123221781016994,0.8023192095696352,-5.371906253159864e-05
741028547.0,2023-06-26T05:15:47.000,0.1907371468434782,1.705311968303036,-0.05005225574006289
741028567.0,2023-06-26T05:16:07.000,-0.16064466540344213,0.798082183506299,-0.8047144308909182
741028587.0,2023-06-26T05:16:27.000,0.1061076548292128,1.0154752904889541,-0.0012135710436567138
741028607.0,2023-06-26T05:16:47.000,0.2843605154012607,0.5806456945922633,-1.1545817334868147
741028627.0,2023-06-26T05:17:07.000,0.5373104210892876,0.6453781376980494,-1.3019645425771387
741028647.0,2023-06-26T05:17:27.000,-0.56177267787616,-1.283819359787497,-0.7332165763540566
741028667.0,2023-06-26T05:17:47.000,0.45576764485799615,-0.38893028004860497,0.05338343843641624
741028687.0,2023-06-26T05:18:07.000,0.8695031175731671,0.09106142560000308,-0.7707007155799417
741028707.0,2023-06-26T05:18:27.000,-1.7661319946182807,-0.1630151665987789,-0.4426234593180034
741028727.0,2023-06-26T05:18:47.000,0.30632342955527747,-0.4910583322637052,-0.7885013440178668
741028747.0,2023-06-26T05:19:07.000,0.34878316894637607,-0.5484933186972185,-0.8301951910261174
741028767.0,2023-06-26T05:19:27.000,-0.8278465559730108,0.2991150437336998,-1.5476676913039888
741028787.0,2023-06-26T05:19:47.000,0.5971095853762876,0.3793033687804481,-1.34095262853684
741028807.0,2023-06-26T05:20:07.000,-0.5804824461774771,0.15215339058682886,-0.04728616025406751
741028827.0,2023-06-26T05:20:27.000,-1.0889093116861481,-0.09198691911516121,-1.3162938149458014
741028847.0,2023-06-26T05:20:47.000,0.3256020361996903,-0.04793518648682493,-1.5136772306578727
741028867.0,2023-06-26T05:21:07.000,-2.063161601761898,-0.11293423509695089,-0.7617208887644722
741028887.0,2023-06-26T05:21:27.000,-0.022134978516774595,0.7161776917508078,-1.248034457712599
741028907.0,2023-06-26T05:21:47.000,-1.2790706942600316,1.9360028191584,0.0885895605540199
741028927.0,2023-06-26T05:22:07.000,-0.673013511920395,-0.8265761301418095,-1.3661820716714956
741028947.0,2023-06-26T05:22:27.000,-0.6535701536969363,-0.03935863511772553,-1.772755113438329
741028967.0,2023-06-26T05:22:47.000,-0.017195742463282926,0.028848208555309895,-1.6700628511778781
741028987.0,2023-06-26T05:23:07.000,-0.0562071687526533,-0.28672064279477993,-0.8570041024169583
741029007.0,2023-06-26T05:23:27.000,-0.5483746799650469,0.0030832750685938493,-1.8110254302872164
741029027.0,2023-06-26T05:23:47.000,-1.733667051018184,0.08926664957220609,-1.4668903581149806
741029047.0,2023-06-26T05:24:07.000,-0.4168266565907075,-0.3177836262802103,-1.16174415197845
741029067.0,2023-06-26T05:24:27.000,0.3674493048166916,0.2607686303890411,-1.6504576346609845
741029087.0,2023-06-26T05:24:47.000,0.9081702078028719,0.15986677674995065,-0.07641348011011573
741029107.0,2023-06-26T05:25:07.000,-0.4211705828427448,0.6668182415570101,-0.8930942467566538
741029127.0,2023-06-26T05:25:27.000,0.627840329758822,0.3480128360822121,-1.8228429098487986
741029147.0,2023-06-26T05:25:47.000,0.36313435235468816,0.48606101660242373,-1.795457728326344
741029167.0,2023-06-26T05:26:07.000,-0.8282883340871017,0.36679141071083166,-1.4025402340189785
741029187.0,2023-06-26T05:26:27.000,0.8633513139399973,-0.7174026482537066,-1.628408617981858
741029207.0,2023-06-26T05:26:47.000,1.5211358373901085,-1.0597580132110096,-1.477445812525513
741029227.0,2023-06-26T05:27:07.000,1.895544128160953,0.5011363116480538,-0.9794670907670167
741029247.0,2023-06-26T05:27:27.000,0.8753380884463091,0.28642922963451056,-0.680204819136776
741029267.0,2023-06-26T05:27:47.000,0.8876772601307259,0.38920769693806534,-1.7178298236886214
741029287.0,2023-06-26T05:28:07.000,-0.989389051586631,-0.7192459558602593,-1.0004251723039204
741029307.0,2023-06-26T05:28:27.000,-1.0743303513804925,1.8524309006062722,-1.5374174367921434
741029327.0,2023-06-26T05:28:47.000,1.3906298218624435,-1.254880891399246,-1.0447159479509693
741029347.0,2023-06-26T05:29:07.000,0.5463790146653658,-0.29345110035272626,-1.3850246664226518
741029367.0,2023-06-26T05:29:27.000,1.2227085836480356,0.1135614890457326,-0.5011041078084588
741029387.0,2023-06-26T05:29:47.000,0.35295625882003634,0.8825068317119822,-1.4330391377215257
741029407.0,2023-06-26T05:30:07.000,-1.6566964633812908,0.17465356068058213,-1.2485813600027207
741029427.0,2023-06-26T05:30:27.000,0.9457561181203111,-0.28087802250720273,0.15741722292350602
741029447.0,2023-06-26T05:30:47.000,-0.36269434595670447,-0.2567561833477505,-0.8577337763382431
741029467.0,2023-06-26T05:31:07.000,-0.10983472018555318,0.3018940781029933,-0.36397981961755477
741029487.0,2023-06-26T05:31:27.000,0.12751502374008794,-0.32854209276456103,-0.9113011018135886
741029507.0,2023-06-26T05:31:47.000,0.33551686312582873,-0.6092653808131843,0.46264146700281117
741029527.0,2023-06-26T05:32:07.000,0.9165391798515721,0.031504847763930144,0.6262344564245126
741029547.0,2023-06-26T05:32:27.000,-1.0651477793111042,1.065421637813646,0.41184855535947307
741029567.0,2023-06-26T05:32:47.000,1.35759821541237,-0.19688840511289385,-0.1200496083542113
741029587.0,2023-06-26T05:33:07.000,0.8959746750525355,-1.2426781404228926,-0.6799046495142846
741029607.0,2023-06-26T05:33:27.000,-0.3069987864257051,0.016949553227618708,0.20059713773390442
741029627.0,2023-06-26T05:33:47.000,0.6596898262323236,9.794298705401161e-05,0.11516143192391581
741029647.0,2023-06-26T05:34:07.000,-0.10613278845772456,-0.9718094073796202,-0.5925189886735183
741029667.0,2023-06-26T05:34:27.000,0.30096952939873134,-0.24672197361796933,0.03418110388064832
741029687.0,2023-06-26T05:34:47.000,-0.1818462225799955,-0.8839123331938481,-0.6097119241821325
741029707.0,2023-06-26T05:35:07.000,-0.7074338616908094,-1.8297429235425433,-0.14987039442804218
741029727.0,2023-06-26T05:35:27.000,1.3199910841033002,0.032142342587526684,-0.8546640983597698
741029747.0,2023-06-26T05:35:47.000,-0.5516446432651811,0.05258988717837809,-2.0489448128491183
741029767.0,2023-06-26T05:36:07.000,0.1755569526751266,-0.7915352544074494,-1.136530114920209
741029787.0,2023-06-26T05:36:27.000,-0.6869032651346529,-0.1577425751353445,-1.0188051596360381
741029807.0,2023-06-26T05:36:47.000,1.10782839651824,-1.0247690137132892,-1.0818473563323217
741029827.0,2023-06-26T05:37:07.000,1.6337781911346383,0.4333130828149123,-0.8447542787948237
741029847.0,2023-06-26T05:37:27.000,-0.29860682156934715,0.4098760105319954,-1.0933539759561128
741029867.0,2023-06-26T05:37:47.000,-0.3590378169104902,1.127307433201885,-0.5021383718162298
741029887.0,2023-06-26T05:38:07.000,0.6113944528651771,-0.9361163773813352,-0.7763068226585013
741029907.0,2023-06-26T05:38:27.000,1.661430981025891,-1.375204647324768,-0.8043860714179729
741029927.0,2023-06-26T05:38:47.000,1.165638608069397,-0.2077622716201155,-0.13259382408703502
741029947.0,2023-06-26T05:39:07.000,0.7837053738968258,0.22387218235886408,-0.7799656940310484
741029967.0,2023-06-26T05:39:27.000,-1.0359203989951382,-1.6750940443066575,-1.7850983662581754
741029987.0,2023-06-26T05:39:47.000,0.37915057520265805,-0.6133803577057506,0.7807334121201492
741030007.0,2023-06-26T05:40:07.000,1.054977778003341,-0.3240535470627748,-1.5809066865601906
741030027.0,2023-06-26T05:40:27.000,0.12324672739039144,-0.6368295748737651,-0.979634212183722
741030047.0,2023-06-26T05:40:47.000,0.8058195705373805,-0.0036177092321842963,0.23481763143928802
741030067.0,2023-06-26T05:41:07.000,0.7547797496676445,1.6404023876925855,-0.6963217640820751
741030087.0,2023-06-26T05:41:27.000,0.4436027026377687,-0.7636495663820853,-0.9684766177353588
741030107.0,2023-06-26T05:41:47.000,0.5023978777329852,-0.00919526491616196,-0.40994341927724776
741030127.0,2023-06-26T05:42:07.000,0.6112930637680591,-0.003722173669284956,-0.1100802958786673
741030147.0,2023-06-26T05:42:27.000,0.7508999945504691,1.0252507621544282,-0.5430455021659952
741030167.0,2023-06-26T05:42:47.000,0.6302502938870802,-0.840833031701127,-0.3537325622415821
741030187.0,2023-06-26T05:43:07.000,0.8299702953573629,-0.8846075161050848,-1.4560261166085553
741030207.0,2023-06-26T05:43:27.000,0.5943716307132973,-0.5599237012043901,-1.7180797464044772
741030227.0,2023-06-26T05:43:47.000,-0.8483086620159064,0.6328931396293314,-1.1549818771050546
741030247.0,2023-06-26T05:44:07.000,0.26344840302616745,-1.002178590014946,-0.4457222203990696
741030267.0,2023-06-26T05:44:27.000,-0.7967397098740392,0.32994376227835076,-0.8786489090972793
741030287.0,2023-06-26T05:44:47.000,0.5950082607952822,-0.9201184195228862,1.251205208308015
741030307.0,2023-06-26T05:45:07.000,1.000966243425161,-0.9084461863761994,-0.5382164199985162
741030327.0,2023-06-26T05:45:27.000,0.6068369103551241,-1.13339084670816,-1.0978524921489985
741030347.0,2023-06-26T05:45:47.000,0.11665340879929431,0.606556939175551,-0.4210214815447699
741030367.0,2023-06-26T05:46:07.000,1.3699142050072055,-0.22366957762587347,-0.07006361064654243
741030387.0,2023-06-26T05:46:27.000,0.5331307784572914,0.8290410428157813,-0.5901622115667138
741030407.0,2023-06-26T05:46:47.000,2.1868854369055946,-0.38841179456072794,-1.058969248524111
741030427.0,2023-06-26T05:47:07.000,0.5647945206521676,-0.07090942333309869,-0.647002203613134
741030447.0,2023-06-26T05:47:27.000,-0.17931037481488943,-0.20313728366083694,-0.60648460656898
741030467.0,2023-06-26T05:47:47.000,1.1067081989502014,-0.6084573921039116,-0.24598979786460973
741030487.0,2023-06-26T05:48:07.000,-0.03212732446744582,-0.4136936916032674,-0.02980811654174076
741030507.0,2023-06-26T05:48:27.000,0.1371102525182799,0.9734876361688904,-1.0443170658569478
741030527.0,2023-06-26T05:48:47.000,0.06514985504413318,-1.0902009666691193,-1.0853145569589273
741030547.0,2023-06-26T05:49:07.000,1.5914772019898216,-0.8088593229205188,-1.4763875931800285
741030567.0,2023-06-26T05:49:27.000,0.9987198648753193,-0.3042044901646612,-0.1418807132114175
741030587.0,2023-06-26T05:49:47.000,0.7819951608256659,-0.2647812023970353,-0.8862135996379195
741030607.0,2023-06-26T05:50:07.000,0.6014411986110524,-0.02953596280885762,-1.2025988256225695
741030627.0,2023-06-26T05:50:27.000,-0.34316325064898123,-1.2348174748044727,-0.35126249395833753
741030647.0,2023-06-26T05:50:47.000,0.963943211085283,0.19558624047011364,-1.0811529170928758
741030667.0,2023-06-26T05:51:07.000,0.1620309578842516,-1.5684360693879462,-1.1437055258189943
741030687.0,2023-06-26T05:51:27.000,-0.6644659120924601,-0.8460229636853001,0.24314506454903295
741030707.0,2023-06-26T05:51:47.000,-1.0398303964875844,-0.3939212792292146,-1.0944553485492392
741030727.0,2023-06-26T05:52:07.000,0.6526497603021042,-0.5595493035914778,-1.313984598594331
741030747.0,2023-06-26T05:52:27.000,-1.740215646051091,-0.07622376246851914,-0.7694472088815019
741030767.0,2023-06-26T05:52:47.000,-1.030888392616891,-0.14237339127642912,-1.1757750320695592
741030787.0,2023-06-26T05:53:07.000,-0.8253863437057696,-0.5618282319375112,-1.2150645031794305
741030807.0,2023-06-26T05:53:27.000,1.3553264913035434,0.4932753810416024,1.0222601915632623
741030827.0,2023-06-26T05:53:47.000,1.375320779695155,-0.3346890591005014,-1.1290197625801746
741030847.0,2023-06-26T05:54:07.000,0.9309786411448862,0.23027719741053332,0.6413604415222984
741030867.0,2023-06-26T05:54:27.000,0.5953367111621866,-0.2849258655346354,-0.341415588467342
741030887.0,2023-06-26T05:54:47.000,0.5885576485842314,-0.9420069785215368,-1.0596961892317402
741030907.0,2023-06-26T05:55:07.000,-0.6025901014838908,0.8933805226929437,-1.403180014847294
741030927.0,2023-06-26T05:55:27.000,0.12492781632511551,-0.8387482863581042,-0.7047436320184453
741030947.0,2023-06-26T05:55:47.000,0.6043395226251747,-1.3601469387447551,-1.4360369345323143
741030967.0,2023-06-26T05:56:07.000,-1.178299986148712,-1.121236048673424,-1.2153535897008183
741030987.0,2023-06-26T05:56:27.000,0.5690210805209261,-1.4569984254086954,-0.5554962466680635
741031007.0,2023-06-26T05:56:47.000,0.46187946494136156,-2.1178076287653447,0.11968268376350011
741031027.0,2023-06-26T05:57:07.000,0.64053660702168,0.30412979095117976,0.10077424161814008
741031047.0,2023-06-26T05:57:27.000,1.6187126689382048,-0.13419671114345277,-1.4082416977534429
741031067.0,2023-06-26T05:57:47.000,-0.13037260464532352,0.9327369776546135,-1.339073711414951
741031087.0,2023-06-26T05:58:07.000,-0.5425877339426677,-1.379323126049492,0.20196945356154572
741031107.0,2023-06-26T05:58:27.000,1.4544301636387758,0.5000524497811298,-1.1612445158792895
741031127.0,2023-06-26T05:58:47.000,0.42471285651712876,0.41559422103709664,-0.9333761012086939
741031147.0,2023-06-26T05:59:07.000,-0.8087895751462959,-0.946441958571409,1.0767642318443293
741031167.0,2023-06-26T05:59:27.000,2.189880945246969,-0.7740368936803854,-0.21856421216215338
741031187.0,2023-06-26T05:59:47.000,0.4443003213672192,-0.3398544846211493,-1.86700024307207
741031207.0,2023-06-26T06:00:07.000,0.15562734194674022,-0.39814842699437136,-1.1178294706204461
741031227.0,2023-06-26T06:00:27.000,0.08345364262973831,-0.4961561450023133,0.31108950082625597
741031247.0,2023-06-26T06:00:47.000,3.1927021596489524,-1.5387539758049407,-1.4845718865230673
741031267.0,2023-06-26T06:01:07.000,-0.42108175239974344,-0.25690036851155895,-1.6600932305488314
741031287.0,2023-06-26T06:01:27.000,1.2313188367918393,-1.371161460539394,-0.656585620972816
741031307.0,2023-06-26T06:01:47.000,1.0956178499110791,-1.837504582358207,-0.6042435200526164
741031327.0,2023-06-26T06:02:07.000,1.5159076853454856,-0.5529414173199854,-0.09570790543422802
741031347.0,2023-06-26T06:02:27.000,0.3502341545447152,0.0247639453943016,-0.5607809909768946
741031367.0,2023-06-26T06:02:47.000,1.5214403493057915,0.19684959265964252,-0.77260691204728
741031387.0,2023-06-26T06:03:07.000,0.23366980980155105,-0.38274552890404934,-0.2484768970578699
741031407.0,2023-06-26T06:03:27.000,1.087214246198176,-0.4820736289490313,-2.580378830074892
741031427.0,2023-06-26T06:03:47.000,-0.015353741245061059,0.7624949721285468,-0.6736432248688473
741031447.0,2023-06-26T06:04:07.000,0.38309864131003124,0.4704139798694662,0.23738832919395492
741031467.0,2023-06-26T06:04:27.000,1.3493226119098978,-0.0874695254893254,0.15849939267731372
741031487.0,2023-06-26T06:04:47.000,0.8656067222667652,0.18295426493786238,-0.1442664732009824
741031507.0,2023-06-26T06:05:07.000,0.5687900556217151,-0.7600606035218505,-0.632383346987897
741031527.0,2023-06-26T06:05:27.000,1.06920703254465,0.15007125938604204,-1.5362413502306715
741031547.0,2023-06-26T06:05:47.000,0.623872706928541,-2.167097283656272,-0.1343474758441765
741031567.0,2023-06-26T06:06:07.000,0.46300080263073085,0.2249622888306213,-1.0638946839169883
741031587.0,2023-06-26T06:06:27.000,1.421819626901133,0.18768144005587573,-0.8587101846591061
741031607.0,2023-06-26T06:06:47.000,0.9185663507826902,-1.0028968805086969,-0.8927344239517687
741031627.0,2023-06-26T06:07:07.000,1.011354348301463,-1.0252889303563606,-1.8138701762926424
741031647.0,2023-06-26T06:07:27.000,0.09709260442303247,-1.1978042582794224,-0.31588387082726044
741031667.0,2023-06-26T06:07:47.000,1.3373503910618645,-1.0085916066659983,-0.3565993728305017
741031687.0,2023-06-26T06:08:07.000,0.28914995358064743,-0.7254035141901483,-1.7261031655335657
741031707.0,2023-06-26T06:08:27.000,1.4791297440863715,0.7948611332131428,-0.8058279332812113
741031727.0,2023-06-26T06:08:47.000,1.1006371897215317,-0.9702585534676622,1.4099544378365358
741031747.0,2023-06-26T06:09:07.000,-0.27033018910049833,-0.8040167534084652,0.44299539706527113
741031767.0,2023-06-26T06:09:27.000,0.7562791785487022,-3.1018247688363587,-1.1543555604065503
741031787.0,2023-06-26T06:09:47.000,-0.5608048215477446,-0.6425094418838206,0.39807115723711206
741031807.0,2023-06-26T06:10:07.000,0.7461165411837278,-1.4000924471124776,-0.17724724621359655
741031827.0,2023-06-26T06:10:27.000,-1.2035460136172738,0.38913898683379244,-0.8335055327601815
741031847.0,2023-06-26T06:10:47.000,1.1817470549124742,-0.1847810760735591,-1.0592188978253425
741031867.0,2023-06-26T06:11:07.000,0.38726689358670185,-2.189762914328597,-0.08808275305804969
741031887.0,2023-06-26T06:11:27.000,0.8955634971608006,-0.9680412309087671,0.3089917778642537
741031907.0,2023-06-26T06:11:47.000,-0.2695892588167048,-1.8233750081142475,-0.4645750944609617
741031927.0,2023-06-26T06:12:07.000,0.707625003093515,-0.3330372498777656,-1.410681907254574
741031947.0,2023-06-26T06:12:27.000,0.22132376021888334,-0.37651355000445363,0.3967309584518297
741031967.0,2023-06-26T06:12:47.000,1.5669639146231873,-1.3238767288759057,-0.08955262464915847
741031987.0,2023-06-26T06:13:07.000,-0.35660535910864155,-1.6221684151607185,-0.8141598061728317
741032007.0,2023-06-26T06:13:27.000,0.28294762582925514,-1.18796094071838,0.3626512708132523
741032027.0,2023-06-26T06:13:47.000,0.36762734986206524,-1.8862363218352662,-1.1476821714984098
741032047.0,2023-06-26T06:14:07.000,1.1470551695480502,-0.9227545465728682,-1.6997266775065079
741032067.0,2023-06-26T06:14:27.000,1.1789860398958574,-1.1479604079989159,-1.2410291329589818
741032087.0,2023-06-26T06:14:47.000,-0.048428337606765126,-1.3422424022579982,-0.12159085708285389
741032107.0,2023-06-26T06:15:07.000,-0.047892939347704555,-0.4465744535830929,1.1639441474309287
741032127.0,2023-06-26T06:15:27.000,1.592826783169965,-2.297317020549805,-1.2386247199236422
741032147.0,2023-06-26T06:15:47.000,0.3913735629912374,-0.6923853745011144,-0.6004493091404939
741032167.0,2023-06-26T06:16:07.000,1.0328726660291387,-1.5812967934070166,1.4306661101803897
741032187.0,2023-06-26T06:16:27.000,1.4048749236272862,0.3094540071524321,-0.02211033856003297
741032207.0,2023-06-26T06:16:47.000,-0.8937744277015547,-0.20012666680502278,-0.8070434606932686
741032227.0,2023-06-26T06:17:07.000,0.8482230251183331,-1.7257794198033416,0.5060558097569334
741032247.0,2023-06-26T06:17:27.000,-0.2771959918934641,-1.2599559469417265,-0.9387971314334109
741032267.0,2023-06-26T06:17:47.000,0.8692557663336764,-1.6445612488147354,-0.5362665325137073
741032287.0,2023-06-26T06:18:07.000,1.1700055040808621,-1.9027312113562012,0.6405320276847704
741032307.0,2023-06-26T06:18:27.000,0.4780270969062528,-0.6660156885329727,-0.5104704613678734
741032327.0,2023-06-26T06:18:47.000,1.5092767710611632,-1.877177972797739,-0.3082486324856859
741032347.0,2023-06-26T06:19:07.000,-0.7053986198490847,-1.7993383545800157,-0.2568434272598452
741032367.0,2023-06-26T06:19:27.000,0.2916412875531016,-0.6059912179390281,-0.27998291435293865
741032387.0,2023-06-26T06:19:47.000,0.8216241660030654,0.9653365275141823,0.6031094442193741
741032407.0,2023-06-26T06:20:07.000,-0.09591166640898763,0.018146846625377577,-1.1366491139974677
741032427.0,2023-06-26T06:20:27.000,1.7384640992101907,-0.5538156562678864,-0.6694833160847402
741032447.0,2023-06-26T06:20:47.000,-0.031310521908523015,-1.119204283683839,-0.8220532437097638
741032467.0,2023-06-26T06:21:07.000,1.0787239755782885,-1.5344893259383596,-0.4153365256387431
741032487.0,2023-06-26T06:21:27.000,0.4533494871838961,-1.4962668756668407,-0.9026272658974044
741032507.0,2023-06-26T06:21:47.000,1.2895454076233825,-0.9885871546377878,-0.027952024528321573
741032527.0,2023-06-26T06:22:07.000,0.44940175117913483,-0.34949441357623456,0.10532321521594668
741032547.0,2023-06-26T06:22:27.000,-0.18508770679437347,-2.09639106867332,-0.6992868738731062
741032567.0,2023-06-26T06:22:47.000,0.40721916022556925,-0.5057305179967386,-1.1652147815288671
741032587.0,2023-06-26T06:23:07.000,0.008562834774572536,-0.778727718575567,0.05748750449008355
741032607.0,2023-06-26T06:23:27.000,-0.059515920358688135,-1.4478357913239037,0.018299716708636282
741032627.0,2023-06-26T06:23:47.000,0.9003444754740464,-0.47706082504372915,-0.00395582280265927
741032647.0,2023-06-26T06:24:07.000,1.1440940883677975,-1.648954081912013,0.5405765927557482
741032667.0,2023-06-26T06:24:27.000,1.0484755274320356,-1.6460897145353925,0.5006382087890948
741032687.0,2023-06-26T06:24:47.000,-0.8129061839334817,-0.9036258235339822,-0.6438447630374711
741032707.0,2023-06-26T06:25:07.000,0.07065639543446522,-0.3794759926956104,-0.24416200071764038
741032727.0,2023-06-26T06:25:27.000,0.15238059617450617,-0.9709828921899977,0.27711232948313125
741032747.0,2023-06-26T06:25:47.000,0.5074860073839282,-2.3084202535494924,-0.5062263294886016
741032767.0,2023-06-26T06:26:07.000,0.8086340921864554,-1.36744728074234,-0.49206311955041215
741032787.0,2023-06-26T06:26:27.000,-1.472456168327696,-0.8745367768292489,-0.6310050161384417
741032807.0,2023-06-26T06:26:47.000,-0.6419803996071671,-0.41732749802569913,-0.7690125890080779
741032827.0,2023-06-26T06:27:07.000,-0.39389359650643385,-1.509720931669456,-0.00717803653182969
741032847.0,2023-06-26T06:27:27.000,0.4188048553954715,-1.1216707143435478,-1.4446887356411864
741032867.0,2023-06-26T06:27:47.000,0.878448367280793,-0.879107563978021,1.2700508812968359
741032887.0,2023-06-26T06:28:07.000,0.856156996831281,-0.8086000630402879,-0.3886799206487268
741032907.0,2023-06-26T06:28:27.000,0.10062570436897289,-1.1850960763393203,-1.31830513941944
741032927.0,2023-06-26T06:28:47.000,1.4837592603567096,-2.353412004740818,1.1566059814560603
741032947.0,2023-06-26T06:29:07.000,0.501680628606227,0.056583739660442944,0.3607712107722705
741032967.0,2023-06-26T06:29:27.000,-0.9300546893298289,-0.3786014366014001,-0.37676439907929904
741032987.0,2023-06-26T06:29:47.000,1.0572565601996153,-1.4590274077908028,-0.33373580176077056
741033007.0,2023-06-26T06:30:07.000,0.6009133562745461,-0.3134954227212994,-0.08401631537147125
741033027.0,2023-06-26T06:30:27.000,0.33457037470485673,-0.8074963867565899,-0.051075083828955314
741033047.0,2023-06-26T06:30:47.000,0.3010043526430195,-1.600984811189754,-0.6333298946614718
741033067.0,2023-06-26T06:31:07.000,1.4218523515241444,-1.5386442275611145,-1.1058053759338549
741033087.0,2023-06-26T06:31:27.000,-0.5903202576096334,-1.4990071169007635,-0.1670389351504653
741033107.0,2023-06-26T06:31:47.000,0.0572271795618029,-0.24869980042030448,-0.9678691245129656
741033127.0,2023-06-26T06:32:07.000,-0.09415066083429124,-0.5441914513348856,1.7437638895168028
741033147.0,2023-06-26T06:32:27.000,0.6157859802402577,-1.8631863025753148,-0.3842125457453882
741033167.0,2023-06-26T06:32:47.000,-0.8385659911791521,-0.9916246512253757,-0.6954849909646121
741033187.0,2023-06-26T06:33:07.000,-0.5422295986212688,-1.2730129638760523,-0.6446690155370582
741033207.0,2023-06-26T06:33:27.000,0.6194839723194789,-0.8930841617571517,0.3200733521557808
741033227.0,2023-06-26T06:33:47.000,-0.23299150229139087,-0.5544784424271754,-0.04924575427445177
741033247.0,2023-06-26T06:34:07.000,0.5248561881776581,-0.9044629338483823,-1.1268200642233772
741033267.0,2023-06-26T06:34:27.000,-0.42177904095996865,-1.8068270819515675,-0.8909716377680788
741033287.0,2023-06-26T06:34:47.000,-0.1359007104184684,-1.5404161918697312,-0.2608353103505934
741033307.0,2023-06-26T06:35:07.000,1.0733471204504852,-0.7396869276088403,0.08620439052586804
741033327.0,2023-06-26T06:35:27.000,0.04373974642479794,-0.43276782367707156,-1.3979544950970535
741033347.0,2023-06-26T06:35:47.000,-0.4898855636148447,-0.572697967582414,-1.187479181286033
741033367.0,2023-06-26T06:36:07.000,0.34669746763471565,-0.4427344686863677,-0.3860510058295574
741033387.0,2023-06-26T06:36:27.000,-0.2063317384948249,-1.338339925616161,1.7618521426787659
741033407.0,2023-06-26T06:36:47.000,0.4583939203217646,1.018733277968753,0.8779016407833851
741033427.0,2023-06-26T06:37:07.000,0.5425158852156997,-0.08298856235544605,0.4659461827372091
741033447.0,2023-06-26T06:37:27.000,-0.15793633514338268,-0.8624615857488749,0.5748622929013791
741033467.0,2023-06-26T06:37:47.000,0.36433618672004897,-1.952150285622345,0.4803008625819949
741033487.0,2023-06-26T06:38:07.000,0.10523185473010344,-1.971031938197143,-0.21901433616688948
741033507.0,2023-06-26T06:38:27.000,-1.196813045567513,-0.5684105720105137,-1.5670977552617593
741033527.0,2023-06-26T06:38:47.000,0.022315347036894195,-2.486600864048949,0.6248505842743057
741033547.0,2023-06-26T06:39:07.000,1.041167996818082,-0.4925225447149906,0.2440262017122663
741033567.0,2023-06-26T06:39:27.000,1.85706151413223,-1.8843854380223846,-0.6875546286311263
741033587.0,2023-06-26T06:39:47.000,-0.6555241608197093,-0.6485777739206888,0.30174692244866463
741033607.0,2023-06-26T06:40:07.000,0.15223902012362345,-1.9895049979123947,-1.1577145663799193
741033627.0,2023-06-26T06:40:27.000,0.840220528153246,-1.1110587921026038,-0.8213881655505517
741033647.0,2023-06-26T06:40:47.000,-0.5335280471752135,-0.017815927833009226,0.6920127439413726
741033667.0,2023-06-26T06:41:07.000,-0.007499733567506439,-0.828063849522831,-0.8447847175796497
741033687.0,2023-06-26T06:41:27.000,0.5639039548310798,-0.28538593248583766,-0.9583534795409854
741033707.0,2023-06-26T06:41:47.000,0.26850805922018495,-1.0236341353220269,-1.0457272038633114
741033727.0,2023-06-26T06:42:07.000,-0.448020661503179,-2.6171768836125153,-0.5851403608647665
741033747.0,2023-06-26T06:42:27.000,-0.30788423494021444,-0.5250865743544608,0.47802116911466186
741033767.0,2023-06-26T06:42:47.000,0.7041122012441114,-1.0710898430521532,-1.7852710918253578
741033787.0,2023-06-26T06:43:07.000,0.6913058085311619,-0.17657312342267417,0.5782143340793411
741033807.0,2023-06-26T06:43:27.000,-0.10529550225069073,-0.6421195520633916,-0.3551958171921221
741033827.0,2023-06-26T06:43:47.000,0.7204130633042816,-0.8356144989618564,-0.814300225915332
741033847.0,2023-06-26T06:44:07.000,1.4149341116764802,-1.353027925266037,-1.3233491475972414
741033867.0,2023-06-26T06:44:27.000,-1.5101939938255704,-1.9935498699497067,-0.3821508264167939
741033887.0,2023-06-26T06:44:47.000,0.4630416446937957,-0.3664516574519716,0.3382480032398938
741033907.0,2023-06-26T06:45:07.000,-1.333953056747994,-0.9762229919108023,-1.6396502090731957
741033927.0,2023-06-26T06:45:27.000,1.0423873042064713,-0.9233555618437528,-1.0690591895401447
741033947.0,2023-06-26T06:45:47.000,-0.3073896924665753,-1.0919206211212895,1.5813234013895006
741033967.0,2023-06-26T06:46:07.000,0.8042071113045779,-1.0851744087325699,0.05250519279353938
741033987.0,2023-06-26T06:46:27.000,-0.3079827636587318,-0.2504732697916623,0.001501858004626655
741034007.0,2023-06-26T06:46:47.000,-1.2926976326377293,1.0507867061138043,-0.02036752659861918
741034027.0,2023-06-26T06:47:07.000,0.3066695196118907,-0.3641348307881209,-0.06306767401653701
741034047.0,2023-06-26T06:47:27.000,-0.444878500205359,0.4309601290497511,1.3432357457654476
741034067.0,2023-06-26T06:47:47.000,-0.39069021254833913,-1.0827892451992227,0.67583372032054
741034087.0,2023-06-26T06:48:07.000,1.664582232518974,-0.9120016851382751,-0.11979557112962169
741034107.0,2023-06-26T06:48:27.000,-0.6637455486235844,-0.864189910632085,1.5912986490174141
741034127.0,2023-06-26T06:48:47.000,-2.114085047222325,-0.40726397081414234,1.371827596519104
741034147.0,2023-06-26T06:49:07.000,-0.44607658490347646,-1.3484875851621503,-0.3931037139470739
741034167.0,2023-06-26T06:49:27.000,-0.4530480321562891,-1.6060965920883241,-0.8507213243857947
741034187.0,2023-06-26T06:49:47.000,-0.32951121974322817,-1.5301919694676869,1.6324233826692236
741034207.0,2023-06-26T06:50:07.000,0.1381291103830229,-1.289688702332814,-0.7549769765691217
741034227.0,2023-06-26T06:50:27.000,-0.22748161244701137,-1.9643617402698155,0.8319468982387335
741034247.0,2023-06-26T06:50:47.000,0.7336849551564661,-1.4422467857988508,-0.7999251190438095
741034267.0,2023-06-26T06:51:07.000,0.9199629244061036,0.018471264584540847,-0.06267083558775255
741034287.0,2023-06-26T06:51:27.000,-0.8586218554818004,-1.2416906594259203,-0.7272398602986563
741034307.0,2023-06-26T06:51:47.000,0.4101164373770949,-1.9620542820453224,0.841329511558353
741034327.0,2023-06-26T06:52:07.000,-1.031537647866454,-0.42976863441346325,0.29854097667314505
741034347.0,2023-06-26T06:52:27.000,-0.8440172278412206,-1.4619669841064997,-0.5659672492663859
741034367.0,2023-06-26T06:52:47.000,-1.0300834622611887,-0.8134156153305483,0.19270531893544884
741034387.0,2023-06-26T06:53:07.000,-0.19851052485142517,-1.3434511002330396,-1.1965063475338766
741034407.0,2023-06-26T06:53:27.000,-0.039264793949556065,-2.2924057930584496,0.5348313314557096
741034427.0,2023-06-26T06:53:47.000,0.6126593130817426,-1.8809971207622844,-0.05594207760362124
741034447.0,2023-06-26T06:54:07.000,0.4434362770977529,-0.5381711236651654,0.6710068462534302
741034467.0,2023-06-26T06:54:27.000,0.7073635990950677,-1.083685072311713,0.09281076024381107
741034487.0,2023-06-26T06:54:47.000,-1.2974495097295424,-2.1027025598696625,-0.2518195105771781
741034507.0,2023-06-26T06:55:07.000,-0.07193623177137454,-0.6897665733585079,-0.8581217231129479
741034527.0,2023-06-26T06:55:27.000,-1.03143365388636,-1.1176326575546014,0.20966261157218113
741034547.0,2023-06-26T06:55:47.000,-0.888795183717761,-1.3900487185303234,0.6229921205247457
741034567.0,2023-06-26T06:56:07.000,-0.8846629416026097,-1.2187336942637295,-0.7675020972097713
741034587.0,2023-06-26T06:56:27.000,-1.5721561094972358,-1.8941287553086994,0.9186510374736834
741034607.0,2023-06-26T06:56:47.000,0.5217200939933164,-1.283154483100457,-1.1575672780983481
741034627.0,2023-06-26T06:57:07.000,0.13073414287800844,-1.3099016034523459,-0.15449861113792096
741034647.0,2023-06-26T06:57:27.000,-0.028136758589702993,-1.4746508248841828,0.7579003112767602
741034667.0,2023-06-26T06:57:47.000,1.228587296064898,-2.1263140903005073,0.39662853568156464
741034687.0,2023-06-26T06:58:07.000,0.3094190495489535,-0.36806931915656094,0.18135095152249647
741034707.0,2023-06-26T06:58:27.000,-0.08529470250095983,0.5213269911763518,-0.37207972403141554
741034727.0,2023-06-26T06:58:47.000,-0.5491701059567866,-0.8345638085605067,1.0444816457066963
741034747.0,2023-06-26T06:59:07.000,-0.5568289075497113,-2.120459807009034,-0.016732379115591556
741034767.0,2023-06-26T06:59:27.000,-0.27307105813223487,0.22380692089596366,1.2944933248992818
741034787.0,2023-06-26T06:59:47.000,-1.243061955635838,-0.29997200443609984,0.5654475993432939
741034807.0,2023-06-26T07:00:07.000,0.10378209868155963,-1.702740984077522,1.3593627119945495
741034827.0,2023-06-26T07:00:27.000,-0.7929226884417773,-0.6982864781401865,0.7401589974587175
741034847.0,2023-06-26T07:00:47.000,0.5742269415964785,-0.9219476773014712,1.5204740990260035
741034867.0,2023-06-26T07:01:07.000,-0.3770805361291707,0.06266651914055288,0.2842605918651486
741034887.0,2023-06-26T07:01:27.000,-1.0155164037017883,-0.6098283896194268,-0.6384322496000294
741034907.0,2023-06-26T07:01:47.000,0.010160781949153375,0.2665326959139236,-0.16651377570120474
741034927.0,2023-06-26T07:02:07.000,-0.3158598563035575,-1.0982708309459355,0.6252019043806456
741034947.0,2023-06-26T07:02:27.000,0.12807753444477044,-1.4435263287371214,-1.2134443455713573
741034967.0,2023-06-26T07:02:47.000,-2.6301822716789935,-1.9718457309303439,-0.12546520029577124
741034987.0,2023-06-26T07:03:07.000,-0.7348313782129523,-0.6952325455000796,0.03056682400526256
741035007.0,2023-06-26T07:03:27.000,-1.068941722137673,-1.631585965899962,0.8301833696156002
741035027.0,2023-06-26T07:03:47.000,0.8607206882560448,-3.2649333372880562,0.6141438656626086
741035047.0,2023-06-26T07:04:07.000,-0.5729556615818865,0.7748326333545386,-0.4231910595953181
741035067.0,2023-06-26T07:04:27.000,-1.0789087215301585,-1.7461884114999826,0.6605046823815464
741035087.0,2023-06-26T07:04:47.000,0.010045724885276996,-1.9772093533099167,0.730888607070046
741035107.0,2023-06-26T07:05:07.000,-0.46508251413390767,0.6173408059084728,-0.39993142171290685
741035127.0,2023-06-26T07:05:27.000,-0.0733357336191176,-2.260864337877422,0.279829821114852
741035147.0,2023-06-26T07:05:47.000,-1.1781636160002051,1.0779939452087994,0.04703838831776608
741035167.0,2023-06-26T07:06:07.000,-0.516662838911941,-0.37933428291836435,-0.17860566942085043
741035187.0,2023-06-26T07:06:27.000,0.44887412110616864,0.022793570830792476,-0.06644562013935484
741035207.0,2023-06-26T07:06:47.000,-1.3894510167089535,-1.0001494675448974,-0.4462343703881544
741035227.0,2023-06-26T07:07:07.000,-1.1909946174948338,0.11468359475408363,-0.5791332184146292
741035247.0,2023-06-26T07:07:27.000,1.377836262717036,-0.19375990388814657,-0.9071642672719982
741035267.0,2023-06-26T07:07:47.000,-0.8423663277912219,-0.31250663663495715,-0.7666941403750016
741035287.0,2023-06-26T07:08:07.000,-1.5163797150274938,0.6883632090337599,1.6293896916708128
741035307.0,2023-06-26T07:08:27.000,-0.3660963836416009,-0.16027272559115957,-0.844617898287936
741035327.0,2023-06-26T07:08:47.000,-0.5294950695899914,-0.3267654936633946,0.4735759243090776
741035347.0,2023-06-26T07:09:07.000,-1.7928372488595912,-1.2997115796276049,0.49723919745003897
741035367.0,2023-06-26T07:09:27.000,0.22025354616816983,-0.1884128714713107,1.353933532122209
741035387.0,2023-06-26T07:09:47.000,-0.9766317711878969,-1.0706386440739735,1.6278121507395937
741035407.0,2023-06-26T07:10:07.000,-0.47116819495984785,-1.1501653614520713,0.16068102888233682
741035427.0,2023-06-26T07:10:27.000,0.7447673210814187,-0.17607672236907845,0.28190654067783427
741035447.0,2023-06-26T07:10:47.000,0.570497740715048,-0.5473377763021148,0.639889870290844
741035467.0,2023-06-26T07:11:07.000,0.14153206286948716,-0.25794576707927064,0.42133439104308223
741035487.0,2023-06-26T07:11:27.000,-0.7714792200075316,-1.6252576383379846,0.8210720795265303
741035507.0,2023-06-26T07:11:47.000,-1.2768290558851092,0.16503669154621647,-0.42246265589129806
741035527.0,2023-06-26T07:12:07.000,-2.0237409328327516,-1.7574115031226967,0.6975623868865632
741035547.0,2023-06-26T07:12:27.000,-1.1621271644002285,-1.053470014855673,0.45021938047673515
741035567.0,2023-06-26T07:12:47.000,0.2042191820983419,-0.2268860192056188,-0.41597141388072245
741035587.0,2023-06-26T07:13:07.000,-1.9148209272845662,0.14023618812863958,1.4075796961332543
741035607.0,2023-06-26T07:13:27.000,-0.0031666976374467026,-0.5759910241098787,0.03841830953366099
741035627.0,2023-06-26T07:13:47.000,0.004307651535473411,-1.2370780960946348,-0.43338204025467064
741035647.0,2023-06-26T07:14:07.000,-0.7668857543330354,-1.3917115343153874,0.9131393360117812
741035667.0,2023-06-26T07:14:27.000,-0.4966431899733337,-1.7434915293490505,0.4547809543620218
741035687.0,2023-06-26T07:14:47.000,0.036644603584878865,-1.0571570943307407,1.9826079552087705
741035707.0,2023-06-26T07:15:07.000,0.04668404676166915,-0.28618544347658315,2.0151707232907157
741035727.0,2023-06-26T07:15:27.000,0.22299553080751267,-0.3169818829751314,1.5320716549749314
741035747.0,2023-06-26T07:15:47.000,-1.1648941670272528,-0.6559860143751095,0.8913323841008847
741035767.0,2023-06-26T07:16:07.000,-0.3155482807049026,-0.13607000096671484,1.2138987587118066
741035787.0,2023-06-26T07:16:27.000,0.05021005694549885,0.06548979015752465,1.5012549659410013
741035807.0,2023-06-26T07:16:47.000,-0.5586901631327024,-0.5504828927027638,0.5652956720392233
741035827.0,2023-06-26T07:17:07.000,-1.8728982533855465,-0.7366569349187557,1.273431189297014
741035847.0,2023-06-26T07:17:27.000,-1.0750532716707895,-2.5038186615033986,0.3498909062149558
741035867.0,2023-06-26T07:17:47.000,-1.0648910171662251,-0.08470492677270514,0.6601250694071581
741035887.0,2023-06-26T07:18:07.000,0.1501640090606493,-1.1902176967004685,0.2782774301324231
741035907.0,2023-06-26T07:18:27.000,-0.818236089050739,-0.39780198908268005,0.541572812395863
741035927.0,2023-06-26T07:18:47.000,-0.5930456549507745,-0.038691522485923,0.753250776086567
741035947.0,2023-06-26T07:19:07.000,-0.08686008429181769,-0.5427827184045775,2.2701329398300274
741035967.0,2023-06-26T07:19:27.000,0.5068983699785257,-1.4354621560408454,0.08161930614702939
741035987.0,2023-06-26T07:19:47.000,-0.7205892531336744,-0.33914721454531005,1.6704317882920705
741036007.0,2023-06-26T07:20:07.000,-0.6485110596865518,-1.5934889696089805,0.12261441831862285
741036027.0,2023-06-26T07:20:27.000,-1.496748283547067,-0.18890178125063883,-0.07102032991701535
741036047.0,2023-06-26T07:20:47.000,-0.39928416729617666,-1.3960076723273929,0.4391291329230995
741036067.0,2023-06-26T07:21:07.000,-1.1726485038332513,-1.1780261818028492,0.18331258747616985
741036087.0,2023-06-26T07:21:27.000,-0.05918846482932949,-0.8944751166750642,-0.07644320906274871
741036107.0,2023-06-26T07:21:47.000,-0.5065989397978754,-0.7013682609025018,0.3882878252259303
741036127.0,2023-06-26T07:22:07.000,0.008834066878016245,-0.40742944471539033,0.7478570791308314
741036147.0,2023-06-26T07:22:27.000,-1.1083725351190843,-1.1794236412510095,1.188916720540334
741036167.0,2023-06-26T07:22:47.000,-0.6487466821414323,-1.4276615989072816,1.2125178020960803
741036187.0,2023-06-26T07:23:07.000,-0.5490025245080687,-0.7142601193832476,0.19054053708167373
741036207.0,2023-06-26T07:23:27.000,0.46473985413353347,-0.9878334813140377,0.29711991517133995
741036227.0,2023-06-26T07:23:47.000,-0.9086817069126063,-0.7470324465685962,1.156359384046901
741036247.0,2023-06-26T07:24:07.000,-2.3321491890992974,-0.6882408146058339,2.6274275056303864
741036267.0,2023-06-26T07:24:27.000,-0.754991391105353,-0.6220244591403912,-0.28138738082938985
741036287.0,2023-06-26T07:24:47.000,-1.09960183168889,-0.3630003736931897,0.45451290378029086
741036307.0,2023-06-26T07:25:07.000,-1.5268778215449252,-1.141237884261237,0.5238176889577062
741036327.0,2023-06-26T07:25:27.000,-0.9249017374979296,-2.4342702919066816,0.7705489923459652
741036347.0,2023-06-26T07:25:47.000,-1.8889116339071421,-0.5874903853064772,0.46882679225479507
741036367.0,2023-06-26T07:26:07.000,-2.1551092821314732,-0.03640097746560045,1.6928658151615927
741036387.0,2023-06-26T07:26:27.000,-0.8955522908582481,-2.293422155519309,2.3367703912202664
741036407.0,2023-06-26T07:26:47.000,0.08431841684863883,-1.1933517535145377,0.005086993926095573
741036427.0,2023-06-26T07:27:07.000,0.63735171930146,0.025969895400823617,1.0665087812888885
741036447.0,2023-06-26T07:27:27.000,-0.637716806262123,-1.654493529079648,-0.11351957723837458
741036467.0,2023-06-26T07:27:47.000,-1.517146374829803,-1.7883399394014177,1.9479844581393735
741036487.0,2023-06-26T07:28:07.000,-1.2233417089335674,-1.3761734762085531,-0.20337770770817443
741036507.0,2023-06-26T07:28:27.000,-1.6004106294209564,-0.14137891121146495,1.0258663597273454
741036527.0,2023-06-26T07:28:47.000,-1.161842161079285,-1.5332551110081027,1.5367075652306106
741036547.0,2023-06-26T07:29:07.000,-1.1519611606614077,-1.2256463786219918,-0.6028391307810743
741036567.0,2023-06-26T07:29:27.000,-0.6488040879881751,0.1584943679633355,0.9178963926603778
741036587.0,2023-06-26T07:29:47.000,-0.9933572002962521,-0.17154450590028958,0.503033970944422
741036607.0,2023-06-26T07:30:07.000,-0.49608663570399614,-0.06483833393522431,0.2724772953599519
741036627.0,2023-06-26T07:30:27.000,0.3061392557124343,-0.5036698555227481,1.542268088572385
741036647.0,2023-06-26T07:30:47.000,-0.5987495546699861,-0.8849847553782375,-0.09983355715448283
741036667.0,2023-06-26T07:31:07.000,-0.4610990145370586,-0.5262012083728784,1.5413162745447906
741036687.0,2023-06-26T07:31:27.000,-0.7521257665676906,0.8664651326761863,0.4565353361019042
741036707.0,2023-06-26T07:31:47.000,-1.4929966945076423,-0.6063726833649419,0.4959146705285633
741036727.0,2023-06-26T07:32:07.000,-1.5261443426339838,0.13265164743314628,0.0674108518339267
741036747.0,2023-06-26T07:32:27.000,-1.1051223735458748,-0.4173348429836743,0.7248020341910077
741036767.0,2023-06-26T07:32:47.000,-0.9438086981616856,-0.48567502769492066,0.6306981767179032
741036787.0,2023-06-26T07:33:07.000,-1.022792353710944,-1.6716835721686252,0.580892338697403
741036807.0,2023-06-26T07:33:27.000,-1.7724023764986718,-0.9997433776498532,0.09636867903672908
741036827.0,2023-06-26T07:33:47.000,-0.21862080662460315,-0.3861013181838402,-0.17369343380257973
741036847.0,2023-06-26T07:34:07.000,-0.27635072123999294,-1.9927493427718268,1.7834715842823812
741036867.0,2023-06-26T07:34:27.000,-1.3662409580006418,-1.1566925666284256,1.7221541458889433
741036887.0,2023-06-26T07:34:47.000,-0.5212395221443344,-0.3826173884391437,0.6924176988776232
741036907.0,2023-06-26T07:35:07.000,-1.4100877197886774,-0.658041991896674,1.428519182178345
741036927.0,2023-06-26T07:35:27.000,-0.8703614268301685,1.0064565655554247,1.2426973915236061
741036947.0,2023-06-26T07:35:47.000,-0.8709647954852073,-0.8441470636499915,0.44316638125874164
741036967.0,2023-06-26T07:36:07.000,-2.1348112774211003,0.20361753779729597,1.1503216457375842
741036987.0,2023-06-26T07:36:27.000,0.6587665967061618,-0.10681402062839851,-0.0902662610990923
741037007.0,2023-06-26T07:36:47.000,-1.5850698171004929,-0.190975720504305,1.329373216640839
741037027.0,2023-06-26T07:37:07.000,0.22910551402688384,-0.3610202260806439,1.5458375164922877
741037047.0,2023-06-26T07:37:27.000,-1.295483442453893,-0.7302975098988362,1.4655501596294584
741037067.0,2023-06-26T07:37:47.000,-0.7474413844188454,-0.6259729797175595,-1.3827474419803032
741037087.0,2023-06-26T07:38:07.000,-1.0694890738349727,-1.236729252374058,1.0430444182030207
741037107.0,2023-06-26T07:38:27.000,-1.3024901965308366,0.5401102698754379,-0.48949948651122455
741037127.0,2023-06-26T07:38:47.000,-0.8441037906314897,-0.4897075388865524,0.5340018674582225
741037147.0,2023-06-26T07:39:07.000,-1.1954637733069262,0.03837700820463752,1.1794985087298926
741037167.0,2023-06-26T07:39:27.000,-1.525565902404935,2.0377767265600255,-0.5290742911112645
741037187.0,2023-06-26T07:39:47.000,-1.7455877129091135,-0.7283716376371707,1.782456567578361
741037207.0,2023-06-26T07:40:07.000,-0.8854086588239163,-1.2768812145624864,0.9350469064695055
741037227.0,2023-06-26T07:40:27.000,-1.3765012372934926,-0.5572911343065812,0.5920063199327252
741037247.0,2023-06-26T07:40:47.000,-0.7558903139415207,-0.724317685363296,-0.5171771233269951
741037267.0,2023-06-26T07:41:07.000,-1.8642784644029575,-0.6713120353274427,1.6537084392531654
741037287.0,2023-06-26T07:41:27.000,-0.959565022540243,0.5901640065975045,-0.03561599798418413
741037307.0,2023-06-26T07:41:47.000,-0.6345445565991703,-1.6184250901107866,2.264001936425064
741037327.0,2023-06-26T07:42:07.000,-1.5429101972386228,0.7772556922081009,0.33674907335967674
741037347.0,2023-06-26T07:42:27.000,-1.4355240759100774,-1.5209236601476661,-0.027679116998413633
741037367.0,2023-06-26T07:42:47.000,-0.290902219046707,-0.5136666162752768,0.5302451256072871
741037387.0,2023-06-26T07:43:07.000,-0.25600731711206137,-0.3477186133360455,-0.09571361286875302
741037407.0,2023-06-26T07:43:27.000,-1.3530941124217932,-0.7722690175016034,1.5926209809613567
741037427.0,2023-06-26T07:43:47.000,-1.0486632439077326,0.3258622443547132,1.3963267932903811
741037447.0,2023-06-26T07:44:07.000,-1.467312798197895,-0.10164647836763407,1.2178986898980781
741037467.0,2023-06-26T07:44:27.000,-0.23489557875455702,0.3622269465042294,-0.06589613924523618
741037487.0,2023-06-26T07:44:47.000,-0.5210300960345471,-1.3209659976198829,1.383847024805096
741037507.0,2023-06-26T07:45:07.000,-1.0568797029208987,0.9896946286835906,1.0065769436962135
741037527.0,2023-06-26T07:45:27.000,-0.16136761853413617,-0.9779905175033576,0.09267046333638618
741037547.0,2023-06-26T07:45:47.000,-1.6842709816500268,-0.44732203264841175,0.31959434292350153
741037567.0,2023-06-26T07:46:07.000,-1.2768010829944387,-0.26742831835679937,0.18818934041098245
741037587.0,2023-06-26T07:46:27.000,-0.4128011688808719,-0.6957031371990219,-2.522343034072616
741037607.0,2023-06-26T07:46:47.000,-1.350153990109515,0.15846097850547025,0.9298088168741003
741037627.0,2023-06-26T07:47:07.000,-1.2365012490245242,-1.6116078685235458,0.7002336486983118
741037647.0,2023-06-26T07:47:27.000,-1.8971747840046405,0.32056917274037033,1.1658593394359151
741037667.0,2023-06-26T07:47:47.000,-0.26000614468113525,-0.4036968576426325,1.1933810747266627
741037687.0,2023-06-26T07:48:07.000,-1.6619558677599677,1.604620449413563,0.6966268753183513
741037707.0,2023-06-26T07:48:27.000,-0.3212697463061964,-0.5343035348492897,1.8846112978865293
741037727.0,2023-06-26T07:48:47.000,-3.0823172382121733,1.047598803105565,0.4747947209060577
741037747.0,2023-06-26T07:49:07.000,-0.464227621077562,-0.7859567027534986,0.5569234660107725
741037767.0,2023-06-26T07:49:27.000,-1.1812260039434364,-0.9143213258178129,-0.14738203018005436
741037787.0,2023-06-26T07:49:47.000,-1.881373518175522,0.5875176989245112,0.774170752571024
741037807.0,2023-06-26T07:50:07.000,-0.7402179740489956,-0.18680581485019943,0.14146847953089292
741037827.0,2023-06-26T07:50:27.000,-0.34641110416844256,-0.4325122107129431,0.5091191340178547
741037847.0,2023-06-26T07:50:47.000,-1.7945062886659535,-0.38747562005614355,-0.5591312397079662
741037867.0,2023-06-26T07:51:07.000,-0.86396738963046,-1.2971533644878797,1.9294801476554824
741037887.0,2023-06-26T07:51:27.000,0.37281382204712443,-0.014035182782645705,-0.7401324943590026
741037907.0,2023-06-26T07:51:47.000,-1.566777055128643,-0.3518854512107872,-0.5049736239826075
741037927.0,2023-06-26T07:52:07.000,-0.4608422573548765,-1.1574720084728263,-0.8736587779556437
741037947.0,2023-06-26T07:52:27.000,-0.9733367548947491,-0.32721095259979904,0.6077677051630204
741037967.0,2023-06-26T07:52:47.000,-1.051898954307351,-0.4444646066525948,1.7953813828297527
741037987.0,2023-06-26T07:53:07.000,-0.8502956987177512,-1.2758036422977348,1.4360587498485344
741038007.0,2023-06-26T07:53:27.000,0.05216773506511174,-0.4618984783988367,0.5511332202279284
741038027.0,2023-06-26T07:53:47.000,-0.02592224035424806,-0.8219782110296947,0.4491316876409357
741038047.0,2023-06-26T07:54:07.000,-1.2515245919941798,-0.31995095552961317,-0.3707902791139084
741038067.0,2023-06-26T07:54:27.000,-0.4390461335823659,-1.3004791377779767,0.5868603110137371
741038087.0,2023-06-26T07:54:47.000,-1.9266071656698358,0.3325749872828965,-0.5714312408255928
741038107.0,2023-06-26T07:55:07.000,-0.5364463482759874,-1.1017248046862882,0.35333637695700304
741038127.0,2023-06-26T07:55:27.000,-0.8222099496579816,-0.8476721917727303,0.26571443555445384
741038147.0,2023-06-26T07:55:47.000,-0.3713966375107347,-1.0073334576476967,1.4400423508309501
741038167.0,2023-06-26T07:56:07.000,-2.2226407168424167,-0.17483114562732993,-0.002348510319549746
741038187.0,2023-06-26T07:56:27.000,-1.4537265220271323,-0.7456526533888841,0.7686607435886117
741038207.0,2023-06-26T07:56:47.000,-2.6370306308920455,-0.9814109824812789,0.2792220651692823
741038227.0,2023-06-26T07:57:07.000,-1.5366300236241415,0.8021383211320732,0.43083438290292264
741038247.0,2023-06-26T07:57:27.000,-0.1399977129556973,0.2962159657560193,0.7500012309868964
741038267.0,2023-06-26T07:57:47.000,-1.1109703873857235,0.5349426187017947,1.3383917713771787
741038287.0,2023-06-26T07:58:07.000,-1.2379642522430956,-0.7825085127532994,0.2195267779891985
741038307.0,2023-06-26T07:58:27.000,-1.9443941055907743,-0.4397484541174279,1.1243662983329017
741038327.0,2023-06-26T07:58:47.000,-2.6494819923006396,-0.5924404117951809,0.4717957213906665
741038347.0,2023-06-26T07:59:07.000,-1.571862006521929,-1.5031340416693517,-0.45780724781119275
741038367.0,2023-06-26T07:59:27.000,-0.23999814312558598,0.05627768228100294,0.6896855846760808
741038387.0,2023-06-26T07:59:47.000,-1.4405276588580485,-0.6990183138322337,0.49185533645967894
741038407.0,2023-06-26T08:00:07.000,-1.5120795777145979,0.33033598932918906,0.34046993308001205
741038427.0,2023-06-26T08:00:27.000,-1.2814690886098212,0.09625425143600097,0.7728495048930917
741038447.0,2023-06-26T08:00:47.000,-2.1838406302321367,-0.43754874856638537,0.3061026189188354
741038467.0,2023-06-26T08:01:07.000,-1.2602872378031371,0.8233572602045491,0.9490056728456153
741038487.0,2023-06-26T08:01:27.000,-1.082473371039061,1.1600880591489116,0.3495855312229956
741038507.0,2023-06-26T08:01:47.000,-0.4157119880665583,0.740065244286825,0.5120502244548852
741038527.0,2023-06-26T08:02:07.000,0.3438070561911921,0.8948450823997867,0.7349194054317998
741038547.0,2023-06-26T08:02:27.000,-1.5732944006585647,-0.30657084311158656,0.7984614853961958
741038567.0,2023-06-26T08:02:47.000,-0.1752220252226877,-0.09880360196667937,-0.3285496111171682
741038587.0,2023-06-26T08:03:07.000,-0.3906386884633406,-0.34862316660166925,0.6623647791248466
741038607.0,2023-06-26T08:03:27.000,-0.712090859844583,-0.7246425073326179,0.2736030526140354
741038627.0,2023-06-26T08:03:47.000,-1.348344871887619,-0.6651672449176083,0.22550605669469093
741038647.0,2023-06-26T08:04:07.000,-0.7957327490926147,0.2844641669885739,1.1489054953073286
741038667.0,2023-06-26T08:04:27.000,-0.230826609159962,0.2933754032041769,-0.6806186319874286
741038687.0,2023-06-26T08:04:47.000,-3.898127576629218,0.17536966632203388,0.3922628319164012
741038707.0,2023-06-26T08:05:07.000,-1.2191893385526953,0.5819662479922272,0.262312833654299
741038727.0,2023-06-26T08:05:27.000,-1.6961616809418878,-0.42957542156774053,1.0125868442067976
741038747.0,2023-06-26T08:05:47.000,-0.22441889376834112,-0.7178760199955114,0.39185086225801413
741038767.0,2023-06-26T08:06:07.000,-2.1307736984166326,-0.4233075097448413,0.8972266624995839
741038787.0,2023-06-26T08:06:27.000,-0.5924902155562961,-0.8830021173911184,0.6173183125679493
741038807.0,2023-06-26T08:06:47.000,-1.2181451211401573,-0.010862252730614586,0.36653602333291957
741038827.0,2023-06-26T08:07:07.000,-0.44164192826157134,-0.32297542513770594,-0.4994039266792427
741038847.0,2023-06-26T08:07:27.000,-1.3498530906708162,-0.09000926377566998,-0.1746477947262015
741038867.0,2023-06-26T08:07:47.000,0.40586757854566,0.09791521869972897,-0.36183635511166656
741038887.0,2023-06-26T08:08:07.000,-0.3648515318865897,0.6902826524712857,1.0154691976627106
741038907.0,2023-06-26T08:08:27.000,-2.0281901321417273,0.3859777734427361,0.5385221456100098
741038927.0,2023-06-26T08:08:47.000,-0.9250740389710188,0.6951781524100475,-0.3701601173911051
741038947.0,2023-06-26T08:09:07.000,-0.7741847024456128,0.05708299769535685,-1.1347424771490644
741038967.0,2023-06-26T08:09:27.000,-2.087719320353898,0.15603473876302232,0.9771707226047255
741038987.0,2023-06-26T08:09:47.000,-1.9387559133776655,0.1316024932029869,-1.7635714952057846
741039007.0,2023-06-26T08:10:07.000,-1.1983560204820165,0.7074443451382528,0.749391464616167
741039027.0,2023-06-26T08:10:27.000,-1.9524134129755844,-0.11974146917337336,0.18468864304566068
741039047.0,2023-06-26T08:10:47.000,-1.1261408621621172,0.37610612141358857,0.7816842017671632
741039067.0,2023-06-26T08:11:07.000,-1.673572065896689,0.457113739493753,1.0029106506603824
741039087.0,2023-06-26T08:11:27.000,-1.180926663491011,0.9460872048117075,1.240985406103512
741039107.0,2023-06-26T08:11:47.000,-1.3731278116879686,-0.12072517445727016,1.0072980680231325
741039127.0,2023-06-26T08:12:07.000,-0.1343920669749643,0.533699747562455,-0.838271016001535
741039147.0,2023-06-26T08:12:27.000,-0.6460306713584885,0.02984172385867012,-1.2414493268719795
741039167.0,2023-06-26T08:12:47.000,-2.4426406912803067,0.9563816405822045,1.7669101777029184
741039187.0,2023-06-26T08:13:07.000,-0.21328907277018416,-0.7617875230625515,-0.8550099351189999
741039207.0,2023-06-26T08:13:27.000,-1.0390697067763632,0.07163428230594349,1.3102549878407643
741039227.0,2023-06-26T08:13:47.000,-1.4243237178357404,-0.12918305968279142,1.3827738146177104
741039247.0,2023-06-26T08:14:07.000,-0.7395170197543877,0.5699589186947129,-0.3545250176095749
741039267.0,2023-06-26T08:14:27.000,-1.053528340533294,-0.17897891781970543,0.9838583349686125
741039287.0,2023-06-26T08:14:47.000,-2.4723398401538255,0.7954291388223567,1.3401238687094086
741039307.0,2023-06-26T08:15:07.000,-0.6449027207922065,0.5681445228611359,1.8620250450518405
741039327.0,2023-06-26T08:15:27.000,-0.8653360193733306,1.0892394498029923,0.18101003402826166
741039347.0,2023-06-26T08:15:47.000,-0.6906706966347542,-0.056231282130614346,-0.6991234483333386
741039367.0,2023-06-26T08:16:07.000,-0.9438605774625408,-1.1942032236089695,1.6119573061690318
741039387.0,2023-06-26T08:16:27.000,-1.039393395785293,-0.49933318303496677,0.03477568616405691
741039407.0,2023-06-26T08:16:47.000,-2.2083560722752082,-0.6622317261895105,0.7653644294669526
741039427.0,2023-06-26T08:17:07.000,-1.868599972953966,0.568257265110006,-0.5684892055768387
741039447.0,2023-06-26T08:17:27.000,-0.6519018641237828,0.03897589201384832,0.6329966296458878
741039467.0,2023-06-26T08:17:47.000,-1.7209499999726319,1.5379562939843439,-0.8663901184147171
741039487.0,2023-06-26T08:18:07.000,-2.4055896772234853,0.5272008463785838,0.8986853909709325
741039507.0,2023-06-26T08:18:27.000,-1.0557127185784054,-0.30908476738034096,-0.2686048616196146
741039527.0,2023-06-26T08:18:47.000,-0.41579691140158914,-0.39555886999220746,-0.3827115971133388
741039547.0,2023-06-26T08:19:07.000,-0.005793300739131979,-0.13325351998494384,0.21673688433976324
741039567.0,2023-06-26T08:19:27.000,-0.6478411944232931,1.3893058893987842,0.30069370533514217
741039587.0,2023-06-26T08:19:47.000,-1.6117109308155797,-0.20619150097322958,-0.2215159659368915
741039607.0,2023-06-26T08:20:07.000,-1.809399409635759,0.9707660941438156,-0.3845140232217048
741039627.0,2023-06-26T08:20:27.000,-1.877124869575919,-0.20940946410252792,0.3697588211282188
741039647.0,2023-06-26T08:20:47.000,-1.0276737404724123,0.7807264108872225,1.5607451150478902
741039667.0,2023-06-26T08:21:07.000,-1.2610629788412098,0.17218641918947952,-0.80907313588785
741039687.0,2023-06-26T08:21:27.000,-0.9243714017226345,-0.49474864525222984,-0.04860894257108228
741039707.0,2023-06-26T08:21:47.000,-0.20878239300747836,-1.2326451196753574,0.9227696982527789
741039727.0,2023-06-26T08:22:07.000,-0.5154459257084021,0.8032670807844866,0.554339967595574
741039747.0,2023-06-26T08:22:27.000,-0.5922870933705582,0.14074855441137402,-0.27596466225521255
741039767.0,2023-06-26T08:22:47.000,-2.373218273765687,1.4020475465614801,0.4906996350917403
741039787.0,2023-06-26T08:23:07.000,-2.1589975977009956,-0.1906692315700731,0.17145357550374385
741039807.0,2023-06-26T08:23:27.000,-0.5113437166026635,0.10368926550707869,0.015003330910978718
741039827.0,2023-06-26T08:23:47.000,-1.2003590779352535,-0.37124426096601937,-0.42134115852965337
741039847.0,2023-06-26T08:24:07.000,-1.5497743693693167,-0.3510741225065672,-1.030451122097098
741039867.0,2023-06-26T08:24:27.000,-1.6077828792648852,0.26139149551518415,0.5790003160921486
741039887.0,2023-06-26T08:24:47.000,-0.050002824447670235,0.5412790877512563,-0.607198205082593
741039907.0,2023-06-26T08:25:07.000,-0.43316164395346135,-0.2377444985879329,0.07785846710683941
741039927.0,2023-06-26T08:25:27.000,-1.691122941049894,0.2961767017972683,-0.031656873689112075
741039947.0,2023-06-26T08:25:47.000,-1.3123075907617299,0.584807790660058,0.6384253642743865
741039967.0,2023-06-26T08:26:07.000,-0.5813752718242249,-0.5681061584161817,0.2806316476866577
741039987.0,2023-06-26T08:26:27.000,-2.379814304220851,1.6809540297701986,0.3886135689912251
741040007.0,2023-06-26T08:26:47.000,-0.10076178031948047,-0.16291848417004928,0.5307013039690389
741040027.0,2023-06-26T08:27:07.000,-0.6539248619263915,0.8559619477210845,0.11700928169711133
741040047.0,2023-06-26T08:27:27.000,-1.6539709185248164,0.6806014938964822,0.04937650108782776
741040067.0,2023-06-26T08:27:47.000,-0.7141734564397595,0.0731399745101946,0.549591487386536
741040087.0,2023-06-26T08:28:07.000,-0.0997984532680185,0.1837150564010237,0.009443968240763212
741040107.0,2023-06-26T08:28:27.000,-0.557079949903283,-0.09848263807787916,0.7012201625022918
741040127.0,2023-06-26T08:28:47.000,-1.0055111663298533,1.3594995998289505,0.338945069511265
741040147.0,2023-06-26T08:29:07.000,-1.269431339379068,-0.6707972188046973,-1.462482592096137
741040167.0,2023-06-26T08:29:27.000,-0.4367885132916527,0.0019811790874513235,0.2653587548695491
741040187.0,2023-06-26T08:29:47.000,0.002127657516837189,-0.09883944362965025,-0.07221797839740418
741040207.0,2023-06-26T08:30:07.000,-1.5894192802234919,0.9324537410870803,0.9132208296236399
741040227.0,2023-06-26T08:30:27.000,-1.8362262883875324,0.4054122146990302,-0.2223988212590733
741040247.0,2023-06-26T08:30:47.000,-0.6374117337282215,-0.46964578799268963,0.40517235486703385
741040267.0,2023-06-26T08:31:07.000,-1.4670726654841815,0.7690869644805254,-0.7870144077770647
741040287.0,2023-06-26T08:31:27.000,0.479401976916094,0.29999341850661665,0.11804602891851701
741040307.0,2023-06-26T08:31:47.000,-1.1552100392941966,-0.7518533377548486,0.4464070973542178
741040327.0,2023-06-26T08:32:07.000,-2.136720544732018,0.43711723687334114,0.7843389543515933
741040347.0,2023-06-26T08:32:27.000,-0.2232901869070325,0.22235848622376153,0.4006320791782869
741040367.0,2023-06-26T08:32:47.000,-1.2927619718716699,0.22803742251165104,0.24477594804395153
741040387.0,2023-06-26T08:33:07.000,-0.29051038488159264,-0.4229512535203206,0.043317232767403624
741040407.0,2023-06-26T08:33:27.000,-1.4602852893563778,0.12936312527855875,-0.7741741707700811
741040427.0,2023-06-26T08:33:47.000,-0.3529101925359157,1.6532933729385135,-0.03359957562176774
741040447.0,2023-06-26T08:34:07.000,-0.3291170692643064,-0.4154684373536277,0.9834454401502768
741040467.0,2023-06-26T08:34:27.000,-0.2960397951112803,-0.09643792191482703,0.2180005199692303
741040487.0,2023-06-26T08:34:47.000,0.23855258112215338,0.5336626417107304,-0.2907910179317241
741040507.0,2023-06-26T08:35:07.000,-0.777811191188249,0.4577855946985565,0.3473222640160145
741040527.0,2023-06-26T08:35:27.000,-0.7824244767085098,0.41616072035122187,0.7564750856059455
741040547.0,2023-06-26T08:35:47.000,-0.5945393004247457,0.23903689008175633,-0.42547765041200947
741040567.0,2023-06-26T08:36:07.000,-0.9855576360351392,-0.13370437267345991,-0.0612486867224149
741040587.0,2023-06-26T08:36:27.000,-0.5940295578432675,0.6739614584083675,-0.626929998215342
741040607.0,2023-06-26T08:36:47.000,-1.1439250815259427,0.7104601639662533,0.6527514014975644
741040627.0,2023-06-26T08:37:07.000,-0.9964297143394418,1.11595359693073,0.02501053014691834
741040647.0,2023-06-26T08:37:27.000,-0.7953252810000144,0.0016426730975460657,-0.44118719187968836
741040667.0,2023-06-26T08:37:47.000,-1.4931373032989192,-0.24462221258625405,-0.8521915469961172
741040687.0,2023-06-26T08:38:07.000,-1.9748213073489396,-0.026948137787918824,-0.6821486426389356
741040707.0,2023-06-26T08:38:27.000,0.8988573985124759,-0.5393415260734891,-0.05365668123147316
741040727.0,2023-06-26T08:38:47.000,-1.634450617982175,0.3091022918622066,0.856040433139249
741040747.0,2023-06-26T08:39:07.000,-2.6623019517613145,0.5196433749632412,-0.12835482396944542
741040767.0,2023-06-26T08:39:27.000,0.4585610342777713,0.9195308001364033,0.8586717019753998
741040787.0,2023-06-26T08:39:47.000,-1.2417894307170663,0.3467260088707569,-1.7385569346495267
741040807.0,2023-06-26T08:40:07.000,-0.41858459791654923,0.778465019379837,-0.42936547184346807
741040827.0,2023-06-26T08:40:27.000,-0.35325837818289685,0.5646428033134754,-0.8887471074747744
741040847.0,2023-06-26T08:40:47.000,-0.6807932165675545,0.6487781177288987,-0.4323694656971355
741040867.0,2023-06-26T08:41:07.000,-0.039116923600257536,-0.5907684495598531,-1.294626563386192
741040887.0,2023-06-26T08:41:27.000,-1.6233704950296968,1.3869211019978955,-0.16574199089847141
741040907.0,2023-06-26T08:41:47.000,-1.162467889048724,1.0838801297485823,-0.23359653298360428
741040927.0,2023-06-26T08:42:07.000,-1.1129847079960342,0.7231677761621036,1.0901411368613445
741040947.0,2023-06-26T08:42:27.000,-1.4927484572435645,0.18038701788958278,-0.4926015345629864
741040967.0,2023-06-26T08:42:47.000,-0.11751456967523666,0.7473223065046497,-0.7750844430609583
741040987.0,2023-06-26T08:43:07.000,-3.1780105940182324,0.3750569542604332,0.021131279626107613
741041007.0,2023-06-26T08:43:27.000,-0.19555085237765724,0.3891887543239214,-1.5413428036237242
741041027.0,2023-06-26T08:43:47.000,-0.6072645338917049,0.9317354900950647,-0.46686132206819053
741041047.0,2023-06-26T08:44:07.000,0.15116229851175333,-0.24231033806110247,-0.02648605328392506
741041067.0,2023-06-26T08:44:27.000,0.19514817248822425,-0.1149635571406904,0.452896435854111
741041087.0,2023-06-26T08:44:47.000,-0.2665486477870793,0.43756616759926814,0.031895280516724966
741041107.0,2023-06-26T08:45:07.000,-1.2505204393331582,0.8878584895621877,0.6359714034065433
741041127.0,2023-06-26T08:45:27.000,0.3722627960556224,1.2865695220187767,0.027634115928876213
741041147.0,2023-06-26T08:45:47.000,-0.2794559793239948,1.1611995767268901,-1.1410115565380075
741041167.0,2023-06-26T08:46:07.000,-1.5928378828578005,0.125344709012154,0.08706411092074262
741041187.0,2023-06-26T08:46:27.000,-1.4313056587611506,0.8539852410560655,1.450381575573978
741041207.0,2023-06-26T08:46:47.000,-0.6084826133956334,0.7754493890343994,0.17496519886250894
741041227.0,2023-06-26T08:47:07.000,-1.0910877668690588,0.4124027652374629,-0.23850684151005552
741041247.0,2023-06-26T08:47:27.000,-0.08744295197926633,1.6815585695550972,0.18000303564358333
741041267.0,2023-06-26T08:47:47.000,-0.9198761207085404,1.8919437882014556,-1.412947890488958
741041287.0,2023-06-26T08:48:07.000,-0.5458943150848938,-0.4672248921422373,-0.8759555454651569
741041307.0,2023-06-26T08:48:27.000,-0.2649555134626169,0.6554686341697646,0.7690516065972375
741041327.0,2023-06-26T08:48:47.000,-0.8437235093916584,0.9081687590284382,0.2730155059693651
741041347.0,2023-06-26T08:49:07.000,-1.526685422081897,1.4891628915325583,-0.28021631891528287
741041367.0,2023-06-26T08:49:27.000,0.16744429889303802,0.5011202058646802,-0.8746377816337692
741041387.0,2023-06-26T08:49:47.000,-1.2673776468963283,0.5352203663266941,-2.076373023085498
741041407.0,2023-06-26T08:50:07.000,-1.2587086225646082,0.7462814776482141,-1.6598147858482015
741041427.0,2023-06-26T08:50:27.000,0.17702721255563603,-1.1207544010183312,-0.2635714124954447
741041447.0,2023-06-26T08:50:47.000,-1.9224171181941863,1.1603283665229114,-0.16292971282139135
741041467.0,2023-06-26T08:51:07.000,-1.2473480737629217,-0.11422550908468665,0.2392602865497473
741041487.0,2023-06-26T08:51:27.000,-0.5840195447581742,0.5049235765497428,-1.1035157362226933
741041507.0,2023-06-26T08:51:47.000,-1.1454560182033724,0.7682912045225976,-1.8919317060661633
741041527.0,2023-06-26T08:52:07.000,0.8908836781951202,0.32214941334540725,0.18208087024795816
741041547.0,2023-06-26T08:52:27.000,-1.0527502683932433,-0.7822307106386539,0.2820212202769845
741041567.0,2023-06-26T08:52:47.000,-1.286840819003654,0.6263443548149006,-0.3899982366384336
741041587.0,2023-06-26T08:53:07.000,-1.1395282081605451,0.5726517427251387,-0.68946896355504
741041607.0,2023-06-26T08:53:27.000,-0.3036428983582695,1.6569675108990545,-0.7642884756742241
741041627.0,2023-06-26T08:53:47.000,-1.3339403873491307,-0.5465464527953934,-0.2986856864173326
741041647.0,2023-06-26T08:54:07.000,1.264336835959945,0.7813055220462495,-0.9168564193529072
741041667.0,2023-06-26T08:54:27.000,-0.6654303609465728,2.3210367125603426,-0.25583854468269607
741041687.0,2023-06-26T08:54:47.000,-1.0947409806338904,1.2451685235559395,-0.5204642397060866
741041707.0,2023-06-26T08:55:07.000,-1.4168231351474603,0.09792634916294674,-1.6463007295741683
741041727.0,2023-06-26T08:55:27.000,-0.8538753052622639,2.333667266463113,-1.0217937623346884
741041747.0,2023-06-26T08:55:47.000,0.06196153889970191,0.7984973907082527,-0.31732199584633136
741041767.0,2023-06-26T08:56:07.000,-0.12094147523455945,-0.18204785442454963,-1.0792014343841139
741041787.0,2023-06-26T08:56:27.000,-2.312528042991424,1.1167009998036548,0.10267632820637473
741041807.0,2023-06-26T08:56:47.000,-1.646798116172743,1.5945636724690182,-0.6957224895187686
741041827.0,2023-06-26T08:57:07.000,-0.931038990470423,1.4734176029596036,-1.7163676745868273
741041847.0,2023-06-26T08:57:27.000,-1.1418972309718,0.7028110687756772,0.39043598207832986
741041867.0,2023-06-26T08:57:47.000,-1.238501941902559,0.010996766730553276,-1.368818681268813
741041887.0,2023-06-26T08:58:07.000,-1.092592276119575,1.3663835630284282,-1.318407379335973
741041907.0,2023-06-26T08:58:27.000,-0.3800355010352696,0.24942961786011963,-1.0855567391332421
741041927.0,2023-06-26T08:58:47.000,-0.4859270890000822,0.8075096575410612,-1.4867079999092425
741041947.0,2023-06-26T08:59:07.000,-0.8168114696616158,0.761911998159448,-0.8184755843743119
741041967.0,2023-06-26T08:59:27.000,-0.1067691432266038,-0.1589483882180609,-1.332782318674841
741041987.0,2023-06-26T08:59:47.000,-0.4260246538878576,0.24345436290262867,-0.5104315953907701
741042007.0,2023-06-26T09:00:07.000,-2.5983963644393704,1.5936162727769876,-1.0523444982091235
741042027.0,2023-06-26T09:00:27.000,0.20226272470225126,0.06600827577862844,-1.6844801207893667
741042047.0,2023-06-26T09:00:47.000,-1.8269595721265297,0.5593435328576923,-1.0701107161059653
741042067.0,2023-06-26T09:01:07.000,-0.11969066777695048,-0.27395724369050356,0.6430830271630938
741042087.0,2023-06-26T09:01:27.000,0.24611196404178415,-0.46006623970473726,1.341936336485272
741042107.0,2023-06-26T09:01:47.000,0.30050957722238536,-0.77379686455048,-1.512272492198985
741042127.0,2023-06-26T09:02:07.000,-1.5342092332892854,1.4824456694539911,-1.6752863268632012
741042147.0,2023-06-26T09:02:27.000,-1.4705405511628022,2.0106864476732156,-0.5819648831839608
741042167.0,2023-06-26T09:02:47.000,-1.282778749256419,0.7618585646351761,-0.5156432354769258
741042187.0,2023-06-26T09:03:07.000,-2.4136276441821813,0.3062852562907281,-0.9226781766957792
741042207.0,2023-06-26T09:03:27.000,-1.2737171235399636,-0.200097132763144,-0.8235614638585353
741042227.0,2023-06-26T09:03:47.000,-0.23176322121454263,0.9653670788090096,-1.004403737348003
741042247.0,2023-06-26T09:04:07.000,0.10096924606406432,0.12784777793095614,-0.8102528264330999
741042267.0,2023-06-26T09:04:27.000,-1.1114742939355438,0.7106673009071862,-0.7158444147115084
741042287.0,2023-06-26T09:04:47.000,-1.1617341715952634,-0.633492604273922,-1.0000585180303112
741042307.0,2023-06-26T09:05:07.000,-0.5556212130053417,1.0706183722564155,-0.8887544458713315
741042327.0,2023-06-26T09:05:27.000,0.4072146577938085,0.31997268321593,-1.6627884867670417
741042347.0,2023-06-26T09:05:47.000,-0.8691043341002569,-0.3295951875093017,0.44226603499453176
741042367.0,2023-06-26T09:06:07.000,-0.41183402308409,1.2696200126560697,-0.7676422042690589
741042387.0,2023-06-26T09:06:27.000,0.6060029031251801,0.46273940932373137,1.0659900971932146
741042407.0,2023-06-26T09:06:47.000,-0.1258582812635467,1.7596332681946159,-0.5327451892633839
741042427.0,2023-06-26T09:07:07.000,-0.9001387775486869,0.30514032530737367,0.23865690663704697
741042447.0,2023-06-26T09:07:27.000,-1.4755771595931222,0.7017042035761811,-0.44291922299821707
741042467.0,2023-06-26T09:07:47.000,-1.5454494231015303,0.17201280027023813,-1.2430712503008756
741042487.0,2023-06-26T09:08:07.000,-0.6072046503935447,-0.22869458843333135,-0.2932130225619112
741042507.0,2023-06-26T09:08:27.000,-0.3119898670411736,-0.12506421032121295,1.0015284265918467
741042527.0,2023-06-26T09:08:47.000,0.5818830434489719,1.4800917851331974,-1.1975393105490006
741042547.0,2023-06-26T09:09:07.000,-0.8497923186800982,0.5367127910105296,-1.2666434157204698
741042567.0,2023-06-26T09:09:27.000,-0.3716201044223766,0.8481829691264764,0.35581987759547573
741042587.0,2023-06-26T09:09:47.000,0.3515311712720681,0.39253329753297095,-1.3966151130917481
741042607.0,2023-06-26T09:10:07.000,-1.2750146520579264,0.6203719625674786,-2.1106178383689667
741042627.0,2023-06-26T09:10:27.000,-0.7411710876703559,1.7537712944881712,0.03156223985500972
741042647.0,2023-06-26T09:10:47.000,-0.015162728006501425,0.4361542903508209,-1.994082547585041
741042667.0,2023-06-26T09:11:07.000,0.2191221435299262,1.7124674330903922,-1.070061024688318
741042687.0,2023-06-26T09:11:27.000,-1.195077130589084,0.3232633707717092,-0.194289877220033
741042707.0,2023-06-26T09:11:47.000,-0.24326398752050338,1.3907687599568064,-0.7098782499492806
741042727.0,2023-06-26T09:12:07.000,-1.130364075407897,1.2288779714486608,-1.2038343626619152
741042747.0,2023-06-26T09:12:27.000,-0.7139858260285514,0.9457566950588081,-0.49058463005291486
741042767.0,2023-06-26T09:12:47.000,-2.4395731515913788,-0.7443960349462486,-0.9072063118065188
741042787.0,2023-06-26T09:13:07.000,-2.0724900308244365,-0.2656487519958617,0.5028221174763203
741042807.0,2023-06-26T09:13:27.000,-1.706853343097503,0.5540786021995814,-0.9362383246669381
741042827.0,2023-06-26T09:13:47.000,1.1233031021351536,2.165018995847756,-0.35029753634452376
741042847.0,2023-06-26T09:14:07.000,-0.7814495069702332,2.017533716625053,0.6094734611328256
741042867.0,2023-06-26T09:14:27.000,-1.1300256266055797,0.0734458215578826,-0.792671079441476
741042887.0,2023-06-26T09:14:47.000,-0.26560419147392267,-0.4515800766324851,-1.908380612503091
741042907.0,2023-06-26T09:15:07.000,0.1126355857583583,0.020104274678356404,-0.712342253583742
741042927.0,2023-06-26T09:15:27.000,0.06737888803565184,0.24777897313921216,0.10118750357612782
741042947.0,2023-06-26T09:15:47.000,0.41199098106403653,-0.053848704895109734,-1.052252545730159
741042967.0,2023-06-26T09:16:07.000,-0.5184728227414226,0.13075044620336485,-0.5740565693801436
741042987.0,2023-06-26T09:16:27.000,0.40326391366196646,1.715635136922966,-1.098029761581465
741043007.0,2023-06-26T09:16:47.000,-0.953103600309646,0.6570904035885228,-0.6938383176335883
741043027.0,2023-06-26T09:17:07.000,-1.512843049267243,0.7777413785658993,0.31475492295873764
741043047.0,2023-06-26T09:17:27.000,-0.7303996394703027,0.5652440433379091,-1.001072410733439
741043067.0,2023-06-26T09:17:47.000,-0.9709296050819383,0.8345676073551189,-0.7077768486629665
741043087.0,2023-06-26T09:18:07.000,0.8820796655761853,-1.1024680560134392,-0.4910661209667211
741043107.0,2023-06-26T09:18:27.000,-0.26930917159662116,1.3944630849360706,-0.35924605913395524
741043127.0,2023-06-26T09:18:47.000,0.33489785871143596,1.0653657660730786,-1.7389501607345537
741043147.0,2023-06-26T09:19:07.000,-1.1847005427001456,1.8481518281765474,-0.9237130041195307
741043167.0,2023-06-26T09:19:27.000,-0.647658707764176,2.656743853246546,-0.5722105413830114
741043187.0,2023-06-26T09:19:47.000,-1.9735246348462354,0.8437344351186482,-0.5032540244531702
741043207.0,2023-06-26T09:20:07.000,-1.2375537660314073,1.4647365918163402,-1.867469834071489
741043227.0,2023-06-26T09:20:27.000,1.4055345843866363,1.550877384781657,-0.16589795297505816
741043247.0,2023-06-26T09:20:47.000,0.4792249479579347,-0.5379689728024495,-0.23375030254735307
741043267.0,2023-06-26T09:21:07.000,-1.682048300344352,1.5259748483154034,-0.1291524342805772
741043287.0,2023-06-26T09:21:27.000,-0.40118417284906727,-0.5546581846482823,-0.15427661488320865
741043307.0,2023-06-26T09:21:47.000,0.22532970292976628,1.0083279782469035,-0.568567674974485
741043327.0,2023-06-26T09:22:07.000,-1.549029617442521,1.651000366387212,-1.8978921925039138
741043347.0,2023-06-26T09:22:27.000,-1.3053792159545274,-1.5105559854289297,-1.4021334370895033
741043367.0,2023-06-26T09:22:47.000,0.25470213081968396,0.9855340176279093,-0.28946060341983326
741043387.0,2023-06-26T09:23:07.000,0.5204800830327372,0.028693786480182837,-1.029445061195844
741043407.0,2023-06-26T09:23:27.000,0.07211676722462812,0.49716569567870295,-0.9632169906681476
741043427.0,2023-06-26T09:23:47.000,-1.5007288235779903,0.2381625503478091,-0.6841390514766843
741043447.0,2023-06-26T09:24:07.000,-0.9896310442125689,0.19675806620655933,-1.4179917797285668
741043467.0,2023-06-26T09:24:27.000,-0.835706054225227,0.36098707713039246,-1.5416469091311669
741043487.0,2023-06-26T09:24:47.000,-0.3970847122114485,0.7834857918109783,-0.7212811121704021
741043507.0,2023-06-26T09:25:07.000,-1.2149404577055378,0.1390761433017751,-1.3928817871766697
741043527.0,2023-06-26T09:25:27.000,-0.21215849050904012,0.33452952258317126,-0.9052702743761465
741043547.0,2023-06-26T09:25:47.000,-0.44297712115115573,1.5550558122190417,-0.5038812435964601
741043567.0,2023-06-26T09:26:07.000,-1.379783666355383,-0.7034334301048162,-0.7527353204750398
741043587.0,2023-06-26T09:26:27.000,-0.12225607313176567,-0.499161407940818,1.0269348606484208
741043607.0,2023-06-26T09:26:47.000,-0.6616144226812004,-1.1229527769329728,-2.1559933255366204
741043627.0,2023-06-26T09:27:07.000,0.24510497175223023,0.2992289448555674,-0.5101201326018767
741043647.0,2023-06-26T09:27:27.000,-0.9038889309032072,-0.3185205994293838,-0.21112271960666007
741043667.0,2023-06-26T09:27:47.000,-0.4344557277935479,1.0264886403543727,-1.4774249211702006
741043687.0,2023-06-26T09:28:07.000,0.4148497524170125,1.2886070535289562,-0.7252667765023091
741043707.0,2023-06-26T09:28:27.000,-0.15716149814881675,1.479129711845495,-1.5659838384030067
741043727.0,2023-06-26T09:28:47.000,-0.30951167875326036,0.826225245853518,-1.7898798190585374
741043747.0,2023-06-26T09:29:07.000,-0.6254465392596664,0.9814859694645683,-1.4762841031634721
741043767.0,2023-06-26T09:29:27.000,-1.027970557110347,0.13412521240319109,-1.6948888894363634
741043787.0,2023-06-26T09:29:47.000,0.35602212451468773,0.3975149569512837,-0.6281411651154478
741043807.0,2023-06-26T09:30:07.000,-0.653788827109647,-0.5319761135269552,-2.2456177211749306
741043827.0,2023-06-26T09:30:27.000,0.08879544126649819,0.6791367007097371,-0.8936645862989145
741043847.0,2023-06-26T09:30:47.000,-0.45429353026094077,0.1528671309203311,-0.9199924265734793
741043867.0,2023-06-26T09:31:07.000,-1.195013948396273,1.0198962201779516,-1.0538548610439236
741043887.0,2023-06-26T09:31:27.000,-0.11406150867143694,0.46544368459411345,0.03790049167839982
741043907.0,2023-06-26T09:31:47.000,-1.2696749350893377,0.8330148621893407,-1.5321020051306533
741043927.0,2023-06-26T09:32:07.000,0.526657040078593,1.0227832454634544,-0.43770829973865943
741043947.0,2023-06-26T09:32:27.000,-0.3535090436712629,-0.2379626626081155,-1.7091989765183335
741043967.0,2023-06-26T09:32:47.000,-0.8480870835936294,0.2108696892100248,-0.33169788042908266
741043987.0,2023-06-26T09:33:07.000,-0.5855760655371078,-0.21027696067710266,0.6608789359097145
741044007.0,2023-06-26T09:33:27.000,-1.1722758768040187,0.4587579319093038,-1.962458362048114
741044027.0,2023-06-26T09:33:47.000,0.2727650582401431,-0.564189228169365,-2.647524568311077
741044047.0,2023-06-26T09:34:07.000,0.696111855458259,0.4179989641750481,-1.0081670841488588
741044067.0,2023-06-26T09:34:27.000,-1.0835941764542056,1.6814398268061304,-1.549465613581713
741044087.0,2023-06-26T09:34:47.000,-0.4356501865587781,0.5279513616618381,-1.3431386104989507
741044107.0,2023-06-26T09:35:07.000,-0.5257997823138183,-0.28832946327161935,-0.5069923055378567
741044127.0,2023-06-26T09:35:27.000,0.3147456859475817,-0.2834474079782545,-0.8917913731143479
741044147.0,2023-06-26T09:35:47.000,-1.0682066697853543,1.7339467437538225,-1.356560568743781
741044167.0,2023-06-26T09:36:07.000,0.5188374164966092,-0.35222311234317516,-0.6771776826619558
741044187.0,2023-06-26T09:36:27.000,-0.0734242491806647,0.8823016328873834,-0.4633156846178821
741044207.0,2023-06-26T09:36:47.000,0.6381284505474483,1.8522341949878118,-0.39419604537238584
741044227.0,2023-06-26T09:37:07.000,-0.7220076974623346,-0.14074953099685317,-0.9205499117981297
741044247.0,2023-06-26T09:37:27.000,-0.006694061671641549,1.0087668551816975,-0.8899612102597487
741044267.0,2023-06-26T09:37:47.000,1.3359389808731414,0.9233348768900029,-0.3314921492969525
741044287.0,2023-06-26T09:38:07.000,-0.30899177303478353,-0.19275123600559496,0.18738322377087613
741044307.0,2023-06-26T09:38:27.000,-0.576607757873937,1.5504120269960175,-1.4974931281663828
741044327.0,2023-06-26T09:38:47.000,-0.4783376224115621,1.5170731614611022,0.756289387648934
741044347.0,2023-06-26T09:39:07.000,-0.4732207916857689,-1.1278438123096812,-0.5348855803943842
741044367.0,2023-06-26T09:39:27.000,-0.29810030603982796,0.28026943852399455,-0.8659400605903755
741044387.0,2023-06-26T09:39:47.000,1.4330485928248926,0.35482080037452235,-1.2933863467901041
741044407.0,2023-06-26T09:40:07.000,-0.8777010362837068,0.3420274227172726,-1.8847682228262386
741044427.0,2023-06-26T09:40:27.000,1.3755160469974825,0.8511564792978987,-1.9464101951527368
741044447.0,2023-06-26T09:40:47.000,1.0434465546604876,-0.2562553515716992,-1.2923419133170633
741044467.0,2023-06-26T09:41:07.000,-1.5707575642176508,-0.1967412015968506,-0.9602099547478815
741044487.0,2023-06-26T09:41:27.000,-0.7649844624757485,0.9722532819500529,-1.1945520970391144
741044507.0,2023-06-26T09:41:47.000,-0.37610778804708644,-0.5659837712168603,-1.0294515636943835
741044527.0,2023-06-26T09:42:07.000,-0.4065182031998127,0.6249703095706494,-0.959867647598589
741044547.0,2023-06-26T09:42:27.000,0.19493063966313784,0.16165506636633964,-1.092075256925451
741044567.0,2023-06-26T09:42:47.000,0.41051140610148806,0.05064745762783929,-0.6853248427751701
741044587.0,2023-06-26T09:43:07.000,-0.7650061832342736,-1.180625632357657,-0.28602488757467626
741044607.0,2023-06-26T09:43:27.000,0.2914447605584236,-1.1276743338450856,-1.3891182678471559
741044627.0,2023-06-26T09:43:47.000,0.09271246920183884,-0.18915041573031033,-2.0169328454389124
741044647.0,2023-06-26T09:44:07.000,0.1326308511018226,0.09040281053751542,-0.8349597998003055
741044667.0,2023-06-26T09:44:27.000,1.0430614217349365,0.5177628554897673,-0.7024362063678957
741044687.0,2023-06-26T09:44:47.000,0.40265091780788964,1.3613508050513978,-0.6703195528312555
741044707.0,2023-06-26T09:45:07.000,-1.1812410869782575,-0.2917402266433555,-0.5299742662390194
741044727.0,2023-06-26T09:45:27.000,0.45577846157218715,0.41552189975480047,-1.5169637914813627
741044747.0,2023-06-26T09:45:47.000,0.7846277395140433,0.6763023597478046,-1.755905432754279
741044767.0,2023-06-26T09:46:07.000,-0.3923657746374154,-1.1995994651625708,-1.1731941909287613
741044787.0,2023-06-26T09:46:27.000,0.858862394104154,0.9583719270844782,-0.2595447007314178
741044807.0,2023-06-26T09:46:47.000,0.26764800435952196,0.43849626569780753,-1.4848928733268707
741044827.0,2023-06-26T09:47:07.000,0.2278641051178809,0.9552108461874376,0.6196185319828906
741044847.0,2023-06-26T09:47:27.000,0.12145900565307954,0.38565639042253963,-0.899287905942181
741044867.0,2023-06-26T09:47:47.000,-0.10230140171652025,1.15611064408494,-1.9649180249214915
741044887.0,2023-06-26T09:48:07.000,-1.3348169825122547,-0.1880296899181566,-2.120444557573986
741044907.0,2023-06-26T09:48:27.000,0.5384088034410262,0.03540893008802115,-0.1737126560263924
741044927.0,2023-06-26T09:48:47.000,-1.709174874497954,0.3034138921442775,-1.6271768739084536
741044947.0,2023-06-26T09:49:07.000,0.48298569936822133,0.5063899045421039,-1.362979061947378
741044967.0,2023-06-26T09:49:27.000,0.3414960934033928,0.5844108626362754,-0.4901912998511726
741044987.0,2023-06-26T09:49:47.000,1.351775872737715,0.36023159355469403,-0.8918544160851916
741045007.0,2023-06-26T09:50:07.000,1.482706392730293,0.7442692958603558,-1.670069418491238
741045027.0,2023-06-26T09:50:27.000,-0.5644461034570725,0.4837333266949351,-2.6904461235877086
741045047.0,2023-06-26T09:50:47.000,-0.6307780413661312,0.04797861208327703,-0.09446645788946384
741045067.0,2023-06-26T09:51:07.000,0.5217151235359374,1.6027157450193563,-2.1926330642796366
741045087.0,2023-06-26T09:51:27.000,-0.3450044549047071,-0.6016210589709914,-0.7342879113414469
741045107.0,2023-06-26T09:51:47.000,0.5059770029625099,-0.6701438814538108,-1.3192099333925178
741045127.0,2023-06-26T09:52:07.000,-0.6013819207950633,-0.25147151854199024,-0.1225634930879238
741045147.0,2023-06-26T09:52:27.000,-0.5275988252950725,0.7287649894549553,-1.7709078517280652
741045167.0,2023-06-26T09:52:47.000,0.7970015957869947,0.7894849333944798,-2.0960062814046054
741045187.0,2023-06-26T09:53:07.000,0.5482174653237415,0.5004148418641385,-0.5576557805198057
741045207.0,2023-06-26T09:53:27.000,0.8539297362220033,-0.43045262477781066,-1.163056765129955
741045227.0,2023-06-26T09:53:47.000,-0.592893448370102,-0.026918958995203468,-1.9457022682023428
741045247.0,2023-06-26T09:54:07.000,0.6003433895007682,-0.497980531544151,-2.233050637467926
741045267.0,2023-06-26T09:54:27.000,-0.8573131792810607,0.47894607400067457,-1.9805681280016252
741045287.0,2023-06-26T09:54:47.000,1.0591275870663885,0.4498214871917483,-1.0906850973047
741045307.0,2023-06-26T09:55:07.000,1.072271002922065,0.07089880272870275,-2.6614180421824507
741045327.0,2023-06-26T09:55:27.000,-0.5150460774205889,0.031992598437113884,-0.4168783367841655
741045347.0,2023-06-26T09:55:47.000,1.1006811402314298,-0.40664566237635924,-0.29360960016600046
741045367.0,2023-06-26T09:56:07.000,1.0749646155217008,-0.0832093519087529,-1.538841412862535
741045387.0,2023-06-26T09:56:27.000,0.658029443301178,0.3421612954301878,-1.0622623646372453
741045407.0,2023-06-26T09:56:47.000,-1.051513641192603,-0.4044749474685361,-1.339091065033493
741045427.0,2023-06-26T09:57:07.000,1.3023143552226557,0.5640234912784869,-2.4409655470569724
741045447.0,2023-06-26T09:57:27.000,-0.43565907904552503,1.9798064425868844,-1.4719218507042164
741045467.0,2023-06-26T09:57:47.000,0.9034328072643483,-0.037020087395589485,-2.247019163903463
741045487.0,2023-06-26T09:58:07.000,0.7393902180519163,0.5817777632977084,-2.7285583828362547
741045507.0,2023-06-26T09:58:27.000,1.9885570017308396,0.09143650566700856,-1.332972075385186
741045527.0,2023-06-26T09:58:47.000,-0.8689458383837056,0.3501791295268397,-1.9088773722031327
741045547.0,2023-06-26T09:59:07.000,-0.0038116318434866514,-0.18112834538897005,-0.7642335089430574
741045567.0,2023-06-26T09:59:27.000,0.38141073199771114,-1.1802312320119412,-0.8512798456816739
741045587.0,2023-06-26T09:59:47.000,-0.1763400618193245,-0.6999246820793559,-0.7240309989553495
741045607.0,2023-06-26T10:00:07.000,-0.6742371336576625,0.6060461602563905,-0.5057793506346719
741045627.0,2023-06-26T10:00:27.000,2.006470381976655,-0.33493723841093725,-0.6998071154562524
741045647.0,2023-06-26T10:00:47.000,-0.35555449371393877,-1.1236160605609946,-0.7278100723095982
741045667.0,2023-06-26T10:01:07.000,2.2994584430557907,-0.6691727347574172,-0.7979137851776841
741045687.0,2023-06-26T10:01:27.000,0.31255722906520234,0.4675100182982561,-2.088617556605943
741045707.0,2023-06-26T10:01:47.000,0.35451208928449773,0.2335137549325239,-0.5096527792458616
741045727.0,2023-06-26T10:02:07.000,-0.03590186011814822,-0.15969037562291177,-1.795677290961084
741045747.0,2023-06-26T10:02:27.000,0.3440798804876799,-0.16877174621177105,-0.5680371302330123
741045767.0,2023-06-26T10:02:47.000,0.3388439526963438,-0.6969850314564319,-0.8408476419474731
741045787.0,2023-06-26T10:03:07.000,1.5347233475071498,-2.0387729272486332,-1.5837764457904413
741045807.0,2023-06-26T10:03:27.000,1.8401456727712429,0.05765621343689631,-1.9512112080399824
741045827.0,2023-06-26T10:03:47.000,0.7939894042907625,-0.007873493323984349,-0.9133719854115263
741045847.0,2023-06-26T10:04:07.000,-0.5452798575333873,-0.008549319685524637,0.050469358192639646
741045867.0,2023-06-26T10:04:27.000,2.788869243008918,0.5862945385182172,-0.8913580244240826
741045887.0,2023-06-26T10:04:47.000,0.4269261342781938,0.5724735598899855,-2.206875084709292
741045907.0,2023-06-26T10:05:07.000,-0.09523828692348246,0.8184146426892802,-2.330357558955054
741045927.0,2023-06-26T10:05:27.000,-0.9221093049460727,0.12485878254642202,-1.4433578672923275
741045947.0,2023-06-26T10:05:47.000,-0.940270877958227,-0.8753866739819038,-1.4385213734868785
741045967.0,2023-06-26T10:06:07.000,-0.30704349649468554,0.03612974309730177,-1.231946918944793
741045987.0,2023-06-26T10:06:27.000,-0.06369826176522153,0.2864985057526859,-0.12727410801938177
741046007.0,2023-06-26T10:06:47.000,-0.46274399875256833,-0.025447615814577773,-2.7796373249788786
741046027.0,2023-06-26T10:07:07.000,0.7486489944308339,-1.3294065521418652,-0.6587660562717979
741046047.0,2023-06-26T10:07:27.000,1.040744048708131,0.15741185788176182,-0.4139353780074906
741046067.0,2023-06-26T10:07:47.000,0.5246174137440995,0.2779612367609374,-1.3045338788209015
741046087.0,2023-06-26T10:08:07.000,-0.5761685528349325,1.282688059700554,-0.5553358958021448
741046107.0,2023-06-26T10:08:27.000,-0.09927514683649719,1.091756402482602,-2.2198686079333285
741046127.0,2023-06-26T10:08:47.000,0.8023278302071724,-0.7312933616998585,-2.234320967176018
741046147.0,2023-06-26T10:09:07.000,-0.2463224007764886,0.6760721593890295,-0.5368170128416949
741046167.0,2023-06-26T10:09:27.000,0.42835775673211174,-0.7606347091182464,0.17301435284444722
741046187.0,2023-06-26T10:09:47.000,1.598557902016129,0.22797951476638545,-1.2923227029171258
741046207.0,2023-06-26T10:10:07.000,1.0873215903983713,-0.9387834845164811,-0.43139980731021765
741046227.0,2023-06-26T10:10:27.000,0.5373720012968874,0.2901192968529642,-1.7107991436837722
741046247.0,2023-06-26T10:10:47.000,0.5113116359312109,0.28202746668037904,-0.9355875799421653
741046267.0,2023-06-26T10:11:07.000,1.418727590640767,-0.4045063403235183,-1.6998771799836554
741046287.0,2023-06-26T10:11:27.000,-0.14847672581419502,-1.1057811915127225,-0.6525214584329753
741046307.0,2023-06-26T10:11:47.000,-0.4035872039565014,0.6204600278891803,-0.42794217672836865
741046327.0,2023-06-26T10:12:07.000,0.14207747212058308,-0.6239584734224479,-0.21623665161785155
741046347.0,2023-06-26T10:12:27.000,1.8147388969214084,0.023833510998105822,-1.6046893052346078
741046367.0,2023-06-26T10:12:47.000,1.2063562779718318,-0.07297706189346442,-2.517106141752823
741046387.0,2023-06-26T10:13:07.000,0.9227953755130969,0.2792076527646792,-1.4413517751332705
741046407.0,2023-06-26T10:13:27.000,1.2907142666662708,-1.9335897693983917,0.26393493474108354
741046427.0,2023-06-26T10:13:47.000,0.9444277817127755,0.1117311865028725,-1.9437370038843937
741046447.0,2023-06-26T10:14:07.000,-0.7951898141955738,-1.240976130756355,-1.539100648395575
741046467.0,2023-06-26T10:14:27.000,1.3157950617737058,-0.31450398898513754,-0.5289177502976194
741046487.0,2023-06-26T10:14:47.000,1.383803028831565,0.2021225381065861,-1.4178699749622936
741046507.0,2023-06-26T10:15:07.000,1.310825692157902,0.21913073818824458,0.21058656668460074
741046527.0,2023-06-26T10:15:27.000,-0.33299115741458607,0.4827913649529947,-1.5721080036779078
741046547.0,2023-06-26T10:15:47.000,0.3517580522860442,-1.0498119643598258,-0.7257342779398712
741046567.0,2023-06-26T10:16:07.000,0.3943714330767456,1.6493670724204712,-2.137103281640851
741046587.0,2023-06-26T10:16:27.000,0.7840477082576847,-0.8105210476450075,-1.2812405615791889
741046607.0,2023-06-26T10:16:47.000,1.2195724112262774,-1.2294242676236244,-1.382458302834344
741046627.0,2023-06-26T10:17:07.000,0.8464196480706399,-0.41618967538958884,-0.030884314805579294
741046647.0,2023-06-26T10:17:27.000,-0.9522626650548816,-0.8525736072795276,-1.7080927108392707
741046667.0,2023-06-26T10:17:47.000,1.0196507553961176,-0.5535743247464531,-1.3657810618461497
741046687.0,2023-06-26T10:18:07.000,0.15119754265269236,-1.597426234689614,-1.2549293246899573
741046707.0,2023-06-26T10:18:27.000,1.335573033134363,0.09752905040238957,-1.9716724419804876
741046727.0,2023-06-26T10:18:47.000,0.06370366657515447,-1.1479575565465083,-1.5448454863009609
741046747.0,2023-06-26T10:19:07.000,1.465660520516554,-0.873776917120761,-1.0584430203630646
741046767.0,2023-06-26T10:19:27.000,0.6615049270353168,1.147862687067569,-1.5741375514743972
741046787.0,2023-06-26T10:19:47.000,2.047804883431592,0.4805485094183659,-0.6306580502490888
741046807.0,2023-06-26T10:20:07.000,1.4183340475426576,-0.527320151377797,-0.24911397584759243
741046827.0,2023-06-26T10:20:27.000,-0.4946031419761354,-1.4310147500640191,-1.4454740201785832
741046847.0,2023-06-26T10:20:47.000,0.7282376818240621,-0.530807928877941,-0.6024986319519421
741046867.0,2023-06-26T10:21:07.000,-0.2254811265700596,-1.4987131442878443,-0.13491212327298996
741046887.0,2023-06-26T10:21:27.000,1.494873297147592,-1.090884634658007,-1.527706712300958
741046907.0,2023-06-26T10:21:47.000,1.97906194115971,0.039854513655956936,-1.180976293757574
741046927.0,2023-06-26T10:22:07.000,0.19431137215919492,-1.5263296157641548,0.007827871184584723
741046947.0,2023-06-26T10:22:27.000,0.30038848884972325,-0.9747670906778971,-0.5373215270720877
741046967.0,2023-06-26T10:22:47.000,0.04462585141418174,-0.8373736147482269,-0.6793744179889316
741046987.0,2023-06-26T10:23:07.000,0.613830560514117,-1.0610391045773326,-0.3634821179376857
741047007.0,2023-06-26T10:23:27.000,0.24146041786021755,-0.5626818060489036,-1.6040801603667276
741047027.0,2023-06-26T10:23:47.000,0.810266116202385,-1.0901924336947921,-2.149859219913175
741047047.0,2023-06-26T10:24:07.000,-0.11046564662997582,-1.5258074697710455,-1.7256671330900808
741047067.0,2023-06-26T10:24:27.000,1.001720128046557,0.12886475806439535,-2.0906235620010705
741047087.0,2023-06-26T10:24:47.000,1.0811070604410666,-0.17276808180755054,-0.2836001048667214
741047107.0,2023-06-26T10:25:07.000,-0.1835751266665575,-0.33478390979446715,-2.5640671828086603
741047127.0,2023-06-26T10:25:27.000,1.4817490128882227,-0.4325774381697123,-1.056108958186197
741047147.0,2023-06-26T10:25:47.000,-1.4430064586901103,-0.8440856775204786,0.12586568457484404
741047167.0,2023-06-26T10:26:07.000,0.8103016414851005,0.4579661575299099,-1.2770751194213226
741047187.0,2023-06-26T10:26:27.000,1.1906755500556976,-2.226926702242338,-1.9640873735404796
741047207.0,2023-06-26T10:26:47.000,1.8230842630528876,-0.9092440610758423,-1.2341884149669191
741047227.0,2023-06-26T10:27:07.000,0.6641059812406702,-0.5274222196982592,-0.16169578879177138
741047247.0,2023-06-26T10:27:27.000,-0.2992688200920135,-0.23971376187370552,-1.6205922054313149
741047267.0,2023-06-26T10:27:47.000,0.7486254569255557,-1.667915091574379,-1.410378615762653
741047287.0,2023-06-26T10:28:07.000,1.382108873582144,-0.16779374593101082,-1.0296100676043807
741047307.0,2023-06-26T10:28:27.000,-0.44931060595443384,0.0791934650856696,-1.3118551031143788
741047327.0,2023-06-26T10:28:47.000,-0.43117035838369233,-1.2450320141854654,-1.756391813789726
741047347.0,2023-06-26T10:29:07.000,0.7742170118341107,0.015290812149792998,-0.6939046677922889
741047367.0,2023-06-26T10:29:27.000,-0.35840156326072403,-1.8347807969609775,-1.1756963255615815
741047387.0,2023-06-26T10:29:47.000,0.36070588029790684,-0.6551714716751533,-0.6322841918038336
741047407.0,2023-06-26T10:30:07.000,1.1413739701038317,-1.2844767182551564,-1.8221756325154104
741047427.0,2023-06-26T10:30:27.000,1.4345365038526126,-1.1395432412020234,0.1306365452813374
741047447.0,2023-06-26T10:30:47.000,2.0326797592451484,-0.9012408230035795,-1.1232552413531494
741047467.0,2023-06-26T10:31:07.000,0.16483632082620048,0.43297357892324584,-0.4230084533651812
741047487.0,2023-06-26T10:31:27.000,-0.03810921564983971,-0.6663485990654472,-0.5358228066576487
741047507.0,2023-06-26T10:31:47.000,0.8672197390535707,-0.8021113604317343,-0.9524721301001904
741047527.0,2023-06-26T10:32:07.000,0.5590535062882651,-1.7270582294615089,-1.1540556959399595
741047547.0,2023-06-26T10:32:27.000,1.0898230521361185,-0.9820518207637186,-0.14873393500147714
741047567.0,2023-06-26T10:32:47.000,0.7615427618845594,0.6696966383112901,-0.22603999239034778
741047587.0,2023-06-26T10:33:07.000,0.11383382586549473,-0.8700848162956909,-1.986939634490703
741047607.0,2023-06-26T10:33:27.000,0.8201638563964941,-1.345938380881151,-0.09564387875027336
741047627.0,2023-06-26T10:33:47.000,0.6542220833405388,1.056523505382767,-0.3596799026617248
741047647.0,2023-06-26T10:34:07.000,0.2660919536379147,0.24650337864251526,-1.019666555657217
741047667.0,2023-06-26T10:34:27.000,1.4604411707641596,0.45790722240646176,-0.7407819090476941
741047687.0,2023-06-26T10:34:47.000,0.6314768950743677,-0.36969234590289446,0.1940586810578182
741047707.0,2023-06-26T10:35:07.000,-0.24653582758604742,-0.571555182848904,-0.7225482028361263
741047727.0,2023-06-26T10:35:27.000,0.7498888630719236,0.4202281876475311,-0.9957269294758042
741047747.0,2023-06-26T10:35:47.000,2.203393464483838,-1.0785096403287397,-1.286673406319938
741047767.0,2023-06-26T10:36:07.000,1.8486467317946342,-0.31084672302839067,-0.18060124139518408
741047787.0,2023-06-26T10:36:27.000,-0.5065211421628746,-0.6451296618914526,-2.197022026106943
741047807.0,2023-06-26T10:36:47.000,1.0554949007479664,-0.6614713097929936,0.5838923606282798
741047827.0,2023-06-26T10:37:07.000,0.8530343621138137,0.4448283474234316,-1.1546333145928678
741047847.0,2023-06-26T10:37:27.000,0.12354690114291245,-0.45569879013607206,-1.9107690741648753
741047867.0,2023-06-26T10:37:47.000,-0.13286205842177878,0.8099653094562065,-1.6932289236382125
741047887.0,2023-06-26T10:38:07.000,-0.32348221001843314,-0.6870849592610639,-0.22201130853716222
741047907.0,2023-06-26T10:38:27.000,0.17669722235380547,-0.29537406001090005,-0.09825303224353377
741047927.0,2023-06-26T10:38:47.000,0.7308514334725125,-0.3188527386455142,-0.16986926378859124
741047947.0,2023-06-26T10:39:07.000,0.3252453932844901,-0.9762481961494984,-0.7297206204293083
741047967.0,2023-06-26T10:39:27.000,0.5916065470512599,-0.4780361161582647,-1.6406799229873315
741047987.0,2023-06-26T10:39:47.000,1.5229767096114344,0.9576229939356473,0.31449577881925705
741048007.0,2023-06-26T10:40:07.000,0.18306210953777935,-0.9791302550077319,-1.2536927334938497
741048027.0,2023-06-26T10:40:27.000,0.7539972898373826,-0.9152751915375568,-0.8934620984391017
741048047.0,2023-06-26T10:40:47.000,1.8068695319617412,-1.7637036071938006,-1.7424471801086305
741048067.0,2023-06-26T10:41:07.000,0.6213057756276896,-1.2896307499232762,-0.6082439054755362
741048087.0,2023-06-26T10:41:27.000,1.9821351860849212,-0.6405748867677197,-1.1687215365152603
741048107.0,2023-06-26T10:41:47.000,0.09001089590343625,-0.5393351710236693,0.1116993861405291
741048127.0,2023-06-26T10:42:07.000,-0.347322907134906,-1.1920304464507758,0.10308400213432378
741048147.0,2023-06-26T10:42:27.000,0.6076919223829691,-0.998820004605161,0.3020189617064517
741048167.0,2023-06-26T10:42:47.000,0.8711991946519504,0.11934502143207126,-0.028559316977982974
741048187.0,2023-06-26T10:43:07.000,1.5288474370489524,-0.6490833646899397,0.3219874781135168
741048207.0,2023-06-26T10:43:27.000,2.689845191550244,-1.094448456462338,0.41604669805961336
741048227.0,2023-06-26T10:43:47.000,0.5583237103978789,-1.7287054971171223,-0.4517774092493987
741048247.0,2023-06-26T10:44:07.000,-0.2618222302630535,0.3329913853655775,-0.9234083987452735
741048267.0,2023-06-26T10:44:27.000,0.4491130485173578,0.4794787448414439,-0.45791164700048625
741048287.0,2023-06-26T10:44:47.000,0.9552031181692122,-0.5153045499639575,-0.43081125610244797
741048307.0,2023-06-26T10:45:07.000,0.3612919597828501,-1.317300819325684,-0.9746704638380344
741048327.0,2023-06-26T10:45:27.000,0.6129680355626554,-0.11246601320236138,-1.2048930406738378
741048347.0,2023-06-26T10:45:47.000,0.2630180272245042,-1.4018152753259017,-0.3919100565741296
741048367.0,2023-06-26T10:46:07.000,1.503572027716782,-0.7364202562420985,-0.010439372899462285
741048387.0,2023-06-26T10:46:27.000,0.8845977543470163,-1.5369035415990773,-1.7536173860688287
741048407.0,2023-06-26T10:46:47.000,2.081653927898941,0.290293748772541,-1.9012613265090295
741048427.0,2023-06-26T10:47:07.000,0.05331640419159456,-1.3248763646500628,-2.0957406708377313
741048447.0,2023-06-26T10:47:27.000,1.1006444211369981,-0.14444594024221047,-1.2723177740037173
741048467.0,2023-06-26T10:47:47.000,1.1899651228386432,-0.08951417820313168,0.024768022133248024
741048487.0,2023-06-26T10:48:07.000,0.06422941225547874,-0.08480563707946587,-1.0265146142440784
741048507.0,2023-06-26T10:48:27.000,1.190111763471613,-0.7819161251476636,-0.35114007554959414
741048527.0,2023-06-26T10:48:47.000,1.112636984812454,-0.8818896850781854,0.40474314543237355
741048547.0,2023-06-26T10:49:07.000,2.37732532253343,-1.0907385914804557,0.5071287936253555
741048567.0,2023-06-26T10:49:27.000,-0.051183464799819944,-0.6534714328321201,-1.056840573554485
741048587.0,2023-06-26T10:49:47.000,0.8832905667222057,0.29794653141346217,-1.4692393242032864
741048607.0,2023-06-26T10:50:07.000,1.151847023594943,-0.007690402947790886,-1.3529992887395537
741048627.0,2023-06-26T10:50:27.000,-0.5666461552977786,-0.7500382549041618,0.6489230113593258
741048647.0,2023-06-26T10:50:47.000,1.834591612093206,-0.8564986918702111,-0.47247273899930775
741048667.0,2023-06-26T10:51:07.000,1.6705428417584933,-0.3218052868847465,-1.0802540738930055
741048687.0,2023-06-26T10:51:27.000,1.016702049183582,-1.6066929371616467,-0.9838785119287152
741048707.0,2023-06-26T10:51:47.000,0.2039833312261763,-0.777435049070796,-1.0499926748064325
741048727.0,2023-06-26T10:52:07.000,-0.5620693238839181,1.0101722450861494,-0.5031905944585802
741048747.0,2023-06-26T10:52:27.000,0.1493764301252476,-0.7265791620691964,-0.20019930023762456
741048767.0,2023-06-26T10:52:47.000,0.6136594442929244,-1.9505819806697744,0.4442177498509281
741048787.0,2023-06-26T10:53:07.000,0.2119549885604144,-0.9991347639237702,0.22625466906678326
741048807.0,2023-06-26T10:53:27.000,0.374997752916606,0.07663225147780395,-0.10609679221840196
741048827.0,2023-06-26T10:53:47.000,0.6827320156554961,-1.9149420934283512,-2.845629835868113
741048847.0,2023-06-26T10:54:07.000,2.062156211257715,-0.33211578227554384,-0.9931375549276922
741048867.0,2023-06-26T10:54:27.000,0.2441011252130032,-1.200855363014952,-0.32571056205465965
741048887.0,2023-06-26T10:54:47.000,1.4036175432941,0.08026435962538159,-1.1375706469474167
741048907.0,2023-06-26T10:55:07.000,0.7923233890649861,0.07564730082343374,-1.5116489670674582
741048927.0,2023-06-26T10:55:27.000,-0.0649822247011933,-0.7493387475521196,-1.3091079658300586
741048947.0,2023-06-26T10:55:47.000,-0.08063567620286705,-0.7096611903456562,-0.015388100893520829
741048967.0,2023-06-26T10:56:07.000,0.4560250552176903,-0.7765982212304401,-0.42347639535034176
741048987.0,2023-06-26T10:56:27.000,-1.3745049081248517,-1.1262775055254082,-0.3607280343764785
741049007.0,2023-06-26T10:56:47.000,0.5176191216316184,-0.5052237801117521,-0.7489172493158058
741049027.0,2023-06-26T10:57:07.000,0.6870074783393854,-1.6454935780951807,-1.187006947600544
741049047.0,2023-06-26T10:57:27.000,-1.573813098709742,-2.6495886488842046,-1.3496955833636193
741049067.0,2023-06-26T10:57:47.000,-0.5257402843739101,-0.5670906657928576,-1.6385473366797854
741049087.0,2023-06-26T10:58:07.000,-0.8653433481775608,-1.3226567913249276,-0.5520331084585273
741049107.0,2023-06-26T10:58:27.000,2.4861204302228934,-1.8139609565093195,-0.5809961853953105
741049127.0,2023-06-26T10:58:47.000,-0.6576205941799529,-1.4750365426086098,-0.48823433366207425
741049147.0,2023-06-26T10:59:07.000,0.3460890547812845,-1.4239935133719683,-1.5126135833543053
741049167.0,2023-06-26T10:59:27.000,-0.05210326273763499,0.10517896197326237,-0.6066618516209488
741049187.0,2023-06-26T10:59:47.000,0.16495205101829669,0.21489100678895312,-1.6212285592343
741049207.0,2023-06-26T11:00:07.000,1.969675843327412,-0.5876884815125827,0.05123682668140006
741049227.0,2023-06-26T11:00:27.000,2.741441844400505,-0.7447725604903255,-1.27320089804428
741049247.0,2023-06-26T11:00:47.000,2.040910206602131,-1.120038798374523,-0.2606410382854918
741049267.0,2023-06-26T11:01:07.000,0.14322260730725844,-1.1148505647318174,-2.4599785868995028
741049287.0,2023-06-26T11:01:27.000,-0.09682117551035319,0.6365679342312802,-0.026712071821144434
741049307.0,2023-06-26T11:01:47.000,1.0350303868644772,-0.9126036649709235,-1.308717922499092
741049327.0,2023-06-26T11:02:07.000,0.473786347154892,0.7656982704884463,0.4242429834100392
741049347.0,2023-06-26T11:02:27.000,0.582120829373256,-1.4337383323237418,-0.8773685721275015
741049367.0,2023-06-26T11:02:47.000,0.09043082289661442,-1.0867670263370321,-0.04101266586342689
741049387.0,2023-06-26T11:03:07.000,0.5960550830907962,-1.844727119060252,0.23666996469273727
741049407.0,2023-06-26T11:03:27.000,1.5669042067512073,-0.37917837173440105,-0.220270386930288
741049427.0,2023-06-26T11:03:47.000,0.4413473620235031,-1.4701962806840108,-1.4617612867806606
741049447.0,2023-06-26T11:04:07.000,0.13798976854495493,-1.4688842748467046,-0.7799637765981693
741049467.0,2023-06-26T11:04:27.000,0.8323332317039522,-2.0469621833552054,-0.5340014699761753
741049487.0,2023-06-26T11:04:47.000,0.7801863469603099,-2.234684435964418,-0.9167004232368825
741049507.0,2023-06-26T11:05:07.000,0.8078251385157387,-1.883107104949655,0.6227341250664153
741049527.0,2023-06-26T11:05:27.000,-0.05476774270762874,-0.7931736507260645,-0.26840184285115143
741049547.0,2023-06-26T11:05:47.000,0.5160709595664059,-0.25689208940082864,-2.058766855161931
741049567.0,2023-06-26T11:06:07.000,0.7116741134072235,0.2867629892544521,-1.9034195719913605
741049587.0,2023-06-26T11:06:27.000,1.3596084568856526,-0.8539144252028841,-0.2994202595862916
741049607.0,2023-06-26T11:06:47.000,-0.15644171897921666,-1.1605013698678945,0.30531099528552375
741049627.0,2023-06-26T11:07:07.000,0.20378544491883588,-0.20361020846015876,-0.6365230931337784
741049647.0,2023-06-26T11:07:27.000,0.936621664993087,-1.7625807338328414,0.26911810426799576
741049667.0,2023-06-26T11:07:47.000,-0.4928932895831295,-1.2313486746240443,-0.4673206009830899
741049687.0,2023-06-26T11:08:07.000,1.1407004307129043,-1.4716385988156055,-0.22947628280922672
741049707.0,2023-06-26T11:08:27.000,1.2060039953021295,-0.30227035401342306,-0.110502531958101
741049727.0,2023-06-26T11:08:47.000,1.0578031354513406,-2.5489918878629503,-0.5632986888270963
741049747.0,2023-06-26T11:09:07.000,0.7567831927790536,-0.44190794347143125,-0.2832976562672229
741049767.0,2023-06-26T11:09:27.000,1.2197419456461134,-0.777990143441265,-0.6489624695626972
741049787.0,2023-06-26T11:09:47.000,1.8888766980529326,-1.209420728864874,-0.2809248208390791
741049807.0,2023-06-26T11:10:07.000,1.0612175836421933,-1.679961634337701,0.32328757767485783
741049827.0,2023-06-26T11:10:27.000,-0.13537939499430607,-2.0252172458046225,-0.8905837332262578
741049847.0,2023-06-26T11:10:47.000,-1.0226805283619633,-0.186096141197023,-0.8207061823140016
741049867.0,2023-06-26T11:11:07.000,-0.038244959232880404,0.147662395044712,-0.44175284180658636
741049887.0,2023-06-26T11:11:27.000,-1.0786563577336317,-1.664699764836186,-0.9268342533785834
741049907.0,2023-06-26T11:11:47.000,1.6946837056663888,-1.9427877314237563,-1.3197272786258374
741049927.0,2023-06-26T11:12:07.000,0.5805446962159344,-0.0005425118687618635,0.6720106856650254
741049947.0,2023-06-26T11:12:27.000,-0.01593393313958913,-0.86069602558414,-0.272313013338632
741049967.0,2023-06-26T11:12:47.000,-0.0043077027611637675,-0.8350913939358939,-0.9276443228234399
741049987.0,2023-06-26T11:13:07.000,1.12784552160905,-0.23858964763867618,-1.3679727830839816
741050007.0,2023-06-26T11:13:27.000,0.015169654499214147,-0.569318081411474,-0.4161653254008968
741050027.0,2023-06-26T11:13:47.000,0.5450333779966066,-2.698135375189814,-0.24902245265856493
741050047.0,2023-06-26T11:14:07.000,-0.8786681445771549,-1.084476580037741,0.21293575076519744
741050067.0,2023-06-26T11:14:27.000,1.615963462409109,-1.7637129026581988,-0.0874256510852156
741050087.0,2023-06-26T11:14:47.000,0.4146689903783418,-1.473244347316438,0.1372982665226452
741050107.0,2023-06-26T11:15:07.000,0.9566374021607871,-1.713274075143545,-1.1751686398331351
741050127.0,2023-06-26T11:15:27.000,-0.6883242947952617,-1.423495059560409,-0.8141109764991938
741050147.0,2023-06-26T11:15:47.000,0.22307518185993302,-0.4201209880982937,-1.0592814848608967
741050167.0,2023-06-26T11:16:07.000,-0.7381160177732937,-0.635170516882777,0.11767406209450826
741050187.0,2023-06-26T11:16:27.000,-0.12665024072822106,-0.41679745478306884,-0.6336152518660043
741050207.0,2023-06-26T11:16:47.000,0.2651069745396306,-0.6684805853196529,0.18784052733256118
741050227.0,2023-06-26T11:17:07.000,0.7163077623384417,-0.7473411863023749,-1.2627505014628504
741050247.0,2023-06-26T11:17:27.000,0.5945871237700295,-0.7631298650001561,-0.6484407073292786
741050267.0,2023-06-26T11:17:47.000,0.07741836528518675,-0.8493735057291119,-2.1026554130831876
741050287.0,2023-06-26T11:18:07.000,0.4786082211882814,-1.3775229625978547,-0.1138020917501592
741050307.0,2023-06-26T11:18:27.000,0.42050384314595846,-1.0004364335958194,-0.29257331667364994
741050327.0,2023-06-26T11:18:47.000,0.6007283103293126,-0.48362238254107126,-0.1250834744115359
741050347.0,2023-06-26T11:19:07.000,0.6270673451491682,-1.247412215821253,-0.43032634978734663
741050367.0,2023-06-26T11:19:27.000,0.42679094152120456,-1.9568601492214732,-0.7302738311731893
741050387.0,2023-06-26T11:19:47.000,0.6907331114747173,0.2697753124558666,-0.23051498839743445
741050407.0,2023-06-26T11:20:07.000,0.4299778621152939,-1.3364039718188891,-0.6526650265237244
741050427.0,2023-06-26T11:20:27.000,0.0110017641330451,-0.6184086296046054,-0.29077806669164374
741050447.0,2023-06-26T11:20:47.000,-0.23409088221182373,-0.3893452903080963,0.7909044716147839
741050467.0,2023-06-26T11:21:07.000,0.041625036883985445,-1.3768126553181936,0.5092093938841025
741050487.0,2023-06-26T11:21:27.000,0.846851424818329,-0.6356583172162367,-1.770630269937179
741050507.0,2023-06-26T11:21:47.000,-0.4460849817866652,-0.38588274042794524,-0.5411642110098036
741050527.0,2023-06-26T11:22:07.000,0.06648404720088763,-0.9496786216089959,-0.979819358448708
741050547.0,2023-06-26T11:22:27.000,0.36662454862002036,-1.024899616441921,-0.8415219360013992
741050567.0,2023-06-26T11:22:47.000,1.422994407174194,-1.4434446400146683,-0.8688179135463159
741050587.0,2023-06-26T11:23:07.000,-0.3663127358777274,-0.9025482856750422,-0.8151254875077285
741050607.0,2023-06-26T11:23:27.000,0.24272680452241957,-1.6589528343713411,-0.07304977379662958
741050627.0,2023-06-26T11:23:47.000,-0.17274891757068644,-1.3284210552577669,-0.9551326886070299
741050647.0,2023-06-26T11:24:07.000,1.4300668573663522,0.10245595665203666,-1.5722272209472976
741050667.0,2023-06-26T11:24:27.000,0.569222463397967,-1.1990120149074635,-0.05634821506061982
741050687.0,2023-06-26T11:24:47.000,0.3209380222246594,-1.1085447171210738,-0.3075328852908399
741050707.0,2023-06-26T11:25:07.000,0.6058855963941845,-0.3917130416031256,0.6523464611496443
741050727.0,2023-06-26T11:25:27.000,1.7981208162431983,-1.5850013724505452,0.32221667697340806
741050747.0,2023-06-26T11:25:47.000,0.30906914131323404,-1.9273568308331157,-0.3991004795977915
741050767.0,2023-06-26T11:26:07.000,-0.9559666393155197,-3.033706854194129,-1.3310166464997053
741050787.0,2023-06-26T11:26:27.000,0.12814571044295064,-0.6884656507888387,0.5684762052760028
741050807.0,2023-06-26T11:26:47.000,1.1392049154346218,-1.1097142878946364,1.2095248606347475
741050827.0,2023-06-26T11:27:07.000,0.96077918437798,-0.49607897576464666,-1.4624122176232213
741050847.0,2023-06-26T11:27:27.000,0.5103239619552724,-0.632644850739883,0.2714128218839207
741050867.0,2023-06-26T11:27:47.000,1.3349733283818388,-1.6253370757945973,-0.6269141895942631
741050887.0,2023-06-26T11:28:07.000,0.37933834780012887,-0.5719343220356166,-0.015138882047960323
741050907.0,2023-06-26T11:28:27.000,-0.41773372637665673,-2.43726957789292,0.0879669940223593
741050927.0,2023-06-26T11:28:47.000,0.6073681050100532,-2.5576391265547116,0.35067554347012475
741050947.0,2023-06-26T11:29:07.000,-0.16410094336727354,-1.4725930999270886,-0.2421698540699957
741050967.0,2023-06-26T11:29:27.000,0.1360375364689581,-1.4711108539011697,0.22577185034844405
741050987.0,2023-06-26T11:29:47.000,1.29249814301291,0.07839041339385844,1.5991963696948552
741051007.0,2023-06-26T11:30:07.000,-0.8510366337977082,-1.359025774316791,1.0468732580815043
741051027.0,2023-06-26T11:30:27.000,0.9332670644623953,-1.1293710178383876,-0.3223568866506099
741051047.0,2023-06-26T11:30:47.000,0.5491107886057556,-0.9488448040939623,-0.4461923112986099
741051067.0,2023-06-26T11:31:07.000,0.7218051690682792,-1.410599090401199,0.7630501864697159
741051087.0,2023-06-26T11:31:27.000,1.5004400786500227,-0.6999438892485443,0.14367999989772784
741051107.0,2023-06-26T11:31:47.000,0.8102474624571698,-0.6852096747334002,-1.5419964318086343
741051127.0,2023-06-26T11:32:07.000,0.8946135146348233,-1.516273984936145,-1.0400704147595086
741051147.0,2023-06-26T11:32:27.000,0.5376088816122504,-1.5116075103294158,0.9846992349182848
741051167.0,2023-06-26T11:32:47.000,-0.39554030754063163,-0.7563039256863746,0.8477126450801009
741051187.0,2023-06-26T11:33:07.000,1.0211292612805067,-1.0509018065762987,0.1985062969001028
741051207.0,2023-06-26T11:33:27.000,-0.6866647524583769,-0.48073044505159146,-0.7607038828183477
741051227.0,2023-06-26T11:33:47.000,0.8543092481438919,-1.874087330688834,-1.054313525217232
741051247.0,2023-06-26T11:34:07.000,0.1625398907800779,-0.9207178108927572,-1.1555511332139723
741051267.0,2023-06-26T11:34:27.000,0.5495492936713475,-0.9035248472066826,-0.367971790471433
741051287.0,2023-06-26T11:34:47.000,0.9664211557014468,-0.17275562333995964,1.3830098239631106
741051307.0,2023-06-26T11:35:07.000,0.05329068299975148,-1.6715450123050424,-0.049963110515527376
741051327.0,2023-06-26T11:35:27.000,0.744264008856188,-2.76989254985871,0.2832971553345942
741051347.0,2023-06-26T11:35:47.000,0.48246912618399307,-0.8825288368097262,-0.9401837021916215
741051367.0,2023-06-26T11:36:07.000,0.9294909232626658,-2.1077927550683384,1.7978516962169344
741051387.0,2023-06-26T11:36:27.000,-0.91912711901454,-1.2617061414643693,0.5261130278100268
741051407.0,2023-06-26T11:36:47.000,0.33764040849870725,-1.7151342308729944,1.5418203173855893
741051427.0,2023-06-26T11:37:07.000,0.41495168900951285,-1.0497318353897,-1.196962327454365
741051447.0,2023-06-26T11:37:27.000,1.2806166611478709,-1.581521293825272,0.4520076113734284
741051467.0,2023-06-26T11:37:47.000,1.1239427511688937,-0.9292780980385551,0.4661575489950387
741051487.0,2023-06-26T11:38:07.000,-0.43126804307735966,-2.33013703175855,-0.05116052371745283
741051507.0,2023-06-26T11:38:27.000,0.0034729201847660818,-1.595816046839893,-0.9612477890996729
741051527.0,2023-06-26T11:38:47.000,0.9146292342165907,-1.1267622409438793,1.099841772655985
741051547.0,2023-06-26T11:39:07.000,0.4347351406197575,-0.7708977950660056,0.17357787510663414
741051567.0,2023-06-26T11:39:27.000,-0.2295230548288174,-0.9923138002965182,-0.943621068982825
741051587.0,2023-06-26T11:39:47.000,-0.7849569262252665,-1.5638962109987276,0.10453701191348586
741051607.0,2023-06-26T11:40:07.000,-0.1839133387582237,-1.4899168042314948,-1.1077770249445784
741051627.0,2023-06-26T11:40:27.000,0.226177450568521,-0.4276725459440023,0.9480496055536136
741051647.0,2023-06-26T11:40:47.000,-0.15247896035797126,-2.0409119609321458,0.5173499226018841
741051667.0,2023-06-26T11:41:07.000,-0.49419178586029844,-1.529788739118576,0.7494588174727923
741051687.0,2023-06-26T11:41:27.000,-0.2656526797872871,-0.6973099558105211,0.03589392526537338
741051707.0,2023-06-26T11:41:47.000,-1.285728504396566,-1.403503948826934,0.6698889326584023
741051727.0,2023-06-26T11:42:07.000,-0.7677473075617947,-2.6967623625862025,0.8935399161913438
741051747.0,2023-06-26T11:42:27.000,0.47904591780056904,-0.4851758557578023,0.020287496782511738
741051767.0,2023-06-26T11:42:47.000,-0.04881774368081793,-2.041924007978313,0.11675857357618113
741051787.0,2023-06-26T11:43:07.000,0.45272218807124176,-3.5547794840717906,0.3688988792771575
741051807.0,2023-06-26T11:43:27.000,-0.8940378631749901,-1.1861791225586948,0.014028823169809357
741051827.0,2023-06-26T11:43:47.000,-0.020948679058108155,-1.2252063567697036,0.07069878575904909
741051847.0,2023-06-26T11:44:07.000,-0.4409395674920269,-1.88492067237922,0.0763042467877284
741051867.0,2023-06-26T11:44:27.000,-0.07956935270669874,-0.2690626092594073,1.0276188712632361
741051887.0,2023-06-26T11:44:47.000,-1.3248267242582656,-1.7908287297752068,-1.2131904358447798
741051907.0,2023-06-26T11:45:07.000,0.46612288935321544,-0.6716427990771656,-0.3130421625585633
741051927.0,2023-06-26T11:45:27.000,0.9658443895999014,-2.3689417497640974,0.19105503282768055
741051947.0,2023-06-26T11:45:47.000,-0.8220735435382487,-0.7400276278435314,0.6301561240151798
741051967.0,2023-06-26T11:46:07.000,-0.46452927807694167,-1.0691797070694342,0.1570330859679281
741051987.0,2023-06-26T11:46:27.000,-0.6575353132642903,-2.5309481850643856,1.0635024820460082
741052007.0,2023-06-26T11:46:47.000,-0.050690260255947805,-1.8254083810176347,-1.0014216962672684
741052027.0,2023-06-26T11:47:07.000,0.5204841545092265,0.4612853267360606,1.7736898390019462
741052047.0,2023-06-26T11:47:27.000,-0.4210587955966183,-1.3432841877492052,-0.05319536211523257
741052067.0,2023-06-26T11:47:47.000,-0.2799433752143088,-1.4120637561232385,0.14309889256880481
741052087.0,2023-06-26T11:48:07.000,1.9459686017908595,-1.9525450630997199,-0.8166219299776678
741052107.0,2023-06-26T11:48:27.000,-0.4339283395271565,-0.9961879909980986,0.15738301755163775
741052127.0,2023-06-26T11:48:47.000,0.1646810831368306,-0.9665903778377505,1.1128071100929837
741052147.0,2023-06-26T11:49:07.000,-1.3660983453123166,-0.7993565346642306,0.22960256602644336
741052167.0,2023-06-26T11:49:27.000,1.7309767018747202,-1.9897630223142393,-0.1833203187584509
741052187.0,2023-06-26T11:49:47.000,0.5374388146184295,-1.1348896259422148,0.18884618625536476
741052207.0,2023-06-26T11:50:07.000,0.15110548216012987,-0.4565288342361917,0.881490427651066
741052227.0,2023-06-26T11:50:27.000,-0.4274539060711291,-0.7313275304343669,0.7168807846680281
741052247.0,2023-06-26T11:50:47.000,0.042886598439206836,-1.0844391694297961,0.29438093885891803
741052267.0,2023-06-26T11:51:07.000,-0.941838271406592,-1.4392853304512343,0.10400176380098713
741052287.0,2023-06-26T11:51:27.000,-0.14227884407302938,-0.7044301445158219,-1.1407892508974449
741052307.0,2023-06-26T11:51:47.000,-0.4184861461364875,-2.3146934812534603,-0.4279688007313709
741052327.0,2023-06-26T11:52:07.000,-1.5451789203480004,-2.294799733038033,-0.2336155018101138
741052347.0,2023-06-26T11:52:27.000,-0.34641923776224104,-1.9772752244850977,1.0473417243805905
741052367.0,2023-06-26T11:52:47.000,-1.1343538342978299,-1.880071583881815,0.3412648873823976
741052387.0,2023-06-26T11:53:07.000,-0.04869822781694566,-1.4002477638386246,1.970899763326095
741052407.0,2023-06-26T11:53:27.000,-0.2687737481577024,0.9328865728575053,0.31923971639535864
741052427.0,2023-06-26T11:53:47.000,-0.4164020311558936,-1.2173075794374988,-0.1788996295437606
741052447.0,2023-06-26T11:54:07.000,0.30380625561932106,-2.029987249430043,0.7847703919705573
741052467.0,2023-06-26T11:54:27.000,-0.5455957395539279,-1.1356972351883599,-0.8125143920012512
741052487.0,2023-06-26T11:54:47.000,0.14214681718360822,-0.5268377815670355,0.4163387572031496
741052507.0,2023-06-26T11:55:07.000,-0.15124135777089265,-1.41127237199834,-0.8843951488146651
741052527.0,2023-06-26T11:55:27.000,0.7474420166797557,-0.030361374547815956,1.0042826304235142
741052547.0,2023-06-26T11:55:47.000,0.5034579466656197,-0.042783067222273985,0.01988225474258698
741052567.0,2023-06-26T11:56:07.000,-2.3690968838030457,-0.9568945422699926,0.051554383362351075
741052587.0,2023-06-26T11:56:27.000,-0.613237325253202,-1.6709509254253518,1.4036046296905802
741052607.0,2023-06-26T11:56:47.000,-0.8229472387544234,-2.0617358219676696,0.053344211115025075
741052627.0,2023-06-26T11:57:07.000,-0.8879029177233377,-1.0186804730749621,1.4160750837932667
741052647.0,2023-06-26T11:57:27.000,-0.29518954057783375,-1.2921353877537456,-0.025485269061764626
741052667.0,2023-06-26T11:57:47.000,0.2967101398243521,-1.1983731740272674,0.12280724007718291
741052687.0,2023-06-26T11:58:07.000,-0.32699151220061395,-0.554781815487182,0.18903135869940968
741052707.0,2023-06-26T11:58:27.000,-0.9558014804955661,-1.1010022377133666,1.387933466290292
741052727.0,2023-06-26T11:58:47.000,-0.1727150775399089,0.24558492875970117,0.15712099681319813
741052747.0,2023-06-26T11:59:07.000,0.22503032397480638,-2.2221098262109606,0.30035270947026405
741052767.0,2023-06-26T11:59:27.000,-1.7102593267925847,-1.2210033243476026,-1.5578567860385917
741052787.0,2023-06-26T11:59:47.000,-1.5544671426725998,-2.0926798289577775,1.355510770761903
741052807.0,2023-06-26T12:00:07.000,-0.19661744948828996,-0.576657345940923,0.6548408365891767
741052827.0,2023-06-26T12:00:27.000,-0.8022606431179469,-0.16556591554417466,0.21810454745585517
741052847.0,2023-06-26T12:00:47.000,-0.5840057858308434,-2.008538604203469,0.6846041239905176
741052867.0,2023-06-26T12:01:07.000,0.15313745811429413,-0.4044509912648486,-0.4021107871010621
741052887.0,2023-06-26T12:01:27.000,0.04662677657307768,-1.087557522472249,0.7904291394744689
741052907.0,2023-06-26T12:01:47.000,-0.2772192279731911,-1.2813314184345614,0.6434791491982672
741052927.0,2023-06-26T12:02:07.000,-0.8994547638030426,-1.3346144806636318,1.5993648679435424
741052947.0,2023-06-26T12:02:27.000,-0.7782842929793254,-2.663584422457621,0.7719967008990025
741052967.0,2023-06-26T12:02:47.000,-0.5971120494718818,0.45548929091809853,0.12396984825358004
741052987.0,2023-06-26T12:03:07.000,0.11488008081483869,-0.34971647138171136,1.1055484236077717
741053007.0,2023-06-26T12:03:27.000,0.22085276947247934,-0.6380596648369874,-0.1989113603495518
741053027.0,2023-06-26T12:03:47.000,-0.6438948886078322,-1.3154178005847506,0.09750406698705305
741053047.0,2023-06-26T12:04:07.000,0.5799532626804549,-2.6589220684880566,0.12388923450457057
741053067.0,2023-06-26T12:04:27.000,-0.7362636674668188,-1.715280161374011,-0.8439112468838772
741053087.0,2023-06-26T12:04:47.000,0.3342480931034508,-1.2027890127885854,2.014084674706318
741053107.0,2023-06-26T12:05:07.000,0.13487508013776406,-0.6494218046326772,-0.2282122574581713
741053127.0,2023-06-26T12:05:27.000,0.38088741294295403,-0.9192678436131807,0.8876779480471164
741053147.0,2023-06-26T12:05:47.000,-0.11416045895273896,-0.024570656242950406,1.1541504259637847
741053167.0,2023-06-26T12:06:07.000,-0.45982828341673,-0.7213585270116063,0.6597723205103989
741053187.0,2023-06-26T12:06:27.000,-0.731250827989971,-1.355542946823718,1.9510596309890715
741053207.0,2023-06-26T12:06:47.000,-0.4789942060656749,-0.5799610100165609,-0.14620117103625319
741053227.0,2023-06-26T12:07:07.000,-0.5190351189510167,-2.0873334118487463,0.5768702856068231
741053247.0,2023-06-26T12:07:27.000,-2.7974782186412916,-0.5583473650094817,1.2491902802502786
741053267.0,2023-06-26T12:07:47.000,-0.06578752915764596,-0.7512897164052568,0.6160701521262801
741053287.0,2023-06-26T12:08:07.000,2.010149458420152,-2.1164023409459,0.33731127008218564
741053307.0,2023-06-26T12:08:27.000,0.09923443120563036,-0.7810486856607568,1.5777531331084838
741053327.0,2023-06-26T12:08:47.000,0.15817942122797746,-1.152618574284947,1.3251740903608145
741053347.0,2023-06-26T12:09:07.000,0.1336745466984368,-1.3035498997560069,1.3694143105147383
741053367.0,2023-06-26T12:09:27.000,0.19892456432080152,-1.7287522380948772,1.9628448660102826
741053387.0,2023-06-26T12:09:47.000,-0.8564449136883034,-0.6070384682921315,-0.18435343331901777
741053407.0,2023-06-26T12:10:07.000,-0.8673705262363107,-1.1439260033219156,0.6412698034585773
741053427.0,2023-06-26T12:10:27.000,-1.3842716697909374,-1.1423192913917468,1.5705392894194148
741053447.0,2023-06-26T12:10:47.000,-0.7686538792461839,-0.8728553820391838,1.0102668559053285
741053467.0,2023-06-26T12:11:07.000,-0.9738720726515382,-2.2132278196806965,1.5609838795893616
741053487.0,2023-06-26T12:11:27.000,-2.0024083662528724,-0.5786901805748812,1.6889614408710507
741053507.0,2023-06-26T12:11:47.000,-0.8338087496451152,-0.28313033191285086,0.1712136091902572
741053527.0,2023-06-26T12:12:07.000,-2.4396558252592904,-0.1615229915485905,0.9277911678595707
741053547.0,2023-06-26T12:12:27.000,-0.8885907186395592,-1.427242007878693,1.3457993681798008
741053567.0,2023-06-26T12:12:47.000,1.7175264062974094,0.045491385991525135,-0.23062509815208188
741053587.0,2023-06-26T12:13:07.000,-1.8060801982300312,-1.0924442506943244,1.417321176755415
741053607.0,2023-06-26T12:13:27.000,-1.1957713645260881,-1.371087235479962,0.14858192479705323
741053627.0,2023-06-26T12:13:47.000,-2.0712151142854296,-1.7032849662701466,1.2212836378200365
741053647.0,2023-06-26T12:14:07.000,-1.2976106144257926,-0.9381028736155095,1.0688904897526719
741053667.0,2023-06-26T12:14:27.000,-1.6420487807478068,-0.5865765995261008,0.5457031603595119
741053687.0,2023-06-26T12:14:47.000,0.15192088230753242,-0.33000195056587245,0.7409050909457093
741053707.0,2023-06-26T12:15:07.000,0.5119035261014204,-1.660508606615707,1.572262092852661
741053727.0,2023-06-26T12:15:27.000,-0.01169779220155931,-1.770995225736094,0.5191950242733334
741053747.0,2023-06-26T12:15:47.000,-0.14358120632440574,0.08163727750476468,0.5351960428834346
741053767.0,2023-06-26T12:16:07.000,-0.7905933661733755,-1.0388193533383827,2.20887763107136
741053787.0,2023-06-26T12:16:27.000,-1.1230595571842805,-1.5368128298609562,-0.555581218397716
741053807.0,2023-06-26T12:16:47.000,-0.985299626887759,-3.8242515349451445,0.8760885858438705
741053827.0,2023-06-26T12:17:07.000,-0.914743452218314,-1.1324957411518177,1.5615701339011245
741053847.0,2023-06-26T12:17:27.000,-0.5252692282131655,-1.128450401555181,0.9658402822187995
741053867.0,2023-06-26T12:17:47.000,1.160780428277608,-0.9690184580413153,1.0117465255587987
741053887.0,2023-06-26T12:18:07.000,-0.8259073855820809,-1.0703950523938133,0.9335656412257087
741053907.0,2023-06-26T12:18:27.000,0.21964918494044028,-1.9321987997922285,1.3360880957602461
741053927.0,2023-06-26T12:18:47.000,-1.0646906184019755,-2.3730997616655536,-0.018378633981352976
741053947.0,2023-06-26T12:19:07.000,0.16346761464447468,-1.1848325453089892,0.4669463049555844
741053967.0,2023-06-26T12:19:27.000,0.42473111804275376,-0.6420114996963378,-0.047321407825595685
741053987.0,2023-06-26T12:19:47.000,0.8722830060259312,-0.49321376502931,0.6760672033534476
741054007.0,2023-06-26T12:20:07.000,-1.0143423320285727,-1.7130688237609881,1.556641211597487
741054027.0,2023-06-26T12:20:27.000,-0.08432001250557875,-0.1869384958830267,0.08447893601326584
741054047.0,2023-06-26T12:20:47.000,-1.0984650849588107,-2.0852180838693,1.463838913151605
741054067.0,2023-06-26T12:21:07.000,-0.6550788382408967,-0.8419346605226252,1.495288617292534
741054087.0,2023-06-26T12:21:27.000,-0.5756781807586542,-0.18315291476778128,0.9378357731737452
741054107.0,2023-06-26T12:21:47.000,-0.9992807309622265,-2.5921826122932146,2.226760856571808
741054127.0,2023-06-26T12:22:07.000,0.033486982087271855,-1.863842407046068,0.6960534984390421
741054147.0,2023-06-26T12:22:27.000,-0.6572833421203406,-1.3310637072883047,1.4857982291172078
741054167.0,2023-06-26T12:22:47.000,-0.7802060158268453,-2.100009416461379,0.4969494462603308
741054187.0,2023-06-26T12:23:07.000,-0.9652962638551088,-1.2785150647842691,1.0696278755717437
741054207.0,2023-06-26T12:23:27.000,-1.1971440114222354,-0.4661774184344658,1.2934718941925993
741054227.0,2023-06-26T12:23:47.000,0.014282142235533257,-0.4726041289315752,2.039615876192613
741054247.0,2023-06-26T12:24:07.000,-0.4738233164491845,-0.10500202664021074,0.6025230191775144
741054267.0,2023-06-26T12:24:27.000,0.053465301053101655,-1.4155401684479152,-0.03526971324996353
741054287.0,2023-06-26T12:24:47.000,-0.01080041309720059,-1.431217450287292,0.0582298757212385
741054307.0,2023-06-26T12:25:07.000,-1.926014791420183,-1.0017874331746945,1.2976808669962203
741054327.0,2023-06-26T12:25:27.000,-0.4281679553908013,-1.497443259856901,0.8590560980570316
741054347.0,2023-06-26T12:25:47.000,-2.593488170887781,-0.5499991412638572,0.9792629740768
741054367.0,2023-06-26T12:26:07.000,-0.4317490409189162,-1.0700404911134775,-0.42221736969993984
741054387.0,2023-06-26T12:26:27.000,-2.0150323208345533,-1.947093954435264,0.7353063249615488
741054407.0,2023-06-26T12:26:47.000,-1.2258499907824572,-1.7285655663501487,1.5231695631445774
741054427.0,2023-06-26T12:27:07.000,-1.1742357439725737,-0.8306516332767799,2.6452349912831075
741054447.0,2023-06-26T12:27:27.000,-2.3002674680028257,-1.6554226530574034,-0.0008418752694971943
741054467.0,2023-06-26T12:27:47.000,-2.1096223785876944,-0.038907891841688524,1.9213550044971939
741054487.0,2023-06-26T12:28:07.000,-0.9811237720258603,-0.0186056596795936,0.7150444220060947
741054507.0,2023-06-26T12:28:27.000,-1.7734331847374385,-0.4587488961038666,0.33998240779320454
741054527.0,2023-06-26T12:28:47.000,-1.4860443438458049,-1.2140361107415565,-0.22091201994367538
741054547.0,2023-06-26T12:29:07.000,0.39718270422595126,-1.59897984383095,0.7418346626653083
741054567.0,2023-06-26T12:29:27.000,-1.2023307456643373,-0.13570695723830184,1.8128601572242609
741054587.0,2023-06-26T12:29:47.000,-0.22643961639090548,-0.7043061756806246,0.9366722630521629
741054607.0,2023-06-26T12:30:07.000,-0.5665329964155141,-1.2935278216219537,0.9367218364975116
741054627.0,2023-06-26T12:30:27.000,-0.86545804479643,-0.7135366250854425,0.9792436870048604
741054647.0,2023-06-26T12:30:47.000,0.5178762223723155,-0.37717493615030406,1.3717569333770996
741054667.0,2023-06-26T12:31:07.000,-0.6696426985919324,-0.007887419384289274,1.5014362619192312
741054687.0,2023-06-26T12:31:27.000,-2.0844521330998234,0.1583736653487655,1.4170356165466025
741054707.0,2023-06-26T12:31:47.000,-0.21371908962564135,-1.374479939064699,1.083981571869952
741054727.0,2023-06-26T12:32:07.000,0.045290871286685075,-1.0638240488192174,0.8993596796291747
741054747.0,2023-06-26T12:32:27.000,-0.261486983765824,-1.4456884052549412,0.9675768769534798
741054767.0,2023-06-26T12:32:47.000,-0.3002513868533008,-1.1861816839431327,0.9387058796272996
741054787.0,2023-06-26T12:33:07.000,-0.304877190659969,-1.771876624423463,2.1717621566441636
741054807.0,2023-06-26T12:33:27.000,-1.3183600673150053,-2.2393644573015514,1.281524200191786
741054827.0,2023-06-26T12:33:47.000,-1.1015326617180854,0.27953440079331315,-0.3332207113571073
741054847.0,2023-06-26T12:34:07.000,-0.318626615625206,-1.7361445938557374,1.2879091409345733
741054867.0,2023-06-26T12:34:27.000,-1.7984820517180644,-0.9511914341175931,0.5727910584840679
741054887.0,2023-06-26T12:34:47.000,-2.74139761667902,-1.5900468602780826,-0.7909669408112663
741054907.0,2023-06-26T12:35:07.000,-1.5869222182329779,-0.8732601201821844,1.1192406138227362
741054927.0,2023-06-26T12:35:27.000,-1.4571161946363986,0.8846664514949865,0.7272580272665863
741054947.0,2023-06-26T12:35:47.000,-1.3571385386823565,-0.39519458518988415,1.1856784288721833
741054967.0,2023-06-26T12:36:07.000,-0.4494027905810327,0.005732398089541846,1.4810294528766477
741054987.0,2023-06-26T12:36:27.000,-0.8572405379214665,-2.771428833059364,1.0339531486991405
741055007.0,2023-06-26T12:36:47.000,-1.8159464637013123,-1.387145848719129,0.8921482434476324
741055027.0,2023-06-26T12:37:07.000,-0.860525565937742,-1.1579984676823862,0.5127841484098283
741055047.0,2023-06-26T12:37:27.000,-0.9738331647746179,0.8270981491032003,1.5805048461992044
741055067.0,2023-06-26T12:37:47.000,-1.7057299638412182,-1.51698335686401,0.5771984426417021
741055087.0,2023-06-26T12:38:07.000,0.5907459654785896,-0.9485298709144274,-0.1277350558659407
741055107.0,2023-06-26T12:38:27.000,-1.76730728881358,-0.443336906785774,-0.055637126972207795
741055127.0,2023-06-26T12:38:47.000,-0.5638030550092488,-0.9423140407305297,0.7138908285853063
741055147.0,2023-06-26T12:39:07.000,-1.7734318128681537,-1.2741245197567252,1.3789723823820488
741055167.0,2023-06-26T12:39:27.000,-2.0520068770513156,-0.9430308617996985,0.5973413250037751
741055187.0,2023-06-26T12:39:47.000,-0.8259312146208231,-0.6187933455970018,0.9534663344523686
741055207.0,2023-06-26T12:40:07.000,-2.4958591805623875,-0.00467630537626107,0.6874449551275141
741055227.0,2023-06-26T12:40:27.000,-1.548241178261911,-0.1263681154384244,1.5346281252104355
741055247.0,2023-06-26T12:40:47.000,-0.4684896543705186,-0.6764125344171923,1.1512940724767162
741055267.0,2023-06-26T12:41:07.000,-2.417983097180443,-0.6595834162848035,0.8630279434762578
741055287.0,2023-06-26T12:41:27.000,-1.0094950214090126,-0.6971554496026933,2.456704163567025
741055307.0,2023-06-26T12:41:47.000,-0.6455652139192303,-0.2766983331792261,0.8132269466498698
741055327.0,2023-06-26T12:42:07.000,-0.3303899908324581,1.3233720636995905,0.3895502929895933
741055347.0,2023-06-26T12:42:27.000,-1.3579584686729262,-0.7577904607813934,0.221672287425978
741055367.0,2023-06-26T12:42:47.000,-0.6099288648475643,-0.8484691037424774,0.8426174422537791
741055387.0,2023-06-26T12:43:07.000,-0.7017962913469233,-0.9926144072358589,0.47624039811733354
741055407.0,2023-06-26T12:43:27.000,-0.5095511235286843,0.08558339390507541,0.7724370100881117
741055427.0,2023-06-26T12:43:47.000,-0.624182751818303,-0.9187781277120166,0.2507873348656098
741055447.0,2023-06-26T12:44:07.000,-1.4422840083572197,-1.4287524356948467,1.9429991132025037
741055467.0,2023-06-26T12:44:27.000,-1.9377786345198267,-0.015615103876598369,0.40975277414423417
741055487.0,2023-06-26T12:44:47.000,-1.720466922960906,-1.4776425501517032,0.5845207908694583
741055507.0,2023-06-26T12:45:07.000,-0.6070308125827317,0.45287264831550544,0.29781629505842844
741055527.0,2023-06-26T12:45:27.000,-0.5512688325159942,-0.38651648655019244,2.536354542859165
741055547.0,2023-06-26T12:45:47.000,-0.7227702614742704,-0.9082415115990727,0.7529312725296222
741055567.0,2023-06-26T12:46:07.000,-0.53276588743989,-1.5560821728488605,2.0525145115857235
741055587.0,2023-06-26T12:46:27.000,-1.6426983901474124,-1.349181274201694,-0.9353577660742296
741055607.0,2023-06-26T12:46:47.000,-1.0115690530554389,-0.2477817306334451,0.9493147679950908
741055627.0,2023-06-26T12:47:07.000,-0.3650917012376631,0.0991561194152446,1.4070751058969933
741055647.0,2023-06-26T12:47:27.000,-1.4677296022558295,-0.04792588259583397,0.9175324778287752
741055667.0,2023-06-26T12:47:47.000,-0.4606071872248485,0.4033547268522675,1.3617988319003516
741055687.0,2023-06-26T12:48:07.000,-0.2940584012955938,-0.5424915901497407,1.929931102928606
741055707.0,2023-06-26T12:48:27.000,-0.05138670419180258,-0.9596890754415277,1.1263485381718397
741055727.0,2023-06-26T12:48:47.000,-1.5228146594714609,-1.526994262268655,-0.35254518651051114
741055747.0,2023-06-26T12:49:07.000,0.009132273204315311,-1.18977226910566,0.962738248455608
741055767.0,2023-06-26T12:49:27.000,0.635082078959126,-1.6536446170389851,0.5650200659346183
741055787.0,2023-06-26T12:49:47.000,-0.08745983460789475,-0.8362564994479627,0.112188648870859
741055807.0,2023-06-26T12:50:07.000,-0.94158081784812,-0.3374447132720171,0.28364129904812074
741055827.0,2023-06-26T12:50:27.000,-2.400419805326237,0.037311743528167796,1.0336615434591856
741055847.0,2023-06-26T12:50:47.000,-0.8382503480675041,-0.2052460838619652,1.3995398421839944
741055867.0,2023-06-26T12:51:07.000,-2.1370871666648306,-0.6449668188857061,1.2539853679105484
741055887.0,2023-06-26T12:51:27.000,-0.6305641937265349,0.8457137975925733,-0.9028490921214605
741055907.0,2023-06-26T12:51:47.000,-0.4778661551796404,-1.6275496299011927,0.5627085940873577
741055927.0,2023-06-26T12:52:07.000,-0.7668186490783491,-2.071763771738233,1.8628786649932394
741055947.0,2023-06-26T12:52:27.000,-1.102792504181771,0.2418810634119417,0.7035335161442724
741055967.0,2023-06-26T12:52:47.000,-1.1275453386638823,-0.21358874858767862,1.0711549185971059
741055987.0,2023-06-26T12:53:07.000,-1.062170179311206,-0.306110094572265,-0.3668428674163948
741056007.0,2023-06-26T12:53:27.000,-1.9623869334850497,-0.6162450698732336,1.2231532675710532
741056027.0,2023-06-26T12:53:47.000,-1.5041763708589784,-0.46821480769176915,1.8666496525820975
741056047.0,2023-06-26T12:54:07.000,-0.7970628038589389,0.11666260207876533,0.5037432182053436
741056067.0,2023-06-26T12:54:27.000,-1.7218639030591731,-1.1117888706668744,1.518206964978841
741056087.0,2023-06-26T12:54:47.000,-2.606358711154666,0.04099679242752785,0.8313883084642981
741056107.0,2023-06-26T12:55:07.000,-1.3924927495079231,-1.791167252251924,0.41943238978658925
741056127.0,2023-06-26T12:55:27.000,0.09023509159877818,-0.7346402995600521,0.8244973284443624
741056147.0,2023-06-26T12:55:47.000,-1.1873238803139508,-1.3184387073095216,0.8347500696004317
741056167.0,2023-06-26T12:56:07.000,0.0354909389543856,-0.7901420485234567,-0.276465982640417
741056187.0,2023-06-26T12:56:27.000,-0.5985872778446755,-0.27009532537203285,0.960510505065848
741056207.0,2023-06-26T12:56:47.000,-0.8736617744253827,-0.8403136697143765,0.5469018342862952
741056227.0,2023-06-26T12:57:07.000,-2.0558347233912144,0.48354220520963054,0.4867181753964722
741056247.0,2023-06-26T12:57:27.000,-0.7868413178013789,-1.527356113451006,0.521653418461554
741056267.0,2023-06-26T12:57:47.000,-1.4347696561167744,-1.3753952352035803,0.5872580720045484
741056287.0,2023-06-26T12:58:07.000,0.18120539325705565,-0.25355565653750745,1.4295180325474277
741056307.0,2023-06-26T12:58:27.000,-2.0715558904926823,-0.7926652252576716,1.703816422915505
741056327.0,2023-06-26T12:58:47.000,-1.5639960683544452,-0.16588703667386184,2.2506793411647408
741056347.0,2023-06-26T12:59:07.000,0.02900223861068696,-2.5685086088023112,1.7480911088996187
741056367.0,2023-06-26T12:59:27.000,-0.4491367692427417,-0.7802366320364129,1.3550477727219956
741056387.0,2023-06-26T12:59:47.000,-0.5305172316449891,-1.0212087467653674,0.41632200133978614
741056407.0,2023-06-26T13:00:07.000,-1.2800653113820282,-0.49460989474114925,1.1509619919802816
741056427.0,2023-06-26T13:00:27.000,-1.3343154392719825,0.7040282822390331,0.3667516798588899
741056447.0,2023-06-26T13:00:47.000,0.15525985876951864,-0.15081124236093757,0.211493427104692
741056467.0,2023-06-26T13:01:07.000,-2.1431448116837615,-1.3134840857631502,-0.33066282435489924
741056487.0,2023-06-26T13:01:27.000,-1.0747103569741512,-0.5046096695493496,1.230179214528615
741056507.0,2023-06-26T13:01:47.000,-0.8894159725714168,1.2783409082617325,-0.22472698305575634
741056527.0,2023-06-26T13:02:07.000,-1.738503340620312,-1.1937343951995416,1.6749279025063402
741056547.0,2023-06-26T13:02:27.000,-0.8351084077928839,-0.390515946879777,0.733241320693967
741056567.0,2023-06-26T13:02:47.000,0.10794322815588231,-0.5640283774366317,-0.24682703381184723
741056587.0,2023-06-26T13:03:07.000,-1.5106103090412049,-0.41357483271386997,0.731004925957901
741056607.0,2023-06-26T13:03:27.000,0.48415903366461066,0.05932396963670428,0.7931152955720222
741056627.0,2023-06-26T13:03:47.000,-2.7591448193198254,-0.6658339126719426,0.8445647353472197
741056647.0,2023-06-26T13:04:07.000,-1.3475121793060651,-0.09636649245248208,0.2380481816999236
741056667.0,2023-06-26T13:04:27.000,-0.7241733936846906,-0.21658363412724313,0.7840426037075687
741056687.0,2023-06-26T13:04:47.000,-1.822200723178291,0.5837099129712975,-0.6757578842164769
741056707.0,2023-06-26T13:05:07.000,-1.0349663839614998,-0.4658981197502854,-0.19550504731791207
741056727.0,2023-06-26T13:05:27.000,-1.3322234209467432,0.041563816488565664,0.6712877844927689
741056747.0,2023-06-26T13:05:47.000,-0.5778651944288171,-1.2293004892693915,1.4106198539920456
741056767.0,2023-06-26T13:06:07.000,-1.1345384641092693,-0.6423635961816387,0.6633380372322861
741056787.0,2023-06-26T13:06:27.000,-2.638307922531169,0.40046185507680576,-0.3216098050540239
741056807.0,2023-06-26T13:06:47.000,-0.5682888926439311,-0.08303250966790188,1.2205981258728293
741056827.0,2023-06-26T13:07:07.000,-2.097309597293151,0.8912509027125814,-0.521121259577928
741056847.0,2023-06-26T13:07:27.000,-0.864193349947584,-0.6511114465257428,0.0533858071416482
741056867.0,2023-06-26T13:07:47.000,-3.119280995966811,0.3539159194709818,0.5068940360453134
741056887.0,2023-06-26T13:08:07.000,-1.7315857076205532,-0.2258516420550194,0.05024672284914544
741056907.0,2023-06-26T13:08:27.000,0.19053340881702852,-0.5565113138650268,1.5259440015236159
741056927.0,2023-06-26T13:08:47.000,-1.4818745722511295,0.476635657808977,0.6656058881060467
741056947.0,2023-06-26T13:09:07.000,-1.1826197312769793,-2.0653504674505996,0.4163298030657181
741056967.0,2023-06-26T13:09:27.000,-0.8788700176620701,-0.3928918391626901,-0.14152231007091842
741056987.0,2023-06-26T13:09:47.000,-0.9348803767128544,-1.0145747146750317,0.6083801788347998
741057007.0,2023-06-26T13:10:07.000,-1.978613493014425,0.2689501243380299,1.1140224348005212
741057027.0,2023-06-26T13:10:27.000,-1.1171443662805203,-1.2062440443161293,-0.9572045231442949
741057047.0,2023-06-26T13:10:47.000,-0.8429801439224782,-0.8769025323540625,-0.29578773457217267
741057067.0,2023-06-26T13:11:07.000,-2.1310596108770063,-1.1906723247023798,0.7780846278282461
741057087.0,2023-06-26T13:11:27.000,-1.7402338908567572,0.3129348242203456,1.3790481030784285
741057107.0,2023-06-26T13:11:47.000,-0.7435409389189296,-1.3229383370783054,0.23538045629267756
741057127.0,2023-06-26T13:12:07.000,-1.5838119961197883,-0.8521725680776804,1.2828667753761458
741057147.0,2023-06-26T13:12:27.000,-0.9936230950691183,-1.1678544838522598,0.14186171370944578
741057167.0,2023-06-26T13:12:47.000,-2.3082222114667594,-2.4727194913976014,1.4620139284216016
741057187.0,2023-06-26T13:13:07.000,-0.07102049871532401,-1.1337448892034807,1.865769530373651
741057207.0,2023-06-26T13:13:27.000,-0.06186479029057779,-2.2635171587404024,0.08861411407989905
741057227.0,2023-06-26T13:13:47.000,-1.0720975687883438,-0.6799721616768117,0.1532358025801983
741057247.0,2023-06-26T13:14:07.000,-1.0819316230592513,0.2480530519655133,-0.01981178484600221
741057267.0,2023-06-26T13:14:27.000,-0.6690541593745714,0.931435012818671,1.8804903620606161
741057287.0,2023-06-26T13:14:47.000,-1.71741239206602,0.511000112457527,1.5481287546581513
741057307.0,2023-06-26T13:15:07.000,-2.526332689012367,-0.19699574581588664,1.1600565106517635
741057327.0,2023-06-26T13:15:27.000,-1.4793541814217548,0.2079510735941703,-0.4040349552925093
741057347.0,2023-06-26T13:15:47.000,-1.5063449377183957,0.1571206927231117,1.4516043512213805
741057367.0,2023-06-26T13:16:07.000,-1.131049619562674,1.62033008067608,-0.8422526913909323
741057387.0,2023-06-26T13:16:27.000,-2.936590226287894,-1.8016126043685077,0.14462711398488537
741057407.0,2023-06-26T13:16:47.000,-1.9316625281651234,0.7691546600629984,0.6274643387538248
741057427.0,2023-06-26T13:17:07.000,-0.13642922418455328,-0.16920009859866525,-0.6077594725484303
741057447.0,2023-06-26T13:17:27.000,-0.8888263736683832,0.3610874931725405,1.6349075789845458
741057467.0,2023-06-26T13:17:47.000,-2.220613431036522,-1.48811043647612,0.9535145651384802
741057487.0,2023-06-26T13:18:07.000,-2.224775654036115,-0.4993398466379695,0.3815062767364985
741057507.0,2023-06-26T13:18:27.000,-0.5627838161825771,0.4601070481613512,0.9945291700508285
741057527.0,2023-06-26T13:18:47.000,-0.6024220283284976,1.0582372872991463,0.9176072249039713
741057547.0,2023-06-26T13:19:07.000,-1.3764833243223862,0.052027933228337986,0.6034970062684941
741057567.0,2023-06-26T13:19:27.000,0.161261824194181,0.6174434865058309,0.07656164602298787
741057587.0,2023-06-26T13:19:47.000,-1.165495563693053,-1.0261360349428372,0.9088774314158776
741057607.0,2023-06-26T13:20:07.000,-0.9911992783884216,-0.495852077797565,1.6342323141738113
741057627.0,2023-06-26T13:20:27.000,-0.9209924921371737,-0.1215563209089332,0.8472758139088654
741057647.0,2023-06-26T13:20:47.000,-2.3325727339651436,-0.683879507423768,1.7606364292821475
741057667.0,2023-06-26T13:21:07.000,-0.7778784178125164,0.8544486230888104,0.7335365340477296
741057687.0,2023-06-26T13:21:27.000,-0.9192979874672602,-1.4594079159158113,1.4573391388661427
741057707.0,2023-06-26T13:21:47.000,-1.7371398088328327,-0.1308675227185141,0.7265103192044542
741057727.0,2023-06-26T13:22:07.000,-0.6665937535954569,-0.25748806666836543,0.5958885320844765
741057747.0,2023-06-26T13:22:27.000,-1.337239768250953,-0.16362923589419154,0.8637451824111686
741057767.0,2023-06-26T13:22:47.000,-1.5942497911813902,-0.2687649952259896,-0.8929859387940553
741057787.0,2023-06-26T13:23:07.000,-1.718027806685285,0.2961976770521346,-0.07377046840062462
741057807.0,2023-06-26T13:23:27.000,-2.0999707442626026,-1.3706966242033047,0.4291337221573599
741057827.0,2023-06-26T13:23:47.000,-1.5277970026428278,0.7145127682184338,2.1798742656620185
741057847.0,2023-06-26T13:24:07.000,-1.439179889595188,0.8673263953706822,1.7419921490624546
741057867.0,2023-06-26T13:24:27.000,-1.4922857851429328,0.4709443126471591,0.5828805328400577
741057887.0,2023-06-26T13:24:47.000,-2.2686542502925455,0.7205282848032901,0.2880612881561717
741057907.0,2023-06-26T13:25:07.000,-1.1322926994683513,-0.8803722281180981,1.053294402730831
741057927.0,2023-06-26T13:25:27.000,-0.5132101989047122,0.118762539369488,0.8010687814752337
741057947.0,2023-06-26T13:25:47.000,-3.6035535166178967,-1.0411824173828244,-0.808061910018143
741057967.0,2023-06-26T13:26:07.000,-1.42106784969398,-0.12344627819960152,-1.0032252688918497
741057987.0,2023-06-26T13:26:27.000,-2.2013747813631745,0.817520818841011,2.566908021672809
741058007.0,2023-06-26T13:26:47.000,-1.8498325813465222,2.0320912915039457,0.5493402131184766
741058027.0,2023-06-26T13:27:07.000,-2.4957177441331524,-0.9273438266621525,0.0036445694462372558
741058047.0,2023-06-26T13:27:27.000,-0.5390485736445072,0.18892296127503982,1.156191229889636
741058067.0,2023-06-26T13:27:47.000,-0.4956430067704076,-0.7730984621479031,0.07912076683824765
741058087.0,2023-06-26T13:28:07.000,0.4843380045693735,-1.7139085098150098,0.6736526162565148
741058107.0,2023-06-26T13:28:27.000,-2.3084298309883344,0.5947240502734985,0.7202396327343763
741058127.0,2023-06-26T13:28:47.000,-1.2990342589613846,-0.3726189186203932,0.3701362746300063
741058147.0,2023-06-26T13:29:07.000,-1.2900877580546144,-0.4826657284517921,0.1692846795409153
741058167.0,2023-06-26T13:29:27.000,-1.320052802267213,-0.2733795652520854,2.169840810595236
741058187.0,2023-06-26T13:29:47.000,-1.4172892356389966,-0.2921485960816206,-0.06756179092848313
741058207.0,2023-06-26T13:30:07.000,-2.9060724200724586,0.3911289685132324,0.5935807127488424
741058227.0,2023-06-26T13:30:27.000,-2.7521024881016487,-0.9249797713439811,0.218415539987582
741058247.0,2023-06-26T13:30:47.000,-0.2065675687834556,-0.44977098602183574,1.5796644603383037
741058267.0,2023-06-26T13:31:07.000,-1.7389326600003585,-0.38589644036912674,-0.10792201096121445
741058287.0,2023-06-26T13:31:27.000,-1.3136329281016046,-0.7776964184302848,-0.02720042920900667
741058307.0,2023-06-26T13:31:47.000,0.8129921374111504,-0.025217666022037122,0.042360163576837806
741058327.0,2023-06-26T13:32:07.000,-1.0319233842426279,1.2639512255163687,0.3472081503641533
741058347.0,2023-06-26T13:32:27.000,-0.8442443959921775,0.8955951921074679,0.24896000198060264
741058367.0,2023-06-26T13:32:47.000,-1.4922325167532335,1.4991424968746614,-1.010931251976821
741058387.0,2023-06-26T13:33:07.000,-1.6682496111530831,-0.5173546027581466,-1.5721287102143933
741058407.0,2023-06-26T13:33:27.000,-0.9701498703051925,-0.25821138960324674,-0.919241104635482
741058427.0,2023-06-26T13:33:47.000,-0.38468914803635457,0.574748239334788,0.6861986448392088
741058447.0,2023-06-26T13:34:07.000,-1.2934202261893901,-0.468548873999719,-0.6358217974455904
741058467.0,2023-06-26T13:34:27.000,-0.7713417560006874,0.6611964133207415,0.1407753965732006
741058487.0,2023-06-26T13:34:47.000,0.37152430778508716,0.002832028112020879,-0.23334473303604497
741058507.0,2023-06-26T13:35:07.000,0.1538093735709012,1.2116400287753848,0.4135720036435586
741058527.0,2023-06-26T13:35:27.000,-0.909469902521387,0.895477895734853,0.09868658250589135
741058547.0,2023-06-26T13:35:47.000,-2.6417824772084764,-0.5505015545415048,-0.363317431706367
741058567.0,2023-06-26T13:36:07.000,-0.7372994822008039,-0.06733735389286011,0.0054253165293616235
741058587.0,2023-06-26T13:36:27.000,-0.7779702226429208,-0.030142682450051694,0.549086919432451
741058607.0,2023-06-26T13:36:47.000,-1.4709028131831836,-0.5202919195479438,0.5283569869951599
741058627.0,2023-06-26T13:37:07.000,-0.9691948035128739,1.491158627309197,-1.151188176051754
741058647.0,2023-06-26T13:37:27.000,-1.8695197475437908,-0.10132053789302375,0.7319813931316865
741058667.0,2023-06-26T13:37:47.000,-1.8321797076170654,-0.14325304489304358,1.0513350706342628
741058687.0,2023-06-26T13:38:07.000,-0.06453143119866667,-0.034953137117987865,-1.149561170787905
741058707.0,2023-06-26T13:38:27.000,-0.32633689394101495,-0.05312131141632648,-0.12973652282477488
741058727.0,2023-06-26T13:38:47.000,-1.9738644956190932,0.6122852420076264,0.38139866588293714
741058747.0,2023-06-26T13:39:07.000,-1.8421767186360682,0.019678868667938332,0.5606288335902043
741058767.0,2023-06-26T13:39:27.000,-1.504369468696698,0.7424649878906564,0.7658858821812942
741058787.0,2023-06-26T13:39:47.000,1.3136254108148115,2.1473711912300963,-1.0744909102466949
741058807.0,2023-06-26T13:40:07.000,-0.6547233135312247,-1.2983084115458787,1.0910042766876238
741058827.0,2023-06-26T13:40:27.000,-2.342477411143573,-0.5586350655062411,0.400544595557939
741058847.0,2023-06-26T13:40:47.000,-3.0579077165415747,-0.5512966233855998,0.913216035025588
741058867.0,2023-06-26T13:41:07.000,-0.3589023801486846,0.39805954252791764,0.24677761830682599
741058887.0,2023-06-26T13:41:27.000,-0.6033191860765896,1.6185951130731624,0.9069005556860965
741058907.0,2023-06-26T13:41:47.000,-2.482953162274981,-0.5792621366573769,0.4230702167595801
741058927.0,2023-06-26T13:42:07.000,-0.6144908151650696,-0.2765318494857283,2.36644319813184
741058947.0,2023-06-26T13:42:27.000,-2.8137249982296275,-0.6054020335044541,-1.0360047541513318
741058967.0,2023-06-26T13:42:47.000,-0.4971147912313789,0.3697605470143195,-0.17956881834813032
741058987.0,2023-06-26T13:43:07.000,-0.015096804040215517,1.0059306504772714,-1.1723235136984478
741059007.0,2023-06-26T13:43:27.000,-1.5829707924464032,0.2311225666185024,-0.37528632031991194
741059027.0,2023-06-26T13:43:47.000,-1.38500680141318,-0.13473764027827073,0.0741698648498712
741059047.0,2023-06-26T13:44:07.000,-2.4449697443307272,-0.0253854391174535,0.8109364260433516
741059067.0,2023-06-26T13:44:27.000,-1.087114809439349,-0.7792986455146256,0.5061803075356863
741059087.0,2023-06-26T13:44:47.000,-1.5118094424670936,0.9526698057760186,0.9950462583563358
741059107.0,2023-06-26T13:45:07.000,-0.3608188101966725,0.6764044353957388,-0.8812583350059633
741059127.0,2023-06-26T13:45:27.000,-0.9569629531802626,0.4088601887386467,0.16275139309573916
741059147.0,2023-06-26T13:45:47.000,-3.3342154243221067,1.4366077800698207,0.14813163852211986
741059167.0,2023-06-26T13:46:07.000,-1.4347895614275075,0.5279938849800381,1.1456922480390652
741059187.0,2023-06-26T13:46:27.000,-0.9976822279988973,0.7059776701900944,1.2862482462461244
741059207.0,2023-06-26T13:46:47.000,-1.7241540818391243,1.3202981399174085,-0.8748871664465696
741059227.0,2023-06-26T13:47:07.000,-2.3731046661423782,0.3698676182994909,1.8782426976726718
741059247.0,2023-06-26T13:47:27.000,-2.6082173843033907,-0.7720565130542312,0.7763713443464937
741059267.0,2023-06-26T13:47:47.000,-0.2205655523890293,0.6821315228999758,1.055545727157714
741059287.0,2023-06-26T13:48:07.000,-1.260646729239756,1.262275312174932,0.07633990702915483
741059307.0,2023-06-26T13:48:27.000,-2.1293257530863308,-0.17125488314118087,-0.7562577619801836
741059327.0,2023-06-26T13:48:47.000,-0.9561449410555589,0.5437560798626784,0.8743974343916605
741059347.0,2023-06-26T13:49:07.000,-1.5772681770997998,-0.2993081619884208,-1.2563611658689133
741059367.0,2023-06-26T13:49:27.000,-0.697364298740677,0.13476031487380524,0.021983609899134393
741059387.0,2023-06-26T13:49:47.000,-1.2748807773466098,1.5474244510760293,-1.55389931798533
741059407.0,2023-06-26T13:50:07.000,-0.1446224102474858,0.4653816537469879,-0.519768830609113
741059427.0,2023-06-26T13:50:27.000,-0.9394983963795234,-0.22367641445697473,0.6097807209504147
741059447.0,2023-06-26T13:50:47.000,-1.6957962297392548,1.6625913585532892,0.5084807750188602
741059467.0,2023-06-26T13:51:07.000,-2.9334595398111674,-0.32965872228674087,0.7584524936765646
741059487.0,2023-06-26T13:51:27.000,-0.9779793346154086,0.43681255865735125,0.38650787613780935
741059507.0,2023-06-26T13:51:47.000,-0.4241903914792289,2.006088313033505,1.154613993514797
741059527.0,2023-06-26T13:52:07.000,-1.3834568531767566,1.6124511493353921,-0.5433724425407682
741059547.0,2023-06-26T13:52:27.000,-2.428339393234502,0.6193014746691539,-1.8363220484540754
741059567.0,2023-06-26T13:52:47.000,-1.1981199357635752,0.6506696487607044,0.637520486368448
741059587.0,2023-06-26T13:53:07.000,-1.5725779188513478,-0.1653946304913667,0.5420129646771521
741059607.0,2023-06-26T13:53:27.000,-1.2458802793102741,0.640658095074631,-0.06061381626620843
741059627.0,2023-06-26T13:53:47.000,-2.184696875140446,-0.27663389495780066,-0.526780383014458
741059647.0,2023-06-26T13:54:07.000,-1.2391799392275082,-0.02992575713900436,-0.7036915580238556
741059667.0,2023-06-26T13:54:27.000,-1.2587756527793204,0.10459110211247236,-0.3657691207914482
741059687.0,2023-06-26T13:54:47.000,-0.7067840155139393,0.6623633936997386,-0.3534402875704501
741059707.0,2023-06-26T13:55:07.000,-3.4612168963277234,0.4611116602881715,0.66730738894627
741059727.0,2023-06-26T13:55:27.000,-1.7791854144966202,-1.2060720118278745,-0.5708332891041223
741059747.0,2023-06-26T13:55:47.000,-1.7920618406885858,-0.5096448155494926,-0.6629530557522578
741059767.0,2023-06-26T13:56:07.000,-0.7213858516541549,0.7649214002869442,0.1872330294139246
741059787.0,2023-06-26T13:56:27.000,-2.058666923199226,-0.4240756246498556,-0.37861281020346027
741059807.0,2023-06-26T13:56:47.000,-1.4649922057463627,-1.5433532111974735,-0.39293693765429794
741059827.0,2023-06-26T13:57:07.000,-1.3457311014208884,0.9767891924972183,-1.2554808178411037
741059847.0,2023-06-26T13:57:27.000,-1.1726916139820354,1.4898355251813378,-0.7662884786374669
741059867.0,2023-06-26T13:57:47.000,-0.7411280186220282,-0.2161795456645521,0.12099482386007665
741059887.0,2023-06-26T13:58:07.000,-0.8871061071391573,0.8343422242096388,0.29433869068729024
741059907.0,2023-06-26T13:58:27.000,-0.9051673636961688,-0.4059479668416799,-0.37950960354304897
741059927.0,2023-06-26T13:58:47.000,-1.9918283415298887,2.116820000919173,1.499875851052046
741059947.0,2023-06-26T13:59:07.000,0.4857758477139207,1.3068518805114948,-0.10067185495232778
741059967.0,2023-06-26T13:59:27.000,-0.714260881840012,-0.17856518806924626,0.710771438572344
741059987.0,2023-06-26T13:59:47.000,-1.2135141103319924,1.5366812250339201,-0.9153909267256566
741060007.0,2023-06-26T14:00:07.000,0.03680993569954438,0.8136483849341403,-0.8827079378437297
741060027.0,2023-06-26T14:00:27.000,-1.4319810393792487,0.6803836341995328,-0.4163895599651468
741060047.0,2023-06-26T14:00:47.000,-1.972882103218332,0.7443159596332016,1.062984395272526
741060067.0,2023-06-26T14:01:07.000,-2.41599837855766,1.4240509132901202,-0.5443702849494692
741060087.0,2023-06-26T14:01:27.000,-0.9975380257154498,-0.143354194315215,0.9286828034915651
741060107.0,2023-06-26T14:01:47.000,-0.9376905241276212,-1.0166949885981325,0.17861236433214245
741060127.0,2023-06-26T14:02:07.000,-1.185318377550093,-0.03615953386715276,-0.39998414923525516
741060147.0,2023-06-26T14:02:27.000,-1.6328199505810659,-0.2810629836202949,-0.30917658766504985
741060167.0,2023-06-26T14:02:47.000,-2.236740908523327,1.7394833636164009,0.8590649049122767
741060187.0,2023-06-26T14:03:07.000,-1.7256079543948033,1.3920848817017273,0.30253215729247884
741060207.0,2023-06-26T14:03:27.000,-1.7782264494559108,0.22624272918436716,-0.7414467288802129
741060227.0,2023-06-26T14:03:47.000,-2.214792781507491,1.604006807076619,0.24600983080658168
741060247.0,2023-06-26T14:04:07.000,-0.8316958090226478,0.16613697474410216,-1.2386362711169774
741060267.0,2023-06-26T14:04:27.000,-1.537762077741256,0.8247842086639423,0.9118861464596506
741060287.0,2023-06-26T14:04:47.000,-0.5542545602477134,-0.014538298231947522,1.3756844961854142
741060307.0,2023-06-26T14:05:07.000,-2.7036085495035778,0.35846877832756974,-1.6289041302131047
741060327.0,2023-06-26T14:05:27.000,-0.24175295482153913,1.6125863518512418,-0.7913513662693994
741060347.0,2023-06-26T14:05:47.000,-0.5734913827826205,0.20054077881637156,1.4635093966042234
741060367.0,2023-06-26T14:06:07.000,-0.8253295727178589,0.7116348506475134,-0.7537138278834732
741060387.0,2023-06-26T14:06:27.000,-1.9009023584537488,0.7742040629588054,0.8070816598371167
741060407.0,2023-06-26T14:06:47.000,-2.1255527888119907,0.786520303686089,0.27068536468943805
741060427.0,2023-06-26T14:07:07.000,-1.461228858079533,1.2482539093028322,-0.6485723286764333
741060447.0,2023-06-26T14:07:27.000,-0.9063165612666069,0.7833894976716493,-0.7255718769805242
741060467.0,2023-06-26T14:07:47.000,-2.1045085066284663,0.684985133148075,-0.988732236617551
741060487.0,2023-06-26T14:08:07.000,-0.3543929732008344,0.21183343192898718,-0.6711083619825864
741060507.0,2023-06-26T14:08:27.000,-1.850083371468525,0.6472572228521933,-0.59323462842098
741060527.0,2023-06-26T14:08:47.000,-1.0464645489816071,0.4705904312896081,1.0233074550058952
741060547.0,2023-06-26T14:09:07.000,-1.3050199476727364,2.1410844180613786,0.2849220879896919
741060567.0,2023-06-26T14:09:27.000,-0.15674923379283,0.44182810090553915,-1.0683586614379514
741060587.0,2023-06-26T14:09:47.000,-1.094402384183013,0.40075572730335907,1.2266914864556
741060607.0,2023-06-26T14:10:07.000,-0.2733724463133136,0.4739011513210656,-0.8470493076617736
741060627.0,2023-06-26T14:10:27.000,-0.6866663286309027,0.9187256349685313,0.18605269425098214
741060647.0,2023-06-26T14:10:47.000,-2.227204137683625,1.4243416697090616,-1.7149953189243838
741060667.0,2023-06-26T14:11:07.000,-1.5003592267248678,1.2852313564071238,0.9869562845321589
741060687.0,2023-06-26T14:11:27.000,-2.0992785310425255,0.5685341028960345,-0.14208158826134465
741060707.0,2023-06-26T14:11:47.000,-3.2792650514035238,1.0046470673708008,0.6315662053668625
741060727.0,2023-06-26T14:12:07.000,-0.47682357882106174,1.142073310289593,0.4418158849439635
741060747.0,2023-06-26T14:12:27.000,-0.32874839847041315,0.9694617950750661,-0.4669770384047034
741060767.0,2023-06-26T14:12:47.000,-0.28362589556962803,0.6221002914141849,-0.3991683811155333
741060787.0,2023-06-26T14:13:07.000,-1.0231543565053514,0.4663639842972245,-1.897636351688714
741060807.0,2023-06-26T14:13:27.000,-0.3569263720915039,2.0297020027038037,-0.37311559688557594
741060827.0,2023-06-26T14:13:47.000,-1.0738668596022016,-0.34276869129712395,-0.9403648128514241
741060847.0,2023-06-26T14:14:07.000,-0.5900930055924292,1.195492212591187,-0.6784014455862852
741060867.0,2023-06-26T14:14:27.000,0.4331011686953268,0.42946908029861675,0.6996201832198956
741060887.0,2023-06-26T14:14:47.000,-0.3673299774353822,0.6955908950501133,-0.218018636244377
741060907.0,2023-06-26T14:15:07.000,-0.9467921637695831,-0.4024789534318174,0.27060941147905027
741060927.0,2023-06-26T14:15:27.000,-1.7353115097873406,0.9305820805938225,-0.6460598020563424
741060947.0,2023-06-26T14:15:47.000,-1.1866359782120028,0.4501841906923154,0.18308473657135949
741060967.0,2023-06-26T14:16:07.000,-0.5375672845531199,0.8458833904989582,0.9784557315706266
741060987.0,2023-06-26T14:16:27.000,-2.026044166703045,1.799241140876262,-1.1051799365335846
741061007.0,2023-06-26T14:16:47.000,-1.81842295624568,0.6313400223278975,-0.5711276641950924
741061027.0,2023-06-26T14:17:07.000,-1.8350900768293599,-0.6327738855560483,0.1667475426403442
741061047.0,2023-06-26T14:17:27.000,-2.9479335798776596,1.525053485895711,-0.18046673339044972
741061067.0,2023-06-26T14:17:47.000,-0.8426494891522474,1.6804461331121345,-1.321555844591149
741061087.0,2023-06-26T14:18:07.000,-1.7822286444313384,0.3383602352302617,-0.786225705340371
741061107.0,2023-06-26T14:18:27.000,-0.5707985557545925,0.9624357696136343,-0.6221640230341663
741061127.0,2023-06-26T14:18:47.000,-1.5775491804870256,-0.2131669833649319,0.3172262690531724
741061147.0,2023-06-26T14:19:07.000,-1.2565505879469363,2.0005009898294013,-0.5402402200260781
741061167.0,2023-06-26T14:19:27.000,-1.1635766015705151,-0.9861413654665974,0.6431749599244974
741061187.0,2023-06-26T14:19:47.000,-0.6710313497526599,0.8862337999793191,0.6596390554780562
741061207.0,2023-06-26T14:20:07.000,-1.4737188877567142,0.7020072236185726,-0.6855582000753202
741061227.0,2023-06-26T14:20:27.000,-2.6512109613685553,1.1325619752700078,-1.2524858411411266
741061247.0,2023-06-26T14:20:47.000,-0.8771014405439814,1.5761775377876042,-1.2017487089122092
741061267.0,2023-06-26T14:21:07.000,0.33757934461142725,-0.3156417488048291,-0.3067002537271435
741061287.0,2023-06-26T14:21:27.000,-0.6133443947398121,1.6246493394933559,-0.9213374884020631
741061307.0,2023-06-26T14:21:47.000,-0.8857181990507002,0.4258384995958764,0.06549611603068328
741061327.0,2023-06-26T14:22:07.000,-0.0005515865764138539,0.3148428467270037,-0.44816043955897555
741061347.0,2023-06-26T14:22:27.000,-1.1836159459543971,1.8311792995939769,-0.9320403219215123
741061367.0,2023-06-26T14:22:47.000,-0.1960652418087072,0.706766710156792,-0.7346871688684864
741061387.0,2023-06-26T14:23:07.000,-0.6361619083516956,0.7349769486353352,-0.8912873309396829
741061407.0,2023-06-26T14:23:27.000,-1.7246202698273372,1.598079269782282,-1.0730362318023268
741061427.0,2023-06-26T14:23:47.000,-0.9492907586006183,0.2133528862913181,-0.9537448546259597
741061447.0,2023-06-26T14:24:07.000,-1.2989582649503006,1.8538757671326955,-1.2647861517778303
741061467.0,2023-06-26T14:24:27.000,-0.25979049781410524,0.7510419455014627,-0.3052957943783241
741061487.0,2023-06-26T14:24:47.000,-0.2979333786345961,0.9947051593739431,0.10293798243798946
741061507.0,2023-06-26T14:25:07.000,-0.9894407062005506,0.06485555396062992,-0.49510730572022155
741061527.0,2023-06-26T14:25:27.000,-1.5835105408923411,1.2605845718272057,-1.350043195036399
741061547.0,2023-06-26T14:25:47.000,-1.1233448710235017,0.6026397961989005,0.2871415738514571
741061567.0,2023-06-26T14:26:07.000,-1.4349354587217533,1.1221074869283143,-2.1857775965195003
741061587.0,2023-06-26T14:26:27.000,0.25568494351757565,0.584593184893567,-0.7128229730812841
741061607.0,2023-06-26T14:26:47.000,-0.061482329494211285,0.6167026365577755,0.5732222703169754
741061627.0,2023-06-26T14:27:07.000,-1.2129279055805853,1.2476005815775792,-0.7329070354611389
741061647.0,2023-06-26T14:27:27.000,-0.8655371384946875,0.8226374319075802,-1.2198656077933023
741061667.0,2023-06-26T14:27:47.000,-0.9482842363017774,0.6652923412509004,0.9544694409835408
741061687.0,2023-06-26T14:28:07.000,-0.721051664409611,2.174082790662446,-1.658232346235522
741061707.0,2023-06-26T14:28:27.000,-0.7783217620072058,1.9303617066812606,-2.2451427835190607
741061727.0,2023-06-26T14:28:47.000,0.5727584865056201,2.275165934617629,-0.6905632796594396
741061747.0,2023-06-26T14:29:07.000,-0.4338442819995514,0.7879114977127344,-0.9524415506279027
741061767.0,2023-06-26T14:29:27.000,-0.7209997445078997,1.5648277140400957,-0.8377229905098815
741061787.0,2023-06-26T14:29:47.000,-0.5141780144324315,1.333378973567001,-0.1408058839524884
741061807.0,2023-06-26T14:30:07.000,-0.6263101034464924,0.5692763621167884,-0.8646665972888989
741061827.0,2023-06-26T14:30:27.000,-0.655657731174486,1.6403687868704608,0.36808728535175916
741061847.0,2023-06-26T14:30:47.000,-2.521055950399642,1.8753396973325565,-0.14576516650377513
741061867.0,2023-06-26T14:31:07.000,-1.0937607469063693,0.9244744676784045,-1.5365427437408208
741061887.0,2023-06-26T14:31:27.000,-0.29341011700267927,0.7619176894735347,-1.0740589824531632
741061907.0,2023-06-26T14:31:47.000,0.004531747477276582,2.0843488228727836,-0.3595817652968236
741061927.0,2023-06-26T14:32:07.000,-0.3657241664511979,0.7462801339230829,-1.5511389556799315
741061947.0,2023-06-26T14:32:27.000,-1.6675988616987603,1.3447422228085593,-1.1178734539707413
741061967.0,2023-06-26T14:32:47.000,-1.0858324888229909,1.1569126306287814,0.10793756984872616
741061987.0,2023-06-26T14:33:07.000,0.7101284503430172,0.7003549332806891,-1.2899069854910294
741062007.0,2023-06-26T14:33:27.000,-1.335934927282345,0.25643654416596107,-0.667096918238741
741062027.0,2023-06-26T14:33:47.000,-0.45797682149961716,-0.10258520716233122,-1.8270585888879864
741062047.0,2023-06-26T14:34:07.000,-1.1702253563838916,1.1252664426586456,0.23200374641429988
741062067.0,2023-06-26T14:34:27.000,-2.1447451249656524,2.1335261053856414,-0.9655212415249359
741062087.0,2023-06-26T14:34:47.000,-2.213837916453798,1.1297222721640132,-1.471957883780739
741062107.0,2023-06-26T14:35:07.000,-0.9248008802087426,1.1631189175798085,-1.5664914276403152
741062127.0,2023-06-26T14:35:27.000,-0.5163570599098222,-0.5753311682066276,-0.8399486691512692
741062147.0,2023-06-26T14:35:47.000,0.33521475082398666,-0.6977491107895695,-1.6357488166973688
741062167.0,2023-06-26T14:36:07.000,-0.8441959667315757,0.38240191909677534,-0.4576783861565126
741062187.0,2023-06-26T14:36:27.000,-2.872562135092238,1.4268087631053028,-0.30169594665840904
741062207.0,2023-06-26T14:36:47.000,-0.7279149427219522,0.07960511403393156,-0.8562205916273768
741062227.0,2023-06-26T14:37:07.000,0.12139568074109874,0.888170898694085,-0.3223871406499157
741062247.0,2023-06-26T14:37:27.000,-0.34446748966576735,1.7344824391751779,-1.5857890393156104
741062267.0,2023-06-26T14:37:47.000,-0.1542554494138315,-0.13917293627541127,0.7124211816811332
741062287.0,2023-06-26T14:38:07.000,0.514954643993093,0.25142378728970627,-0.8358445993339458
741062307.0,2023-06-26T14:38:27.000,-1.231317508587626,0.5227357088188889,-1.2007800718749628
741062327.0,2023-06-26T14:38:47.000,-0.6612918699966386,0.7552849192071776,-0.6076850304626014
741062347.0,2023-06-26T14:39:07.000,-0.5532266078578374,1.2227756906679765,-1.3435113437765267
741062367.0,2023-06-26T14:39:27.000,-0.5595533386637541,-0.40360838904351937,-0.494049029953203
741062387.0,2023-06-26T14:39:47.000,-0.6262262997824841,1.1336294172714645,-0.667364102380219
741062407.0,2023-06-26T14:40:07.000,-0.31815249484923314,1.7780044467063938,-1.387174709199801
741062427.0,2023-06-26T14:40:27.000,-1.3179812064723073,0.5848388580420583,-0.3856609921415455
741062447.0,2023-06-26T14:40:47.000,1.2854562721265061,1.025968033296909,-0.5077018914945164
741062467.0,2023-06-26T14:41:07.000,-0.7030136575214563,1.6982790061237374,-1.8762426130414234
741062487.0,2023-06-26T14:41:27.000,-1.0253469248322489,1.042652019089818,-0.7815710582725899
741062507.0,2023-06-26T14:41:47.000,-1.620890565101618,0.6631578821747475,0.44417088204129485
741062527.0,2023-06-26T14:42:07.000,-0.7315193205847947,2.451088773547383,-0.33899178307761346
741062547.0,2023-06-26T14:42:27.000,-0.31049983850728324,1.3499371834035934,-0.2704970250455574
741062567.0,2023-06-26T14:42:47.000,-1.8882743194059692,0.5329251209662544,-0.5587474094403966
741062587.0,2023-06-26T14:43:07.000,-0.3892538480543273,1.163949303206735,-0.4346483375883281
741062607.0,2023-06-26T14:43:27.000,-0.21043371948303857,1.6206739861468478,-0.2588286959426256
741062627.0,2023-06-26T14:43:47.000,-1.3782526688599361,1.4258622876406335,-0.2722374475183642
741062647.0,2023-06-26T14:44:07.000,-0.5356369788378501,-0.2325429045324512,-0.788308919841274
741062667.0,2023-06-26T14:44:27.000,-0.317619576606365,0.547129477190822,-0.9426670303014362
741062687.0,2023-06-26T14:44:47.000,-1.2979263814716369,1.2439112008433284,-0.2277553263319021
741062707.0,2023-06-26T14:45:07.000,-1.6300943349811803,0.9604607739466253,0.5497590139458275
741062727.0,2023-06-26T14:45:27.000,-0.6745823385223559,1.1118600881321328,-0.10808704085096821
741062747.0,2023-06-26T14:45:47.000,-0.25707416295706054,-0.041255673310924834,-0.4087210441428013
741062767.0,2023-06-26T14:46:07.000,0.3177834504541899,0.8044197242318418,0.03411124456231818
741062787.0,2023-06-26T14:46:27.000,0.625600513259883,-0.09087125248941064,-1.3153667459242513
741062807.0,2023-06-26T14:46:47.000,-0.4828081548891028,0.9384422635316803,-0.42283266578069245
741062827.0,2023-06-26T14:47:07.000,0.2977619949273702,0.08674374835093701,-0.5561013276533799
741062847.0,2023-06-26T14:47:27.000,-0.8614059341160996,1.7606314745788332,-1.1488152056315926
741062867.0,2023-06-26T14:47:47.000,-0.8278481598567033,0.24763780529513113,0.6707995646282328
741062887.0,2023-06-26T14:48:07.000,0.043717389808239915,2.886904258581069,-0.8599898853045573
741062907.0,2023-06-26T14:48:27.000,-1.3736354978477472,0.3505821078775284,-0.6317157511759319
741062927.0,2023-06-26T14:48:47.000,0.6692931868057528,0.8094583888174078,-1.2700779618013414
741062947.0,2023-06-26T14:49:07.000,-0.4595479514257761,1.0003105218481245,-1.6269070358565507
741062967.0,2023-06-26T14:49:27.000,-0.4122631741654281,-0.9339581445555467,-1.957460349744089
741062987.0,2023-06-26T14:49:47.000,-0.8727226572080582,0.5270168201843006,-1.0318437909107026
741063007.0,2023-06-26T14:50:07.000,-1.7848251900098866,-0.15559484554117375,-0.2571345345980802
741063027.0,2023-06-26T14:50:27.000,-1.5787983132509176,0.9197904548341462,-2.469604338461995
741063047.0,2023-06-26T14:50:47.000,0.05381684954341992,0.4183893568265873,-1.3139487360147584
741063067.0,2023-06-26T14:51:07.000,-1.8961298738462418,2.2230165404479862,-0.701399070357489
741063087.0,2023-06-26T14:51:27.000,-0.4720626001764039,2.220706830058372,-0.6136794490907427
741063107.0,2023-06-26T14:51:47.000,-0.43448417160751873,-0.011586809711694457,-1.130653839420681
741063127.0,2023-06-26T14:52:07.000,-0.8110924237247907,0.6211135952227664,0.23091358914983928
741063147.0,2023-06-26T14:52:27.000,-0.867918082936292,0.7871782970791941,-1.203853748255046
741063167.0,2023-06-26T14:52:47.000,-1.0719535148195902,0.16359492337469916,-0.24660858815028774
741063187.0,2023-06-26T14:53:07.000,-0.6383026703193906,0.832017431484644,-0.41323099462253765
741063207.0,2023-06-26T14:53:27.000,1.0917008714028675,1.4105534857145052,-1.6537023502238846
741063227.0,2023-06-26T14:53:47.000,-0.7569908319182694,0.9336985745234117,-0.1807218302340985
741063247.0,2023-06-26T14:54:07.000,-1.0083709924391115,0.5930565490697148,-1.2833964329939107
741063267.0,2023-06-26T14:54:27.000,0.56296311459203,0.5391513929642322,0.062402186984389374
741063287.0,2023-06-26T14:54:47.000,1.3889966784086383,1.3098823958168637,-1.6749537459337382
741063307.0,2023-06-26T14:55:07.000,1.0380287719713444,0.155107918109465,-1.9348957427944846
741063327.0,2023-06-26T14:55:27.000,0.7466446749204714,0.5185580580269189,-0.6059906687116978
741063347.0,2023-06-26T14:55:47.000,1.0797876774049087,0.8711776452896558,0.39284270892947504
741063367.0,2023-06-26T14:56:07.000,-1.2983484778961163,0.930007991217785,-2.163350813622067
741063387.0,2023-06-26T14:56:27.000,0.9056540848595418,1.4421537326669842,-1.5069522505184452
741063407.0,2023-06-26T14:56:47.000,-1.6860859608169854,0.949135965322423,-1.4539363821564066
741063427.0,2023-06-26T14:57:07.000,0.23019207280317033,1.0607313434607413,-1.3402245206628471
741063447.0,2023-06-26T14:57:27.000,-0.6558425935332401,1.2610161634563077,-1.4277969099696364
741063467.0,2023-06-26T14:57:47.000,-0.09341653507410896,0.07899529150812157,-1.0534327710476354
741063487.0,2023-06-26T14:58:07.000,-0.08243407116914625,1.612447737597833,-1.5568371370067169
741063507.0,2023-06-26T14:58:27.000,-0.2119132475164598,0.30360966830622615,-0.053012264411567145
741063527.0,2023-06-26T14:58:47.000,-0.48463384915153895,0.9935828706453265,-1.0331032867516576
741063547.0,2023-06-26T14:59:07.000,0.2673077373116506,0.12674471868701076,-1.3182241732523359
741063567.0,2023-06-26T14:59:27.000,0.37308609664998826,0.8035792365856942,-2.124448704554638
741063587.0,2023-06-26T14:59:47.000,-0.7846907287945015,0.2458253691939305,-0.6572065814891559
741063607.0,2023-06-26T15:00:07.000,-0.4517748409704758,-1.5964141211299854,-1.2829343043918584
741063627.0,2023-06-26T15:00:27.000,-0.1066372884328537,-0.5464061134552445,-0.9867232390159408
741063647.0,2023-06-26T15:00:47.000,-0.0674615485141139,-0.22837634466865708,-0.9569973450362923
741063667.0,2023-06-26T15:01:07.000,-0.33658290065075036,0.5324346251223133,-0.47309992823318936
741063687.0,2023-06-26T15:01:27.000,0.8148205351443671,0.8184964676360984,-1.1116551215883952
741063707.0,2023-06-26T15:01:47.000,-0.1775911057544377,-0.12103177230438078,-0.2527763758974899
741063727.0,2023-06-26T15:02:07.000,0.13761108699217317,-0.3044011037567351,-0.17628230432054082
741063747.0,2023-06-26T15:02:27.000,0.1305354716318874,0.8901588923304615,-0.9124119298764555
741063767.0,2023-06-26T15:02:47.000,-0.46455032404191243,1.282207066455321,-1.2857674747235315
741063787.0,2023-06-26T15:03:07.000,-1.6811957232687469,-0.687227740847618,-1.3871106056106974
741063807.0,2023-06-26T15:03:27.000,-1.2893646801903635,0.2697651631411446,-1.0351775383221629
741063827.0,2023-06-26T15:03:47.000,-1.9880537308725188,-0.17826661750097728,-0.6082634219306549
741063847.0,2023-06-26T15:04:07.000,0.5532929758356175,0.32628201184214944,-1.818090244887216
741063867.0,2023-06-26T15:04:27.000,0.5042367607788201,0.6190125858229756,-0.9657409897445568
741063887.0,2023-06-26T15:04:47.000,-0.2599645480549917,0.6259339380143558,-2.1769992194609067
741063907.0,2023-06-26T15:05:07.000,1.3363343438488329,1.2566656536372456,-1.516869204210014
741063927.0,2023-06-26T15:05:27.000,-0.5939952736677689,1.4251882672677851,-0.7127905591097772
741063947.0,2023-06-26T15:05:47.000,-0.6676824635842848,0.39786204277802995,-1.1705467557909799
741063967.0,2023-06-26T15:06:07.000,-0.2937737565211762,1.0671089540337242,0.320470947945406
741063987.0,2023-06-26T15:06:27.000,-0.7095332408280086,-1.3279982591263284,-1.6417513065691836
741064007.0,2023-06-26T15:06:47.000,-0.5427534271684742,-1.2321053293296025,-0.8575813182254421
741064027.0,2023-06-26T15:07:07.000,-1.4283240339474368,0.7795890679673789,-0.862810672608294
741064047.0,2023-06-26T15:07:27.000,-0.9785716090116026,0.9683069852273185,-2.124189919727737
741064067.0,2023-06-26T15:07:47.000,-1.0004742719282866,0.8731755027024946,-2.441136550734857
741064087.0,2023-06-26T15:08:07.000,-1.1701661813190434,0.14187589310044046,-0.6604294711110015
741064107.0,2023-06-26T15:08:27.000,-0.928514015641202,1.385858787461558,-0.5773011144794005
741064127.0,2023-06-26T15:08:47.000,1.002865629240457,0.5238816702113347,-1.1328359185380776
741064147.0,2023-06-26T15:09:07.000,0.2542169026953367,1.7300383929441665,-0.5178283708162645
741064167.0,2023-06-26T15:09:27.000,-1.1873613858126575,0.9193695540865576,-0.6077655646752333
741064187.0,2023-06-26T15:09:47.000,-1.218384540224715,1.641715487821216,-0.4886085805955176
741064207.0,2023-06-26T15:10:07.000,-0.10481449861377001,0.6022716076192758,0.3140300555593001
741064227.0,2023-06-26T15:10:27.000,-0.9010157915767536,0.46263836558368965,-0.8756738509640982
741064247.0,2023-06-26T15:10:47.000,-0.5147782398351453,1.3189936960311677,-0.41354436381979554
741064267.0,2023-06-26T15:11:07.000,0.32376973791992114,0.32163125209816457,-1.7902793657209592
741064287.0,2023-06-26T15:11:27.000,1.5237130657208553,-0.45856160871826646,-1.4311282470091946
741064307.0,2023-06-26T15:11:47.000,-0.6277466305770751,-0.025907721401541295,-1.8065702154235197
741064327.0,2023-06-26T15:12:07.000,0.4067355008796625,0.1429277918685301,-0.28897984718501135
741064347.0,2023-06-26T15:12:27.000,-0.2019310859191492,0.8605071708189804,-0.5715377781045916
741064367.0,2023-06-26T15:12:47.000,1.2545553289888822,1.585813443627515,-0.8267101688219647
741064387.0,2023-06-26T15:13:07.000,-1.4654584237105972,1.4287429427883858,-0.1692233449035463
741064407.0,2023-06-26T15:13:27.000,-0.9204722394628995,0.08154068603660747,-1.5859567716103307
741064427.0,2023-06-26T15:13:47.000,-2.018621768107298,0.7883902236049956,-0.8301504044183616
741064447.0,2023-06-26T15:14:07.000,-0.3769661700125937,-0.14262759706618056,-0.7250543418990674
741064467.0,2023-06-26T15:14:27.000,1.871435975420166,1.3580398832480078,-1.2235804505933423
741064487.0,2023-06-26T15:14:47.000,-1.240657484280483,0.6980224712904715,-2.7493710055281895
741064507.0,2023-06-26T15:15:07.000,0.15377333063559817,1.4222421521492556,-1.355009575043642
741064527.0,2023-06-26T15:15:27.000,0.445972743801093,0.37251334320531626,-3.102741775540263
741064547.0,2023-06-26T15:15:47.000,-1.3925469405928759,0.8861345877408944,-2.268153631346248
741064567.0,2023-06-26T15:16:07.000,0.7445924474991372,-0.4081139402423162,-1.3773070403511056
741064587.0,2023-06-26T15:16:27.000,0.6972438932884018,-0.33291383493283533,-2.1882889893798385
741064607.0,2023-06-26T15:16:47.000,-0.3571361612442203,1.4890808230139108,-0.7623678053514382
741064627.0,2023-06-26T15:17:07.000,-0.0018757239095279488,0.13686662356793278,-1.5016943356482848
741064647.0,2023-06-26T15:17:27.000,-0.3531387727240265,-1.2211216558255522,-1.4621838374417884
741064667.0,2023-06-26T15:17:47.000,-1.2034118630599444,-0.1432717652516402,-1.150397717619711
741064687.0,2023-06-26T15:18:07.000,1.4183272107115563,0.03255916553035476,-1.6505473636518886
741064707.0,2023-06-26T15:18:27.000,-0.1712757800254039,0.7228299679473693,-1.616783007674094
741064727.0,2023-06-26T15:18:47.000,-1.0434275071635746,0.28000203479150443,-0.9141366946074925
741064747.0,2023-06-26T15:19:07.000,-0.2775135850452415,0.7292238000444762,-2.153819967742887
741064767.0,2023-06-26T15:19:27.000,-0.8197075312188495,0.8727717157319681,-0.9258406817869158
741064787.0,2023-06-26T15:19:47.000,0.877137346322332,0.0732694564686831,-0.7305207392338531
741064807.0,2023-06-26T15:20:07.000,0.4977912512527105,1.569074666363246,-1.7667089156958582
741064827.0,2023-06-26T15:20:27.000,0.4069489273561544,0.6993758275508632,-1.0616688270514985
741064847.0,2023-06-26T15:20:47.000,0.5068422925691429,0.20370936844038567,-1.791328229117095
741064867.0,2023-06-26T15:21:07.000,-0.7345475318665251,0.637474574893826,-0.42328246604439457
741064887.0,2023-06-26T15:21:27.000,-1.2245053531811934,0.52901113642978,-0.7967132888420103
741064907.0,2023-06-26T15:21:47.000,1.1068756345822273,0.5526579359149686,-0.011702918967237963
741064927.0,2023-06-26T15:22:07.000,0.7233683971485938,-0.4835290556615135,-1.9871843742191864
741064947.0,2023-06-26T15:22:27.000,0.5355201998180625,-0.18508822221541266,-0.9303258691084615
741064967.0,2023-06-26T15:22:47.000,0.2954449155656569,0.6560580341652411,0.10185347099067599
741064987.0,2023-06-26T15:23:07.000,-0.5358455064330414,0.9025746147139913,-1.4542407012929637
741065007.0,2023-06-26T15:23:27.000,-0.7114534739338652,-0.24252835723048705,-2.4840343373910834
741065027.0,2023-06-26T15:23:47.000,-0.25561370773363734,-0.3743025318359017,-0.4085260820629877
741065047.0,2023-06-26T15:24:07.000,0.20543570981024217,-0.5401885184497246,-0.6650837465427273
741065067.0,2023-06-26T15:24:27.000,-0.25200788542623087,0.6492502713117965,-0.8797004642735473
741065087.0,2023-06-26T15:24:47.000,0.7228974301498603,1.6187435799785987,-1.6909166680179055
741065107.0,2023-06-26T15:25:07.000,-1.262789933353936,0.8892534390847473,-0.8667848444665616
741065127.0,2023-06-26T15:25:27.000,-0.1589252650813222,0.6665544842077153,-2.35043252807543
741065147.0,2023-06-26T15:25:47.000,-1.3409673924269505,-1.2583437426050281,-1.4047668617012121
741065167.0,2023-06-26T15:26:07.000,-0.9664713720658469,0.5453124838017409,-0.9031571916340297
741065187.0,2023-06-26T15:26:27.000,-1.2209370651827811,0.4739256261432345,-0.6581709690589577
741065207.0,2023-06-26T15:26:47.000,0.6808755462106575,-0.5223617204452857,-0.738129643107488
741065227.0,2023-06-26T15:27:07.000,0.566288552084071,0.3828025944230262,-2.0897820862786354
741065247.0,2023-06-26T15:27:27.000,-0.03416233272934832,0.983804275678235,-1.1980150452006733
741065267.0,2023-06-26T15:27:47.000,-0.26712820142549276,0.8020427997745827,-2.1888601885344805
741065287.0,2023-06-26T15:28:07.000,-0.5960364483970082,-1.2753128353693022,-0.05668659082136429
741065307.0,2023-06-26T15:28:27.000,-0.357265366290882,1.5302764265090474,-0.6583176842323013
741065327.0,2023-06-26T15:28:47.000,1.008041626671119,1.3542748535932958,-1.2624356862889208
741065347.0,2023-06-26T15:29:07.000,0.263586153570472,0.1756823305165689,-1.7256202729409864
741065367.0,2023-06-26T15:29:27.000,1.2408480926096033,-0.19867641695148208,-1.1835035622187462
741065387.0,2023-06-26T15:29:47.000,0.5769539177746807,-0.8757136240156171,-0.32928182760461056
741065407.0,2023-06-26T15:30:07.000,1.4525344136484541,-0.7134772862182892,-1.1607166207183717
741065427.0,2023-06-26T15:30:27.000,0.9966675845962669,0.8183130209449274,-1.2626498512746664
741065447.0,2023-06-26T15:30:47.000,0.38334062754108444,0.33997674036001513,-1.9627977167924193
741065467.0,2023-06-26T15:31:07.000,0.7728622763436555,-1.0716588905612667,-0.4661951219064875
741065487.0,2023-06-26T15:31:27.000,-0.496293089091715,-0.366108874183535,-0.9934761669994074
741065507.0,2023-06-26T15:31:47.000,0.5002872527914981,1.3382541141582216,-1.09302393646038
741065527.0,2023-06-26T15:32:07.000,0.45706942897183467,-0.1663441790644704,-1.65732319268308
741065547.0,2023-06-26T15:32:27.000,0.8030718265716885,-1.0449368283316218,-2.09471272494266
741065567.0,2023-06-26T15:32:47.000,0.8480190767601314,0.5182000610615134,-1.2143637224126813
741065587.0,2023-06-26T15:33:07.000,0.39256313136837306,1.1071062768874818,-2.0185230273583876
741065607.0,2023-06-26T15:33:27.000,0.34823207127887557,-0.4879359783882542,-1.0214851720813378
741065627.0,2023-06-26T15:33:47.000,1.3022116984395815,-0.4298939638269772,-1.709411012240647
741065647.0,2023-06-26T15:34:07.000,0.5003075583154271,0.3162237951492841,-1.304320140294024
741065667.0,2023-06-26T15:34:27.000,0.869581350626536,0.4296464035880021,-1.5841867402888177
741065687.0,2023-06-26T15:34:47.000,-0.46498505276160174,-0.050356397951478726,-0.9996737672657297
741065707.0,2023-06-26T15:35:07.000,-0.006191029855440178,0.5690421660542455,-0.8997256738640935
741065727.0,2023-06-26T15:35:27.000,0.6608197715696207,0.5436082224030692,-1.6273675087496997
741065747.0,2023-06-26T15:35:47.000,0.10539053939551124,0.4351478977815404,-0.8982164527826519
741065767.0,2023-06-26T15:36:07.000,0.39016190808149886,0.49098490000343276,0.9457870365214838
741065787.0,2023-06-26T15:36:27.000,1.1282011631918998,1.0246690460791186,-2.579724376916559
741065807.0,2023-06-26T15:36:47.000,-0.4787384097815206,-0.43249382162269256,-1.0840114605947804
741065827.0,2023-06-26T15:37:07.000,1.1549722018777686,-0.6005653870877481,-0.525546682672573
741065847.0,2023-06-26T15:37:27.000,0.5867876905041314,-0.3962653587596954,-3.011574968370123
741065867.0,2023-06-26T15:37:47.000,-0.3177396623477158,1.1361379388286075,-1.2346753600844806
741065887.0,2023-06-26T15:38:07.000,-0.08760376590810637,-0.2365058026088107,-1.1200318121296071
741065907.0,2023-06-26T15:38:27.000,-0.13078383696019102,0.2594887927531708,-1.8007497884497958
741065927.0,2023-06-26T15:38:47.000,0.7089397243920104,0.3654560358001824,-1.9199138174275099
741065947.0,2023-06-26T15:39:07.000,1.508782537473774,-0.07168316263905794,-1.4521503895026378
741065967.0,2023-06-26T15:39:27.000,0.6043829887558694,1.590687516139777,-1.6795347270948113
741065987.0,2023-06-26T15:39:47.000,-0.9050378495967237,-0.08317094856158391,-1.6527466422777692
741066007.0,2023-06-26T15:40:07.000,0.818018122805686,0.9659286483332252,-0.2401904752424855
741066027.0,2023-06-26T15:40:27.000,0.24756037799722463,0.20063679830872871,-0.5665170461410796
741066047.0,2023-06-26T15:40:47.000,0.21930003479830873,-0.2611705024246902,-2.7135167106950853
741066067.0,2023-06-26T15:41:07.000,0.2572398268396725,0.8197109721663765,-0.7819392815577864
741066087.0,2023-06-26T15:41:27.000,-1.026265473569321,-0.5862122223310173,-1.564917765672913
741066107.0,2023-06-26T15:41:47.000,1.1293836504666643,-0.22264307657504645,-0.8197045259228375
741066127.0,2023-06-26T15:42:07.000,0.6602241689357413,-1.0343786425059953,-1.5268819011815538
741066147.0,2023-06-26T15:42:27.000,-0.5157880456074793,-0.07454046110355605,-2.6422615207133404
741066167.0,2023-06-26T15:42:47.000,-0.373366031791722,0.1267089804746213,-2.0618291671659073
741066187.0,2023-06-26T15:43:07.000,0.3650967783097592,-0.9387537396432499,-1.3633035837234964
741066207.0,2023-06-26T15:43:27.000,1.1319022787392718,-1.018278203623879,-1.7501118310225827
741066227.0,2023-06-26T15:43:47.000,0.08804142741514198,-0.33653201375605235,-1.8452411899461119
741066247.0,2023-06-26T15:44:07.000,-0.611806469286158,1.538786909160983,0.106162473312299
741066267.0,2023-06-26T15:44:27.000,0.781634529400943,0.6703628142257223,-1.3451950883536234
741066287.0,2023-06-26T15:44:47.000,1.2358930597256013,-0.22130245396212445,-1.1061171242277013
741066307.0,2023-06-26T15:45:07.000,0.06212260855731344,0.15565902320435754,-1.7173966658790008
741066327.0,2023-06-26T15:45:27.000,0.4789317675446547,0.4548007095594997,-0.995884976784378
741066347.0,2023-06-26T15:45:47.000,-0.6096026398005883,-0.5622141232564104,-2.0503011956884976
741066367.0,2023-06-26T15:46:07.000,-0.2979842826489332,0.4262113763919828,-1.428237668965604
741066387.0,2023-06-26T15:46:27.000,-0.9802597941366287,-0.8201802246698975,-0.5754624225806637
741066407.0,2023-06-26T15:46:47.000,0.9722407234624697,0.07241477384400952,-0.5522450916228827
741066427.0,2023-06-26T15:47:07.000,-0.27718813810917453,-0.1258014661442708,-1.0400178880431987
741066447.0,2023-06-26T15:47:27.000,2.2688026889206014,0.18414984540582324,-1.351902086543788
741066467.0,2023-06-26T15:47:47.000,0.22833691104562348,-0.06681804989305817,-0.4392887535065171
741066487.0,2023-06-26T15:48:07.000,0.34397784610673554,-0.5778141380030632,-1.5800620728811943
741066507.0,2023-06-26T15:48:27.000,0.528179943015683,-0.18831116179729435,-2.207408480303652
741066527.0,2023-06-26T15:48:47.000,-0.789963137703964,0.6735314166728124,-1.380443380871732
741066547.0,2023-06-26T15:49:07.000,1.7572956733435952,-0.9534330406180125,-1.7114796951323008
741066567.0,2023-06-26T15:49:27.000,0.36945475269112293,0.08579059226354602,-1.704610935504558
741066587.0,2023-06-26T15:49:47.000,0.8317059049467446,1.31823741109649,-1.8764404646098853
741066607.0,2023-06-26T15:50:07.000,-0.5297323334318982,0.24878134056161016,-2.1388712496128726
741066627.0,2023-06-26T15:50:27.000,-2.199318997053723,-0.9450817532563605,-1.4720371223297946
741066647.0,2023-06-26T15:50:47.000,-0.48955619371682246,0.3430643942592404,0.14566533665938408
741066667.0,2023-06-26T15:51:07.000,0.4477531933222423,0.177763193331959,-1.811339293422698
741066687.0,2023-06-26T15:51:27.000,-0.4267997552709346,-0.11012682226141379,-2.089148547290698
741066707.0,2023-06-26T15:51:47.000,1.9836210797596898,-0.015714428958091275,-1.235023103285382
741066727.0,2023-06-26T15:52:07.000,2.1041530998244795,-1.0538304338170157,-1.277296215429491
741066747.0,2023-06-26T15:52:27.000,1.1693070587126542,-1.5034675388325702,-1.683593105095138
741066767.0,2023-06-26T15:52:47.000,0.4311499035791755,0.6464988799304017,-2.1392203817027777
741066787.0,2023-06-26T15:53:07.000,1.2383774684376903,0.37167524774561755,-0.8441529581681984
741066807.0,2023-06-26T15:53:27.000,-0.013889663219579518,-0.24910488631846306,-1.3634674385532009
741066827.0,2023-06-26T15:53:47.000,0.4153115742977498,-0.4981772228407344,-2.8352261443931326
741066847.0,2023-06-26T15:54:07.000,-0.08083777913725498,-0.21263028194828948,-1.842865311851849
741066867.0,2023-06-26T15:54:27.000,0.38666209517534966,0.03366445046060207,-0.9714298833674029
741066887.0,2023-06-26T15:54:47.000,0.4054773075634621,-0.47692965323697933,-1.920101396346574
741066907.0,2023-06-26T15:55:07.000,0.24315992792622865,0.09611361716510558,-2.001694165087997
741066927.0,2023-06-26T15:55:27.000,1.5970807700660394,-0.008658491323920714,-1.590897933556601
741066947.0,2023-06-26T15:55:47.000,0.06767094834492227,-0.978747248014944,-1.2875618352503615
741066967.0,2023-06-26T15:56:07.000,0.13621958391274447,0.6768044847560439,0.7644316607380297
741066987.0,2023-06-26T15:56:27.000,1.406222094701981,-0.8422647974737352,-1.7620967566744916
741067007.0,2023-06-26T15:56:47.000,1.2224249330783366,0.07575297905626499,-1.2390567313502743
741067027.0,2023-06-26T15:57:07.000,0.028610425695241304,-1.4224446536648117,-0.407826674497791
741067047.0,2023-06-26T15:57:27.000,-0.4280527047484384,-0.14799740859494648,-1.3070020492889078
741067067.0,2023-06-26T15:57:47.000,0.668517060542495,1.3684799148538929,-0.5037864460932795
741067087.0,2023-06-26T15:58:07.000,0.3633721833096182,1.5941613274783606,-0.6334798418827781
741067107.0,2023-06-26T15:58:27.000,1.497229405289513,0.323579839622834,-2.538449326339176
741067127.0,2023-06-26T15:58:47.000,-0.16130736000263823,0.4020408718607982,-2.122846092045272
741067147.0,2023-06-26T15:59:07.000,0.41371550552060654,0.12721600513021514,-0.322137920638621
741067167.0,2023-06-26T15:59:27.000,1.0183816069098128,1.316741889190176,-0.8759555031323529
741067187.0,2023-06-26T15:59:47.000,0.8799062176545469,-1.2611732984946222,-0.09366740459926248
741067207.0,2023-06-26T16:00:07.000,1.8849927661768184,0.7452092869453253,-2.078153090778745
741067227.0,2023-06-26T16:00:27.000,0.5846187727254204,-0.3581903518456997,-1.0522688312031292
741067247.0,2023-06-26T16:00:47.000,0.7188676418135032,-0.2030805125396995,0.5211844896324536
741067267.0,2023-06-26T16:01:07.000,0.80694057176256,0.3719406740598785,-2.0362220873759718
741067287.0,2023-06-26T16:01:27.000,0.9191557619692148,-0.03917883361070906,-1.1326123650290398
741067307.0,2023-06-26T16:01:47.000,0.9542196250156287,-0.9390637807360491,-2.230557109483833
741067327.0,2023-06-26T16:02:07.000,1.225524953551993,0.2725075993192938,-1.9686184578815435
741067347.0,2023-06-26T16:02:27.000,1.055678317762876,-0.2518740445878187,-1.5852270943916835
741067367.0,2023-06-26T16:02:47.000,0.7692715567220176,0.4478849685796149,-1.129417868728222
741067387.0,2023-06-26T16:03:07.000,-0.4104733245968717,-1.1128234644441903,0.42361986282157815
741067407.0,2023-06-26T16:03:27.000,1.0403300887751321,0.766250930073209,-0.8257422493440636
741067427.0,2023-06-26T16:03:47.000,1.1068280167392253,-0.7795921061370947,-0.08717091798393639
741067447.0,2023-06-26T16:04:07.000,0.34143254893370667,0.23733393677005665,-1.3264503530896476
741067467.0,2023-06-26T16:04:27.000,-0.07324519564200216,0.21193970165533926,0.4188823949702325
741067487.0,2023-06-26T16:04:47.000,0.2396388996239729,-1.0807094449005739,-2.197475027043705
741067507.0,2023-06-26T16:05:07.000,0.4254252046309581,-0.5249563333031837,-1.0290208672159018
741067527.0,2023-06-26T16:05:27.000,0.7361017564488925,-1.1613313733338515,-0.02180523578365623
741067547.0,2023-06-26T16:05:47.000,0.15781744947540588,-0.8259974924373914,-1.2296125946442693
741067567.0,2023-06-26T16:06:07.000,0.7005578462337958,1.075360228364186,-0.062218285690196495
741067587.0,2023-06-26T16:06:27.000,1.3784503968605755,1.6924989484912167,-0.6077965480577596
741067607.0,2023-06-26T16:06:47.000,-0.049969677595740336,0.2992008140911828,-1.3644723843131423
741067627.0,2023-06-26T16:07:07.000,-0.5861239918414363,-0.9764580191418126,-1.3580437479232543
741067647.0,2023-06-26T16:07:27.000,2.324286687482857,0.09380698211547411,-1.9894419669319596
741067667.0,2023-06-26T16:07:47.000,-0.5250363242170764,0.1630614031133959,-1.455617053092162
741067687.0,2023-06-26T16:08:07.000,1.5139152708787407,-1.9918221303316663,-1.3712426824352697
741067707.0,2023-06-26T16:08:27.000,1.2061433109611386,0.44293485749191674,-1.1594368565570612
741067727.0,2023-06-26T16:08:47.000,0.24087122080240775,-0.4929289261434988,-1.7451893521314155
741067747.0,2023-06-26T16:09:07.000,0.2862699622019349,-0.46899763586072396,-0.12846668115962245
741067767.0,2023-06-26T16:09:27.000,0.7558415574759891,-1.0064907060791661,-1.7955202688324512
741067787.0,2023-06-26T16:09:47.000,0.9995000656459752,-0.5945167432019893,-0.9094948380417023
741067807.0,2023-06-26T16:10:07.000,0.674922165122549,-0.6992939939776122,-1.4572611833241211
741067827.0,2023-06-26T16:10:27.000,-0.16270651722605223,-0.12426073500160228,-2.20029286520651
741067847.0,2023-06-26T16:10:47.000,0.3865987838524987,-0.7346697579957429,-1.2750130060079634
741067867.0,2023-06-26T16:11:07.000,-1.1862626877467974,-0.8042197563229436,-1.8331475988508927
741067887.0,2023-06-26T16:11:27.000,0.26027499958614086,-1.1660578496108798,-1.1602064031501769
741067907.0,2023-06-26T16:11:47.000,0.13935450453583798,0.27706415415273966,-0.8306125753865246
741067927.0,2023-06-26T16:12:07.000,0.9345653993686476,-0.19817355193518793,-1.2568098470278066
741067947.0,2023-06-26T16:12:27.000,0.262253074956309,-1.0836509018452567,-1.7753084051164159
741067967.0,2023-06-26T16:12:47.000,-0.1709555123463602,-0.5877002687171284,-2.1485733015080832
741067987.0,2023-06-26T16:13:07.000,-0.6913145187636971,0.13123590117958273,-1.2015929671593817
741068007.0,2023-06-26T16:13:27.000,1.4916271958598237,-0.14441669516918054,-1.607626875022028
741068027.0,2023-06-26T16:13:47.000,1.9267963936364652,-0.9978653303321927,-2.1164783308935675
741068047.0,2023-06-26T16:14:07.000,-0.9519146256242728,0.07179647776300868,0.009461788785802838
741068067.0,2023-06-26T16:14:27.000,0.7713427856770316,-0.9191381672435384,-0.2783742676704115
741068087.0,2023-06-26T16:14:47.000,0.01880966432610265,-0.20522709838211028,-1.992075155299311
741068107.0,2023-06-26T16:15:07.000,1.2726132842200144,-1.069226482952601,-1.107839110714437
741068127.0,2023-06-26T16:15:27.000,1.3504906479444578,-0.3942030007753061,-1.5857395124330154
741068147.0,2023-06-26T16:15:47.000,1.9264095091453548,0.42746518221781216,-2.0498572406491
741068167.0,2023-06-26T16:16:07.000,0.6497022654206042,0.31283640804513624,0.10016642252308472
741068187.0,2023-06-26T16:16:27.000,0.2421574779365443,-1.5806876469071085,-1.2234592478455042
741068207.0,2023-06-26T16:16:47.000,-0.14490604962613673,-0.13581524761496766,-0.9068398680978085
741068227.0,2023-06-26T16:17:07.000,0.6372728843628828,1.6797403212032158,-2.3741550517875076
741068247.0,2023-06-26T16:17:27.000,0.28850937039415214,-0.4742180235162152,-2.750277137231194
741068267.0,2023-06-26T16:17:47.000,0.44663087115370814,-0.3004398099637484,-1.996020544381416
741068287.0,2023-06-26T16:18:07.000,1.5070339638878494,2.0031949231058555,-1.9124246728230432
741068307.0,2023-06-26T16:18:27.000,0.4007134945194224,-1.2558240822579947,-1.4587657955922317
741068327.0,2023-06-26T16:18:47.000,-0.01555041292400361,-1.02788845235402,-1.9113919888513742
741068347.0,2023-06-26T16:19:07.000,1.1066770343126642,-1.4812207657421972,-1.0696340828397766
741068367.0,2023-06-26T16:19:27.000,-0.3398863405057462,0.344937712459803,-1.4561483772435047
741068387.0,2023-06-26T16:19:47.000,0.6791391360949639,-0.8503175556007214,-2.4332345068822647
741068407.0,2023-06-26T16:20:07.000,0.8311195351606848,-0.15245244713302242,-1.478568548263226
741068427.0,2023-06-26T16:20:27.000,0.710787724278461,-0.008232239956385001,-2.7444600811610265
741068447.0,2023-06-26T16:20:47.000,1.2046327194759066,-1.4788362538542543,-1.5049905440545075
741068467.0,2023-06-26T16:21:07.000,1.8526593765777477,0.610052190996857,-2.8511891437488224
741068487.0,2023-06-26T16:21:27.000,1.7809233296417482,-0.3303477355998119,-0.9074550518017865
741068507.0,2023-06-26T16:21:47.000,0.9590241870971461,-0.6111932664309982,-0.3124332259574203
741068527.0,2023-06-26T16:22:07.000,0.27212943415344526,-0.5409605740691603,-1.1286200704674343
741068547.0,2023-06-26T16:22:27.000,2.2082657449629117,-0.7870211836236152,-2.017404066601003
741068567.0,2023-06-26T16:22:47.000,1.0967968837816144,0.06145729501971786,-1.5635559511117947
741068587.0,2023-06-26T16:23:07.000,1.3860374394880637,-1.264429849523463,-1.0163006958663345
741068607.0,2023-06-26T16:23:27.000,2.233315532707003,0.3527487589027878,-1.602816667489737
741068627.0,2023-06-26T16:23:47.000,1.473067295509889,-1.454358404173739,-2.766690442712605
741068647.0,2023-06-26T16:24:07.000,0.3385689448798246,-0.08072446834317404,-1.15307933871156
741068667.0,2023-06-26T16:24:27.000,1.3760321213474036,-1.470653802737587,-1.5503975475783527
741068687.0,2023-06-26T16:24:47.000,0.9125298898515766,-1.180842244619118,-2.019159175126184
741068707.0,2023-06-26T16:25:07.000,1.6449403236196147,-1.0302915569360138,-0.3722738486811039
741068727.0,2023-06-26T16:25:27.000,-0.15041766325829542,-0.5380672840948897,-1.5772309627348768
741068747.0,2023-06-26T16:25:47.000,0.7307624891206288,-0.8999603722914529,-1.7117346298056724
741068767.0,2023-06-26T16:26:07.000,1.319755916318055,-1.0187617176526942,-1.3903291678940555
741068787.0,2023-06-26T16:26:27.000,0.7353727836334478,-1.8734217097970962,-1.7471880706221299
741068807.0,2023-06-26T16:26:47.000,1.569498754161458,0.35584595113880013,-1.109432846357894
741068827.0,2023-06-26T16:27:07.000,0.6521950493332263,-0.22122406636571057,-1.7988675350966155
741068847.0,2023-06-26T16:27:27.000,0.8461135804993525,-1.3639722343916638,-1.0386521530847403
741068867.0,2023-06-26T16:27:47.000,0.3139901578741444,-1.444665544192425,-1.479265517412287
741068887.0,2023-06-26T16:28:07.000,0.7423036358589208,-0.44180471854282644,-1.0685434588486586
741068907.0,2023-06-26T16:28:27.000,1.0662976589359552,-0.1477361385893161,-1.2326419908115227
741068927.0,2023-06-26T16:28:47.000,1.4328533758489748,-1.2277629001133938,-0.9473415134686469
741068947.0,2023-06-26T16:29:07.000,1.7897122529975107,-0.5770493026413526,-2.13695375215206
741068967.0,2023-06-26T16:29:27.000,0.9612774455769468,-1.3905168789074551,-1.8206619877725316
741068987.0,2023-06-26T16:29:47.000,1.8699272481437212,0.8306290472770428,-2.4280989463720815
741069007.0,2023-06-26T16:30:07.000,2.2254795002840666,-0.37569843193141494,-1.1619118759464975
741069027.0,2023-06-26T16:30:27.000,1.9409769487332973,0.21845576251289245,-0.2634446407356883
741069047.0,2023-06-26T16:30:47.000,0.4788128431076899,-1.232882497925747,-2.2443868633925668
741069067.0,2023-06-26T16:31:07.000,1.0758890839235313,-1.1097193276965456,-1.5164697387159976
741069087.0,2023-06-26T16:31:27.000,1.0883863410526828,-1.4317728355250914,-0.8876362654897108
741069107.0,2023-06-26T16:31:47.000,0.4370369560580123,-0.8848154159357691,-1.5480017435232085
741069127.0,2023-06-26T16:32:07.000,1.8070511197731953,-0.691411217212945,-1.2392973247288275
741069147.0,2023-06-26T16:32:27.000,0.30871953240474426,-0.5452853066079122,-1.2395322441793866
741069167.0,2023-06-26T16:32:47.000,0.6361828086332011,-1.5628338559947608,-0.5436271487968547
741069187.0,2023-06-26T16:33:07.000,1.1684135595380063,-0.4545222540341953,-0.7094587696654386
741069207.0,2023-06-26T16:33:27.000,0.8427228446739043,-1.1299125189156989,-0.2985444085279454
741069227.0,2023-06-26T16:33:47.000,2.804411937307183,-0.18680056451669813,-0.7017703051337421
741069247.0,2023-06-26T16:34:07.000,2.0281429825241837,-1.0007227782105055,-0.04346612096917113
741069267.0,2023-06-26T16:34:27.000,0.9232891309829405,-1.2273111173355389,-1.7356470657703404
741069287.0,2023-06-26T16:34:47.000,1.3322480033162165,-0.6920598676463108,-2.4179809128943575
741069307.0,2023-06-26T16:35:07.000,0.29407139147119565,-2.5347926352559114,-1.3324368717371193
741069327.0,2023-06-26T16:35:27.000,2.182900059777282,-1.2997777614875972,-1.8191369629994014
741069347.0,2023-06-26T16:35:47.000,2.028984557533864,0.7537711470662067,-0.8412716122729869
741069367.0,2023-06-26T16:36:07.000,1.7962707541396838,-2.490045093483939,-0.18260716965201595
741069387.0,2023-06-26T16:36:27.000,0.9986743592760305,-1.0452912218461563,-1.0073674540200805
741069407.0,2023-06-26T16:36:47.000,0.4440036906472322,1.1305276128581454,-0.5971475330879272
741069427.0,2023-06-26T16:37:07.000,2.0070951914474833,-1.9632526896518065,-1.5011869859860028
741069447.0,2023-06-26T16:37:27.000,1.1079879004616267,-0.32501980014032483,-0.03880618333340635
741069467.0,2023-06-26T16:37:47.000,0.5263746538308745,0.39227854681245233,-1.3891264975307571
741069487.0,2023-06-26T16:38:07.000,0.4659563258901933,-1.3414841909642483,-1.1782491788570049
741069507.0,2023-06-26T16:38:27.000,1.7681329429586334,-2.018822770288864,-2.0210320885172273
741069527.0,2023-06-26T16:38:47.000,0.8421899383215248,-0.572914085839038,-0.6066373893554022
741069547.0,2023-06-26T16:39:07.000,0.4488012141923292,-0.9695828243616589,-0.6895372930970645
741069567.0,2023-06-26T16:39:27.000,1.160516299725245,-1.3266636752495842,-0.5393962780764205
741069587.0,2023-06-26T16:39:47.000,0.6093169611198768,-3.029945926857902,-0.16517449308306453
741069607.0,2023-06-26T16:40:07.000,-1.433922864912951,-1.7087316758201965,-1.0069247776578472
741069627.0,2023-06-26T16:40:27.000,-0.4849463133727028,0.5246829263394481,0.7425194083254816
741069647.0,2023-06-26T16:40:47.000,0.8081597076881053,-0.5123475104840125,0.4093446259623157
741069667.0,2023-06-26T16:41:07.000,-0.31929814235942544,-0.40354974585321557,-0.5314066911510373
741069687.0,2023-06-26T16:41:27.000,-0.7200314374733452,-1.175965880306773,-1.0698957101595852
741069707.0,2023-06-26T16:41:47.000,0.105398080729735,0.9689170003990277,-0.9663997463271734
741069727.0,2023-06-26T16:42:07.000,-1.019719076544856,-1.4849706333586177,0.31077258030309807
741069747.0,2023-06-26T16:42:27.000,-0.21632582785091614,-0.49119139395870093,-0.3354730668592154
741069767.0,2023-06-26T16:42:47.000,-0.9447480869950731,1.0192314985002504,0.7773157212898063
741069787.0,2023-06-26T16:43:07.000,-0.7757243770334377,-1.3953467676630638,0.9373686464031472
741069807.0,2023-06-26T16:43:27.000,0.13582618996199614,-1.4687844104632752,0.739237362357148
741069827.0,2023-06-26T16:43:47.000,1.1584861718927364,-1.257115631991823,-1.861476181030941
741069847.0,2023-06-26T16:44:07.000,-1.1660435213389775,-1.9162207145040355,0.778686881475199
741069867.0,2023-06-26T16:44:27.000,0.6845974498292939,0.13813037457177657,-0.31624857429468634
741069887.0,2023-06-26T16:44:47.000,0.13813907421278415,-0.41722453085757394,-1.0101264737993887
741069907.0,2023-06-26T16:45:07.000,-0.35287103286041344,0.5672305817383538,-0.23736126520956802
741069927.0,2023-06-26T16:45:27.000,0.44943063121083426,-0.24638025439838174,-1.304127209555972
741069947.0,2023-06-26T16:45:47.000,-0.5585453875411872,-0.35769900018634004,-2.098314745557772
741069967.0,2023-06-26T16:46:07.000,-0.9772170343924635,-0.32126726688952445,0.8307818471497974
741069987.0,2023-06-26T16:46:27.000,0.49768991401411,0.3452187423258479,0.08312616824879271
741070007.0,2023-06-26T16:46:47.000,-0.5204624099697241,0.7953694308504566,-0.26954663934208867
741070027.0,2023-06-26T16:47:07.000,-1.1644148451783742,-0.3265413495601166,-0.18136272240676377
741070047.0,2023-06-26T16:47:27.000,-1.6775012154690572,0.8076545233270949,-0.5952291355137973
741070067.0,2023-06-26T16:47:47.000,0.17042299897962465,-1.3487340039142204,-0.23154115338375192
741070087.0,2023-06-26T16:48:07.000,-0.9724250500497966,-0.26557436703100734,0.15444556703547718
741070107.0,2023-06-26T16:48:27.000,-0.8212928113593421,0.05690898529087107,-0.5857849711299323
741070127.0,2023-06-26T16:48:47.000,-0.6695551381330489,-2.388715804024777,-0.14994497793408001
741070147.0,2023-06-26T16:49:07.000,0.56571739579514,-0.28127783952003327,-0.05195714705141796
741070167.0,2023-06-26T16:49:27.000,-0.6106254231252883,-0.873701351000733,0.811529812250189
741070187.0,2023-06-26T16:49:47.000,-0.46713622716687553,-1.1691813639913562,-1.3490495040069383
741070207.0,2023-06-26T16:50:07.000,0.3602997075691228,0.7898877838141694,1.3047256795961637
741070227.0,2023-06-26T16:50:27.000,-1.1487270861532117,-0.05027873990481879,0.8504324426006349
741070247.0,2023-06-26T16:50:47.000,-0.819556844255942,-0.1901587589725473,0.04770564456801907
741070267.0,2023-06-26T16:51:07.000,-0.10645520595042868,-0.0510408538101359,0.5674516772469218
741070287.0,2023-06-26T16:51:27.000,-0.20530607593993722,1.164345267601341,-0.5694092675034845
741070307.0,2023-06-26T16:51:47.000,1.1324018933556168,1.052493160125234,1.0009593091386826
741070327.0,2023-06-26T16:52:07.000,-0.4164837689724088,-2.6618811062029124,0.26611825763023234
741070347.0,2023-06-26T16:52:27.000,0.1565400571168496,-1.2118414371986574,1.0001986879393243
741070367.0,2023-06-26T16:52:47.000,-1.5381288206772759,0.2876949170560472,-0.27471711209203775
741070387.0,2023-06-26T16:53:07.000,1.516633791487365,1.7450038351296548,1.3778940953224073
741070407.0,2023-06-26T16:53:27.000,-1.1079011600467759,-1.4069219010814926,0.3521461570676898
741070427.0,2023-06-26T16:53:47.000,-1.4421740621384238,0.03530894566727838,0.585912932271615
741070447.0,2023-06-26T16:54:07.000,-1.3517001645979576,-0.4378663649329262,0.2422726956718968
741070467.0,2023-06-26T16:54:27.000,-2.115354072274034,-0.5737486974188855,0.1266434456970167
741070487.0,2023-06-26T16:54:47.000,-0.6190032450281713,1.0209568210850506,-1.0873259855159745
741070507.0,2023-06-26T16:55:07.000,1.321132039500128,-1.138666175881653,-0.021527324922665514
741070527.0,2023-06-26T16:55:27.000,-1.144015932486031,0.6953605801829355,1.096081818674488
741070547.0,2023-06-26T16:55:47.000,-0.4148342388266002,0.25506937119113005,-0.8118935244438852
741070567.0,2023-06-26T16:56:07.000,-1.3390065750185087,0.06774962727496003,0.16775581447303622
741070587.0,2023-06-26T16:56:27.000,0.5914546827634481,-0.12225729438819499,0.535483160413186
741070607.0,2023-06-26T16:56:47.000,0.04593027651544901,0.07127239272097796,-0.35996758457335076
741070627.0,2023-06-26T16:57:07.000,1.39844122095667,-0.7023627814684019,-0.9070019813539609
741070647.0,2023-06-26T16:57:27.000,0.731306463053194,-0.16037905467003455,1.6383232520289503
741070667.0,2023-06-26T16:57:47.000,-0.608487982267647,0.473789970856231,-0.278933790631708
741070687.0,2023-06-26T16:58:07.000,-0.5927093320479138,-0.5702341561608648,-0.20889535617962807
741070707.0,2023-06-26T16:58:27.000,0.0008003734341954782,-0.20440296082391285,-0.2542684308437515
741070727.0,2023-06-26T16:58:47.000,0.5770221710443835,1.041247376287746,0.257062866293456
741070747.0,2023-06-26T16:59:07.000,1.0495668918641954,0.23884554047892692,1.0216973347687563
741070767.0,2023-06-26T16:59:27.000,-0.28535959718523074,-0.8500330061500527,-0.24139151424407146
741070787.0,2023-06-26T16:59:47.000,-0.10905767182656234,0.16274677402394744,0.6028515612377383
741070807.0,2023-06-26T17:00:07.000,-1.0410039056774067,-1.4453119658752733,1.794906523011619
741070827.0,2023-06-26T17:00:27.000,0.030536573936146283,-0.4779609606098134,-0.22174800305974074
741070847.0,2023-06-26T17:00:47.000,0.2957873416864487,-1.322091304634121,-0.003400331682890112
741070867.0,2023-06-26T17:01:07.000,-0.20498488210174415,0.5968512587828378,-0.022251239883974705
741070887.0,2023-06-26T17:01:27.000,-0.7867148904328047,0.8295522593515514,-0.09923818656831784
741070907.0,2023-06-26T17:01:47.000,0.6067837409196031,-0.8305155976939815,-1.0080457280237098
741070927.0,2023-06-26T17:02:07.000,0.06711434421546869,1.1108317443220272,-0.9220271368737265
741070947.0,2023-06-26T17:02:27.000,-0.2039321597591126,-0.16258181234629632,-0.3034831193682308
741070967.0,2023-06-26T17:02:47.000,-0.8593547166535487,-0.06406911488010536,0.5893038136473017
741070987.0,2023-06-26T17:03:07.000,-0.48372554855014016,0.4427628521153082,-0.33025205237180444
741071007.0,2023-06-26T17:03:27.000,1.0465544265536586,-1.1233708281932486,0.49796721945938316
741071027.0,2023-06-26T17:03:47.000,-1.917303248399893,0.28500242909013096,-0.49208980703596694
741071047.0,2023-06-26T17:04:07.000,-0.7729986363669283,-1.2938317102362262,0.023561355466661382
741071067.0,2023-06-26T17:04:27.000,-0.173062284003489,0.13608351645544303,-1.111290724442604
741071087.0,2023-06-26T17:04:47.000,-1.053279022866782,-1.111189795444112,-0.13230076524317624
741071107.0,2023-06-26T17:05:07.000,-0.8408321642949801,0.37602252148660753,-0.0225911591100747
741071127.0,2023-06-26T17:05:27.000,0.35667389471916167,0.3046659833416676,-1.4614878912078133
741071147.0,2023-06-26T17:05:47.000,-1.8409140128961,-0.17710842982188169,-0.9787779942205255
741071167.0,2023-06-26T17:06:07.000,0.6460908230754292,-0.4610980060770764,-0.21842901704038908
741071187.0,2023-06-26T17:06:27.000,-0.12364421972943518,-0.7081366895533847,-0.6300972152373241
741071207.0,2023-06-26T17:06:47.000,-0.597012308989342,0.23939698986508162,-0.08978836041340088
741071227.0,2023-06-26T17:07:07.000,-0.6418590697609972,0.5581174385316245,-0.7772921661652887
741071247.0,2023-06-26T17:07:27.000,-0.4233380853202462,1.5040048493952796,-0.2762823639868017
741071267.0,2023-06-26T17:07:47.000,-0.0668314997676056,-0.006209634739740011,0.14141354873764556
741071287.0,2023-06-26T17:08:07.000,0.3630358164086189,-0.49020101231533886,-1.2838876555232304
741071307.0,2023-06-26T17:08:27.000,0.3716267126363526,-0.6205154188476669,-1.6525391434929482
741071327.0,2023-06-26T17:08:47.000,0.31254964962812437,0.325148242530382,-1.4409069414633713
741071347.0,2023-06-26T17:09:07.000,-0.5781244041158651,-1.0413506196016442,-1.0910220751836341
741071367.0,2023-06-26T17:09:27.000,0.3782470881508182,0.12972108530684423,-0.44202907510948464
741071387.0,2023-06-26T17:09:47.000,1.1862530295059237,1.0625630541105657,-0.1889675938393509
741071407.0,2023-06-26T17:10:07.000,0.9427088893176894,-2.169264186946407,-0.7125412024744371
741071427.0,2023-06-26T17:10:27.000,0.1269757916810832,0.03327095968730376,-1.2069713761775347
741071447.0,2023-06-26T17:10:47.000,0.48519833237836707,0.41532212748940367,-0.5918927391879159
741071467.0,2023-06-26T17:11:07.000,-0.44009016590962347,0.7916692003950843,1.8404294699569945
741071487.0,2023-06-26T17:11:27.000,0.15786233107384362,-1.4953287420960137,-0.30389773394423614
741071507.0,2023-06-26T17:11:47.000,-0.8494561711702708,-1.0254678146304208,-0.8930097760262434
741071527.0,2023-06-26T17:12:07.000,-0.1657836345536623,0.14391100208177576,-0.45256571410412505
741071547.0,2023-06-26T17:12:27.000,-0.3252309164980538,-0.11190427041674056,-0.9076460882884163
741071567.0,2023-06-26T17:12:47.000,-0.22866902777973763,-0.783468603959836,-1.2415169631019296
741071587.0,2023-06-26T17:13:07.000,-0.28174247268530905,-0.5681975182025845,-0.8365299953072558
741071607.0,2023-06-26T17:13:27.000,-0.2516551188436189,-0.07285429746151095,0.2958346125736533
741071627.0,2023-06-26T17:13:47.000,0.8217393522635952,-1.416707716739296,-0.8519582077148868
741071647.0,2023-06-26T17:14:07.000,0.41049691472672123,0.4441460536686037,-0.544951305281316
741071667.0,2023-06-26T17:14:27.000,-0.07612691583780418,0.3508139593155768,0.025157679339748995
741071687.0,2023-06-26T17:14:47.000,0.6067597014491888,-0.09561205513985982,-0.3972115120154385
741071707.0,2023-06-26T17:15:07.000,0.14774549693674643,-1.613915369380603,-1.4429159195472607
741071727.0,2023-06-26T17:15:27.000,1.5670429105330008,0.015097598271562873,0.9075673272906926
741071747.0,2023-06-26T17:15:47.000,0.38056552329468474,-1.5881156916197625,-0.8653071600583928
741071767.0,2023-06-26T17:16:07.000,1.0559023349343555,1.017010315762512,0.6005220759663921
741071787.0,2023-06-26T17:16:27.000,-0.0898363831325355,-1.249562505467594,-1.9252500470190448
741071807.0,2023-06-26T17:16:47.000,1.0274137063448485,-0.255155136819063,-1.1941596519959852
741071827.0,2023-06-26T17:17:07.000,-0.0383516809643325,-0.8417596830234686,-1.282284235759601
741071847.0,2023-06-26T17:17:27.000,0.2834887217639803,-0.7749027554293519,-1.4024038637705516
741071867.0,2023-06-26T17:17:47.000,1.898063256333682,-0.9967543006306201,-0.004482800397553888
741071887.0,2023-06-26T17:18:07.000,-0.3322565350516449,-1.8805350449846436,-1.3651317564034038
741071907.0,2023-06-26T17:18:27.000,-0.9926778848590168,-0.39516325192057167,0.2720128172040148
741071927.0,2023-06-26T17:18:47.000,1.8701908172769066,-0.9266371423177766,0.26590130047798866
741071947.0,2023-06-26T17:19:07.000,0.38541655537072117,-0.4361245772521727,-0.024025326328391827
741071967.0,2023-06-26T17:19:27.000,-0.07001598121281205,0.43348905501838786,0.3336265350650791
741071987.0,2023-06-26T17:19:47.000,0.05575654304923461,1.1852243953947017,0.21565795879086025
741072007.0,2023-06-26T17:20:07.000,0.1831671275320801,-0.3149225562326663,-0.31178410849763694
741072027.0,2023-06-26T17:20:27.000,-0.5084073957162261,-0.10015816479524986,-0.8117447138467071
741072047.0,2023-06-26T17:20:47.000,0.5322050146583379,-0.9368533197551265,-0.4466152501159115
741072067.0,2023-06-26T17:21:07.000,-0.7191656241856137,-0.3260973954533064,0.8250465118431194
741072087.0,2023-06-26T17:21:27.000,0.9992089975763285,-0.563753988391813,-0.03505067013298557
741072107.0,2023-06-26T17:21:47.000,-0.47689273093842743,0.5108256562413871,0.3040944527188394
741072127.0,2023-06-26T17:22:07.000,1.035360489576309,-1.6231875314853816,-0.13089733593707464
741072147.0,2023-06-26T17:22:27.000,-1.0117992671698772,-0.19604972378850505,-0.49059161636444415
741072167.0,2023-06-26T17:22:47.000,0.5092301201381488,-0.8431712874901187,-0.6880118177177152
741072187.0,2023-06-26T17:23:07.000,1.0744451114819142,0.23262732803397412,-0.6470786337087198
741072207.0,2023-06-26T17:23:27.000,0.5704584092769416,0.6577208370939225,-0.06753009068605209
741072227.0,2023-06-26T17:23:47.000,-1.6129126383490622,0.3427216152873669,-1.2415210865701631
741072247.0,2023-06-26T17:24:07.000,0.17162903471756863,-0.44730182867658286,0.3512204735045543
741072267.0,2023-06-26T17:24:27.000,-0.38982664802844624,-0.1513092736438182,-0.2582660367234091
741072287.0,2023-06-26T17:24:47.000,0.8998946926963569,0.9811116097546702,-0.8620685842175568
741072307.0,2023-06-26T17:25:07.000,0.599415300361894,-1.594598449550233,-1.313390267410064
741072327.0,2023-06-26T17:25:27.000,0.864252112442454,-1.1845907097907116,0.21248369287407698
741072347.0,2023-06-26T17:25:47.000,-0.6692211576564411,0.4257523859796386,-0.266247047076007
741072367.0,2023-06-26T17:26:07.000,-0.47023789365718827,-1.4880784380721934,-1.202884792705916
741072387.0,2023-06-26T17:26:27.000,-1.0384910964167382,-1.618812560266747,0.25551354249087055
741072407.0,2023-06-26T17:26:47.000,0.9265978809902542,-1.069222327776398,-0.3350310775140919
741072427.0,2023-06-26T17:27:07.000,0.4655677225073873,-1.3686506664334352,0.5134962681063726
741072447.0,2023-06-26T17:27:27.000,0.2929903569093284,-0.05216999925394816,-1.332917802032707
741072467.0,2023-06-26T17:27:47.000,0.8622616350928425,-0.4994991947393501,1.4790843599232772
741072487.0,2023-06-26T17:28:07.000,-0.04176746941642051,-0.9832206614546202,0.7116304267529294
741072507.0,2023-06-26T17:28:27.000,-0.8094862843366357,0.5979206761042022,0.5509985356977332
741072527.0,2023-06-26T17:28:47.000,-1.344611591802547,-0.5210332998384359,0.9981964306793323
741072547.0,2023-06-26T17:29:07.000,-0.20544188517046535,-1.2670369381018176,-0.9920274932850859
741072567.0,2023-06-26T17:29:27.000,-0.10412095798884025,-0.7894624375226478,0.722232066285855
741072587.0,2023-06-26T17:29:47.000,0.6600483080099195,-0.36280970258095735,-0.8338552387909814
741072607.0,2023-06-26T17:30:07.000,0.13631454668372456,-0.9434482800663169,0.0023565316698004324
741072627.0,2023-06-26T17:30:27.000,-0.6825723210979184,0.16692392947881274,0.11047134174102524
741072647.0,2023-06-26T17:30:47.000,0.7939312976379398,-0.5919162180734183,-0.028491465053903653
741072667.0,2023-06-26T17:31:07.000,-0.5712268040580781,-0.027475321684455878,-0.7447219433465158
741072687.0,2023-06-26T17:31:27.000,-0.39812440597586374,-1.26711796648582,0.06605045210772431
741072707.0,2023-06-26T17:31:47.000,-1.2175716697870875,-0.9789212585875617,0.7267109775943581
741072727.0,2023-06-26T17:32:07.000,-1.2639098320610387,-0.8797996175591294,-2.125935707042448
741072747.0,2023-06-26T17:32:27.000,-1.4903456895920542,-0.22095535241462017,-0.8850937934901104
741072767.0,2023-06-26T17:32:47.000,0.07776936621350927,-1.3193619030960058,0.9970331893427442
741072787.0,2023-06-26T17:33:07.000,-0.5029069316320189,-0.5922215427722755,-0.3574067770406586
741072807.0,2023-06-26T17:33:27.000,0.2364543553623477,-1.490388623148764,0.9300470482753731
741072827.0,2023-06-26T17:33:47.000,0.4626169875177055,-0.8206825095169457,-0.8109115946397516
741072847.0,2023-06-26T17:34:07.000,0.4873993747933625,-0.48256934398471785,0.8382269236717477
741072867.0,2023-06-26T17:34:27.000,-0.7588183547180272,-0.016042896977541687,0.7400450781513968
741072887.0,2023-06-26T17:34:47.000,-0.8396986955094832,-1.2194730159009737,-1.0637548201963831
741072907.0,2023-06-26T17:35:07.000,-0.22417381424499894,-0.15198280270967146,0.39905631222802995
741072927.0,2023-06-26T17:35:27.000,-0.15628151566193793,-0.34756278142200614,-0.1970611380408549
741072947.0,2023-06-26T17:35:47.000,-0.5749929147813582,0.6161398941384455,-1.3483800916147537
741072967.0,2023-06-26T17:36:07.000,-0.2969113033102211,-1.670207546566882,-0.4442749314770289
741072987.0,2023-06-26T17:36:27.000,-0.08378962000898937,0.4396531630423972,-0.8931538762912972
741073007.0,2023-06-26T17:36:47.000,-1.413375401349004,-1.2331738085347155,-0.39286565221008374
741073027.0,2023-06-26T17:37:07.000,-0.3817119028526328,0.5099354668192113,0.5295040227948355
741073047.0,2023-06-26T17:37:27.000,-0.1407290978416853,-0.19887318735145598,-0.02666162297604302
741073067.0,2023-06-26T17:37:47.000,-0.41322166022261797,-1.0337202116628141,1.5764536543505514
741073087.0,2023-06-26T17:38:07.000,0.16385956318476502,-1.151677393318451,-0.3580036317396562
741073107.0,2023-06-26T17:38:27.000,0.78888689037937,-0.8073833410171538,0.7097934934807704
741073127.0,2023-06-26T17:38:47.000,0.38942425331089936,-1.19368266401354,-0.17294663964273482
741073147.0,2023-06-26T17:39:07.000,0.6437130396386159,-0.5652417832457957,-0.04668700342991272
741073167.0,2023-06-26T17:39:27.000,0.6188047072752667,-0.40474115442501457,-1.2070973827826847
741073187.0,2023-06-26T17:39:47.000,-1.0126277638078385,0.3843934354486045,-0.4890755426312232
741073207.0,2023-06-26T17:40:07.000,-0.5568649951492866,-0.37863066725263295,-1.0209461485555238
741073227.0,2023-06-26T17:40:27.000,-0.8725716817425955,-1.4426753614737997,1.4298612782126519
741073247.0,2023-06-26T17:40:47.000,0.8982351282438295,-1.231913679700103,-0.315258800631657
741073267.0,2023-06-26T17:41:07.000,-0.6523300841831947,0.04318260635738369,-1.1694054525723807
741073287.0,2023-06-26T17:41:27.000,-0.531797693215097,-0.7435453156512395,-0.16595810352626472
741073307.0,2023-06-26T17:41:47.000,0.7069792603675573,0.15194031263154884,-0.5562220882882052
741073327.0,2023-06-26T17:42:07.000,-0.20839242381720524,0.12452068952617523,1.2621572312632168
741073347.0,2023-06-26T17:42:27.000,-0.4971311352908181,-1.259335758474478,0.4332277442786747
741073367.0,2023-06-26T17:42:47.000,-1.591728537642112,-0.3537636325878779,-1.0678884705184188
741073387.0,2023-06-26T17:43:07.000,-0.09993901046723153,-1.0992514521968033,0.2767489957866687
741073407.0,2023-06-26T17:43:27.000,0.6934249696444184,-0.2675720558453776,-0.6790538628065335
741073427.0,2023-06-26T17:43:47.000,-1.8172274749317374,-1.0892340896906383,1.6036205068514775
741073447.0,2023-06-26T17:44:07.000,1.6662419621726876,-0.8216307089692343,-0.37483525087145253
741073467.0,2023-06-26T17:44:27.000,-0.4074472539694618,-0.27033271654541835,-0.0015763475857966114
741073487.0,2023-06-26T17:44:47.000,0.011588731441136702,-0.1927609168950184,-0.056838220530153194
741073507.0,2023-06-26T17:45:07.000,-0.8203427559583254,-1.8160025490376874,0.16281472450252465
741073527.0,2023-06-26T17:45:27.000,0.4174282593250034,-1.0368897221835205,-0.1953639871876689
741073547.0,2023-06-26T17:45:47.000,0.19217931452875092,-1.7822827410252096,0.7688655436988157
741073567.0,2023-06-26T17:46:07.000,-0.6401956847645884,0.41242956686504684,0.8339514326438646
741073587.0,2023-06-26T17:46:27.000,0.023176108265854367,-1.9355402203657945,-0.3563443383702847
741073607.0,2023-06-26T17:46:47.000,-0.7330417944650947,0.10876944198656702,0.7019288863485684
741073627.0,2023-06-26T17:47:07.000,-1.0712372515375712,-1.5602770785050346,0.40860801315822926
741073647.0,2023-06-26T17:47:27.000,0.3294482327276249,-0.7939918989952055,0.013279070842919793
741073667.0,2023-06-26T17:47:47.000,-0.07922816599448268,0.6246419195554687,0.37592651072060335
741073687.0,2023-06-26T17:48:07.000,0.6263752950652623,-0.15110385666039505,0.3395488997970375
741073707.0,2023-06-26T17:48:27.000,-0.19432031267418992,1.454756974317295,0.2411625261489192
741073727.0,2023-06-26T17:48:47.000,0.23185206251552515,-0.7893491455801538,0.5896824602613648
741073747.0,2023-06-26T17:49:07.000,0.23172241698787843,-0.030636576309195362,0.9553988232546828
741073767.0,2023-06-26T17:49:27.000,-1.5175331283590054,-0.0661669875889892,1.150399162297422
741073787.0,2023-06-26T17:49:47.000,-0.753757268268096,-1.554776287615578,-0.5930398824349759
741073807.0,2023-06-26T17:50:07.000,-0.7172051627590825,-0.07912505607388098,-0.12376072646702596
741073827.0,2023-06-26T17:50:27.000,-0.2929805306695066,0.18970540455187646,0.46549141607954425
741073847.0,2023-06-26T17:50:47.000,0.299530229119771,0.20649428260632874,-0.5153673916291623
741073867.0,2023-06-26T17:51:07.000,-1.748588030936471,0.5258106004935037,0.4086994154106627
741073887.0,2023-06-26T17:51:27.000,-0.07581734307038346,0.33950490762046925,0.49600868189392244
741073907.0,2023-06-26T17:51:47.000,-0.7078028002038828,-1.0230248013387566,-0.9880902505865485
741073927.0,2023-06-26T17:52:07.000,-0.6581489854107225,0.5803660295344848,0.11519729367082121
741073947.0,2023-06-26T17:52:27.000,0.4811860127018619,-0.11842988143495603,-0.4595953729258362
741073967.0,2023-06-26T17:52:47.000,-0.18715761737064796,0.2848758125395534,1.3023367280595721
741073987.0,2023-06-26T17:53:07.000,0.4701355083236436,-1.3560105357579566,0.3879313762222836
741074007.0,2023-06-26T17:53:27.000,-0.9414775163141265,-0.8085845451533125,1.284253296840454
741074027.0,2023-06-26T17:53:47.000,0.12748030441267488,-1.3447001531941005,-1.0121780566696437
741074047.0,2023-06-26T17:54:07.000,-0.38369917226832584,0.11884244082160933,-0.7478910733049737
741074067.0,2023-06-26T17:54:27.000,-0.3169041065897993,-0.9887897596705386,-0.3099419991992036
741074087.0,2023-06-26T17:54:47.000,-1.1529371586105341,-0.8637370047526183,-0.022888163064838096
741074107.0,2023-06-26T17:55:07.000,0.14157412658866164,-1.0238004407914225,0.20003987123429212
741074127.0,2023-06-26T17:55:27.000,-0.9252262941128464,-0.125750737756114,0.8965937615346142
741074147.0,2023-06-26T17:55:47.000,-0.4882959367846773,-1.374611176419016,-1.326706697768465
741074167.0,2023-06-26T17:56:07.000,-0.5876452381370356,-1.382086403356464,0.040512613164178646
741074187.0,2023-06-26T17:56:27.000,1.308863599636112,-0.9354168987729672,-0.4353936343459708
741074207.0,2023-06-26T17:56:47.000,-1.4395687115031919,0.06450174004912768,0.381526064174853
741074227.0,2023-06-26T17:57:07.000,0.5471121340971941,-0.399475581414066,-0.46594255460608025
741074247.0,2023-06-26T17:57:27.000,-0.49666073344001305,0.1768397222656759,-0.4653283742994674
741074267.0,2023-06-26T17:57:47.000,-1.0257573822336497,0.005793265200892961,0.7642192915491286
741074287.0,2023-06-26T17:58:07.000,-0.35730081390239476,0.6218086606613049,0.8088856474297579
741074307.0,2023-06-26T17:58:27.000,-0.12313209821757098,0.07348551940289383,-0.6470994057927726
741074327.0,2023-06-26T17:58:47.000,-0.413015828804042,-0.6457189131392482,0.559450596682165
741074347.0,2023-06-26T17:59:07.000,-0.3042762058647064,0.40599759337789365,0.45423743699757324
741074367.0,2023-06-26T17:59:27.000,-0.5292514157595463,-0.1074645358367654,0.7180908490167504
741074387.0,2023-06-26T17:59:47.000,-0.6144436273447518,-0.2377870397918258,-0.020379156029370904
741074407.0,2023-06-26T18:00:07.000,-1.3786117292080569,-0.6801612531859291,1.082743109770412
741074427.0,2023-06-26T18:00:27.000,-0.07467075894274089,-0.34294159878545116,-0.9432312155999156
741074447.0,2023-06-26T18:00:47.000,-0.7023292769026135,0.06474312762572154,-0.6522822395549355
741074467.0,2023-06-26T18:01:07.000,0.8795030378982993,0.139338213334117,0.699171225748696
741074487.0,2023-06-26T18:01:27.000,-0.39044693155299015,-0.4369646057322818,1.8452339061059142
741074507.0,2023-06-26T18:01:47.000,-1.2570505371956031,0.15763620978548332,0.6055897972756519
741074527.0,2023-06-26T18:02:07.000,-0.1306384440957764,-0.5306166438900917,0.1927350224417701
741074547.0,2023-06-26T18:02:27.000,-0.8674176604328565,-0.5304990945531607,0.14601182289908365
741074567.0,2023-06-26T18:02:47.000,0.13241041446621082,-1.02623114432987,-0.18476137003675674
741074587.0,2023-06-26T18:03:07.000,-0.9098622204661844,-0.04099042998362279,-0.31561901678855975
741074607.0,2023-06-26T18:03:27.000,-0.1062143830554696,-0.39257222729238705,0.4160253065044195
741074627.0,2023-06-26T18:03:47.000,-0.13759984784922352,-0.8437953386009056,0.7684890286796531
741074647.0,2023-06-26T18:04:07.000,-0.3535449578762062,-0.745103348087639,0.4028140588085982
741074667.0,2023-06-26T18:04:27.000,-0.14449131661153913,-0.7124254385759698,-0.7158056399281243
741074687.0,2023-06-26T18:04:47.000,0.8656118286820558,-0.7964168867058419,0.19187298450074053
741074707.0,2023-06-26T18:05:07.000,0.3366320586950522,0.7369742610507934,1.0987013913998922
741074727.0,2023-06-26T18:05:27.000,-0.18017963081540245,-0.4879399569390763,1.7304320741651225
741074747.0,2023-06-26T18:05:47.000,-0.3143624767498743,-0.05949247734449159,0.05445164206197006
741074767.0,2023-06-26T18:06:07.000,-0.3873117831454387,1.5514863270116308,-0.2599634818079011
741074787.0,2023-06-26T18:06:27.000,-0.9657463345691397,-0.05159945091204321,-0.21148646747182198
741074807.0,2023-06-26T18:06:47.000,-0.5231175966735613,0.2211058818368805,0.27989699897812415
741074827.0,2023-06-26T18:07:07.000,-1.4481713710212674,0.712202623776026,0.10928839293544712
741074847.0,2023-06-26T18:07:27.000,-0.6974127164105504,-0.7559828227088339,-0.5285107858354898
741074867.0,2023-06-26T18:07:47.000,-1.7298028117895825,0.05141222820803648,1.4953532754380383
741074887.0,2023-06-26T18:08:07.000,0.3777830846818375,-0.36815322600469713,0.678016238153667
741074907.0,2023-06-26T18:08:27.000,-0.50677105501995,0.18042842879761878,-0.3424741643942575
741074927.0,2023-06-26T18:08:47.000,-1.1927433862579662,-1.8418074871906498,-0.31434171289257407
741074947.0,2023-06-26T18:09:07.000,-0.9764270947787423,1.1260275567304134,-0.010442081632699995
741074967.0,2023-06-26T18:09:27.000,0.3561566142340489,0.3301909332287245,1.178449308969487
741074987.0,2023-06-26T18:09:47.000,-0.5088469530400985,0.5125670824779327,0.21806403436297472
741075007.0,2023-06-26T18:10:07.000,-1.2436231359380656,-0.052286899143716425,-0.3978506191160136
741075027.0,2023-06-26T18:10:27.000,-0.22093167149073167,0.2605985951698031,0.7813947344170735
741075047.0,2023-06-26T18:10:47.000,-0.5395920259942955,0.5641906649866968,1.1903314772854223
741075067.0,2023-06-26T18:11:07.000,-1.155629971216765,-0.8941239379889332,0.015016556131897119
741075087.0,2023-06-26T18:11:27.000,-1.0580779712054955,0.41229729623726286,-0.815838394774282
741075107.0,2023-06-26T18:11:47.000,-2.5557124392783237,0.2792135633700177,0.7120475682742544
741075127.0,2023-06-26T18:12:07.000,-1.1923171954086875,-0.3176298724039128,1.2850342294257189
741075147.0,2023-06-26T18:12:27.000,-0.6301181882606421,-0.12313489737847405,-0.3302054240372776
741075167.0,2023-06-26T18:12:47.000,-1.619409087194601,-1.164363414318803,1.1197508585691907
741075187.0,2023-06-26T18:13:07.000,-0.801397387684144,1.8597886200399927,0.4272213332767727
741075207.0,2023-06-26T18:13:27.000,0.3273155034011488,-0.4986076499680081,-0.8608942692389654
741075227.0,2023-06-26T18:13:47.000,-0.39412622688805854,-0.4482227436874986,0.6515015379848776
741075247.0,2023-06-26T18:14:07.000,-1.5222078984300502,-0.6066420682793172,-1.4418162823659486
741075267.0,2023-06-26T18:14:27.000,-1.1975235302719156,-0.18420925601558835,-0.17722761408434096
741075287.0,2023-06-26T18:14:47.000,-0.6796676420006698,0.2375637107032702,-0.24116289208953035
741075307.0,2023-06-26T18:15:07.000,0.20848625119640474,-0.29585959472333556,-0.0914886630454248
741075327.0,2023-06-26T18:15:27.000,-1.039869328878229,0.376743736441032,-0.35365985929791677
741075347.0,2023-06-26T18:15:47.000,-1.3734747968618954,-0.5879755374249562,0.3406910625614046
741075367.0,2023-06-26T18:16:07.000,-0.6368099386810933,-0.47627037733644073,-0.8324830710115805
741075387.0,2023-06-26T18:16:27.000,0.12578721644285196,-0.02428428291789686,1.7025913803148107
741075407.0,2023-06-26T18:16:47.000,-1.1426070261943977,-1.965645930590565,0.44845143152283384
741075427.0,2023-06-26T18:17:07.000,-0.40536816926506347,0.0027108846500922823,-0.335052021127602
741075447.0,2023-06-26T18:17:27.000,-0.6934506891376202,1.1041718340321083,0.38053298528906154
741075467.0,2023-06-26T18:17:47.000,0.6517927510718557,1.9460404424576083,0.4520566788901448
741075487.0,2023-06-26T18:18:07.000,-0.3329631251047793,-0.7405707111884929,-0.0719595977471954
741075507.0,2023-06-26T18:18:27.000,-1.1107313368730054,0.547333121159177,-0.23198861158757467
741075527.0,2023-06-26T18:18:47.000,-0.37702164999986465,1.8819494413180315,-0.34335305232335855
741075547.0,2023-06-26T18:19:07.000,-0.3121695091756749,0.7832438305266365,-0.2644532671847166
741075567.0,2023-06-26T18:19:27.000,-0.5967244114835069,0.05969399504701656,-0.5364339470959045
741075587.0,2023-06-26T18:19:47.000,-0.8723902621632362,-1.6158906011920493,1.808019699689467
741075607.0,2023-06-26T18:20:07.000,-2.0398656195186327,1.2069514472856646,0.7021671282747555
741075627.0,2023-06-26T18:20:27.000,-0.9106469604391876,1.8644544575230348,-0.6274380011883629
741075647.0,2023-06-26T18:20:47.000,-0.9409476966593111,-0.135680609114619,-0.1709408413819169
741075667.0,2023-06-26T18:21:07.000,0.09456743448321703,0.20355010057482303,-0.13047119175046973
741075687.0,2023-06-26T18:21:27.000,-0.9598549945866175,-0.534777928273833,0.07852978500810792
741075707.0,2023-06-26T18:21:47.000,-1.4490671711553382,-0.665366220120589,1.063228732989252
741075727.0,2023-06-26T18:22:07.000,-0.7239275279569135,-1.4302868746707276,-1.3058195290738261
741075747.0,2023-06-26T18:22:27.000,0.461998291523269,0.9682621787021617,-1.3667704311659534
741075767.0,2023-06-26T18:22:47.000,-0.8194271001404907,0.07050328091340319,-1.1893311262500816
741075787.0,2023-06-26T18:23:07.000,-1.0288269246538917,-1.1767534621398568,-0.17809375923993898
741075807.0,2023-06-26T18:23:27.000,0.1297286424284394,-1.2205017243194227,-0.7552171015889897
741075827.0,2023-06-26T18:23:47.000,0.7364984499935723,-1.607755224686258,-0.7557421333070913
741075847.0,2023-06-26T18:24:07.000,-0.3701958513735448,0.278055786029352,-0.9220411079646773
741075867.0,2023-06-26T18:24:27.000,-0.8700918071036234,0.12803175926112687,-0.50313172568206
741075887.0,2023-06-26T18:24:47.000,-1.0681559922565143,1.2758378428734396,-0.04133005234718823
741075907.0,2023-06-26T18:25:07.000,0.6562144834521,-0.5423905673929141,1.0192476951442764
741075927.0,2023-06-26T18:25:27.000,-0.5011868629778427,0.5760131354892728,-0.044410793509364055
741075947.0,2023-06-26T18:25:47.000,-0.1884929989093287,0.7162836792029559,-0.2830454456481668
741075967.0,2023-06-26T18:26:07.000,-0.7223269958167577,-0.10281138946854895,-1.1822319733845177
741075987.0,2023-06-26T18:26:27.000,-0.6805242847240933,0.3257204511442069,-0.351134544973597
741076007.0,2023-06-26T18:26:47.000,-1.487422995538612,0.13316255924600284,0.6455006815064834
741076027.0,2023-06-26T18:27:07.000,-0.4091427112773438,-0.22079802936003645,-0.06418740645663945
741076047.0,2023-06-26T18:27:27.000,-1.794011397404649,0.10671603061229717,-0.09443779561690846
741076067.0,2023-06-26T18:27:47.000,0.18083622282949463,0.1508984847076178,0.14494159192857126
741076087.0,2023-06-26T18:28:07.000,-1.8091440321166274,0.6725795393958123,0.769247244269966
741076107.0,2023-06-26T18:28:27.000,-0.5682921572658373,-0.47908734126522745,-0.6907832166613836
741076127.0,2023-06-26T18:28:47.000,-0.20373479606705658,0.7367353528908716,0.43123217816631865
741076147.0,2023-06-26T18:29:07.000,-0.8632140268582944,0.25684706658202217,0.6350091910967137
741076167.0,2023-06-26T18:29:27.000,0.9518176199541095,0.721068882236775,-1.3982695820535795
741076187.0,2023-06-26T18:29:47.000,-0.2602343674551477,-0.7738958380132388,-0.7792082820645696
741076207.0,2023-06-26T18:30:07.000,0.34812723693766756,0.6890814026716541,-0.5070991849431827
741076227.0,2023-06-26T18:30:27.000,-1.4117353909215424,-0.5272018649304933,0.30498211865959135
741076247.0,2023-06-26T18:30:47.000,-0.4226154347808375,-1.1109992936297886,-1.1904874328338977
741076267.0,2023-06-26T18:31:07.000,-0.03299894214547905,-1.5308163254679208,-0.48967088543960813
741076287.0,2023-06-26T18:31:27.000,0.2633250332784165,1.7269715744117065,-0.04342333805862353
741076307.0,2023-06-26T18:31:47.000,-0.3708022562665114,-0.6323307164546321,-0.6947810918256359
741076327.0,2023-06-26T18:32:07.000,-0.01244438618819288,0.1881213796073311,-1.455527347782315
741076347.0,2023-06-26T18:32:27.000,-0.1956382906009857,0.7250967671956765,-0.49100429662107814
741076367.0,2023-06-26T18:32:47.000,0.9214268346324772,0.384307510381543,0.6039231625787345
741076387.0,2023-06-26T18:33:07.000,-0.903328320278618,0.4701107863325227,0.025676657633422195
741076407.0,2023-06-26T18:33:27.000,-1.6175814977814618,1.0472536919658992,-0.02474420635056873
741076427.0,2023-06-26T18:33:47.000,0.575296999372199,-0.3770208254594287,-0.18238226685562964
741076447.0,2023-06-26T18:34:07.000,-1.0024480035397687,-0.4951810752773511,-0.6537923660121514
741076467.0,2023-06-26T18:34:27.000,-0.9785553340968534,-0.8474783007694775,-0.7358742751151226
741076487.0,2023-06-26T18:34:47.000,-1.4503908954854872,0.22345741423901444,0.29083998825951696
741076507.0,2023-06-26T18:35:07.000,-1.1066442411444832,0.3370800276569774,-1.8797271115644776
741076527.0,2023-06-26T18:35:27.000,-1.4939054619689252,1.4298016061453644,-0.9368941702780909
741076547.0,2023-06-26T18:35:47.000,0.029207937835007414,-0.18238909342827014,-1.598085401444127
741076567.0,2023-06-26T18:36:07.000,-0.2647247945852804,0.41220581987744254,-1.232852485832936
741076587.0,2023-06-26T18:36:27.000,0.6064989366061369,0.7013348749751458,-1.1260338074636778
741076607.0,2023-06-26T18:36:47.000,-1.2250536054914107,-0.38847626818716563,-0.2440678747772651
741076627.0,2023-06-26T18:37:07.000,-0.8419247740976132,-1.228395686869721,-0.9666679801956235
741076647.0,2023-06-26T18:37:27.000,-1.5074901240974548,-0.14761007732788656,0.431079894813724
741076667.0,2023-06-26T18:37:47.000,-0.6688160448797831,0.46362144037193076,-1.5620731162235835
741076687.0,2023-06-26T18:38:07.000,-0.8344097705448306,0.5747700880909257,-0.9672413020522797
741076707.0,2023-06-26T18:38:27.000,-1.9065614182744994,-0.37462476933924904,-0.9334235204105923
741076727.0,2023-06-26T18:38:47.000,0.391704680458016,-0.7339547823836945,-0.7129959003870923
741076747.0,2023-06-26T18:39:07.000,0.15202295449157077,-0.7363303861307458,-0.5935705707282857
741076767.0,2023-06-26T18:39:27.000,-1.7577703454785265,-0.9322707196557367,-1.498571018709871
741076787.0,2023-06-26T18:39:47.000,-1.9312950385930172,-0.213327015619047,-0.6257960167399546
741076807.0,2023-06-26T18:40:07.000,-1.1169390365939336,0.5155933846534566,-0.7964688242267925
741076827.0,2023-06-26T18:40:27.000,0.863206186729748,0.8747849481793857,-1.5113397183408317
741076847.0,2023-06-26T18:40:47.000,1.1413588930309082,0.3267312307708714,0.7337450523836608
741076867.0,2023-06-26T18:41:07.000,-1.2968484207842579,1.2720393168796917,-1.1991127153554437
741076887.0,2023-06-26T18:41:27.000,-0.4390573533741282,1.1103243114596317,-1.0635508780998393
741076907.0,2023-06-26T18:41:47.000,-0.6941730117726586,-0.1710050427261578,-0.7655159594888161
741076927.0,2023-06-26T18:42:07.000,-1.194120084146988,1.8353381343372277,-0.058951496517689606
741076947.0,2023-06-26T18:42:27.000,0.38723279259800236,-0.21913916634641595,-1.7215077405596801
741076967.0,2023-06-26T18:42:47.000,0.06120190890746002,0.3514968221818293,1.2800458030204354
741076987.0,2023-06-26T18:43:07.000,0.370980969044421,-0.5605503482386531,-0.6833246837367746
741077007.0,2023-06-26T18:43:27.000,-0.20413517013428972,-0.2499438944147947,-1.3907636028154258
741077027.0,2023-06-26T18:43:47.000,-1.1609217422048346,1.3888713225496119,-0.6187436592419715
741077047.0,2023-06-26T18:44:07.000,-1.1895867585653974,0.5280492106574108,0.15320880527580627
741077067.0,2023-06-26T18:44:27.000,-0.5027934889767494,-0.10631644301595244,0.4967387033039117
741077087.0,2023-06-26T18:44:47.000,0.11625327613895564,0.31432606447667766,-1.755297196925909
741077107.0,2023-06-26T18:45:07.000,-0.002356754824628382,0.5355760915093377,-0.568027749370259
741077127.0,2023-06-26T18:45:27.000,-0.024047288926798416,0.47086223180503595,-0.743318875917609
741077147.0,2023-06-26T18:45:47.000,0.5214202191350381,0.7884268252600357,-1.323229071614751
741077167.0,2023-06-26T18:46:07.000,0.08547340848430451,-0.9550129167812393,-0.07242101581761418
741077187.0,2023-06-26T18:46:27.000,-0.7482727573226988,0.5228205384955054,-1.2208125371948597
741077207.0,2023-06-26T18:46:47.000,-0.43170067124398415,0.42751472945079527,-0.2428152128031158
741077227.0,2023-06-26T18:47:07.000,-1.5024364367621779,1.0939034128187863,-0.3320305672072088
741077247.0,2023-06-26T18:47:27.000,0.24170773239573506,-1.094814898272567,-0.5763460044216906
741077267.0,2023-06-26T18:47:47.000,1.4045404841178666,-0.6340820469019626,0.6319077111904825
741077287.0,2023-06-26T18:48:07.000,0.5674180014181296,-1.2874559068176694,-0.9574260801836765
741077307.0,2023-06-26T18:48:27.000,-0.969895321289993,0.9722855723870438,0.7021209000868112
741077327.0,2023-06-26T18:48:47.000,-1.284669637735547,-0.4659547593766078,0.24633271089591346
741077347.0,2023-06-26T18:49:07.000,-0.06480251205642773,1.3254130398543396,-1.027672309850125
741077367.0,2023-06-26T18:49:27.000,0.5480695055459783,-0.10316583937131085,-1.5209749733346989
741077387.0,2023-06-26T18:49:47.000,0.7569044038202577,-0.821681508333949,0.3373554601338036
741077407.0,2023-06-26T18:50:07.000,0.6828352958399009,-0.6544710939193621,-0.5041120677229394
741077427.0,2023-06-26T18:50:27.000,-0.6436035802970252,-0.43984091115945034,-1.1695644959508478
741077447.0,2023-06-26T18:50:47.000,0.11562838929668473,-0.24960816863428548,-1.0624878903686685
741077467.0,2023-06-26T18:51:07.000,-1.4165571753599338,-0.5811369732433569,-0.6839976842587525
741077487.0,2023-06-26T18:51:27.000,0.5744147426711699,-0.11666463828330365,0.2123717819269011
741077507.0,2023-06-26T18:51:47.000,0.22850193014400944,0.8781059659068724,-0.1836096822249722
741077527.0,2023-06-26T18:52:07.000,1.1115828801422367,-1.8282307893580096,0.22365387282174964
741077547.0,2023-06-26T18:52:27.000,-0.808657447637362,0.36363670478101184,-1.951574648784149
741077567.0,2023-06-26T18:52:47.000,1.857575254349264,-1.1275148981138017,-0.3869509819232064
741077587.0,2023-06-26T18:53:07.000,-0.5187742320056365,-0.1267964117368514,-0.8721906556652392
741077607.0,2023-06-26T18:53:27.000,-0.46693712476564286,0.9562211487623706,-1.3176842691309254
741077627.0,2023-06-26T18:53:47.000,0.15003885810438433,0.46206792312375455,-0.13906787571515977
741077647.0,2023-06-26T18:54:07.000,0.8523330746190716,-0.42129220715336757,-0.08525320649432899
741077667.0,2023-06-26T18:54:27.000,0.13915309491352446,1.0494361961099763,-0.6821170055459902
741077687.0,2023-06-26T18:54:47.000,-0.47210735864000597,-0.4036151159958479,0.19709905950682227
741077707.0,2023-06-26T18:55:07.000,-1.8275291134739469,0.09173395639772153,-0.9881434554603885
741077727.0,2023-06-26T18:55:27.000,-0.6572272294391723,0.1219974716581973,-0.48934545995305
741077747.0,2023-06-26T18:55:47.000,-0.0790253086968562,-0.0863794106575888,-0.014847836826703542
741077767.0,2023-06-26T18:56:07.000,-0.2173495419310889,-0.7024377248865399,1.094964030146084
741077787.0,2023-06-26T18:56:27.000,-1.1426320455143468,-0.0909781912139529,-0.06770500403652235
741077807.0,2023-06-26T18:56:47.000,-0.16390652991526977,-0.5565572994137291,-0.5975093772092599
741077827.0,2023-06-26T18:57:07.000,-0.15281616831952505,0.3130627182823531,-0.49681354810093836
741077847.0,2023-06-26T18:57:27.000,-0.6080023143284485,0.7466706001157952,-0.7360883628626524
741077867.0,2023-06-26T18:57:47.000,0.5146484613804958,0.946222508679817,-0.6465675397082649
741077887.0,2023-06-26T18:58:07.000,-1.6763021186472216,0.24754034848584183,-1.4049795826087674
741077907.0,2023-06-26T18:58:27.000,-0.40516187431727246,-2.037854472736189,-1.710351942807442
741077927.0,2023-06-26T18:58:47.000,0.910393094344375,-0.06293708570970225,-0.08471296317758004
741077947.0,2023-06-26T18:59:07.000,0.2911454861864726,1.213559338519854,0.3623353960868769
741077967.0,2023-06-26T18:59:27.000,-1.05260184272149,-0.3199334613235294,-0.5105086273049508
741077987.0,2023-06-26T18:59:47.000,-0.13516165636717759,-0.7070242066475885,-1.347640934479255
741078007.0,2023-06-26T19:00:07.000,-0.5260761134384673,-1.2635814279571278,-0.37504354348794067
741078027.0,2023-06-26T19:00:27.000,0.7872630202410136,-0.4970233129730772,-1.3029500109840164
741078047.0,2023-06-26T19:00:47.000,2.201923964828545,0.49912623177883475,-0.924461407025845
741078067.0,2023-06-26T19:01:07.000,-0.6376462629242852,-0.15272804767541004,0.4285281861360346
741078087.0,2023-06-26T19:01:27.000,-0.33272771218229025,-0.6984422316169692,-0.2726436813649258
741078107.0,2023-06-26T19:01:47.000,-0.20003706807658617,0.26385924088989654,-0.5027104158950024
741078127.0,2023-06-26T19:02:07.000,0.43425780201777897,-1.3483736417407854,0.5793741011284048
741078147.0,2023-06-26T19:02:27.000,1.4015469730455088,0.1763032696500133,0.30764919538572855
741078167.0,2023-06-26T19:02:47.000,-0.1737157913517251,-0.30759216906872666,-0.7453164963200365
741078187.0,2023-06-26T19:03:07.000,0.3017136083971472,-0.2768510457218376,-0.21341275353581324
741078207.0,2023-06-26T19:03:27.000,0.4299445181876749,0.202610221666788,-0.852529049721884
741078227.0,2023-06-26T19:03:47.000,-0.5584272003811286,0.3474780775114539,-0.09150469408858442
741078247.0,2023-06-26T19:04:07.000,-0.40321214570537833,-0.028414239161556054,-0.10132209811164472
741078267.0,2023-06-26T19:04:27.000,-0.168143128953524,-0.8447316299120544,-0.4185882364726723
741078287.0,2023-06-26T19:04:47.000,-0.9837680838953311,-1.6471158989728174,0.5422440502278469
741078307.0,2023-06-26T19:05:07.000,0.09957607894905962,0.5098478714216093,-0.8765457489512407
741078327.0,2023-06-26T19:05:27.000,0.3259999649229961,-0.5944177255745586,0.4990841420471348
741078347.0,2023-06-26T19:05:47.000,-0.5542180170126088,0.8138705988813832,-0.878649404967291
741078367.0,2023-06-26T19:06:07.000,-1.66900492666322,0.7079601058057605,0.18171388390664234
741078387.0,2023-06-26T19:06:27.000,1.0625928854146593,0.6948452097699231,0.3548410030140836
741078407.0,2023-06-26T19:06:47.000,-1.2209709859822837,1.1733926098100866,-0.7232834745130035
741078427.0,2023-06-26T19:07:07.000,-0.2347365574917326,0.11707647827874368,-0.718454179049477
741078447.0,2023-06-26T19:07:27.000,0.0417180937128947,0.6764616382715083,0.052958595775365325
741078467.0,2023-06-26T19:07:47.000,-0.005621759691099015,-0.6129720259373528,-0.03352447119908675
741078487.0,2023-06-26T19:08:07.000,-0.29140705262165056,0.6693443338257055,-0.5499824281662846
741078507.0,2023-06-26T19:08:27.000,0.0071629267850426,-1.2906682497093591,-1.0446088701043799
741078527.0,2023-06-26T19:08:47.000,0.34793939446275957,-0.4768068132321446,-0.491648129308242
741078547.0,2023-06-26T19:09:07.000,-0.3809532474807753,-0.7736392087287491,-0.7668162058660499
741078567.0,2023-06-26T19:09:27.000,-0.5201988040659522,-0.7154238128248558,0.010495253233155921
741078587.0,2023-06-26T19:09:47.000,-0.39658634073402865,-0.2796947119576565,-1.1420602598954943
741078607.0,2023-06-26T19:10:07.000,1.3995759861717971,0.16404315679174886,-0.5251710353593175
741078627.0,2023-06-26T19:10:27.000,-0.47044348520097756,-1.3920729079131,0.580948964901129
741078647.0,2023-06-26T19:10:47.000,0.8659022029733343,0.21971773860318677,-1.4532831380975608
741078667.0,2023-06-26T19:11:07.000,0.8450004426840962,0.6743318850643831,0.07315449572775634
741078687.0,2023-06-26T19:11:27.000,0.7505820054154455,-0.42553115847665524,-2.5726921962787586
741078707.0,2023-06-26T19:11:47.000,-0.07644869810530253,-0.15137378380769562,-0.6004824791738805
741078727.0,2023-06-26T19:12:07.000,-0.7438385166480543,-0.31089034260300963,-1.395394572656361
741078747.0,2023-06-26T19:12:27.000,0.6140686578226529,-0.3666948442893059,-0.6960267107336549
741078767.0,2023-06-26T19:12:47.000,0.7932713356861854,-1.2742594966530518,-0.3802671995623008
741078787.0,2023-06-26T19:13:07.000,0.1816026934831072,0.3191985066597347,-0.7492987184387623
741078807.0,2023-06-26T19:13:27.000,-0.4973595942425746,-0.9183722218364387,-1.456770127561402
741078827.0,2023-06-26T19:13:47.000,-0.8197892331640588,-1.768722351447316,-0.9561301724692051
741078847.0,2023-06-26T19:14:07.000,1.5750464519959095,-0.10155217553542428,-0.6908645126646462
741078867.0,2023-06-26T19:14:27.000,0.29901794317277464,-1.0458064100382636,-0.922893148969095
741078887.0,2023-06-26T19:14:47.000,0.351705446666184,0.31270596758670166,-1.0474888297418161
741078907.0,2023-06-26T19:15:07.000,1.082977791344586,-2.399561374433201,-0.1466221774992782
741078927.0,2023-06-26T19:15:27.000,0.530745538052102,0.6595078824056522,-0.023764027479167282
741078947.0,2023-06-26T19:15:47.000,0.4801663929132616,0.6906580161780695,-1.30131747937412
741078967.0,2023-06-26T19:16:07.000,1.2926999446549736,-1.1778038217058473,-1.329157463791919
741078987.0,2023-06-26T19:16:27.000,0.28162738887616,-0.6341982671353996,-0.40939334076117717
741079007.0,2023-06-26T19:16:47.000,0.8247317487608541,0.36716429916427984,-0.5778785521104446
741079027.0,2023-06-26T19:17:07.000,0.416321483653892,-0.7407346331977926,0.12913005228432084
741079047.0,2023-06-26T19:17:27.000,-0.8504997188518715,0.4254640977197077,-1.152931068748586
741079067.0,2023-06-26T19:17:47.000,0.17157298698444734,-0.7244126908001469,-0.6434550698930508
741079087.0,2023-06-26T19:18:07.000,-0.17010723822874496,-0.5988934236866861,-0.9369838361195093
741079107.0,2023-06-26T19:18:27.000,0.2328885968738703,-0.7837336610694301,-0.9264074730008787
741079127.0,2023-06-26T19:18:47.000,0.6386593667917495,-2.0749535527775365,-0.9521063820350228
741079147.0,2023-06-26T19:19:07.000,0.8311928250015477,-1.1919398649751223,-0.3321110207843425
741079167.0,2023-06-26T19:19:27.000,-0.43184752713809615,-1.0777449861554267,-1.0804230834327022
741079187.0,2023-06-26T19:19:47.000,1.1648928539775838,-0.3096416114845013,-0.35025471926131146
741079207.0,2023-06-26T19:20:07.000,-0.0353480030579334,0.7937352077935778,0.37101239857006973
741079227.0,2023-06-26T19:20:27.000,-0.26442592901965156,0.5006061278178819,-0.7488969631097575
741079247.0,2023-06-26T19:20:47.000,1.0579377433095338,-2.160369981574206,-1.2735748234682376
741079267.0,2023-06-26T19:21:07.000,0.06121275433201845,-0.856178248798134,-0.025818203408523033
741079287.0,2023-06-26T19:21:27.000,1.0121663482354215,-0.1618393687397024,0.007235712662367888
741079307.0,2023-06-26T19:21:47.000,0.6712423063381934,-0.7166036027905776,-1.3933175480040916
741079327.0,2023-06-26T19:22:07.000,0.026464108338064563,0.2329229086273088,-0.6436342953275442
741079347.0,2023-06-26T19:22:27.000,-0.29090655884189687,-1.4546117210079146,-0.7831715723605193
741079367.0,2023-06-26T19:22:47.000,-0.08959875491543201,-2.0568371644880123,0.4625672399782843
741079387.0,2023-06-26T19:23:07.000,0.4174799571710075,-1.9282546292020974,-1.2300087383620983
741079407.0,2023-06-26T19:23:27.000,0.9097581488148876,0.2261848709661507,-2.1641125672489103
741079427.0,2023-06-26T19:23:47.000,-0.788450937638796,-0.4957216213852256,-1.4856269215823836
741079447.0,2023-06-26T19:24:07.000,1.4095963774884979,-0.620356767255803,-1.4028459502046786
741079467.0,2023-06-26T19:24:27.000,0.28174781611101096,-1.0716941925559276,-1.3289134989435958
741079487.0,2023-06-26T19:24:47.000,-0.83786557065757,0.11722521380264084,1.279910695795028
741079507.0,2023-06-26T19:25:07.000,-0.07372955785900359,-0.13051641727379604,-1.299127473763928
741079527.0,2023-06-26T19:25:27.000,0.07960651055016754,-0.44491565261983723,0.18128459213784254
741079547.0,2023-06-26T19:25:47.000,0.7454643596416233,-1.3182655897892026,-0.7464991211181271
741079567.0,2023-06-26T19:26:07.000,-0.3436050240002153,0.509970681816796,-0.03849808641875896
741079587.0,2023-06-26T19:26:27.000,-0.7800148998038381,-0.34611495612901777,-0.9334299703178672
741079607.0,2023-06-26T19:26:47.000,-0.15926643986974298,-1.4605531713063336,0.9776124239468942
741079627.0,2023-06-26T19:27:07.000,-0.33779118375765194,-0.4225793548751078,-1.2434841432540367
741079647.0,2023-06-26T19:27:27.000,0.10139766016825646,0.9844727396290942,0.05133878159258032
741079667.0,2023-06-26T19:27:47.000,0.03020195850078622,-2.2711284448417857,-0.5758166138902787
741079687.0,2023-06-26T19:28:07.000,-0.21018631282121447,-0.242635548752812,-0.5664746096534223
741079707.0,2023-06-26T19:28:27.000,0.14004449473414837,-0.7753499957074972,-1.3132020567629965
741079727.0,2023-06-26T19:28:47.000,-0.514118523520235,-1.11386669711111,0.4120289420317391
741079747.0,2023-06-26T19:29:07.000,0.1537087832015338,-0.06031306384324253,-0.7137038962823361
741079767.0,2023-06-26T19:29:27.000,-0.26384992124484086,-1.5730439646199912,0.7826639651375977
741079787.0,2023-06-26T19:29:47.000,0.39918153399431944,-1.2497593557370124,-1.1957965640352342
741079807.0,2023-06-26T19:30:07.000,-0.19985136082700805,-1.0716926557852169,-0.3518669490110149
741079827.0,2023-06-26T19:30:27.000,1.2494619557990028,-0.5073891333751135,1.1222421567036456
741079847.0,2023-06-26T19:30:47.000,0.7548274411517397,0.9133256508420118,0.09968992278341915
741079867.0,2023-06-26T19:31:07.000,0.39881019736620615,-0.5909465623510357,-0.9469364375624956
741079887.0,2023-06-26T19:31:27.000,-0.10774172047867125,-1.26333290938474,-1.3602783095922888
741079907.0,2023-06-26T19:31:47.000,0.05307901961293382,-0.5387718621241433,0.5567131463823927
741079927.0,2023-06-26T19:32:07.000,1.2379522575045598,-0.08595243257136786,-0.21729552457383505
741079947.0,2023-06-26T19:32:27.000,-0.21604490633153617,-0.5106479565863964,-1.3812992674666624
741079967.0,2023-06-26T19:32:47.000,0.6711881731402691,-0.43996840747295707,-0.8134273211002352
741079987.0,2023-06-26T19:33:07.000,0.5721986566897819,-0.6897930255655993,0.02278479068751338
741080007.0,2023-06-26T19:33:27.000,0.49354861367811864,-1.4986590947563272,-1.0808546740959102
741080027.0,2023-06-26T19:33:47.000,1.7113182515404723,0.2429747807286553,-0.9174713805348844
741080047.0,2023-06-26T19:34:07.000,0.7035769301166894,-0.7539940798717559,1.209199852847398
741080067.0,2023-06-26T19:34:27.000,-0.7377364075633608,-0.7241383588763028,2.032276190466753
741080087.0,2023-06-26T19:34:47.000,0.21319374259309853,-0.9031664591208077,0.8967785134150752
741080107.0,2023-06-26T19:35:07.000,0.9690305279863587,0.33437529844970726,-1.4410550444599046
741080127.0,2023-06-26T19:35:27.000,-0.013479209415301341,-1.0376915759335859,-0.3082766677597881
741080147.0,2023-06-26T19:35:47.000,-1.0715008455508546,-1.035571061103191,-1.3498179005533295
741080167.0,2023-06-26T19:36:07.000,0.7687864509664522,-1.1497100316115727,0.5796530669788247
741080187.0,2023-06-26T19:36:27.000,1.2620377818128858,-0.24633432640364106,0.9872856061687862
741080207.0,2023-06-26T19:36:47.000,-0.4230500095570022,-1.4212175538763638,0.525566907527697
741080227.0,2023-06-26T19:37:07.000,0.5288159034666506,-0.5017759284409173,0.2912100530716444
741080247.0,2023-06-26T19:37:27.000,0.29058327287723174,-0.671301588517359,0.5629393244888092
741080267.0,2023-06-26T19:37:47.000,1.3621725946877383,-2.29830913550666,0.9660530436605974
741080287.0,2023-06-26T19:38:07.000,-0.4458328499712394,-0.8283895935545793,-1.3444502714454742
741080307.0,2023-06-26T19:38:27.000,-1.089020335842683,-1.0449757301467244,-0.371702009471786
741080327.0,2023-06-26T19:38:47.000,-0.5155886346530636,-0.24537600238350166,-0.16480802732532496
741080347.0,2023-06-26T19:39:07.000,0.7777504964390225,-1.0228646919796525,1.0576358272507136
741080367.0,2023-06-26T19:39:27.000,-0.6742324241248987,-0.13159557856745607,-0.6551542681365596
741080387.0,2023-06-26T19:39:47.000,-0.22671060762036177,-0.6662583882266482,-0.37573957059056085
741080407.0,2023-06-26T19:40:07.000,-0.3600194880548635,-0.13525461890484536,0.5423230202583618
741080427.0,2023-06-26T19:40:27.000,1.194184230535189,-1.5774069922258604,0.08282579319063288
741080447.0,2023-06-26T19:40:47.000,1.0226592885187458,0.2976474906879467,-0.9365056889643064
741080467.0,2023-06-26T19:41:07.000,-0.08866528404816165,-0.5715825617480519,1.5192502597627389
741080487.0,2023-06-26T19:41:27.000,0.45275137532385656,-0.6909532894838755,-0.3015102595926855
741080507.0,2023-06-26T19:41:47.000,0.701946340186943,-0.009086833652194315,-0.14984228867698235
741080527.0,2023-06-26T19:42:07.000,-0.23846538057537003,-0.5527310630193405,-1.625588821752011
741080547.0,2023-06-26T19:42:27.000,0.032344430334063645,-0.7620694687959784,1.0043622222233317
741080567.0,2023-06-26T19:42:47.000,-0.0632538499578672,-0.1923436541706458,0.10902548290836478
741080587.0,2023-06-26T19:43:07.000,0.30064919760430797,0.3165577894148619,-0.978402728268879
741080607.0,2023-06-26T19:43:27.000,1.3264261122469811,-0.6206932811725352,-0.06281271093255825
741080627.0,2023-06-26T19:43:47.000,0.2666202921108862,-0.04692382082893687,-0.23913826222576873
741080647.0,2023-06-26T19:44:07.000,-0.8719805313472939,-0.6038340891634242,1.291894443422592
741080667.0,2023-06-26T19:44:27.000,0.7024045311720961,-1.5443127126091305,0.6576259518609184
741080687.0,2023-06-26T19:44:47.000,0.9826673181834167,-0.7235287511453414,-0.14273531393493855
741080707.0,2023-06-26T19:45:07.000,-0.006572594302145518,-0.7719447541187918,-1.054813559731027
741080727.0,2023-06-26T19:45:27.000,-0.26010460771885846,-1.236951511351947,-0.4084457288056065
741080747.0,2023-06-26T19:45:47.000,0.4045563859911283,-0.41669024817281297,0.13011884356650683
741080767.0,2023-06-26T19:46:07.000,0.4555270028183678,-1.1158060774674183,0.010346378620518237
741080787.0,2023-06-26T19:46:27.000,0.639533697666117,-0.8763725784399767,-0.9409699381346392
741080807.0,2023-06-26T19:46:47.000,-0.8203345710056098,-1.3984465448313443,0.2912973561364218
741080827.0,2023-06-26T19:47:07.000,-1.0152629463466845,-1.3928316004552244,0.2229525211783212
741080847.0,2023-06-26T19:47:27.000,-0.47397469749022036,0.019408272289300754,-1.8255773600484027
741080867.0,2023-06-26T19:47:47.000,0.2963231084174289,-0.2234347681873139,0.26877287365723035
741080887.0,2023-06-26T19:48:07.000,0.16364672607016573,-1.591478923812506,0.23553093638772893
741080907.0,2023-06-26T19:48:27.000,-0.36185716393299927,-0.8372424266211986,-0.3256992834099748
741080927.0,2023-06-26T19:48:47.000,0.09684203042814588,-0.8524987674451978,0.21406826071768137
741080947.0,2023-06-26T19:49:07.000,-0.05811984453707453,-0.9224378110350706,0.5240940403661298
741080967.0,2023-06-26T19:49:27.000,0.9654623908672555,-0.9284768342165961,-1.6920914955531607
741080987.0,2023-06-26T19:49:47.000,-0.24263887116182659,-0.9891176597109919,-1.1025999151703658
741081007.0,2023-06-26T19:50:07.000,-1.39746169456334,-0.5158930286297547,-1.2625854883929755
741081027.0,2023-06-26T19:50:27.000,0.8324287970595812,-0.7717374345905803,-0.07235185947029876
741081047.0,2023-06-26T19:50:47.000,1.093134986562827,-0.4670772543402535,0.02640392081643128
741081067.0,2023-06-26T19:51:07.000,1.4332867531496873,-0.9611545762955309,-0.4456400476970934
741081087.0,2023-06-26T19:51:27.000,0.4296310773144185,-1.3547036020300496,-1.3398480873116903
741081107.0,2023-06-26T19:51:47.000,1.5952968478227803,-0.15624629483568242,0.20161730338585926
741081127.0,2023-06-26T19:52:07.000,-0.10492870229361628,-0.5889269420800147,0.24903232516138019
741081147.0,2023-06-26T19:52:27.000,0.4598844659420287,0.6958665982770285,-0.8216271908167982
741081167.0,2023-06-26T19:52:47.000,0.3451866350090427,-1.618070997522203,-0.08333454070141855
741081187.0,2023-06-26T19:53:07.000,-0.8223552328767703,-0.4811092758849611,-0.6126236368531046
741081207.0,2023-06-26T19:53:27.000,-1.7449405255720585,-0.598158522913117,0.9963629168052712
741081227.0,2023-06-26T19:53:47.000,-0.20145825214701318,-1.3076530666955577,-1.7829761180476744
741081247.0,2023-06-26T19:54:07.000,-0.3020552920118824,-0.9977825991436262,0.6740184151143858
741081267.0,2023-06-26T19:54:27.000,1.101184853569137,-0.957743343765749,-1.0318504034212417
741081287.0,2023-06-26T19:54:47.000,0.7997241763813001,-0.7260698815847455,-0.6260287847781321
741081307.0,2023-06-26T19:55:07.000,0.27646901198385976,0.9465603771130482,0.0908211000738568
741081327.0,2023-06-26T19:55:27.000,-0.4616891700615078,-0.5706551844064656,0.9013606213748027
741081347.0,2023-06-26T19:55:47.000,0.622092240687433,-0.97902879589995,0.0076503910872993686
741081367.0,2023-06-26T19:56:07.000,0.5070837365672709,-0.5997901230681002,0.4499573346583574
741081387.0,2023-06-26T19:56:27.000,0.7165217360438625,-1.4364950659317977,-1.415814728189524
741081407.0,2023-06-26T19:56:47.000,1.009262095597041,-0.615026132022578,0.20995657769029563
741081427.0,2023-06-26T19:57:07.000,-1.9742459086202757,-1.2476677628714405,2.351232125397118
741081447.0,2023-06-26T19:57:27.000,-0.2783863209288029,-1.6649171132421259,0.4414999437041267
741081467.0,2023-06-26T19:57:47.000,-0.30197419411681636,-0.07510051810433183,0.17254316275749915
741081487.0,2023-06-26T19:58:07.000,-0.2799081100568479,-0.7816907312108157,-0.8254772638438546
741081507.0,2023-06-26T19:58:27.000,0.8908703361343306,-1.6115885504097704,0.6526774379289613
741081527.0,2023-06-26T19:58:47.000,-0.769324149618722,-1.4857625487252335,-0.4803376740025733
741081547.0,2023-06-26T19:59:07.000,-1.0460195535078043,-0.8226796937349512,0.2660876190385686
741081567.0,2023-06-26T19:59:27.000,-1.0716489808881846,-0.506413534673289,-0.7177617718845397
741081587.0,2023-06-26T19:59:47.000,-1.0448271701490874,-0.8009005198372776,0.521618011151137
741081607.0,2023-06-26T20:00:07.000,-0.17735422650488886,0.5799833103781182,-0.5612998513981893
741081627.0,2023-06-26T20:00:27.000,-0.15627882984370345,-0.07375215391736134,-1.0755505376325303
741081647.0,2023-06-26T20:00:47.000,-0.31765932747562786,-0.44007960239289545,0.4893225541757751
741081667.0,2023-06-26T20:01:07.000,-0.13603795093741766,-0.06822739446743498,0.6060941101670991
741081687.0,2023-06-26T20:01:27.000,-0.8110771689939789,-0.7574932155529623,-0.9525697651335818
741081707.0,2023-06-26T20:01:47.000,-0.9841793318310366,-1.9219344183141196,0.6942581921687285
741081727.0,2023-06-26T20:02:07.000,-1.18379428499793,-1.9355507303919772,0.1001456274241086
741081747.0,2023-06-26T20:02:27.000,-0.5143990949862953,-0.8330357289310086,0.748380690318573
741081767.0,2023-06-26T20:02:47.000,-0.31257578515520024,-1.817431336392783,-0.24060118344326753
741081787.0,2023-06-26T20:03:07.000,0.8502083000294647,-0.5881031683641069,0.700070090398075
741081807.0,2023-06-26T20:03:27.000,0.5870466983526335,-1.3301719846259275,0.7747369439647933
741081827.0,2023-06-26T20:03:47.000,-0.8332147257150702,-0.8823242995226188,1.6763985852152885
741081847.0,2023-06-26T20:04:07.000,0.004241418816164355,-2.5680147422879607,-0.3088681756024947
741081867.0,2023-06-26T20:04:27.000,-1.342075176791191,-1.1745343320934687,1.0908123535102732
741081887.0,2023-06-26T20:04:47.000,0.37763367206622434,-1.2758036323390343,-0.5769868843374937
741081907.0,2023-06-26T20:05:07.000,-0.9045281340602784,0.028418864994605997,0.07258783057961793
741081927.0,2023-06-26T20:05:27.000,0.08067620191898328,-1.3981857912459539,-0.26804492259113744
741081947.0,2023-06-26T20:05:47.000,0.6702824349891223,-1.4672929281922542,0.45623310006570605
741081967.0,2023-06-26T20:06:07.000,0.07537084356634693,-0.6767213066583011,-0.2865594919021497
741081987.0,2023-06-26T20:06:27.000,0.3293653232483429,0.5110671583263837,0.36072866427261374
741082007.0,2023-06-26T20:06:47.000,-0.7624748759704758,-0.5897220376693824,-0.673921280047729
741082027.0,2023-06-26T20:07:07.000,-0.41585975939506525,-1.5044860686597161,-0.7360863735539347
741082047.0,2023-06-26T20:07:27.000,-0.038790346035266765,-0.4679382448857794,0.3478266228373883
741082067.0,2023-06-26T20:07:47.000,-0.7833998483919302,-0.5043117397018904,1.3394885908124543
741082087.0,2023-06-26T20:08:07.000,-1.1156241907950282,-0.7113295369398642,0.2356973181294464
741082107.0,2023-06-26T20:08:27.000,0.3718561635279727,-0.6648377411933026,0.030283391061480813
741082127.0,2023-06-26T20:08:47.000,0.38644230642148614,-0.39785981692519456,0.5645152583722002
741082147.0,2023-06-26T20:09:07.000,-0.5288771928069202,-0.07350380690773761,0.37875626721639577
741082167.0,2023-06-26T20:09:27.000,0.39956876850544276,0.07358008542457384,1.6240697107483548
741082187.0,2023-06-26T20:09:47.000,-1.5728302594331112,-0.08021445757622203,-0.024454481406532835
741082207.0,2023-06-26T20:10:07.000,-0.6429848993572129,-0.4839452858118598,0.3372897777742523
741082227.0,2023-06-26T20:10:27.000,0.32694910259145615,-0.3968124007047713,0.12558518628358328
741082247.0,2023-06-26T20:10:47.000,-0.5186342042828862,-0.7191735896472373,-0.01950707428921561
741082267.0,2023-06-26T20:11:07.000,-0.10700928609885807,0.028185488676335524,1.4806461786975866
741082287.0,2023-06-26T20:11:27.000,-0.8481584396813346,-0.6795219411159792,0.35955240634821806
741082307.0,2023-06-26T20:11:47.000,-0.03421589251928481,0.06105891802166141,-0.09544839442154895
741082327.0,2023-06-26T20:12:07.000,0.3281320415382538,-1.5121547904173305,-1.0168912282892961
741082347.0,2023-06-26T20:12:27.000,0.23754970464029412,-0.5335084154789449,0.046345086901489196
741082367.0,2023-06-26T20:12:47.000,-0.2519222510932728,0.3995443046078684,1.1449167624966172
741082387.0,2023-06-26T20:13:07.000,-0.05240240824599951,-1.2368731768797048,1.3469219712902714
741082407.0,2023-06-26T20:13:27.000,-0.8349253020289993,-0.5291799498929883,1.6499844772810413
741082427.0,2023-06-26T20:13:47.000,-0.6868769186763046,-1.6718851653441114,-0.22035993310076663
741082447.0,2023-06-26T20:14:07.000,-2.2082020121438894,-0.8517415312048193,1.5511038579218983
741082467.0,2023-06-26T20:14:27.000,-1.1616149570570222,-0.19348429601828698,-1.246999280868355
741082487.0,2023-06-26T20:14:47.000,-0.0036536399905529038,-1.1665747240874325,0.2382468282324801
741082507.0,2023-06-26T20:15:07.000,-0.03035036268972391,-1.0441310388631386,0.2572152954627427
741082527.0,2023-06-26T20:15:27.000,-0.8683818528587572,-2.0636254093542306,-0.4202240920903044
741082547.0,2023-06-26T20:15:47.000,-1.0742922013307066,-1.9339203565227336,1.5304214473377264
741082567.0,2023-06-26T20:16:07.000,-0.4998029167868623,-1.8503066292807624,0.7599448384243424
741082587.0,2023-06-26T20:16:27.000,-1.5363203927032387,-1.3746963569816195,0.22711601722624764
741082607.0,2023-06-26T20:16:47.000,0.5392929324110618,-0.944740575203884,-0.19809972818807253
741082627.0,2023-06-26T20:17:07.000,-0.48904647431680104,0.23446801860060873,0.952475031945621
741082647.0,2023-06-26T20:17:27.000,-0.7131602667409531,-0.9852121631848121,0.3372924070044192
741082667.0,2023-06-26T20:17:47.000,-1.2697593407384744,-1.741128585575069,0.5667427638855749
741082687.0,2023-06-26T20:18:07.000,0.16433832548123917,-0.9815152701264651,-0.3107808154489966
741082707.0,2023-06-26T20:18:27.000,-2.746878827364352,-0.25047428374724845,0.928546570033717
741082727.0,2023-06-26T20:18:47.000,-0.7897499397113705,-1.0460430074465954,-0.47657570390047255
741082747.0,2023-06-26T20:19:07.000,0.24824314154292537,0.40892359981503645,0.18457349655331967
741082767.0,2023-06-26T20:19:27.000,0.16136290300616807,-1.019080432540509,0.012571216234658067
741082787.0,2023-06-26T20:19:47.000,0.5223726725178679,-0.06775467320530026,0.9778392519699253
741082807.0,2023-06-26T20:20:07.000,-0.2992514712030214,-1.1957888096381097,1.2310274622673312
741082827.0,2023-06-26T20:20:27.000,0.14837067854323038,-0.5354581943173287,-0.4009328481213714
741082847.0,2023-06-26T20:20:47.000,-0.5047580565187282,0.5145405017059623,-1.3827291867496427
741082867.0,2023-06-26T20:21:07.000,0.739618253942087,-0.44395637732730364,0.4596790722732891
741082887.0,2023-06-26T20:21:27.000,1.5435636195548774,0.06674214024782188,-0.28721395105568703
741082907.0,2023-06-26T20:21:47.000,-1.5875079502625233,-0.32136748395750203,0.392497630563593
741082927.0,2023-06-26T20:22:07.000,0.02326891206383408,-0.9874229973672044,0.8937274806553042
741082947.0,2023-06-26T20:22:27.000,-0.7195737648735268,-1.6474638485419746,-0.29347420293923676
741082967.0,2023-06-26T20:22:47.000,-2.24173176485154,0.07331530992304991,0.48129726780699045
741082987.0,2023-06-26T20:23:07.000,-1.621177359589776,-0.4459127860623191,0.3166402091192566
741083007.0,2023-06-26T20:23:27.000,-1.9985316230597405,-1.3545958197802577,-0.100718968532032
741083027.0,2023-06-26T20:23:47.000,-1.5864394569020668,-0.30974870212086003,0.0949327548238621
741083047.0,2023-06-26T20:24:07.000,-1.3942125572374842,-0.4996894449549316,-0.7773978951908234
741083067.0,2023-06-26T20:24:27.000,-0.41585673674626733,-0.9927262248243807,-0.009191730576674217
741083087.0,2023-06-26T20:24:47.000,-0.989065810086398,1.0905777281911,-0.8785634129870878
741083107.0,2023-06-26T20:25:07.000,0.6660218226928194,-0.2905391219609754,1.9875371287114696
741083127.0,2023-06-26T20:25:27.000,-2.1584203792279766,-0.6017937344449109,0.04438446556953579
741083147.0,2023-06-26T20:25:47.000,-1.322482154686444,-0.8575789309350768,0.7268626589618243
741083167.0,2023-06-26T20:26:07.000,-0.694931203615301,-1.9898789890504531,-0.2500821920214946
741083187.0,2023-06-26T20:26:27.000,-0.631117740268472,0.5630673943768372,-0.7905521709594687
741083207.0,2023-06-26T20:26:47.000,-1.3037730231091338,-0.7673661653773145,0.43807137320994727
741083227.0,2023-06-26T20:27:07.000,-1.4299475726509137,-0.7920559695451246,0.9450333981364523
741083247.0,2023-06-26T20:27:27.000,-1.5884697260548641,0.5301569436788611,0.7585090004758044
741083267.0,2023-06-26T20:27:47.000,0.4455464479691251,-0.6634438596164749,1.2756156363535887
741083287.0,2023-06-26T20:28:07.000,0.5281549934399443,-0.7753437863744495,0.09435738513863257
741083307.0,2023-06-26T20:28:27.000,-0.9913665576455344,-0.6578553308100865,0.9586072051814831
741083327.0,2023-06-26T20:28:47.000,-0.8259223607698374,-1.1370404867316886,1.5803907808420448
741083347.0,2023-06-26T20:29:07.000,-1.4299496175484983,0.1086851489473517,-0.3099132821038353
741083367.0,2023-06-26T20:29:27.000,-1.3684945672665094,-0.5471972969073313,-0.5003443430573462
741083387.0,2023-06-26T20:29:47.000,-0.182343034738075,0.4996896492248659,0.8231136808811712
741083407.0,2023-06-26T20:30:07.000,0.2754343123911873,0.29014184864673,0.3146561180944474
741083427.0,2023-06-26T20:30:27.000,0.10672641583830966,0.0012706668051087888,-0.25025906014164434
741083447.0,2023-06-26T20:30:47.000,-0.3334323048664878,-0.2525229548133723,-1.0104629467488913
741083467.0,2023-06-26T20:31:07.000,-2.0438377493769977,-1.0652332840810352,0.11666335950621942
741083487.0,2023-06-26T20:31:27.000,0.5703966124426252,0.0637990607676997,0.6075086462220547
741083507.0,2023-06-26T20:31:47.000,-1.1649613961828287,-0.027911130007218787,0.38375538277124477
741083527.0,2023-06-26T20:32:07.000,0.04602633277839274,0.07105838184529034,1.5429780374054403
741083547.0,2023-06-26T20:32:27.000,0.05057382812534428,-1.2729716153181414,0.3041254132529758
741083567.0,2023-06-26T20:32:47.000,0.847194518105443,-0.8846821030417118,1.1542396775365837
741083587.0,2023-06-26T20:33:07.000,-0.3402725895718106,1.5491695777192227,1.0044678383724914
741083607.0,2023-06-26T20:33:27.000,-0.5020687557033554,0.6860398121588673,-0.6364453092544409
741083627.0,2023-06-26T20:33:47.000,-1.352667131571117,0.04555736604627825,1.0506635932938657
741083647.0,2023-06-26T20:34:07.000,0.43026782736710345,0.5785030498639543,-1.23209694586901
741083667.0,2023-06-26T20:34:27.000,-1.5544475354900555,-0.07795584058278848,0.4371172959261038
741083687.0,2023-06-26T20:34:47.000,0.22851806736889912,-0.31504967524798033,-0.3426278582852049
741083707.0,2023-06-26T20:35:07.000,-2.0353393808347775,-0.26480955864771616,-0.7918648975868692
741083727.0,2023-06-26T20:35:27.000,-0.2853654220258406,0.18143315020369144,1.163897455846996
741083747.0,2023-06-26T20:35:47.000,0.040284481250818516,-1.1697167722757307,0.588822110836329
741083767.0,2023-06-26T20:36:07.000,-1.411410528717738,-0.9061830605561205,0.2494639131600529
741083787.0,2023-06-26T20:36:27.000,-0.32863110925873684,-1.530627758705716,1.082072660407718
741083807.0,2023-06-26T20:36:47.000,-1.1766142093305731,-0.6029649109673407,1.1998207748664669
741083827.0,2023-06-26T20:37:07.000,-1.1679546109921723,0.0638494675797574,1.6911047539647228
741083847.0,2023-06-26T20:37:27.000,-0.9179804838610472,-0.17789638442344824,-0.5633463985632581
741083867.0,2023-06-26T20:37:47.000,-1.514465317753455,0.195754703047335,0.8358231204153022
741083887.0,2023-06-26T20:38:07.000,-0.9473057000497498,0.913081892828238,0.8891276178646379
741083907.0,2023-06-26T20:38:27.000,-1.3298768588687615,-0.5564595987661569,0.7711788565401001
741083927.0,2023-06-26T20:38:47.000,-1.8634387455418455,-0.37294728865155946,-0.18967383320633857
741083947.0,2023-06-26T20:39:07.000,-1.949545979118561,-0.9996690603975011,0.8798299049317393
741083967.0,2023-06-26T20:39:27.000,-0.8761311060312416,-0.37790084997935125,0.731470881731866
741083987.0,2023-06-26T20:39:47.000,-0.30759729287010984,-0.9544505496617006,0.36585199236771615
741084007.0,2023-06-26T20:40:07.000,-1.4576254933396093,1.093817391661922,-0.4412104816831075
741084027.0,2023-06-26T20:40:27.000,-0.6014926972164325,1.077832136742174,0.16347092839374966
741084047.0,2023-06-26T20:40:47.000,-0.6908755061707517,0.30976975861074507,1.0260209165613432
741084067.0,2023-06-26T20:41:07.000,-1.3264473263441268,0.028133302887312084,0.15422955192967436
741084087.0,2023-06-26T20:41:27.000,-1.6708055700309643,-0.2851138382053975,-0.2333910312679599
741084107.0,2023-06-26T20:41:47.000,-0.00023193443832170146,-0.41617573117713746,0.44360251142405716
741084127.0,2023-06-26T20:42:07.000,-0.6041544217905148,-1.3986538376142832,-0.5112171006516064
741084147.0,2023-06-26T20:42:27.000,-1.480652759100476,-0.2669932130050512,1.7221654853516455
741084167.0,2023-06-26T20:42:47.000,-1.7441588379241146,0.5835833637668486,0.07587948482878915
741084187.0,2023-06-26T20:43:07.000,-1.571970158076308,-1.5215520433264906,0.6488138111770958
741084207.0,2023-06-26T20:43:27.000,-0.6999343599378705,-1.2003480193478744,-0.5120494636634554
741084227.0,2023-06-26T20:43:47.000,-2.0285111631435093,0.37316830026057346,0.05539634401197091
741084247.0,2023-06-26T20:44:07.000,-3.2723137242562927,-0.48575588228461086,0.9196293705882042
741084267.0,2023-06-26T20:44:27.000,0.04568284840411607,0.2900762600788198,-0.11642755066709753
741084287.0,2023-06-26T20:44:47.000,-1.313568941152532,0.09175590817145363,0.47570980618028
741084307.0,2023-06-26T20:45:07.000,0.10078969892024503,-0.1312716551460369,-0.3981538725383871
741084327.0,2023-06-26T20:45:27.000,-1.2398521792911232,0.4335621015205682,0.7034005146011602
741084347.0,2023-06-26T20:45:47.000,-1.8813873102763168,1.10292552900626,-0.3122216810425016
741084367.0,2023-06-26T20:46:07.000,-2.0009144759747244,0.7089169818841334,0.5344014194830216
741084387.0,2023-06-26T20:46:27.000,-0.7601036894233637,0.7472874365976878,1.091161259914042
741084407.0,2023-06-26T20:46:47.000,-0.30840977358614907,0.35492871025555317,-0.48237043985821515
741084427.0,2023-06-26T20:47:07.000,-1.8239297570277202,0.281872541441075,1.30118483601116
741084447.0,2023-06-26T20:47:27.000,-0.36581861433404583,0.22331126378061228,0.07966172508311331
741084467.0,2023-06-26T20:47:47.000,-1.61941310291569,-0.7927766571547146,0.20741232414911437
741084487.0,2023-06-26T20:48:07.000,-1.2755885423598734,0.6550976147878806,0.6988525143913904
741084507.0,2023-06-26T20:48:27.000,-0.7336760946108356,0.028387736494828175,0.1637343519766965
741084527.0,2023-06-26T20:48:47.000,-0.5060751552821152,0.30453585146972273,-0.08723720279490976
741084547.0,2023-06-26T20:49:07.000,-1.462032766852417,0.6765297750677135,-0.49092643993331464
741084567.0,2023-06-26T20:49:27.000,-0.9318223602061693,1.7377572436694244,0.16585170327099164
741084587.0,2023-06-26T20:49:47.000,-0.6120677239707106,0.030564615405292983,-0.697393388071621
741084607.0,2023-06-26T20:50:07.000,0.15737144747340892,-0.9925530110477254,0.20027842324576994
741084627.0,2023-06-26T20:50:27.000,-1.682986295625799,-0.7226744153432385,-0.4709513154121936
741084647.0,2023-06-26T20:50:47.000,-0.24194481225148223,0.2671734224524158,0.23015843937379543
741084667.0,2023-06-26T20:51:07.000,-1.4861399811438858,1.3482953474031056,-0.1832860210937426
741084687.0,2023-06-26T20:51:27.000,-0.8877997558442985,-0.05549693967710212,-0.30394751818763055
741084707.0,2023-06-26T20:51:47.000,-0.6068428056393849,-0.278875528170186,0.15127508026235859
741084727.0,2023-06-26T20:52:07.000,-0.7939819437252638,0.757669297701824,-0.5000180002046051
741084747.0,2023-06-26T20:52:27.000,-1.720297887608524,0.0973018508099166,1.0595613284758443
741084767.0,2023-06-26T20:52:47.000,-1.2399894428916092,0.8445252020372607,1.141830149065104
741084787.0,2023-06-26T20:53:07.000,-0.6106977602615693,0.4533860028743675,-0.17310315897356432
741084807.0,2023-06-26T20:53:27.000,-0.7057989434899881,0.3837961613850638,-0.7492168579203984
741084827.0,2023-06-26T20:53:47.000,1.163088604860807,-0.5293418747998047,-0.7468354231709995
741084847.0,2023-06-26T20:54:07.000,-1.5173301742721357,-0.22351642926521365,1.4235023321096385
741084867.0,2023-06-26T20:54:27.000,-1.3048980463503668,-0.33892843405158857,-0.11755047605310764
741084887.0,2023-06-26T20:54:47.000,-0.23944310624246512,0.025881917509185115,0.010352998391915946
741084907.0,2023-06-26T20:55:07.000,-0.5869032574268296,1.6638831193183101,-0.11611079561157922
741084927.0,2023-06-26T20:55:27.000,-0.91870106918579,-0.028748424241165083,0.45562891523021065
741084947.0,2023-06-26T20:55:47.000,-0.4879245247835229,0.07395098130524858,0.17697509014924506
741084967.0,2023-06-26T20:56:07.000,-0.3276865569223908,-1.3374660624676515,-0.36803774284832613
741084987.0,2023-06-26T20:56:27.000,-0.04595653407823974,-0.38934756805275583,0.884136752576925
741085007.0,2023-06-26T20:56:47.000,-0.12154091293403724,-0.26610428973672384,0.1491401832698358
741085027.0,2023-06-26T20:57:07.000,-0.3334136335686466,-0.6038672644259613,-0.003707360485272204
741085047.0,2023-06-26T20:57:27.000,-0.1337782676635868,1.6925702938874743,0.9038831143226567
741085067.0,2023-06-26T20:57:47.000,-0.3527796004321182,0.2919656129196646,-0.6955043592382637
741085087.0,2023-06-26T20:58:07.000,-0.9718483877652062,-0.07002633356512078,0.868814900589765
741085107.0,2023-06-26T20:58:27.000,-1.523140472781126,0.2975390403392453,0.18121608114096688
741085127.0,2023-06-26T20:58:47.000,1.036250420305418,0.9528608414965944,0.23896019609725982
741085147.0,2023-06-26T20:59:07.000,1.3363868355598107,0.294057185368235,0.6510441146523327
741085167.0,2023-06-26T20:59:27.000,-0.603567124413118,1.2571575200848173,0.03819064061660882
741085187.0,2023-06-26T20:59:47.000,-0.6700475827847718,-1.2416965026185167,-0.24758968781846136
741085207.0,2023-06-26T21:00:07.000,0.9213470615776487,0.4873266299498802,-0.37737263587356296
741085227.0,2023-06-26T21:00:27.000,-1.804024296181428,0.6165308634953348,1.1780396286464878
741085247.0,2023-06-26T21:00:47.000,0.6546415888375456,1.0696656342013,0.04241253351855434
741085267.0,2023-06-26T21:01:07.000,-0.031159118585311063,-0.03279379178211528,-0.9750821470588811
741085287.0,2023-06-26T21:01:27.000,-1.914959864746102,-0.7813416601054612,-1.3580857001982416
741085307.0,2023-06-26T21:01:47.000,-0.7357232658433688,0.3472912853630383,0.510949189691523
741085327.0,2023-06-26T21:02:07.000,-1.5322982385934658,0.673597727629538,0.3971271464675574
741085347.0,2023-06-26T21:02:27.000,-0.6657308774249415,-0.6968960835407323,-0.09526481393740127
741085367.0,2023-06-26T21:02:47.000,-2.2232955934953225,-1.2236838796919614,-0.16798538483575598
741085387.0,2023-06-26T21:03:07.000,0.1449285067622874,0.8600475066455893,1.2726306443000546
741085407.0,2023-06-26T21:03:27.000,-0.8456691040437114,0.041278835782865286,0.08866646100669229
741085427.0,2023-06-26T21:03:47.000,-2.359808480689729,0.37039043658815274,1.1344776605137774
741085447.0,2023-06-26T21:04:07.000,-0.9043855629053965,0.22671049847433622,-0.18065119270493923
741085467.0,2023-06-26T21:04:27.000,-0.7048111176355398,-0.0505116349081014,0.3080351293371919
741085487.0,2023-06-26T21:04:47.000,-0.17024726471914775,0.0391414900491327,-0.43638217639418997
741085507.0,2023-06-26T21:05:07.000,-1.7542695698091748,2.008268131226121,-0.7185584816493673
741085527.0,2023-06-26T21:05:27.000,-2.27476810304994,-0.24475015094616026,0.19664851343970113
741085547.0,2023-06-26T21:05:47.000,-1.51300476783911,1.9374508462566276,1.247714315000259
741085567.0,2023-06-26T21:06:07.000,-1.3045499610231381,-0.13143230513934512,0.03235949341817701
741085587.0,2023-06-26T21:06:27.000,-1.3302623436461936,-0.4618582007176464,0.2806012992961904
741085607.0,2023-06-26T21:06:47.000,-2.8537730309863285,0.8293508412027251,0.5083281192974631
741085627.0,2023-06-26T21:07:07.000,-0.8439917977498546,0.007501638343843098,0.3639680612899099
741085647.0,2023-06-26T21:07:27.000,-1.4336611802723276,-0.38173866304669346,-0.4300205292184778
741085667.0,2023-06-26T21:07:47.000,-1.060065586711012,0.7027156337824358,-1.1156721340443987
741085687.0,2023-06-26T21:08:07.000,-2.0296442344136523,-0.42500289441083083,-0.6187832036430585
741085707.0,2023-06-26T21:08:27.000,-1.3744460045761464,0.5939920005859634,-0.483714751886577
741085727.0,2023-06-26T21:08:47.000,-1.396489808891399,0.6234812556904501,1.134497979426996
741085747.0,2023-06-26T21:09:07.000,-0.8463700559735443,0.2275724007905211,-1.3804277466111792
741085767.0,2023-06-26T21:09:27.000,-1.12626416063355,0.8447755176388405,2.216224085682672
741085787.0,2023-06-26T21:09:47.000,0.07966146825522102,-0.5064422548661796,-0.3739177113604164
741085807.0,2023-06-26T21:10:07.000,1.004436404083986,1.6225017692383936,0.20980491377553534
741085827.0,2023-06-26T21:10:27.000,-1.0879692679433006,0.6353928974967005,0.8099021498120251
741085847.0,2023-06-26T21:10:47.000,-1.2461578661304706,0.11843009942724692,1.367876271785029
741085867.0,2023-06-26T21:11:07.000,-0.7966529615655027,-0.4276686512927341,-0.48793699990445916
741085887.0,2023-06-26T21:11:27.000,-1.6827748158254607,-1.1558265473721185,-0.8168786864271027
741085907.0,2023-06-26T21:11:47.000,-0.9361687477893454,-0.013743079307904082,-0.7595251161007788
741085927.0,2023-06-26T21:12:07.000,-0.9584574320209427,0.13132493955625435,-0.009248467691680418
741085947.0,2023-06-26T21:12:27.000,-0.2932941472022499,0.29405235639767824,-0.9041910212892468
741085967.0,2023-06-26T21:12:47.000,-0.14691302760994063,0.3531664472533613,0.9813420684401386
741085987.0,2023-06-26T21:13:07.000,-1.2218194632374058,1.4707894487653306,-0.6443696078717309
741086007.0,2023-06-26T21:13:27.000,-0.4840210090728547,-0.2603955661428792,-1.2389472575202731
741086027.0,2023-06-26T21:13:47.000,-0.067718217600099,0.2291955603639373,-0.14491700439656086
741086047.0,2023-06-26T21:14:07.000,-0.7900412648420563,0.9559127035596582,-1.287883409417656
741086067.0,2023-06-26T21:14:27.000,0.3219299784751328,0.5266558169236824,0.4698510418732482
741086087.0,2023-06-26T21:14:47.000,0.5910058340052871,0.516821246232535,-0.38840691499730795
741086107.0,2023-06-26T21:15:07.000,-0.1387961694909734,0.2867171134179891,-0.7753117499675888
741086127.0,2023-06-26T21:15:27.000,-0.7098122513093941,-0.26050430046442585,-0.9593726695733551
741086147.0,2023-06-26T21:15:47.000,-0.8854577748351744,0.8527743830755163,0.006270530861218759
741086167.0,2023-06-26T21:16:07.000,-0.5064228226436818,-0.8365899763607132,-0.7253284405761562
741086187.0,2023-06-26T21:16:27.000,-1.0392057863239934,0.10208792781130072,-0.8231399927005612
741086207.0,2023-06-26T21:16:47.000,-0.4566264861227687,1.0604065043384736,0.36759522649143506
741086227.0,2023-06-26T21:17:07.000,-0.6649621849819098,-1.1078173435596916,-1.01997015883315
741086247.0,2023-06-26T21:17:27.000,-1.231116485556072,-0.9355904818209027,-0.4557429118423606
741086267.0,2023-06-26T21:17:47.000,0.14749255663470962,1.1075927848547273,-0.15877558647847678
741086287.0,2023-06-26T21:18:07.000,-1.1029912039384193,1.3326177404571204,-0.9494201109627731
741086307.0,2023-06-26T21:18:27.000,-1.53052750679894,0.5750535691295688,-0.7332446785079938
741086327.0,2023-06-26T21:18:47.000,-0.5762083242544236,-0.15291550815588195,-0.26894296559776265
741086347.0,2023-06-26T21:19:07.000,-1.088549199712574,-0.4954067369999926,0.08920177310134392
741086367.0,2023-06-26T21:19:27.000,-0.4062525032044739,1.816188639114369,-0.7408933298536091
741086387.0,2023-06-26T21:19:47.000,0.6127015367729527,0.3101365603996875,-0.928165742097864
741086407.0,2023-06-26T21:20:07.000,-0.7213000581485218,0.34878709114227746,-0.6215666704334488
741086427.0,2023-06-26T21:20:27.000,-1.4151676649198919,2.6418985130560735,-1.1733001453406722
741086447.0,2023-06-26T21:20:47.000,-1.992326390398702,1.1879610507303795,-0.10891687741709788
741086467.0,2023-06-26T21:21:07.000,-0.9502103766823033,-1.1006115080980372,0.17528181516235364
741086487.0,2023-06-26T21:21:27.000,-0.2966094425072008,0.05738054981163643,-0.7559419318847738
741086507.0,2023-06-26T21:21:47.000,0.19603230998477272,0.28274137907624564,-1.0016785402466866
741086527.0,2023-06-26T21:22:07.000,-0.8130306628606476,-0.24284624614567818,-0.2433893259934372
741086547.0,2023-06-26T21:22:27.000,-0.420888449059742,-0.9334150079864934,1.231178113325626
741086567.0,2023-06-26T21:22:47.000,-0.7607384878371981,0.09376029479479797,-0.3221164339262117
741086587.0,2023-06-26T21:23:07.000,-0.36214866299122406,0.5843595758281417,-0.6645794069060074
741086607.0,2023-06-26T21:23:27.000,-0.7910198053240336,1.6361942255405104,-1.9009259806579415
741086627.0,2023-06-26T21:23:47.000,-0.9700357070929755,-0.04913683849805395,-0.890553868881927
741086647.0,2023-06-26T21:24:07.000,0.05171243250279289,1.0743329209250696,-0.9261679841388037
741086667.0,2023-06-26T21:24:27.000,-0.44041809356132333,-1.0150019110866104,-0.22918915215663915
741086687.0,2023-06-26T21:24:47.000,0.6489593776359825,0.6517471154432464,-0.7027439511975153
741086707.0,2023-06-26T21:25:07.000,-1.0897746440918787,1.9543111947406544,-1.4321463989386274
741086727.0,2023-06-26T21:25:27.000,-0.23575589240820705,0.2375573167845424,0.9285840619432939
741086747.0,2023-06-26T21:25:47.000,-0.9287487578668596,1.204843788171761,0.8091636122475876
741086767.0,2023-06-26T21:26:07.000,-1.1255921095187915,0.20120867508799378,-1.1723739689384338
741086787.0,2023-06-26T21:26:27.000,-0.6911739340864642,-1.1949615386197543,-1.5113255763532507
741086807.0,2023-06-26T21:26:47.000,-1.4494235035855674,1.487867815452848,0.9982407428998918
741086827.0,2023-06-26T21:27:07.000,-0.6898534709143256,-0.4940994204782889,1.1540665141862583
741086847.0,2023-06-26T21:27:27.000,-0.3342476961876173,0.2276133459711005,-1.1524768987802858
741086867.0,2023-06-26T21:27:47.000,0.32707680900356806,0.7041467627311171,-0.30941977183784886
741086887.0,2023-06-26T21:28:07.000,1.2206849632767636,0.709881109062227,-1.6430480628715216
741086907.0,2023-06-26T21:28:27.000,1.2591120527205568,-0.2290196368548436,-0.4879231637722192
741086927.0,2023-06-26T21:28:47.000,-0.5777478527924096,0.06112158099647047,-1.1609426349923346
741086947.0,2023-06-26T21:29:07.000,-0.0475111081144064,-0.0404990309954556,0.5823879594912817
741086967.0,2023-06-26T21:29:27.000,-1.0040571362668338,1.184815173804754,-1.4314870761422682
741086987.0,2023-06-26T21:29:47.000,-0.05997023397874557,-0.7525377008543721,-0.40341939828714146
741087007.0,2023-06-26T21:30:07.000,0.11140446035673435,0.03831790131858526,-0.6434482688333354
741087027.0,2023-06-26T21:30:27.000,-0.8943715572473643,1.0083387835035929,-1.465739086670137
741087047.0,2023-06-26T21:30:47.000,-1.3197041607515558,0.6431229888970158,0.21820374197512038
741087067.0,2023-06-26T21:31:07.000,0.1888258671089993,0.5087166819128797,-0.19431660427393638
741087087.0,2023-06-26T21:31:27.000,1.0000336275739485,0.8810822656801776,-0.6751558399020752
741087107.0,2023-06-26T21:31:47.000,0.05651644808812861,0.3641887503236241,0.701532529867599
741087127.0,2023-06-26T21:32:07.000,-0.1283675410967966,0.2862309950057984,-0.32328290840988316
741087147.0,2023-06-26T21:32:27.000,-0.15996472949586504,1.1918469388083608,-1.6812214396977332
741087167.0,2023-06-26T21:32:47.000,-0.36053191728724343,-0.01137006372387006,0.2691282739331058
741087187.0,2023-06-26T21:33:07.000,-0.31877293231730164,1.2937694982673165,-0.11791479372913471
741087207.0,2023-06-26T21:33:27.000,-2.3794054679227017,0.2687949679502921,0.5949779804836908
741087227.0,2023-06-26T21:33:47.000,0.5582200632736622,1.3853749499581625,-0.0623304993951912
741087247.0,2023-06-26T21:34:07.000,-0.41772908948578547,0.2440457701591292,-0.6423911934727577
741087267.0,2023-06-26T21:34:27.000,-0.49234819514687445,-0.45164075482828636,-0.8770103882116409
741087287.0,2023-06-26T21:34:47.000,-0.9273842102586194,1.8740890039170566,-1.0436677984837495
741087307.0,2023-06-26T21:35:07.000,-0.09274010722704062,1.000670611606136,-0.14005033712738424
741087327.0,2023-06-26T21:35:27.000,0.2880173613273307,1.022703656028412,-0.7865179824761981
741087347.0,2023-06-26T21:35:47.000,-0.00947802346606963,0.32122872152262616,-0.5159392347686698
741087367.0,2023-06-26T21:36:07.000,-0.6505296289982532,1.6183539098491018,-2.709810761580833
741087387.0,2023-06-26T21:36:27.000,-2.458235426416877,1.9800848286011252,-0.8891886148720829
741087407.0,2023-06-26T21:36:47.000,-0.4617804831852368,-0.056920667346194165,0.07867211085921255
741087427.0,2023-06-26T21:37:07.000,0.05326181232723215,-1.287125297977365,-0.6145442261074052
741087447.0,2023-06-26T21:37:27.000,-0.7089600673526597,-0.43108976518491104,-0.5414821478533227
741087467.0,2023-06-26T21:37:47.000,-0.6289779748702706,0.7409498795185598,-0.4750282693866126
741087487.0,2023-06-26T21:38:07.000,-2.160648531823739,0.4561896273069799,-0.6767744224034367
741087507.0,2023-06-26T21:38:27.000,1.0680573386712133,0.632137436562541,-1.0970442746560671
741087527.0,2023-06-26T21:38:47.000,-0.655244111369413,0.0053404889510666465,-0.9746877164373835
741087547.0,2023-06-26T21:39:07.000,-0.24058790419889675,-0.39230823996039277,-0.4422669561909842
741087567.0,2023-06-26T21:39:27.000,-1.0789362234975286,-0.09471714146336296,-0.5995441264117218
741087587.0,2023-06-26T21:39:47.000,1.5133760669971963,1.4015616030094158,0.3409178850888317
741087607.0,2023-06-26T21:40:07.000,-0.2948426686466554,-0.537700185943013,-1.0291679087282013
741087627.0,2023-06-26T21:40:27.000,-0.1710004695842926,0.7485551031027882,-0.554866342372673
741087647.0,2023-06-26T21:40:47.000,-0.891857700924259,0.6455854024367547,-1.0043037679485778
741087667.0,2023-06-26T21:41:07.000,-0.38620261205712936,-0.7147090670955869,0.3559798251506763
741087687.0,2023-06-26T21:41:27.000,-0.34891000398884486,0.4379571752588518,0.7892364109252092
741087707.0,2023-06-26T21:41:47.000,-1.0952046569978613,0.7375417906074766,-0.7716266526069937
741087727.0,2023-06-26T21:42:07.000,0.20970514408302776,0.49332102542987144,-1.4184013274909368
741087747.0,2023-06-26T21:42:27.000,-0.4096552241428242,0.7625380078368771,-0.5865672333849048
741087767.0,2023-06-26T21:42:47.000,0.4558695507750343,0.09334185614440216,0.02048569504031761
741087787.0,2023-06-26T21:43:07.000,-1.4286722983980482,-0.09975991672739326,-1.4879696160874367
741087807.0,2023-06-26T21:43:27.000,-0.6600252560828856,0.36839412140832195,-0.13871595079262278
741087827.0,2023-06-26T21:43:47.000,-0.7486414240531758,0.17653795182370757,-1.3838549663858224
741087847.0,2023-06-26T21:44:07.000,-0.044089489159571116,0.8260725749109632,0.9999985854047821
741087867.0,2023-06-26T21:44:27.000,0.3133532870180922,0.6770544587642036,-0.2033876901896825
741087887.0,2023-06-26T21:44:47.000,-0.04981927803626718,-0.6053634497016347,-1.8555347379267673
741087907.0,2023-06-26T21:45:07.000,-1.3775127417736677,-0.6839439900097055,-1.7378747316221244
741087927.0,2023-06-26T21:45:27.000,-0.336864689276517,0.0460387385547989,-1.212586073684463
741087947.0,2023-06-26T21:45:47.000,0.7181135522227322,0.7805947784822465,-1.1554017245618553
741087967.0,2023-06-26T21:46:07.000,1.0659861831574524,1.163680835292169,-1.733347722820966
741087987.0,2023-06-26T21:46:27.000,-0.44673934748162836,0.6542642832507717,-0.7575986023522496
741088007.0,2023-06-26T21:46:47.000,-0.8233965285264766,0.7934660896324885,0.040641725052026345
741088027.0,2023-06-26T21:47:07.000,0.47865456888063207,0.25831399209641503,-0.6503901326837536
741088047.0,2023-06-26T21:47:27.000,0.48730691488696465,-0.6558978573933949,0.15377461041188312
741088067.0,2023-06-26T21:47:47.000,0.7493001317748771,1.0213597777530836,-0.2235046617782288
741088087.0,2023-06-26T21:48:07.000,-0.6253496563579652,-0.06109522421304803,-0.533245896239265
741088107.0,2023-06-26T21:48:27.000,-2.003482475521068,-0.1397120173884936,-1.577747165881771
741088127.0,2023-06-26T21:48:47.000,-1.3435592958521703,0.2133848754359846,-0.5964769923982871
741088147.0,2023-06-26T21:49:07.000,0.3626317168881066,-0.3015007544293624,-0.05313519727545568
741088167.0,2023-06-26T21:49:27.000,-1.2335543494668144,0.15407324193139615,0.6249252753609547
741088187.0,2023-06-26T21:49:47.000,0.22586977391769736,0.4300733344120289,0.17380262402610924
741088207.0,2023-06-26T21:50:07.000,-0.4023194904556604,0.32015684343633666,-1.3321477644323565
741088227.0,2023-06-26T21:50:27.000,-0.16634059812892232,0.12264702047293241,-0.47311377815439926
741088247.0,2023-06-26T21:50:47.000,-0.05232162643142857,1.8929268788103748,-1.6822750894318617
741088267.0,2023-06-26T21:51:07.000,-0.21463657637887934,0.5147657446968879,0.35792651845723
741088287.0,2023-06-26T21:51:27.000,-1.0281707058079625,1.3115855614254102,-0.4140496530635751
741088307.0,2023-06-26T21:51:47.000,0.7196502671447114,0.19592057236561544,-1.9357614119308586
741088327.0,2023-06-26T21:52:07.000,1.3218938116121848,-0.10884126147026052,0.15223325976476687
741088347.0,2023-06-26T21:52:27.000,-0.5877264937059756,-0.22949690374751697,-1.3012558671254837
741088367.0,2023-06-26T21:52:47.000,0.4939245221158295,-0.8818568555390982,-0.07406302857670966
741088387.0,2023-06-26T21:53:07.000,-1.3549016813829695,0.47202659004819125,-1.3392487898666872
741088407.0,2023-06-26T21:53:27.000,0.5838506065614091,-0.3444854603573688,0.3127763592458699
741088427.0,2023-06-26T21:53:47.000,0.12836932790083466,1.266823982548626,-1.4083786885055183
741088447.0,2023-06-26T21:54:07.000,-1.1303903098225376,-0.176986845779048,-1.426750417710121
741088467.0,2023-06-26T21:54:27.000,0.6303808693375323,1.5107131631997284,-1.2565581615220367
741088487.0,2023-06-26T21:54:47.000,-0.5870066056568035,1.3127815475688642,-2.747807480718567
741088507.0,2023-06-26T21:55:07.000,-0.22621171765768722,0.10024617582704565,0.7828219049987872
741088527.0,2023-06-26T21:55:27.000,0.13876778216515007,-0.5476807904192249,-0.900053719055105
741088547.0,2023-06-26T21:55:47.000,-1.0842628531682053,-0.01968803170493416,-0.05005225574006289
741088567.0,2023-06-26T21:56:07.000,-0.5356446653892455,-0.2519178165072411,-0.27971443091745485
741088587.0,2023-06-26T21:56:27.000,-0.5688923451652173,0.19047529050686407,-0.6762135710713935
741088607.0,2023-06-26T21:56:47.000,-0.540639484614136,0.3556456945608133,-1.7545817334707614
741088627.0,2023-06-26T21:57:07.000,-0.7376895789223958,0.045378137714102706,-2.501964542578339
741088647.0,2023-06-26T21:57:27.000,0.7132273221355234,0.6661806402186166,-0.43321657634542987
741088667.0,2023-06-26T21:57:47.000,-0.744232355143204,0.8860697199630785,-1.2966165615524439
741088687.0,2023-06-26T21:58:07.000,-1.2304968824206064,0.16606142557717973,0.8042992844403685
741088707.0,2023-06-26T21:58:27.000,0.33386800537549277,1.2619848334005646,-0.51762345929518
741088727.0,2023-06-26T21:58:47.000,0.08132342955713412,0.9339416677356382,-0.8635013440283501
741088747.0,2023-06-26T21:59:07.000,-1.001216831042484,-0.17349331867810847,-0.5301951910507974
741088767.0,2023-06-26T21:59:27.000,-0.07784655596809742,-1.2758849562533037,-1.3226676913058455
741088787.0,2023-06-26T21:59:47.000,0.5221095853658042,0.0043033687946447685,-1.2659526285263567
741088807.0,2023-06-26T22:00:07.000,-1.2554824461719072,0.6021533905831156,-1.9222861602496977
741088827.0,2023-06-26T22:00:27.000,1.0860906883181087,-0.3919869191237879,-1.3162938149458014
741088847.0,2023-06-26T22:00:47.000,-0.7993979637910265,-0.12293518649730828,0.06132276929582403
741088867.0,2023-06-26T22:01:07.000,0.41183839825098545,0.11206576490119247,-0.38672088877866884
741088887.0,2023-06-26T22:01:27.000,-0.09713497849395125,1.2411776917575779,-0.9480344576706656
741088907.0,2023-06-26T22:01:47.000,0.44592930574793854,1.0360028191658266,-0.8864104393824235
741088927.0,2023-06-26T22:02:07.000,-0.4480135119222517,-0.4515761301226995,-0.16618207170360222
741088947.0,2023-06-26T22:02:27.000,0.021429846297493782,0.4856413648890445,-0.6477551134143056
741088967.0,2023-06-26T22:02:47.000,0.8828042575292905,0.028848208555309895,-0.7700628511853047
741088987.0,2023-06-26T22:03:07.000,0.0937928312350067,-0.06172064276332989,-2.282004102416302
741089007.0,2023-06-26T22:03:27.000,-0.9983746799613336,0.0030832750685938493,-0.1610254302564229
741089027.0,2023-06-26T22:03:47.000,0.5163329489965562,0.5392666496017995,-1.6918903580798172
741089047.0,2023-06-26T22:04:07.000,0.10817334338275586,0.20721637372655977,-0.036744151954426485
741089067.0,2023-06-26T22:04:27.000,0.3674493048166916,0.7857686303625044,-0.8254576346788944
741089087.0,2023-06-26T22:04:47.000,-1.7918297921748483,-1.0401332232512495,-1.3514134801551059
741089107.0,2023-06-26T22:05:07.000,0.10382941713071858,0.29181824153790004,-2.0180942467806773
741089127.0,2023-06-26T22:05:27.000,0.4778403297378553,-1.001987163906648,-0.39784290984945514
741089147.0,2023-06-26T22:05:47.000,1.0381343523491182,1.0110610166091938,-1.7204577283158606
741089167.0,2023-06-26T22:06:07.000,-1.203288334072905,0.36679141071083166,-1.3275402340084952
741089187.0,2023-06-26T22:06:27.000,0.48835131395419396,0.6325973517684602,-1.403408617950408
741089207.0,2023-06-26T22:06:47.000,-0.5788641626369717,0.8152419867846206,-0.7274458125539063
741089227.0,2023-06-26T22:07:07.000,-1.629455871832164,0.20113631163942713,-2.2544670907453934
741089247.0,2023-06-26T22:07:27.000,0.20033808845187906,0.5864292296431373,-0.2302048191404893
741089267.0,2023-06-26T22:07:47.000,-0.0123227398951542,-0.5107923030545081,-0.7428298236855646
741089287.0,2023-06-26T22:08:07.000,1.1106109484404492,0.4807540441409408,-1.5254251723106904
741089307.0,2023-06-26T22:08:27.000,1.2506696486114244,-0.09756909939984126,-0.8624174367644066
741089327.0,2023-06-26T22:08:47.000,1.0156298218433335,0.6201191085963842,-1.4197159479367727
741089347.0,2023-06-26T22:09:07.000,-1.1786209853426044,0.30654889966452714,0.7899753335482984
741089367.0,2023-06-26T22:09:27.000,1.5977085836671456,0.03856148903524925,-1.551104107821999
741089387.0,2023-06-26T22:09:47.000,1.0279562588144664,-0.992493168283648,0.44196086227410447
741089407.0,2023-06-26T22:10:07.000,0.06830353662667932,0.3246535607015488,-0.3485813600101473
741089427.0,2023-06-26T22:10:27.000,-0.17924388187040563,0.7691219775063374,-1.0425827771110008
741089447.0,2023-06-26T22:10:47.000,0.08730565403958224,0.19324381664853618,-1.3077337763345298
741089467.0,2023-06-26T22:11:07.000,-0.10983472018555318,0.22689407809250994,-0.9639798196348082
741089487.0,2023-06-26T22:11:27.000,1.4025150237517714,0.6464579072384957,-0.23630110178585184
741089507.0,2023-06-26T22:11:47.000,0.48551686311348874,0.44073461920035584,-0.9623585329965323
741089527.0,2023-06-26T22:12:07.000,0.016539179858998665,-0.4934951522428399,-0.4237655435890275
741089547.0,2023-06-26T22:12:27.000,1.1098522206931527,-0.13457836218755403,-0.938151444629387
741089567.0,2023-06-26T22:12:47.000,0.15759821541116992,-1.696888405089414,-0.7200496083714647
741089587.0,2023-06-26T22:13:07.000,0.5209746750334254,-0.1926781404093525,-0.6799046495142846
741089607.0,2023-06-26T22:13:27.000,-0.7569987864219918,0.6919495532220488,-1.1494028622549557
741089627.0,2023-06-26T22:13:47.000,0.5096898262446636,1.2000979429882541,0.19016143193439916
741089647.0,2023-06-26T22:14:07.000,0.19386721151759545,-0.07180940738704678,-0.742518988694485
741089667.0,2023-06-26T22:14:27.000,0.3759695294092147,0.6532780263746041,-1.0158188961328918
741089687.0,2023-06-26T22:14:47.000,0.2681537774162912,0.39108766681783536,-0.6097119241821325
741089707.0,2023-06-26T22:15:07.000,1.0925661383276442,0.7952570764580003,-1.7248703944483523
741089727.0,2023-06-26T22:15:27.000,1.0949910841051569,-0.49285765741924337,-1.6796640983418598
741089747.0,2023-06-26T22:15:47.000,0.19835535673973226,0.05258988717837809,-0.8489448128812249
741089767.0,2023-06-26T22:16:07.000,0.70055695264859,-1.1665352544265595,-0.8365301148782756
741089787.0,2023-06-26T22:16:27.000,0.9630967348628339,-0.007742575147684505,-2.0688051596495782
741089807.0,2023-06-26T22:16:47.000,1.2578283965059,0.850230986282341,-1.231847356286675
741089827.0,2023-06-26T22:17:07.000,0.5837781911544049,-0.7666869171862878,-1.444754278812077
741089847.0,2023-06-26T22:17:27.000,1.3513931784281397,0.1098760105233687,-0.2683539759740228
741089867.0,2023-06-26T22:17:47.000,-0.8840378169172602,-0.44769256681842506,-1.7021383718507366
741089887.0,2023-06-26T22:18:07.000,-0.21360554715021962,0.7888836226266349,-2.1263068227139748
741089907.0,2023-06-26T22:18:27.000,1.1364309810191209,-0.10020464731308465,-0.20438607140071952
741089927.0,2023-06-26T22:18:47.000,-0.25936139192994645,0.09223772838851119,-1.4075938240654118
741089947.0,2023-06-26T22:19:07.000,-0.4162946261043743,-0.22612781763742262,-0.7049656940205651
741089967.0,2023-06-26T22:19:27.000,-0.13592039896925812,-1.2250940442770641,-1.710098366247692
741089987.0,2023-06-26T22:19:47.000,-1.0458494247966854,0.21161964230964614,-0.4192665878477442
741090007.0,2023-06-26T22:20:07.000,0.6049777780070542,0.5009464529193153,-1.2059066865743873
741090027.0,2023-06-26T22:20:27.000,0.8732467273953048,-2.136829574883592,-1.9546342121867788
741090047.0,2023-06-26T22:20:47.000,0.5808195705392372,0.37138229075361906,-0.9651823685286054
741090067.0,2023-06-26T22:21:07.000,0.3047797496713578,-0.834597612320298,-1.8213217641060986
741090087.0,2023-06-26T22:21:27.000,0.5936027026254287,-0.2386495663753152,-0.21847661769713866
741090107.0,2023-06-26T22:21:47.000,-0.6226021222577316,-0.45919526494575535,-0.4849434192877311
741090127.0,2023-06-26T22:22:07.000,-0.3637069362349976,0.14627782631837505,-1.010080295937854
741090147.0,2023-06-26T22:22:27.000,-0.07410000546492768,-1.224749237860312,-0.6930455021536552
741090167.0,2023-06-26T22:22:47.000,1.080250293883367,-0.46583303168201695,-1.1787325622569789
741090187.0,2023-06-26T22:23:07.000,0.7549702953468795,-0.4346075161087981,-0.8560261165913019
741090207.0,2023-06-26T22:23:27.000,1.4943716307058708,0.49007629877584336,-1.1930797463977072
741090227.0,2023-06-26T22:23:47.000,1.1766913380006905,0.48289313960836466,-0.32998187712296456
741090247.0,2023-06-26T22:24:07.000,-0.636551596966406,0.42282140998439743,-1.195722220403983
741090267.0,2023-06-26T22:24:27.000,0.7032602901024809,-0.27005623773890264,-0.9536489091077627
741090287.0,2023-06-26T22:24:47.000,0.22000826080947888,-1.4451184194963496,-1.8987947916992987
741090307.0,2023-06-26T22:25:07.000,0.1759662434097642,-1.2834461863953095,-0.46321641998803287
741090327.0,2023-06-26T22:25:27.000,0.08183691034835405,-0.6833908467118732,-1.2478524921366585
741090347.0,2023-06-26T22:25:47.000,-0.10834659119884904,0.006556939158297581,-0.94602148155154
741090367.0,2023-06-26T22:26:07.000,-0.580085794998908,-0.5986695776449835,1.0549363893441743
741090387.0,2023-06-26T22:26:27.000,-0.516869221522942,-0.5959589571835622,-0.8901622115753405
741090407.0,2023-06-26T22:26:47.000,1.2868854368797145,-0.6884117945693546,-0.5339692485173408
741090427.0,2023-06-26T22:27:07.000,0.4897945206416843,-1.0459094233361554,-0.9470022036217607
741090447.0,2023-06-26T22:27:27.000,-0.4043103748130328,-0.5031372836694636,-1.0564846065652667
741090467.0,2023-06-26T22:27:47.000,0.8817081989520581,-1.0584573921001983,-0.3209897978750931
741090487.0,2023-06-26T22:28:07.000,1.2428726755442376,-1.5386936915939842,0.42019188345454594
741090507.0,2023-06-26T22:28:27.000,1.33711025251948,-0.37651236385327636,-0.29431706585203443
741090527.0,2023-06-26T22:28:47.000,-0.009850144966350172,-1.3152009666672626,-1.0853145569589273
741090547.0,2023-06-26T22:29:07.000,0.1664772019904781,-0.1338593229260887,0.02361240682979826
741090567.0,2023-06-26T22:29:27.000,1.2237198648734626,0.7457955098488789,-0.2918807131990775
741090587.0,2023-06-26T22:29:47.000,0.6319951608380059,-1.389781202387752,-0.28621359962066606
741090607.0,2023-06-26T22:30:07.000,0.676441198588229,-1.454535962808201,-0.0025988256213693717
741090627.0,2023-06-26T22:30:27.000,0.18183674932448213,0.9401825251997842,-0.20126249393737083
741090647.0,2023-06-26T22:30:47.000,1.0389432110624597,0.645586240499707,0.5688470829379177
741090667.0,2023-06-26T22:31:07.000,0.9870309578663417,-1.1934360694021429,-0.768705525833191
741090687.0,2023-06-26T22:31:27.000,0.53553408790874,-1.1460229636939268,-1.4818549354589372
741090707.0,2023-06-26T22:31:47.000,0.6851696035203858,-0.5439212792168746,-0.3444553485443258
741090727.0,2023-06-26T22:32:07.000,-0.7723502396972393,-1.909549303580338,0.18601540141549577
741090747.0,2023-06-26T22:32:27.000,0.6597843539513093,0.1487762375296242,-0.16944720889755516
741090767.0,2023-06-26T22:32:47.000,-0.35588839262246097,-0.36737339127457247,-0.5007750320751292
741090787.0,2023-06-26T22:33:07.000,0.22461365627446384,-0.33682823193936784,-1.2150645031794305
741090807.0,2023-06-26T22:33:27.000,-0.7446735086902301,-1.8317246189503145,0.7222601915879423
741090827.0,2023-06-26T22:33:47.000,0.4003207796920982,-0.7846890590967881,-1.5790197625764613
741090847.0,2023-06-26T22:34:07.000,0.4059786411381161,-0.44472280258389674,-1.0836395584856717
741090867.0,2023-06-26T22:34:27.000,-0.15466328884272684,-1.4849258655358355,0.4085844115375714
741090887.0,2023-06-26T22:34:47.000,0.6635576485614081,-0.3420069785042834,-0.7596961892231135
741090907.0,2023-06-26T22:35:07.000,1.2724098985117394,-0.0816194773101131,-0.8781800148405239
741090927.0,2023-06-26T22:35:27.000,1.0999278163281723,0.4362517136535793,-0.40474363200981855
741090947.0,2023-06-26T22:35:47.000,0.9043395226338014,-0.010146938755895007,-0.23603693453111418
741090967.0,2023-06-26T22:36:07.000,0.39670001387159814,0.0037639513505993705,-0.015353589699618198
741090987.0,2023-06-26T22:36:27.000,0.11902108052463944,-0.10699842541983529,0.6445037533331366
741091007.0,2023-06-26T22:36:47.000,0.011879464945074858,-0.9178076287641446,-1.5303173162339867
741091027.0,2023-06-26T22:37:07.000,0.26553660700257,-0.7458702090290537,0.6257742416249101
741091047.0,2023-06-26T22:37:27.000,0.043712668951201294,-0.9591967111588495,-0.28324169772941943
741091067.0,2023-06-26T22:37:47.000,-0.05537260466814686,0.1827369776497001,-0.36407371141189415
741091087.0,2023-06-26T22:38:07.000,-0.01758773393589763,1.6956768739473382,-0.9980305464063477
741091107.0,2023-06-26T22:38:27.000,-0.4205698363568544,-1.4499475502249837,-0.11124451586574935
741091127.0,2023-06-26T22:38:47.000,1.5497128565411522,-0.5594057789659601,-3.108376101179644
741091147.0,2023-06-26T22:39:07.000,0.3912104248549042,-1.0214419585818924,-0.4982357681759808
741091167.0,2023-06-26T22:39:27.000,1.6648809452401991,-1.1490368936994955,0.7564357878409034
741091187.0,2023-06-26T22:39:47.000,1.9443003213437393,-0.4898544846088093,0.6079997569075068
741091207.0,2023-06-26T22:40:07.000,1.7306273419337437,-0.173148426996228,-0.8178294706118194
741091227.0,2023-06-26T22:40:27.000,-0.3665463573665484,-1.0211561449757767,0.011089500817629272
741091247.0,2023-06-26T22:40:47.000,0.26770215963978217,-0.6387539758123673,0.015428113486759543
741091267.0,2023-06-26T22:41:07.000,1.9039182475921734,-1.156900368537439,-0.910093230543918
741091287.0,2023-06-26T22:41:27.000,0.4813188367869259,0.2788385394580928,-2.831585620977073
741091307.0,2023-06-26T22:41:47.000,0.04561784993084572,1.0874954176176566,-0.9042435200612431
741091327.0,2023-06-26T22:42:07.000,0.7659076853738789,-0.5529414173199854,-0.17070790544471137
741091347.0,2023-06-26T22:42:27.000,-1.374765845463255,-0.4252360546019851,-0.48578099096641125
741091367.0,2023-06-26T22:42:47.000,-0.12855965072500197,0.4218495926577859,-0.8476069120577634
741091387.0,2023-06-26T22:43:07.000,0.6086698098206611,-1.357745528907106,-1.1484768970504433
741091407.0,2023-06-26T22:43:27.000,0.5622142461914059,-0.782073628957658,1.094621169905885
741091427.0,2023-06-26T22:43:47.000,-0.6903537412394911,-1.4875050278861934,-1.123643224865134
741091447.0,2023-06-26T22:44:07.000,0.5330986412976912,-1.3295860201156806,-0.8126116708195852
741091467.0,2023-06-26T22:44:27.000,1.7243226118957011,-0.8374695254942388,0.3084993926649737
741091487.0,2023-06-26T22:44:47.000,1.4656067222507119,1.0079542649532591,-0.9692664731830725
741091507.0,2023-06-26T22:45:07.000,-0.2562099443603749,-0.16006060350459705,0.2676166530046764
741091527.0,2023-06-26T22:45:27.000,1.2192070325656168,-0.5999287406188714,0.6387586497735853
741091547.0,2023-06-26T22:45:47.000,0.39887270693039767,-1.4170972836513585,0.6906525241712203
741091567.0,2023-06-26T22:46:07.000,-0.13699919735321586,-0.15003771118848874,0.06110531607372849
741091587.0,2023-06-26T22:46:27.000,1.271819626913473,0.03768144006821572,-0.18371018463136934
741091607.0,2023-06-26T22:46:47.000,1.068566350803657,-0.4778968805352335,-2.1677344239301455
741091627.0,2023-06-26T22:47:07.000,0.18635434831937303,0.024711069657179507,-0.46387017627047555
741091647.0,2023-06-26T22:47:27.000,0.02209260441254912,-1.1978042582794224,-2.0408838708352306
741091667.0,2023-06-26T22:47:47.000,1.3373503910618645,-0.03359160666294159,-1.3315993728335584
741091687.0,2023-06-26T22:48:07.000,0.5141499535787908,-1.7754035141703817,-1.2011031655601023
741091707.0,2023-06-26T22:48:27.000,0.7291297440814581,-0.18013886678991398,-1.105827933289838
741091727.0,2023-06-26T22:48:47.000,1.2506371897091917,-0.0702585534750888,-0.015045562162807613
741091747.0,2023-06-26T22:49:07.000,1.0046698108778784,0.9209832465995049,-1.807004602949469
741091767.0,2023-06-26T22:49:27.000,0.38127917856289884,-0.17682476882718845,-1.0793555604293736
741091787.0,2023-06-26T22:49:47.000,1.0891951784497422,-0.717509441894304,0.1730711572389687
741091807.0,2023-06-26T22:50:07.000,0.4461165412084078,0.6249075529041193,-1.5272472462357634
741091827.0,2023-06-26T22:50:27.000,0.5964539863678731,-0.4358610131816043,-1.5835055327650949
741091847.0,2023-06-26T22:50:47.000,1.0317470549248142,-0.7097810760470225,-0.8342188977938925
741091867.0,2023-06-26T22:51:07.000,1.5122668935774186,-1.5147629143341668,-0.46308275307715974
741091887.0,2023-06-26T22:51:27.000,-0.3794365028508828,-1.3430412309278772,0.08399177786611034
741091907.0,2023-06-26T22:51:47.000,1.380410741180782,-1.2233750081303008,-0.23957509446281833
741091927.0,2023-06-26T22:52:07.000,1.0076250031021416,-0.708037249863569,-0.5856819072391772
741091947.0,2023-06-26T22:52:27.000,0.82132376020283,-0.4515135499816303,-0.27826904154260035
741091967.0,2023-06-26T22:52:47.000,0.29196391464481053,-1.7738767288721924,-0.23955262463681848
741091987.0,2023-06-26T22:53:07.000,-0.2816053591314649,-2.1471684151674886,-1.264159806202425
741092007.0,2023-06-26T22:53:27.000,1.257947625832312,-1.7879609407023267,1.1126512708181657
741092027.0,2023-06-26T22:53:47.000,0.5926273498602086,-1.5862363218266395,-1.9726821715138065
741092047.0,2023-06-26T22:54:07.000,0.32205516953265345,-1.3727545465691549,-0.1247266774861977
741092067.0,2023-06-26T22:54:27.000,1.1789860398958574,-0.5479604079816625,-0.19102913294544166
741092087.0,2023-06-26T22:54:47.000,0.9265716623962916,-1.2672424022475148,0.8534091429202029
741092107.0,2023-06-26T22:55:07.000,0.027107060662778792,-0.8965744535793796,-0.6360558525542181
741092127.0,2023-06-26T22:55:27.000,-0.9571732168200953,-1.772317020543035,0.2613752800528779
741092147.0,2023-06-26T22:55:47.000,0.3913735629912374,-0.16738537449434432,-0.15044930914420718
741092167.0,2023-06-26T22:56:07.000,-0.31712733395972137,0.21870320657813025,-0.14433388980661377
741092187.0,2023-06-26T22:56:27.000,1.0298749236081761,-0.36554599284199796,-1.5971103385470364
741092207.0,2023-06-26T22:56:47.000,0.38122557231012877,-0.12512666682784612,0.46795653928510816
741092227.0,2023-06-26T22:57:07.000,-0.12677697488472361,-1.1257794198193949,0.8810558097427368
741092247.0,2023-06-26T22:57:27.000,-0.9521959918878942,0.6150440530872103,-2.7387971314185577
741092267.0,2023-06-26T22:57:47.000,0.5692557663250497,0.5304387511895214,0.5137334674665262
741092287.0,2023-06-26T22:58:07.000,0.5700055040969154,-2.352731211352488,-0.5594679722831231
741092307.0,2023-06-26T22:58:27.000,0.7030270969043961,-0.6660156885329727,0.3145295386475233
741092327.0,2023-06-26T22:58:47.000,0.23427677104947975,-0.6771779727965388,0.5917513675068875
741092347.0,2023-06-26T22:59:07.000,0.04460138015582871,-0.7493383545997823,-0.6318434272789553
741092367.0,2023-06-26T22:59:27.000,0.8166412875598716,0.2940087820535453,0.2450170856538314
741092387.0,2023-06-26T22:59:47.000,1.6466241659851555,-1.0596634724691079,-0.07189055577505599
741092407.0,2023-06-26T23:00:07.000,0.5040883335749591,-1.4068531533739659,-0.0866491139839276
741092427.0,2023-06-26T23:00:27.000,-0.5115359007712428,-0.9288156562869965,1.20551668391089
741092447.0,2023-06-26T23:00:47.000,-0.40631052189432637,-1.7192042837010924,-0.8220532437097638
741092467.0,2023-06-26T23:01:07.000,-1.0962760244259684,0.4155106740677539,-0.7153365256473698
741092487.0,2023-06-26T23:01:27.000,0.3033494871962361,-0.2962668756656406,-0.4526272659011177
741092507.0,2023-06-26T23:01:47.000,-0.660454592382731,-0.6885871546624678,-0.3279520245369483
741092527.0,2023-06-26T23:02:07.000,0.7494017511877615,-1.474494413600258,0.6303232152227167
741092547.0,2023-06-26T23:02:27.000,0.93991229322965,-0.29639106865486653,-0.02428687387867612
741092567.0,2023-06-26T23:02:47.000,0.5572191602132293,-0.5057305179967386,0.4097852184581363
741092587.0,2023-06-26T23:03:07.000,-0.06643716520260412,-1.978727718576767,-0.8425124955357965
741092607.0,2023-06-26T23:03:27.000,0.09048407962897187,-1.1478357913485837,-0.8067002832734538
741092627.0,2023-06-26T23:03:47.000,0.525344475488243,-0.47706082504372915,-0.3039558227779793
741092647.0,2023-06-26T23:04:07.000,1.7440940883517442,-0.5989540818984729,-0.13442340723868185
741092667.0,2023-06-26T23:04:27.000,1.7234755274264657,-0.07108971454838908,-0.32436179122630193
741092687.0,2023-06-26T23:04:47.000,0.3120938160572351,-0.9786258235111589,0.031155236956958987
741092707.0,2023-06-26T23:05:07.000,0.6706563954517186,-0.07947599272029038,0.8058379992958997
741092727.0,2023-06-26T23:05:27.000,0.8273805962022429,-0.4459828921832276,-0.17288767051315546
741092747.0,2023-06-26T23:05:47.000,0.20748600737530154,-0.5834202535415223,-0.13122632950279822
741092767.0,2023-06-26T23:06:07.000,0.20863409216920203,-0.39244728077258983,-0.1170631195313021
741092787.0,2023-06-26T23:06:27.000,0.7775438316537375,-1.7745367768218223,0.7189949838504184
741092807.0,2023-06-26T23:06:47.000,0.033019600387262926,-1.3173274980182725,0.9559874109998923
741092827.0,2023-06-26T23:07:07.000,2.3061064034712864,-1.5847209316799393,-0.08217803654231304
741092847.0,2023-06-26T23:07:27.000,-0.5561951446075852,-1.1966707143540312,-0.46968873563812963
741092867.0,2023-06-26T23:07:47.000,0.9534483672579697,-1.4791075639619677,1.0450508812653858
741092887.0,2023-06-26T23:08:07.000,-0.11884300313846907,-0.5836000630421445,-0.3886799206487268
741092907.0,2023-06-26T23:08:27.000,0.10062570436897289,-0.8100960763202103,-0.7183051394021867
741092927.0,2023-06-26T23:08:47.000,-1.2162407396210106,-0.8534120047309912,-1.24339401854634
741092947.0,2023-06-26T23:09:07.000,0.9516806286025137,-1.2934162603617239,-0.3142287892221596
741092967.0,2023-06-26T23:09:27.000,-0.7050546893316856,-2.1786014366198536,-0.526764399066959
741092987.0,2023-06-26T23:09:47.000,-0.2927434397892448,-0.7840274077963727,0.8662641982404296
741093007.0,2023-06-26T23:10:07.000,0.8259133562726895,-1.1384954227033894,-0.4590163153572746
741093027.0,2023-06-26T23:10:27.000,1.2345703746974301,-0.057496386751676454,-0.7260750838233854
741093047.0,2023-06-26T23:10:47.000,0.37600435265350285,1.3990151888298996,-0.2583298946423618
741093067.0,2023-06-26T23:11:07.000,-0.3031476484838258,-1.6136442275715979,1.069194624070402
741093087.0,2023-06-26T23:11:27.000,0.00967974237431335,-1.1240071169149601,0.8829610648297681
741093107.0,2023-06-26T23:11:47.000,0.0572271795618029,-0.6986998004165912,0.6821308754845212
741093127.0,2023-06-26T23:12:07.000,-0.09415066083429124,-0.6191914513453689,-0.20623611048931068
741093147.0,2023-06-26T23:12:27.000,-0.8092140197590858,0.16181369740797535,0.8157874542558119
741093167.0,2023-06-26T23:12:47.000,-0.5385659911705254,-1.4416246512216624,-0.6954849909646121
741093187.0,2023-06-26T23:13:07.000,0.05777040136267786,-1.723012963872339,-1.2446690155543116
741093207.0,2023-06-26T23:13:27.000,0.8444839723176223,-0.5180841617380416,0.3200733521557808
741093227.0,2023-06-26T23:13:47.000,0.5920084977240059,-1.7544784423950688,-0.7992457542793652
741093247.0,2023-06-26T23:14:07.000,-0.07514381183959529,-1.054462933869349,0.22317993579878959
741093267.0,2023-06-26T23:14:27.000,1.5282209590461449,-1.6568270819639075,1.2840283622361781
741093287.0,2023-06-26T23:14:47.000,-0.5859007104147551,-0.4904161918561911,-0.33583531032777003
741093307.0,2023-06-26T23:15:07.000,0.3233471204455718,-0.3646869275897302,0.38620439050118804
741093327.0,2023-06-26T23:15:27.000,1.3937397464469647,-2.1577678236850417,-1.2479544950760868
741093347.0,2023-06-26T23:15:47.000,0.18511443637958536,-1.772697967583614,0.5375208187219371
741093367.0,2023-06-26T23:16:07.000,2.1466974676198625,-1.6427344686875678,-0.23605100580859073
741093387.0,2023-06-26T23:16:27.000,-0.7313317385015949,-1.4133399256266443,-0.413147857325491
741093407.0,2023-06-26T23:16:47.000,0.9833939203285347,-0.6312667220287338,-0.097098359186365
741093427.0,2023-06-26T23:17:07.000,0.01751588520892966,-2.257988562359703,0.16594618272858241
741093447.0,2023-06-26T23:17:27.000,-0.8329363351378127,-1.1624615857575016,-1.5251377070923944
741093467.0,2023-06-26T23:17:47.000,0.06433618671142227,-0.3771502856020348,0.6303008625696549
741093487.0,2023-06-26T23:18:07.000,0.9302318547121935,-0.6210319381749763,0.3059856638398806
741093507.0,2023-06-26T23:18:27.000,1.2031869544348872,-1.7684105720117138,-1.1170977552654726
741093527.0,2023-06-26T23:18:47.000,0.9223153470294676,-2.0366008640526623,-0.500149415716411
741093547.0,2023-06-26T23:19:07.000,0.44116799680082863,-1.542522544695224,-0.5059737982926471
741093567.0,2023-06-26T23:19:27.000,0.2820615141452265,0.2906145619818723,-0.012554628636696208
741093587.0,2023-06-26T23:19:47.000,-0.6555241608197093,-0.6485777739206888,0.45174692246963133
741093607.0,2023-06-26T23:20:07.000,-0.8977609798899167,0.4854950020671822,-0.33271456636452257
741093627.0,2023-06-26T23:20:27.000,1.890220528166786,-0.8110587920939771,0.22861183446298838
741093647.0,2023-06-26T23:20:47.000,-0.45852804716473017,-0.017815927833009226,-1.257987256064741
741093667.0,2023-06-26T23:21:07.000,-0.3824997335866165,-1.8030638495258877,0.05521528241292373
741093687.0,2023-06-26T23:21:27.000,0.4139039548434198,-1.7103859324851811,-0.2833534795465553
741093707.0,2023-06-26T23:21:47.000,-0.7064919407828718,-0.12363413532945344,-0.445727203846058
741093727.0,2023-06-26T23:22:07.000,0.4519793385227011,-1.0421768836255119,-1.18514036088202
741093747.0,2023-06-26T23:22:27.000,1.267115765046789,-0.3000865743230108,-0.4969788308883949
741093767.0,2023-06-26T23:22:47.000,-0.570887798767572,0.503910156968157,-0.060271091817387656
741093787.0,2023-06-26T23:23:07.000,-0.5086941914700382,-1.5265731234115343,-0.621785665921859
741093807.0,2023-06-26T23:23:27.000,0.7947044977418827,-0.2671195520775882,0.24480418282513128
741093827.0,2023-06-26T23:23:47.000,0.12041306332033486,-0.8356144989618564,-0.43930022592952866
741093847.0,2023-06-26T23:24:07.000,0.5899341116943901,-0.978027925246927,-0.423349147604668
741093867.0,2023-06-26T23:24:27.000,-0.9851939938188004,-1.54354986995342,-1.732150826405654
741093887.0,2023-06-26T23:24:47.000,-0.061958355312974334,-0.5164516574396316,1.2382480032324672
741093907.0,2023-06-26T23:25:07.000,0.16604694326183278,-2.101222991901519,-1.2646502090873923
741093927.0,2023-06-26T23:25:27.000,-0.007612695807068803,-1.7483555618258428,1.2559408104850789
741093947.0,2023-06-26T23:25:47.000,0.2926103075506781,-1.991920621113863,0.4563234013987838
741093967.0,2023-06-26T23:26:07.000,-0.9957928887138756,-0.8601744087344265,0.5025051927898261
741093987.0,2023-06-26T23:26:27.000,0.06701723636037826,-0.850473269775609,0.6765018579990567
741094007.0,2023-06-26T23:26:47.000,-0.3926976326451559,-1.7992132938848826,-0.6953675266263559
741094027.0,2023-06-26T23:27:07.000,0.3066695196118907,-1.189134830770211,-0.6630676740337904
741094047.0,2023-06-26T23:27:27.000,-0.7448785002139857,-0.9940398709495923,0.21823574577473082
741094067.0,2023-06-26T23:27:47.000,0.8843097874300376,-2.657789245186226,1.2758337203044867
741094087.0,2023-06-26T23:28:07.000,-0.5854177674624594,-1.0620016851592418,0.030204428858038312
741094107.0,2023-06-26T23:28:27.000,-0.6637455486235844,-1.014189910619745,0.09129864904089402
741094127.0,2023-06-26T23:28:47.000,1.3359149527936154,-1.1572639708190557,-0.2781724034783828
741094147.0,2023-06-26T23:29:07.000,0.2289234150909536,0.0015124148267098292,-0.09310371393844719
741094167.0,2023-06-26T23:29:27.000,1.1219519678307144,-1.9810965921074342,-1.6757213243678848
741094187.0,2023-06-26T23:29:47.000,0.04548878024257519,-0.7051919694855968,-0.99257661733132
741094207.0,2023-06-26T23:30:07.000,-0.23687088960278047,-0.6896887023488674,-1.504976976574035
741094227.0,2023-06-26T23:30:27.000,1.2725183875628154,-0.014361740263701961,-0.7430531017815767
741094247.0,2023-06-26T23:30:47.000,1.0336849551650928,-0.7672467858044207,0.925074880930854
741094267.0,2023-06-26T23:31:07.000,0.39496292439933356,-0.43152873541174586,1.212329164423931
741094287.0,2023-06-26T23:31:27.000,-0.10862185551019365,-1.3166906594364036,-0.12723986031470957
741094307.0,2023-06-26T23:31:47.000,0.11011643736846821,-0.9870542820422656,-0.28367048846567045
741094327.0,2023-06-26T23:32:07.000,0.3934623521328895,-0.5047686343906399,0.2235409766626617
741094347.0,2023-06-26T23:32:27.000,-0.09401722783630717,-2.886966984105843,-0.19096724924727582
741094367.0,2023-06-26T23:32:47.000,-1.0300834622611887,-1.7134156153231217,-0.03229468106269451
741094387.0,2023-06-26T23:33:07.000,-1.0985105248439986,-1.4934511002206996,1.7284936524752936
741094407.0,2023-06-26T23:33:27.000,0.11073520603810394,-1.3174057930553928,-0.2151686685492038
741094427.0,2023-06-26T23:33:47.000,-0.21234068693365415,-1.3559971207555144,0.019057922373555414
741094447.0,2023-06-26T23:34:07.000,0.1434362770891262,-1.7381711236663655,2.0210068462422903
741094467.0,2023-06-26T23:34:27.000,-0.04263640090984566,-2.3586850723233965,0.3928107602524378
741094487.0,2023-06-26T23:34:47.000,-0.24744950971600232,-1.2777025598542657,0.04818048943144859
741094507.0,2023-06-26T23:35:07.000,-0.2969362317695179,-2.7897665733522814,1.166878276903649
741094527.0,2023-06-26T23:35:27.000,1.4435663461265236,-2.092632657557658,-0.6153373884432156
741094547.0,2023-06-26T23:35:47.000,0.3112048162501324,-1.9900487185475768,0.02299212050749233
741094567.0,2023-06-26T23:36:07.000,0.6903370584177004,-2.043733694279126,0.7324979028000556
741094587.0,2023-06-26T23:36:27.000,-0.9721561095132891,-2.1191287553068427,0.54365103748788
741094607.0,2023-06-26T23:36:47.000,-0.07827990599063028,-1.5831544831090838,0.7174327219305887
741094627.0,2023-06-26T23:37:07.000,0.9557341428934052,-1.2349016034418625,0.8955013888423125
741094647.0,2023-06-26T23:37:27.000,-0.4781367585859897,-0.1996508248724993,0.08290031128233011
741094667.0,2023-06-26T23:37:47.000,0.553587296070468,-0.7013140903011639,1.146628535686478
741094687.0,2023-06-26T23:38:07.000,1.1344190495310436,-2.3180693191626744,0.10635095151201313
741094707.0,2023-06-26T23:38:27.000,-0.23529470248861983,-1.8036730088488717,1.4279202759537313
741094727.0,2023-06-26T23:38:47.000,-1.0741701059635567,-1.5095638085549368,-0.3055183542821638
741094747.0,2023-06-26T23:39:07.000,-0.3318289075515679,-2.420459807017661,-0.916732379108165
741094767.0,2023-06-26T23:39:27.000,-1.6230710581544017,-0.6761930790966098,-0.7305066750840084
741094787.0,2023-06-26T23:39:47.000,-0.6430619556185846,-1.0499720044410132,-1.084552400654193
741094807.0,2023-06-26T23:40:07.000,-0.7962179013110138,-1.6277409840670387,0.6093627119896361
741094827.0,2023-06-26T23:40:27.000,0.7820773115785329,-0.023286478145756462,0.9651589974568608
741094847.0,2023-06-26T23:40:47.000,-1.0757730584010083,-1.6719476773063846,0.6204740990001234
741094867.0,2023-06-26T23:41:07.000,0.07291946386711601,-0.3873334808557338,1.184260591857722
741094887.0,2023-06-26T23:41:27.000,-0.640516403715985,-0.00982838963548005,0.8615677503764907
741094907.0,2023-06-26T23:41:47.000,-0.06483921806132997,-1.5334673040712232,-0.01651377571354473
741094927.0,2023-06-26T23:42:07.000,-2.1908598562991877,-0.19827083095336206,0.10020190440718224
741094947.0,2023-06-26T23:42:27.000,0.5780775344410571,-0.9935263287408347,-0.31344434557878387
741094967.0,2023-06-26T23:42:47.000,0.8948177283141234,-1.8968457309198605,-0.3504652002939146
741094987.0,2023-06-26T23:43:07.000,-1.334831378196899,-2.270232545487083,1.2305668240064627
741095007.0,2023-06-26T23:43:27.000,1.1810582778770673,-1.5565859658894787,0.3051833696421369
741095027.0,2023-06-26T23:43:47.000,-0.264279311734672,-1.9899333372763728,-0.2858561343299648
741095047.0,2023-06-26T23:44:07.000,0.4770443383983469,-0.8751673666429483,0.40180894042007864
741095067.0,2023-06-26T23:44:27.000,-1.0789087215301585,-1.1461884114827292,-0.8394953176282804
741095087.0,2023-06-26T23:44:47.000,0.38504572490438704,-0.7022093532982332,-0.6191113929521208
741095107.0,2023-06-26T23:45:07.000,-0.09008251414810431,-2.082659194102554,0.20006857827103985
741095127.0,2023-06-26T23:45:27.000,-0.14833573362960095,-1.2108643378971884,0.5798298211234787
741095147.0,2023-06-26T23:45:47.000,-0.20316361603045507,-2.1470060548089975,0.8720383882998561
741095167.0,2023-06-26T23:46:07.000,-0.8166628389205677,-0.9043342829251344,0.42139433059640297
741095187.0,2023-06-26T23:46:27.000,0.2238741211080253,-0.8772064291950876,0.23355437986927186
741095207.0,2023-06-26T23:46:47.000,-0.9394510167126668,-1.1501494675658641,1.7287656296161025
741095227.0,2023-06-26T23:47:07.000,0.6840053825007963,-2.3603164052254932,0.17086678159028423
741095247.0,2023-06-26T23:47:27.000,-1.0221637372853642,-0.6437599038844333,1.1178357327445987
741095267.0,2023-06-26T23:47:47.000,0.057633672201351516,0.6624933633680996,0.6583058596243418
741095287.0,2023-06-26T23:48:07.000,0.8836202849749064,0.08836320901650652,-0.020610308326673987
741095307.0,2023-06-26T23:48:27.000,-0.2160963836539409,0.21472727439464379,0.7303821016990675
741095327.0,2023-06-26T23:48:47.000,-1.3544950695720814,-0.4767654936510546,0.5485759242862542
741095347.0,2023-06-26T23:49:07.000,-1.4928372488842712,-1.1497115796399449,0.12223919743092893
741095367.0,2023-06-26T23:49:27.000,-0.5297464538034369,0.5615871285336027,-0.22106646786479445
741095387.0,2023-06-26T23:49:47.000,0.5233682288219299,-1.2206386440949402,0.4278121507383936
741095407.0,2023-06-26T23:50:07.000,-1.146168194954278,-1.8251653614465013,-0.8143189711207199
741095427.0,2023-06-26T23:50:27.000,-0.7552326789284081,-1.5260767223912453,1.106906540693231
741095447.0,2023-06-26T23:50:47.000,0.045497740741584636,-1.4473377762946882,0.639889870290844
741095467.0,2023-06-26T23:51:07.000,-1.6584679371489663,-1.7579457670890974,0.6463343910412256
741095487.0,2023-06-26T23:51:27.000,-0.02147922000261815,-2.0002576383570947,0.5960720795283869
741095507.0,2023-06-26T23:51:47.000,0.8981709441191477,-1.3349633084303036,1.8275373440901355
741095527.0,2023-06-26T23:52:07.000,-0.8237409328315515,-0.7074115031091566,0.4725623868884199
741095547.0,2023-06-26T23:52:27.000,-1.0871271644230518,0.29652998513318707,1.275219380492132
741095567.0,2023-06-26T23:52:47.000,-1.0707808179133416,-1.1268860191981922,-0.040971413861612405
741095587.0,2023-06-26T23:53:07.000,-0.4148209273080461,-1.959763811865134,-0.01742030386608917
741095607.0,2023-06-26T23:53:27.000,0.44683330235884,-2.000991024109222,0.6384183095509144
741095627.0,2023-06-26T23:53:47.000,1.4293076515348169,-1.0120780960964915,1.2166179597428162
741095647.0,2023-06-26T23:54:07.000,-0.8418857543435188,-0.341711534335154,0.7631393360241212
741095667.0,2023-06-26T23:54:27.000,0.10335681004391972,-1.9684915293471938,1.1297809543564519
741095687.0,2023-06-26T23:54:47.000,-0.1883553964132645,-0.5321570943572773,0.9326079552285371
741095707.0,2023-06-26T23:55:07.000,0.49668404675795585,-1.11118544349198,0.2901707232827455
741095727.0,2023-06-26T23:55:27.000,-1.2770044691690075,-0.24198188296464807,-1.1679283450360955
741095747.0,2023-06-26T23:55:47.000,-1.6898941670340228,-0.5059860143874495,1.4913323840848314
741095767.0,2023-06-26T23:56:07.000,-0.6905482807240126,-0.5110700009858249,0.3888987586964099
741095787.0,2023-06-26T23:56:27.000,-0.3247899430403045,-0.08451020983013535,1.2012549659656813
741095807.0,2023-06-26T23:56:47.000,-0.483690163122219,-1.8254828927144473,0.7152956720268833
741095827.0,2023-06-26T23:57:07.000,0.6771017466045137,-0.7366569349187557,0.598431189302584
741095847.0,2023-06-26T23:57:27.000,-0.9250532716831295,-1.3788186615126818,0.04989090623963577
741095867.0,2023-06-26T23:57:47.000,-0.7648910171575984,0.21529507323592156,-0.014874930587271962
741095887.0,2023-06-26T23:58:07.000,-1.0498359909405508,-0.8902176966918418,1.2532774301354799
741095907.0,2023-06-26T23:58:27.000,-0.21823608906679226,-1.3728019890857368,1.5165728123989197
741095927.0,2023-06-26T23:58:47.000,1.1319543450571956,-1.6136915225062332,-0.5967492239355998
741095947.0,2023-06-26T23:59:07.000,0.06313991572914901,-1.0677827184113475,1.7451329398232573
741095967.0,2023-06-26T23:59:27.000,-0.3181016300035644,0.36453784394430144,-0.668380693857884
741095987.0,2023-06-26T23:59:47.000,-1.9205892531348745,-0.48914721456627674,0.7704317882994971
741096007.0,2023-06-27T00:00:07.000,-1.3985110596581585,-1.6684889696194638,0.047614418341446196
741096027.0,2023-06-27T00:00:27.000,0.5282517164362233,-1.0889017812432122,1.3539796700823281
741096047.0,2023-06-27T00:00:47.000,-0.39928416729617666,-2.221007672309483,0.7391291329317262
741096067.0,2023-06-27T00:01:07.000,-1.472648503841878,-1.253026181780026,0.2583125874866532
741096087.0,2023-06-27T00:01:27.000,0.16581153516881386,-1.4194751166818342,1.2735567909261114
741096107.0,2023-06-27T00:01:47.000,-0.43159893978739206,-2.6513682609086153,0.0882878252173036
741096127.0,2023-06-27T00:02:07.000,-1.0411659331355239,-0.9324294447221604,1.4228570791585682
741096147.0,2023-06-27T00:02:27.000,-0.20837253512651088,-2.079423641243583,0.06391672054961717
741096167.0,2023-06-27T00:02:47.000,-1.5487466821340057,-0.6026615989251916,0.38751780211399023
741096187.0,2023-06-27T00:03:07.000,-0.8490025245166954,0.4857398806179525,1.6155405370810172
741096207.0,2023-06-27T00:03:27.000,-0.5102601458695233,-1.3628334813331477,0.29711991517133995
741096227.0,2023-06-27T00:03:47.000,-1.6586817069175197,-0.5220324465704529,0.5563593840629544
741096247.0,2023-06-27T00:04:07.000,-0.1571491891283472,-1.6632408146088906,0.5274275056366129
741096267.0,2023-06-27T00:04:27.000,-0.004991391100439557,-0.32202445916507116,0.9936126191489869
741096287.0,2023-06-27T00:04:47.000,0.02539816830182673,-0.7380003737122998,1.129512903774721
741096307.0,2023-06-27T00:05:07.000,-0.7768778215400118,-0.24123788426866355,1.8738176889465663
741096327.0,2023-06-27T00:05:27.000,-2.049901737521953,-1.9092702918999116,-0.12945100764660822
741096347.0,2023-06-27T00:05:47.000,-1.363911633900372,-1.9374903852953373,-0.6561732077692284
741096367.0,2023-06-27T00:06:07.000,-0.13010928214818307,-0.48640097746188715,1.0178658151671627
741096387.0,2023-06-27T00:06:27.000,-1.420552290865018,-1.618422155524879,0.5367703912018129
741096407.0,2023-06-27T00:06:47.000,-1.040681583142078,-1.4933517535231644,1.055086993906329
741096427.0,2023-06-27T00:07:07.000,-0.26264828069111346,-1.2490301046108598,0.9165087812679218
741096447.0,2023-06-27T00:07:27.000,-1.0877168062584097,-0.15449352906982128,0.3364804227579121
741096467.0,2023-06-27T00:07:47.000,-0.09214637483045962,-1.488339939392791,0.6729844581609967
741096487.0,2023-06-27T00:08:07.000,-0.02334170893236731,-1.4511734761857298,-0.8033777076921211
741096507.0,2023-06-27T00:08:27.000,-0.40041062941975625,0.7586210887811085,0.5758663597310587
741096527.0,2023-06-27T00:08:47.000,-1.7618421610632318,-0.7832551110031893,0.2617075652522338
741096547.0,2023-06-27T00:09:07.000,-1.6019611606576944,0.04935362138969168,0.6721608691973024
741096567.0,2023-06-27T00:09:27.000,-0.19880408799188842,-1.1915056320588313,0.8428963926498945
741096587.0,2023-06-27T00:09:47.000,-2.8683572002918822,-1.0715445059261697,-0.09696602903952467
741096607.0,2023-06-27T00:10:07.000,-1.3960866356965695,-1.4148383339240844,1.0224772953648653
741096627.0,2023-06-27T00:10:27.000,-0.5188607443029625,-0.8786698555085515,1.0922680885760983
741096647.0,2023-06-27T00:10:47.000,1.276250445325644,-0.4349847553819508,-0.1748335571316595
741096667.0,2023-06-27T00:11:07.000,-1.3610990145629387,-2.5512012083561686,1.3163162745466472
741096687.0,2023-06-27T00:11:27.000,-1.502125766572604,-0.9335348673422672,-0.21846466389252583
741096707.0,2023-06-27T00:11:47.000,0.15700330548984454,0.5186273166257749,1.0209146705353334
741096727.0,2023-06-27T00:12:07.000,0.5738556573597897,-1.1423483525452305,0.7424108518283568
741096747.0,2023-06-27T00:12:27.000,-0.5051223735286214,-1.3173348429762477,-0.2501979657787423
741096767.0,2023-06-27T00:12:47.000,-1.168808698159829,-0.7856750277035474,0.6306981767179032
741096787.0,2023-06-27T00:13:07.000,0.3272076462779161,0.12831642781652164,-0.31910766129517043
741096807.0,2023-06-27T00:13:27.000,-0.12240237650118502,-2.3497433776387133,1.2213686790607525
741096827.0,2023-06-27T00:13:47.000,-0.4436208066227465,-1.4361013181973803,0.2013065662165303
741096847.0,2023-06-27T00:14:07.000,-1.5513507212516764,0.03225065724477005,-0.31652841571139234
741096867.0,2023-06-27T00:14:27.000,-0.7662409580166951,-1.6066925666247123,-0.07784585412951017
741096887.0,2023-06-27T00:14:47.000,-1.7212395221455346,-0.8326173884354304,0.3174176988585131
741096907.0,2023-06-27T00:15:07.000,-0.43508771978562066,-1.183041991903444,0.8285191821943982
741096927.0,2023-06-27T00:15:27.000,-0.5703614268215418,-2.0685434344414055,1.2426973915236061
741096947.0,2023-06-27T00:15:47.000,-2.295964795484551,-0.01914706363459473,-0.30683361874617177
741096967.0,2023-06-27T00:16:07.000,-0.7848112774322402,-0.5463824622076174,-0.42467835428272593
741096987.0,2023-06-27T00:16:27.000,-0.5412334032950383,-1.3068140206295986,-0.16526626110957565
741097007.0,2023-06-27T00:16:47.000,-0.16006981710114943,-0.26597572048148166,1.7793732166371257
741097027.0,2023-06-27T00:17:07.000,-0.8958944859638329,0.16397977389281948,1.6958375164799477
741097047.0,2023-06-27T00:17:27.000,-1.145483442466233,0.5447024901128472,0.6405501596140617
741097067.0,2023-06-27T00:17:47.000,-1.1224413844046488,-0.6259729797175595,1.3922525580079004
741097087.0,2023-06-27T00:18:07.000,-1.5194890738312594,-0.2617292523710013,-0.08195558178769602
741097107.0,2023-06-27T00:18:27.000,-1.22749019655366,-0.35988973011713554,1.085500513475779
741097127.0,2023-06-27T00:18:47.000,-1.069103790629633,-0.7147075388846957,0.8340018674668492
741097147.0,2023-06-27T00:19:07.000,0.6795362267220106,0.03837700820463752,0.05449850873917583
741097167.0,2023-06-27T00:19:27.000,-1.6005659023821117,-1.4122232734559148,-0.004074291104494421
741097187.0,2023-06-27T00:19:47.000,0.42941228709514334,0.24662836236588603,1.8574565675888444
741097207.0,2023-06-27T00:20:07.000,-0.5854086588152896,-0.8268812145661997,0.7850469064818455
741097227.0,2023-06-27T00:20:27.000,-0.10150123728180915,-0.7072911342942412,0.44200631994506523
741097247.0,2023-06-27T00:20:47.000,-1.2808903139482908,-0.2743176853670093,0.3078228766884017
741097267.0,2023-06-27T00:21:07.000,-0.5892784644245808,0.22868796466513075,0.0787084392328552
741097287.0,2023-06-27T00:21:27.000,-1.7095650225451564,0.7401640065851645,0.03938400199299252
741097307.0,2023-06-27T00:21:47.000,-1.0095445566182804,0.3315749098620202,2.114001936437404
741097327.0,2023-06-27T00:22:07.000,-0.2679101972269393,-1.7727443077819593,0.6367490733349968
741097347.0,2023-06-27T00:22:27.000,-1.2855240759224174,-2.195923660142096,1.6223208829990732
741097367.0,2023-06-27T00:22:47.000,-0.8909022190639604,-1.4886666162783335,1.8802451255961472
741097387.0,2023-06-27T00:23:07.000,0.19399268288422533,-0.04771861332741878,-0.7707136128964898
741097407.0,2023-06-27T00:23:27.000,-1.8780941123952566,-0.4722690174929767,-0.8823790190182201
741097427.0,2023-06-27T00:23:47.000,-1.0486632439077326,-0.3491377556730235,1.3963267932903811
741097447.0,2023-06-27T00:24:07.000,-0.1923127981862116,-2.126646478384231,0.8428986899122748
741097467.0,2023-06-27T00:24:27.000,-1.5848955787767238,-1.212773053482774,1.2091038607664473
741097487.0,2023-06-27T00:24:47.000,-0.07103009600495369,-1.0959659976217395,0.7838470248211493
741097507.0,2023-06-27T00:25:07.000,-1.2068797029085587,-1.2603053713311496,1.5315769437029836
741097527.0,2023-06-27T00:25:27.000,-1.5113676185229963,1.1970094824675925,0.9176704633184762
741097547.0,2023-06-27T00:25:47.000,-0.70927098164697,-0.14732203263978505,0.31959434292350153
741097567.0,2023-06-27T00:26:07.000,-0.301801082991382,-1.2424283183598561,0.5631893403967858
741097587.0,2023-06-27T00:26:27.000,-2.437801168864162,-0.3957031371903952,-0.0473430340597325
741097607.0,2023-06-27T00:26:47.000,-2.025153990103945,0.008460978517810247,0.4048088168673303
741097627.0,2023-06-27T00:27:07.000,-1.3865012490121842,-0.5616078685433123,0.3252336487125085
741097647.0,2023-06-27T00:27:27.000,-2.272174783990444,0.47056917272803034,0.6408593394291451
741097667.0,2023-06-27T00:27:47.000,-1.3850061447051587,0.2713031423851042,0.29338107473408925
741097687.0,2023-06-27T00:28:07.000,-1.6619558677599677,-1.3953795506060906,0.09662687533440462
741097707.0,2023-06-27T00:28:27.000,-1.3712697463197365,-0.8343035348579164,0.3096112978995258
741097727.0,2023-06-27T00:28:47.000,-0.6073172381992897,-0.7524011968795818,1.9747947209158845
741097747.0,2023-06-27T00:29:07.000,-0.314227621089902,-1.0859567027621253,0.10692346601448577
741097767.0,2023-06-27T00:29:27.000,-0.6562260039366663,-1.064321325805473,0.077617969818089
741097787.0,2023-06-27T00:29:47.000,-2.3313735181718087,0.21251769893870787,0.5491707525728806
741097807.0,2023-06-27T00:30:07.000,-2.0902179740711624,0.2631941851460873,-0.23353152045491044
741097827.0,2023-06-27T00:30:27.000,-0.4214111041789259,-1.1825122107178565,1.6341191340085715
741097847.0,2023-06-27T00:30:47.000,0.08049371136298333,-0.9124756200629136,0.41586876029509057
741097867.0,2023-06-27T00:31:07.000,-1.6139673896353735,-0.6221533644601429,0.8044801476314589
741097887.0,2023-06-27T00:31:27.000,-1.1271861779293957,-1.1390351828066692,-0.8151324943361793
741097907.0,2023-06-27T00:31:47.000,0.1582229448793271,0.24811454880646622,0.9950263760272193
741097927.0,2023-06-27T00:32:07.000,-1.9608422573647033,-1.1574720084728263,0.3263412220455564
741097947.0,2023-06-27T00:32:27.000,-1.3483367549138592,-0.2522109525893157,-0.7422322948258397
741097967.0,2023-06-27T00:32:47.000,-0.4518989543234042,-0.5944646066402548,0.5953813828285526
741097987.0,2023-06-27T00:33:07.000,-1.0752956987158946,-0.07580364229653469,1.4360587498485344
741098007.0,2023-06-27T00:33:27.000,-2.3478322649372885,-1.1368984783932667,-0.19886677977698497
741098027.0,2023-06-27T00:33:47.000,-0.8509222403363381,0.07802178899618539,1.0491316876248824
741098047.0,2023-06-27T00:34:07.000,-1.101524591973213,0.28004904448764023,1.054209720885435
741098067.0,2023-06-27T00:34:27.000,-1.939046133558886,-0.32547913777492,0.3618603110155938
741098087.0,2023-06-27T00:34:47.000,-1.7016071656716925,-0.5674250127096769,0.25356875915649724
741098107.0,2023-06-27T00:35:07.000,-1.2114463482704174,-1.1767248046967715,1.4783363769477198
741098127.0,2023-06-27T00:35:27.000,-1.0472099496894316,-0.5476721917641036,0.26571443555445384
741098147.0,2023-06-27T00:35:47.000,-0.8963966375175048,-0.6323334576618933,1.06504235081184
741098167.0,2023-06-27T00:36:07.000,0.3273592831476435,-0.84983114562176,0.747651489652057
741098187.0,2023-06-27T00:36:27.000,-0.25372652202593216,-0.5206526533907407,0.24366074358184164
741098207.0,2023-06-27T00:36:47.000,-1.062030630905042,-1.2064109824794222,-0.09577793484982777
741098227.0,2023-06-27T00:37:07.000,-2.061630023597605,-0.8478616788654136,0.055834382917119285
741098247.0,2023-06-27T00:37:27.000,-0.739997712939644,-0.3787840342384108,-0.22499876901616034
741098267.0,2023-06-27T00:37:47.000,-0.28597038740363345,-1.6400573813024621,-0.3866082285974848
741098287.0,2023-06-27T00:38:07.000,-0.11296425225237883,-0.8575085127637827,1.0445267780045953
741098307.0,2023-06-27T00:38:27.000,-1.4943941055944876,0.08525154588934214,0.22436629834032829
741098327.0,2023-06-27T00:38:47.000,-1.5994819922870995,-1.0424404117914676,-0.05320427858279686
741098347.0,2023-06-27T00:39:07.000,-2.171862006505876,-0.1531340416804916,0.517192752191864
741098367.0,2023-06-27T00:39:27.000,-1.5149981431372694,-1.4437223176955172,0.3146855846902774
741098387.0,2023-06-27T00:39:47.000,-0.6155276588426517,-1.449018313837147,1.2418553364645923
741098407.0,2023-06-27T00:40:07.000,-0.5370795777115411,0.4053359893396724,0.040469933071385356
741098427.0,2023-06-27T00:40:27.000,-0.5314690886049078,-0.4287457485707691,0.5478495048949483
741098447.0,2023-06-27T00:40:47.000,-1.58384063024819,-0.9625487485731554,1.2061026189114088
741098467.0,2023-06-27T00:41:07.000,-1.4102872377907971,-0.6766427398052777,0.19900567284070192
741098487.0,2023-06-27T00:41:27.000,-0.557473371032291,0.1850880591458548,0.724585531208799
741098507.0,2023-06-27T00:41:47.000,-1.765711988088725,-1.0599347557316285,-0.23794977555002816
741098527.0,2023-06-27T00:42:07.000,-1.006192943797668,1.1198450824312367,0.35991940541268974
741098547.0,2023-06-27T00:42:27.000,-0.748294400643168,-1.20657084310416,0.6484614853752291
741098567.0,2023-06-27T00:42:47.000,-1.2252220252029211,0.951196398013554,0.19645038888960187
741098587.0,2023-06-27T00:43:07.000,-1.4406386884768807,-1.0986231666065827,0.13736477911807654
741098607.0,2023-06-27T00:43:27.000,-1.012090859819903,0.9253574926981756,1.4736030526152355
741098627.0,2023-06-27T00:43:47.000,-2.3983448718678524,-1.0401672449367183,0.07550605667372423
741098647.0,2023-06-27T00:44:07.000,-1.8457327491061548,-0.4655358330163395,-1.101094504674105
741098667.0,2023-06-27T00:44:27.000,-1.8058266091802722,-0.8316245967865399,0.8193813680223982
741098687.0,2023-06-27T00:44:47.000,-0.5231275766237609,-0.7996303336810229,0.5422628319040612
741098707.0,2023-06-27T00:45:07.000,-0.39418933857060523,0.05696624798545713,0.262312833654299
741098727.0,2023-06-27T00:45:27.000,-2.1461616809381745,1.2204245784297463,0.3375868442123675
741098747.0,2023-06-27T00:45:47.000,-2.1744188937744546,-0.7178760199955114,0.6918508622333341
741098767.0,2023-06-27T00:46:07.000,-1.0807736984363991,-0.5733075097325013,2.1722266625112674
741098787.0,2023-06-27T00:46:27.000,-2.767490215560553,0.16699788262242166,-0.9576816874523608
741098807.0,2023-06-27T00:46:47.000,-1.2181451211401573,1.4891377472459055,-0.5334639766596538
741098827.0,2023-06-27T00:47:07.000,-0.5916419282492313,-0.847975425144476,1.300596073305904
741098847.0,2023-06-27T00:47:27.000,-1.6498530906794429,-0.91500926375776,1.4003522052941086
741098867.0,2023-06-27T00:47:47.000,-1.0191324214536834,0.4729152186855323,0.23816364490558684
741098887.0,2023-06-27T00:48:07.000,-1.8648515318964165,0.6152826524608024,0.7904691976645672
741098907.0,2023-06-27T00:48:27.000,0.896809867867443,0.8359777734390228,0.16352214559089973
741098927.0,2023-06-27T00:48:47.000,-0.0250740389784454,0.8451781524310142,0.9048398825872717
741098947.0,2023-06-27T00:49:07.000,-1.0741847024542395,-0.4679170022781065,1.4152575228409958
741098967.0,2023-06-27T00:49:27.000,-0.3627193203792345,0.006034738742055623,-0.7478292774032447
741098987.0,2023-06-27T00:49:47.000,-1.7137559133462155,-0.39339750680378316,1.1614285048033857
741099007.0,2023-06-27T00:50:07.000,-1.8733560204764466,-1.0175556548697173,-0.37560853540785644
741099027.0,2023-06-27T00:50:27.000,-2.402413412971871,1.2302585308154868,0.10968864303517734
741099047.0,2023-06-27T00:50:47.000,-0.37614086215720377,-0.9738938785752715,-0.4933157982112135
741099067.0,2023-06-27T00:51:07.000,0.5014279341075678,0.457113739493753,1.077910650637559
741099087.0,2023-06-27T00:51:27.000,-1.6309266634872976,1.3960872048079942,-0.03401459387486483
741099107.0,2023-06-27T00:51:47.000,-2.4231278117015087,-0.3457251744554135,1.2322980680212758
741099127.0,2023-06-27T00:52:07.000,-1.1843920669885044,0.6086997475396316,-0.38827101600524827
741099147.0,2023-06-27T00:52:27.000,-1.4710306713738852,0.3298417238672968,0.2585506731045406
741099167.0,2023-06-27T00:52:47.000,-0.8676406912599965,-0.09361835939802887,-0.6330898222661752
741099187.0,2023-06-27T00:53:07.000,0.23671092725940923,1.863212476937992,1.169990064897597
741099207.0,2023-06-27T00:53:27.000,0.4609302932334636,0.29663428233739353,-0.4897450121443825
741099227.0,2023-06-27T00:53:47.000,-0.3743237178222003,0.24581694033631862,-0.9422261853742064
741099247.0,2023-06-27T00:54:07.000,-1.1895170197506744,-0.4800410812855205,0.47047498237251517
741099267.0,2023-06-27T00:54:27.000,0.5964716594641928,1.396021082167298,-0.44114166503073093
741099287.0,2023-06-27T00:54:47.000,-0.897339840166822,1.54542913882727,-0.5348761312862216
741099307.0,2023-06-27T00:55:07.000,-0.7949027207798665,0.943144522880246,-0.612974954961043
741099327.0,2023-06-27T00:55:27.000,0.8596639806346396,-0.11076055019820785,-0.4939899659661684
741099347.0,2023-06-27T00:55:47.000,-1.8906706966359543,0.4687687178761557,0.5008765516678615
741099367.0,2023-06-27T00:56:07.000,-0.04386057743666072,0.7557967763638374,1.7619573061899985
741099387.0,2023-06-27T00:56:27.000,-0.2893933958136863,-0.12433318301585672,-0.11522431385690979
741099407.0,2023-06-27T00:56:47.000,-1.0083560722740081,0.3127682738135462,0.24036442946018255
741099427.0,2023-06-27T00:57:07.000,-1.493599972934856,-0.18174273489490744,-0.9434892055959487
741099447.0,2023-06-27T00:57:27.000,-0.8769018641219262,-0.2610241079947784,0.6329966296458878
741099467.0,2023-06-27T00:57:47.000,-0.5209499999714318,0.48795629397080376,1.1586098816018797
741099487.0,2023-06-27T00:58:07.000,-0.8305896772364818,-0.447799153624473,0.14868539099932576
741099507.0,2023-06-27T00:58:27.000,-1.5057127185746921,0.44091523262457244,0.3313951383976388
741099527.0,2023-06-27T00:58:47.000,-0.5657969114225558,-0.1705588699940641,0.2172884028706079
741099547.0,2023-06-27T00:59:07.000,-0.6807933007668687,-0.5082535200040539,0.2917368843169399
741099567.0,2023-06-27T00:59:27.000,-0.9478411944319198,0.7893058894148375,0.15069370534748217
741099587.0,2023-06-27T00:59:47.000,-0.5617109308020396,0.16880849904588047,1.203484034062452
741099607.0,2023-06-27T01:00:07.000,-0.009399409617305565,0.07076609411793555,-0.8345140232179915
741099627.0,2023-06-27T01:00:27.000,-0.1521248695679489,0.24059053589375878,-0.30524117886621127
741099647.0,2023-06-27T01:00:47.000,-2.302673740484096,0.25572641088045245,0.21074511505903004
741099667.0,2023-06-27T01:01:07.000,-2.0860629788233,0.24718641919996287,-0.43407313590204666
741099687.0,2023-06-27T01:01:27.000,-0.47437140172634784,-0.9447486452485165,0.4013910574252044
741099707.0,2023-06-27T01:01:47.000,-1.7837823930277885,-1.6076451196611607,-0.4272303017693879
741099727.0,2023-06-27T01:02:07.000,-1.1904459257028321,0.42826708076537656,0.4793399675850907
741099747.0,2023-06-27T01:02:27.000,-0.8922870933791849,1.1907485544249141,-0.7259646622848059
741099767.0,2023-06-27T01:02:47.000,-0.8732182737558603,-0.2479524534360067,-0.8593003648971198
741099787.0,2023-06-27T01:03:07.000,-0.13399759768439878,-1.6906692315465932,-1.178546424518423
741099807.0,2023-06-27T01:03:27.000,-0.36134371658169684,-0.04631073448058132,0.24000333090912207
741099827.0,2023-06-27T01:03:47.000,-1.3503590779229135,0.003755739019783988,-1.3963411585327101
741099847.0,2023-06-27T01:04:07.000,0.02522563061768679,0.8489258774946329,1.819548877901589
741099867.0,2023-06-27T01:04:27.000,-1.1577828792685985,-0.33860850450206925,-1.1459996839158215
741099887.0,2023-06-27T01:04:47.000,-1.850002824432817,-0.20872091222035039,-0.9071982050912197
741099907.0,2023-06-27T01:05:07.000,-0.9581616439602314,1.3372555013990706,-0.2221415329017873
741099927.0,2023-06-27T01:05:27.000,-0.041122941052407214,1.3461767018108084,-0.3316568736644321
741099947.0,2023-06-27T01:05:47.000,-2.6623075907838967,1.5598077906631147,-0.41157463570584696
741099967.0,2023-06-27T01:06:07.000,-1.7063752718149416,-0.7181061584038417,0.8056316476934278
741099987.0,2023-06-27T01:06:27.000,-2.9798143042047975,-0.19404597022543157,0.7636135690103352
741100007.0,2023-06-27T01:06:47.000,-1.3007617803206806,0.5120815158243808,-0.8192986960531279
741100027.0,2023-06-27T01:07:07.000,-1.553924861918965,0.40596194772479777,-0.4829907182868354
741100047.0,2023-06-27T01:07:27.000,0.3710290814917805,0.08060149387922877,-0.5506234989294256
741100067.0,2023-06-27T01:07:47.000,-1.5391734564551562,0.2231399744978546,0.4745914873760526
741100087.0,2023-06-27T01:08:07.000,-0.5497984532643052,1.0087150564164205,0.7594439682456766
741100107.0,2023-06-27T01:08:27.000,-1.0820799498767464,1.8515173618949277,-0.1987798375235883
741100127.0,2023-06-27T01:08:47.000,-0.6305111663107432,-2.0155004001765064,0.5639450695094084
741100147.0,2023-06-27T01:09:07.000,-2.169431339404948,0.9792027811927895,-0.41248259208259697
741100167.0,2023-06-27T01:09:27.000,-1.186788513296566,0.07698117909793467,0.4153587548572091
741100187.0,2023-06-27T01:09:47.000,-0.22287234248130616,0.6511605563752632,-0.22221797841837088
741100207.0,2023-06-27T01:10:07.000,0.13558071975117159,0.1074537410716836,-1.636779170399727
741100227.0,2023-06-27T01:10:27.000,-2.5112262883819625,0.4804122146762069,-1.2723988212393067
741100247.0,2023-06-27T01:10:47.000,-1.0874117337578149,1.1803542120047972,0.0301723548479238
741100267.0,2023-06-27T01:11:07.000,-0.26707266548298136,-0.05591303553487137,0.5629855922117954
741100287.0,2023-06-27T01:11:27.000,-0.12059802306785272,1.2749934185096734,1.6930460289055205
741100307.0,2023-06-27T01:11:47.000,-0.2552100393016232,1.2731466622617482,-1.9535929026481824
741100327.0,2023-06-27T01:12:07.000,-1.611720544725248,0.13711723686471444,0.2593389543781299
741100347.0,2023-06-27T01:12:27.000,-1.0482901868891226,0.5973584862095649,0.47563207918877026
741100367.0,2023-06-27T01:12:47.000,-0.6177619718439331,-0.37196257750560235,-0.5802240519381385
741100387.0,2023-06-27T01:13:07.000,-0.665510384867396,-0.047951253534517235,-0.2566827672412231
741100407.0,2023-06-27T01:13:27.000,-2.060285289373631,0.0543631253013821,-0.5491741707719378
741100427.0,2023-06-27T01:13:47.000,0.3970898074689977,-0.44670662705526,-0.9335995756143411
741100447.0,2023-06-27T01:14:07.000,-2.5041170692685633,1.234531562643859,-1.19155455985398
741100467.0,2023-06-27T01:14:27.000,-1.8710397951315905,0.053562078106139666,-0.45699948002519974
741100487.0,2023-06-27T01:14:47.000,-0.5864474188932434,0.2336626417021037,-0.7407910179280108
741100507.0,2023-06-27T01:15:07.000,-0.402811191169139,0.23278559470041316,-0.47767773599938224
741100527.0,2023-06-27T01:15:27.000,-0.7824244767085098,0.6411607203493652,-0.3685249143847713
741100547.0,2023-06-27T01:15:47.000,-0.8945393004333724,-0.4359631099459804,0.7745223495891906
741100567.0,2023-06-27T01:16:07.000,0.8144423639500076,0.3162956273228268,-0.8862486867378117
741100587.0,2023-06-27T01:16:27.000,-0.9690295578623775,-0.45103854158234924,0.49807000180868144
741100607.0,2023-06-27T01:16:47.000,-1.2939250815136027,0.8604601639539133,-0.6972485985246024
741100627.0,2023-06-27T01:17:07.000,-0.3214297143117051,0.29095359694863987,0.10001053015740169
741100647.0,2023-06-27T01:17:27.000,-2.1453252809888745,0.8266426731129428,0.608812808100545
741100667.0,2023-06-27T01:17:47.000,0.15686269669856756,2.080377787405663,-0.47719154701031385
741100687.0,2023-06-27T01:18:07.000,-0.6248213073600795,-0.7019481377823489,0.5928513573394412
741100707.0,2023-06-27T01:18:27.000,-0.6011426014973509,-0.6143415260839724,1.2213433187469036
741100727.0,2023-06-27T01:18:47.000,-1.0344506179649215,1.1341022918442967,0.331040433132479
741100747.0,2023-06-27T01:19:07.000,-1.762301951768741,0.2196433749879212,0.1716451760058746
741100767.0,2023-06-27T01:19:27.000,-0.9664389657215722,1.5945308001308334,1.0086717019630598
741100787.0,2023-06-27T01:19:47.000,-0.4167894307016695,-0.17827399110270647,-1.8885569346371867
741100807.0,2023-06-27T01:20:07.000,-1.168584597888156,1.303465019386607,0.395634528138622
741100827.0,2023-06-27T01:20:27.000,-2.228258378178527,0.6396428033239587,-0.3637471074680043
741100847.0,2023-06-27T01:20:47.000,-1.580793216560128,0.04877811771164531,-0.8073694656829389
741100867.0,2023-06-27T01:21:07.000,-0.48911692359654424,1.134231550448117,-0.3946265633603119
741100887.0,2023-06-27T01:21:27.000,-0.1983704950303533,0.11192110198621208,0.35925800910829864
741100907.0,2023-06-27T01:21:47.000,-0.5624678890314705,-0.7911198702470479,-0.9835965329885177
741100927.0,2023-06-27T01:22:07.000,-0.06298470798249411,1.9981677761404804,-0.7848588631675923
741100947.0,2023-06-27T01:22:27.000,-1.7927484572521912,0.6303870178858695,-0.3426015345753264
741100967.0,2023-06-27T01:22:47.000,-1.01751456966781,-0.22767769346510036,-0.4000844430751549
741100987.0,2023-06-27T01:23:07.000,-0.32801059401954547,-0.5249430457654469,0.09613127963659096
741101007.0,2023-06-27T01:23:27.000,-1.845550852375144,0.9141887543306915,0.18365719638424594
741101027.0,2023-06-27T01:23:47.000,-1.282264533886135,1.0817354901160314,-1.1418613220626206
741101047.0,2023-06-27T01:24:07.000,-1.4988377014857335,0.20768966193518423,0.1985139467142183
741101067.0,2023-06-27T01:24:27.000,-0.5548518275166892,0.8600364428623664,-0.4471035641384624
741101087.0,2023-06-27T01:24:47.000,-0.49154864778522267,0.8125661675850715,0.406895280535835
741101107.0,2023-06-27T01:25:07.000,-0.4255204393177614,0.36285848955541766,-0.9390285965804601
741101127.0,2023-06-27T01:25:27.000,-1.7277372039381511,0.98656952201015,-0.6473658840655538
741101147.0,2023-06-27T01:25:47.000,-1.1794559793165682,0.4111995767219767,-0.6160115565312374
741101167.0,2023-06-27T01:26:07.000,-0.9178378828633704,1.1003447090152108,0.3870641109293693
741101187.0,2023-06-27T01:26:27.000,-1.806305658746954,0.3289852410492955,-0.49961842443213555
741101207.0,2023-06-27T01:26:47.000,0.5165173865950834,0.5504493890362561,-0.2000348011566011
741101227.0,2023-06-27T01:27:07.000,-0.2660877668536621,0.03740276525165953,-0.3885068414977155
741101247.0,2023-06-27T01:27:27.000,0.06255704800839368,-0.4184414304386763,-0.41999696437367007
741101267.0,2023-06-27T01:27:47.000,-1.1448761207066838,0.46694378820211213,0.7620521095152988
741101287.0,2023-06-27T01:28:07.000,-0.9958943150811805,0.7327751078589628,-1.1759555454737836
741101307.0,2023-06-27T01:28:27.000,-1.8399555134496204,0.20546863417347794,-0.05594839341815927
741101327.0,2023-06-27T01:28:47.000,-0.7687235093811751,-0.8918312409900153,-0.5519844940460317
741101347.0,2023-06-27T01:29:07.000,-1.3016854220837537,0.36416289154184156,0.5447836810668072
741101367.0,2023-06-27T01:29:27.000,-1.9325557011007355,-0.0988797941192665,-0.9496377816109458
741101387.0,2023-06-27T01:29:47.000,-1.717377646892615,0.6852203663476608,-0.05137302310220804
741101407.0,2023-06-27T01:30:07.000,-0.6587086225806615,-0.15371852237766603,-0.38481478583651807
741101427.0,2023-06-27T01:30:27.000,-0.7979727874474207,0.3042455989810122,-1.2385714124985014
741101447.0,2023-06-27T01:30:47.000,-0.5724171182053261,0.3353283665408213,-0.46292971283001805
741101467.0,2023-06-27T01:31:07.000,0.40265192623456514,0.48577449089926006,0.46426028654789064
741101487.0,2023-06-27T01:31:27.000,-0.9590195447772842,0.1299235765639395,-0.053515736242459866
741101507.0,2023-06-27T01:31:47.000,-0.6204560181966023,0.5432912045244542,-0.4669317060668199
741101527.0,2023-06-27T01:32:07.000,-1.0591163218109934,-0.7278505866681328,0.7070808702547282
741101547.0,2023-06-27T01:32:27.000,-0.9777502683827599,-0.25723071066519054,-0.24297877972978554
741101567.0,2023-06-27T01:32:47.000,-0.7618408189968839,0.5513443548044172,0.06000176335785312
741101587.0,2023-06-27T01:33:07.000,-0.01452820813652167,0.27265174271651205,-1.0644689635408433
741101607.0,2023-06-27T01:33:27.000,-0.7536428983545562,1.5819675108885711,-1.7392884756439742
741101627.0,2023-06-27T01:33:47.000,-0.6589403873547006,0.35345354719718003,0.6013143135752408
741101647.0,2023-06-27T01:34:07.000,-0.010663164051738505,0.18130552206230277,-0.016856419327027083
741101667.0,2023-06-27T01:34:27.000,-0.29043036096076946,0.5210367125751958,-0.5558385446913228
741101687.0,2023-06-27T01:34:47.000,-0.7947409806585704,1.3951685235435995,-0.4454642396956032
741101707.0,2023-06-27T01:35:07.000,-1.041823135161657,1.2979263491641468,0.4536992704196052
741101727.0,2023-06-27T01:35:27.000,-1.0038753052499239,0.6836672664656263,-0.6467937623155784
741101747.0,2023-06-27T01:35:47.000,-1.588038461097785,-0.40150260929294745,-0.31732199584633136
741101767.0,2023-06-27T01:36:07.000,-0.27094147522221945,0.042952145606900416,-0.47920143440016716
741101787.0,2023-06-27T01:36:27.000,-1.5625280429865107,1.7917009997980848,-1.4723236718139354
741101807.0,2023-06-27T01:36:47.000,-2.3967981161776564,-1.0304363275315254,-0.5457224895311086
741101827.0,2023-06-27T01:37:07.000,-0.6310389904617963,-0.8515823970323133,-1.8663676745744873
741101847.0,2023-06-27T01:37:27.000,0.4331027690152034,1.152811068771964,-0.5845640179247269
741101867.0,2023-06-27T01:37:47.000,-0.7885019419062722,1.13599676672127,0.35618131873915715
741101887.0,2023-06-27T01:38:07.000,-0.6425922761232883,-0.2836164370023653,-0.7934073793292029
741101907.0,2023-06-27T01:38:27.000,-0.005035501049466262,0.39942961784777964,-1.3855567391418688
741101927.0,2023-06-27T01:38:47.000,-0.9359270890296756,0.13250965751332444,-0.6617079998938458
741101947.0,2023-06-27T01:39:07.000,-1.1918114696807258,0.9869119981575913,-1.1934755843601152
741101967.0,2023-06-27T01:39:27.000,-1.006769143252484,0.7410516117745125,-0.35778231867178434
741101987.0,2023-06-27T01:39:47.000,-1.6260246538890577,-0.3565456371146247,-0.9604315953870568
741102007.0,2023-06-27T01:40:07.000,-1.5483963644258303,0.5436162727967542,-0.2273444982270334
741102027.0,2023-06-27T01:40:27.000,0.1272627247250746,-0.9089917242244283,-0.1844801208128466
741102047.0,2023-06-27T01:40:47.000,-0.25195957210621955,-1.6906564671237412,-1.0701107161059653
741102067.0,2023-06-27T01:41:07.000,0.18030933219836953,0.6260427563020698,0.2680830271772905
741102087.0,2023-06-27T01:41:27.000,-0.35388803594216256,1.414933760290893,-1.2080636635380948
741102107.0,2023-06-27T01:41:47.000,-0.5244904227930114,0.35120313544023674,0.2127275078089852
741102127.0,2023-06-27T01:42:07.000,-0.8592092332948553,0.7324456694490777,-0.8502863268811112
741102147.0,2023-06-27T01:42:27.000,-1.4705405511628022,0.8856864476824988,-0.7319648831716208
741102167.0,2023-06-27T01:42:47.000,0.0672212507657477,1.061858564610496,-1.4156432354694992
741102187.0,2023-06-27T01:43:07.000,-0.9136276442056612,0.23128525628024477,-0.6226781766871525
741102207.0,2023-06-27T01:43:27.000,-0.8237171235103702,0.17490286722265935,-0.2985614638517653
741102227.0,2023-06-27T01:43:47.000,-1.956763221189206,0.14036707879361288,-0.629403737328893
741102247.0,2023-06-27T01:44:07.000,-0.3490307539322224,0.27784777791861615,-0.5102528264244732
741102267.0,2023-06-27T01:44:27.000,-0.06147429392200365,1.4606673009120996,-1.0908444146973117
741102287.0,2023-06-27T01:44:47.000,-1.2367341716057467,-0.18349260427763525,-1.3750585180494213
741102307.0,2023-06-27T01:45:07.000,-0.3306212130071984,2.7206183722539024,-1.1887544458799582
741102327.0,2023-06-27T01:45:27.000,-1.8427853422209317,-0.5800273167766434,0.4372115132600385
741102347.0,2023-06-27T01:45:47.000,-0.7191043341125969,1.2454048125110084,0.14226603498590507
741102367.0,2023-06-27T01:46:07.000,-0.26183402309643,1.1946200126455864,-0.017642204297452224
741102387.0,2023-06-27T01:46:27.000,-0.7439970968969867,1.2877394093391281,-1.184009902788219
741102407.0,2023-06-27T01:46:47.000,-0.8008582812579768,0.6346332682038991,-1.5077451892664406
741102427.0,2023-06-27T01:47:07.000,-0.6001387775400602,0.9801403253018037,-1.1863430933622965
741102447.0,2023-06-27T01:47:27.000,-2.0755771596103756,0.2517042035798944,-0.9679192230049871
741102467.0,2023-06-27T01:47:47.000,-0.4954494231212969,-0.05298719972790522,-1.2430712503008756
741102487.0,2023-06-27T01:48:07.000,-1.507204650386118,1.6463054115622988,-1.4932130225631113
741102507.0,2023-06-27T01:48:27.000,-1.1369898670565703,-0.12506421032121295,-0.4984715734179801
741102527.0,2023-06-27T01:48:47.000,-0.7681169565731949,2.080091785117144,-1.947539310553914
741102547.0,2023-06-27T01:49:07.000,-0.09979231867518479,0.9867127910068163,1.0583565843047538
741102567.0,2023-06-27T01:49:27.000,0.0033798955634267713,1.448182969110423,-0.46918012238661433
741102587.0,2023-06-27T01:49:47.000,-1.2234688287149353,1.5175332975236877,-0.7216151130973181
741102607.0,2023-06-27T01:50:07.000,-1.4250146520455864,-0.05462803742695144,-0.16061783836285315
741102627.0,2023-06-27T01:50:27.000,-0.1411710876531025,1.3037712944918844,-1.6934377601196537
741102647.0,2023-06-27T01:50:47.000,0.6598372720212353,-0.9888457096485226,-0.26908254761037753
741102667.0,2023-06-27T01:51:07.000,0.14412214351944286,0.2874674330910487,-0.09506102468526123
741102687.0,2023-06-27T01:51:27.000,-0.9700771305909406,0.9232633707556559,-0.4942898772286597
741102707.0,2023-06-27T01:51:47.000,-1.6682639875531535,1.690768759965433,-0.5598782499616206
741102727.0,2023-06-27T01:52:07.000,-1.3553640754060403,1.6038779714344642,-0.8288343626428052
741102747.0,2023-06-27T01:52:27.000,-1.6889858260316082,0.5707566950396981,0.25941536995199854
741102767.0,2023-06-27T01:52:47.000,-1.314573151600662,0.08060396503584144,-0.08220631182442872
741102787.0,2023-06-27T01:53:07.000,0.1775099691903037,0.7843512479843717,0.427822117465837
741102807.0,2023-06-27T01:53:27.000,-0.9568533430925896,-0.4959213978139587,-1.5362383246841915
741102827.0,2023-06-27T01:53:47.000,-0.8266968978709599,0.21501899584164264,0.1747024636622463
741102847.0,2023-06-27T01:54:07.000,-1.4564495069646632,-0.38246628334404065,0.3844734611346823
741102867.0,2023-06-27T01:54:27.000,-1.355025626603723,-0.0015541784526007518,1.0073289205769775
741102887.0,2023-06-27T01:54:47.000,-0.9406041914683527,0.14841992338476828,-0.708380612501891
741102907.0,2023-06-27T01:55:07.000,-0.41236441424841175,-0.05489572533212694,-0.03734225358931198
741102927.0,2023-06-27T01:55:27.000,-0.4576211119711182,1.5977789731280723,-1.173812496402249
741102947.0,2023-06-27T01:55:47.000,-0.11300901894273352,1.3711512951042337,-1.3522525457387857
741102967.0,2023-06-27T01:56:07.000,-0.14347282272231254,0.2057504461805415,0.4759434306333965
741102987.0,2023-06-27T01:56:27.000,-0.4217360863201236,-0.00936486308500406,-1.248029761569125
741103007.0,2023-06-27T01:56:47.000,0.9968963996631608,1.2570904036057762,-1.2188383176403583
741103027.0,2023-06-27T01:57:07.000,-0.9128430492832962,1.077741378574526,-1.1102450770406058
741103047.0,2023-06-27T01:57:27.000,0.019600360534610672,0.49024404332742577,-0.2510724107285256
741103067.0,2023-06-27T01:57:47.000,0.37907039490692185,1.1345676073637456,-2.5827768486585967
741103087.0,2023-06-27T01:58:07.000,-0.9929203344194448,0.24753194400872758,0.18393387899440228
741103107.0,2023-06-27T01:58:27.000,-0.0443091715984778,1.3944630849360706,-1.634246059112332
741103127.0,2023-06-27T01:58:47.000,-1.7651021413156442,0.6903657660539686,-0.7639501607314969
741103147.0,2023-06-27T01:59:07.000,0.8402994572831446,2.973151828200571,-0.39871300411276067
741103167.0,2023-06-27T01:59:27.000,-1.172658707770946,0.9317438532385758,-0.7222105413373647
741103187.0,2023-06-27T01:59:47.000,-1.223524634841322,0.16873443512421815,-1.253254024424777
741103207.0,2023-06-27T02:00:07.000,0.4124462339993862,-0.4852634081897733,-1.2674698340542356
741103227.0,2023-06-27T02:00:27.000,0.05553458436446945,-1.7491226152133166,-1.2158979529885983
741103247.0,2023-06-27T02:00:47.000,-0.8707750520642321,-0.16296897281664613,-0.38375030256831977
741103267.0,2023-06-27T02:01:07.000,-0.03204830034686523,-0.12402515168208339,0.6208475656910295
741103287.0,2023-06-27T02:01:27.000,0.12381582715770278,1.1703418153596878,-1.4292766149281988
741103307.0,2023-06-27T02:01:47.000,-0.7496702970732905,0.40832797826295675,-1.093567674981255
741103327.0,2023-06-27T02:02:07.000,-1.024029617435751,0.6760003664174619,-1.222892192476177
741103347.0,2023-06-27T02:02:27.000,-0.4803792159724374,0.6644440145753272,-0.5771334370407999
741103367.0,2023-06-27T02:02:47.000,-0.4202978692080528,0.16053401761251251,-0.13946060346547995
741103387.0,2023-06-27T02:03:07.000,-0.004519916974032867,-0.42130621351610387,-1.329445061171164
741103407.0,2023-06-27T02:03:27.000,0.07211676722462812,2.372165695674333,-2.4632169906779744
741103427.0,2023-06-27T02:03:47.000,-1.2007288235693636,1.1381625503403825,-1.7341390514902244
741103447.0,2023-06-27T02:04:07.000,-0.4646310442057988,1.171758066209616,-1.7929917797809836
741103467.0,2023-06-27T02:04:27.000,-0.08570605422031363,1.3359870771334492,-1.1666469091453635
741103487.0,2023-06-27T02:04:47.000,-0.09708471223612847,0.40848579182517497,-1.4712811121420089
741103507.0,2023-06-27T02:05:07.000,0.36005954228146564,0.36407614329991844,-1.242881787155703
741103527.0,2023-06-27T02:05:27.000,-1.1121584905016135,1.5345295225843714,-1.2802702743619498
741103547.0,2023-06-27T02:05:47.000,-1.3429771211437291,0.6550558122264682,-0.6538812436174268
741103567.0,2023-06-27T02:06:07.000,-0.6297836663837764,0.4965665698963839,-2.92773532044599
741103587.0,2023-06-27T02:06:27.000,0.02774392688920102,0.4758385920622388,-1.598065139318816
741103607.0,2023-06-27T02:06:47.000,0.5383855773199997,0.22704722305588732,-0.13099332552002352
741103627.0,2023-06-27T02:07:07.000,-0.27989502822123313,-0.300771055161686,-0.2851201325704267
741103647.0,2023-06-27T02:07:27.000,-0.9038889309032072,0.6564794005736729,-1.5611227196621336
741103667.0,2023-06-27T02:07:47.000,0.24054427220088215,1.3264886403629994,-1.4024249211597173
741103687.0,2023-06-27T02:08:07.000,0.1148497524083858,-0.0613929464599039,-0.800266776446179
741103707.0,2023-06-27T02:08:27.000,-1.9571614981339636,-0.24587028816247525,-0.29098383842462994
741103727.0,2023-06-27T02:08:47.000,-1.134511678768657,1.1262252458621447,-0.28987981904871063
741103747.0,2023-06-27T02:09:07.000,-1.0754465392559531,-0.5935140305224351,-0.8012841031357354
741103767.0,2023-06-27T02:09:27.000,-1.9279705571029204,-0.01587478758446892,-1.3948888894610434
741103787.0,2023-06-27T02:09:47.000,0.9560221245319411,0.772514956937087,-0.8531411650802845
741103807.0,2023-06-27T02:10:07.000,-0.278788827090537,0.5930238864637616,-0.5956177212107505
741103827.0,2023-06-27T02:10:27.000,-1.1862045587451853,1.4291367006813438,-0.29366458628166114
741103847.0,2023-06-27T02:10:47.000,0.29570646974397263,-0.4471328690969223,-1.5199924265907327
741103867.0,2023-06-27T02:11:07.000,-0.2200139483932162,1.919896220170525,-1.9538548611031104
741103887.0,2023-06-27T02:11:27.000,-0.3390615086695803,-0.3595563153879766,-0.6370995083493369
741103907.0,2023-06-27T02:11:47.000,0.15532506491000575,0.9080148621998241,-1.6071020050745233
741103927.0,2023-06-27T02:12:07.000,1.201657040073023,0.9477832454529711,-2.2377082997904196
741103947.0,2023-06-27T02:12:27.000,0.6964909563422772,1.562037337410338,-1.2591989765220468
741103967.0,2023-06-27T02:12:47.000,1.4769129163982875,0.8858696892044549,-0.406697880439566
741103987.0,2023-06-27T02:13:07.000,0.764423934485059,0.8397230393364374,-0.4641210640476956
741104007.0,2023-06-27T02:13:27.000,-0.872275876795392,0.9087579319055905,-1.5124583619852139
741104027.0,2023-06-27T02:13:47.000,-0.4772349417647703,1.6108107718348919,0.1274754316771265
741104047.0,2023-06-27T02:14:07.000,0.021111855463828988,-0.3320010358298653,-1.1581670841032121
741104067.0,2023-06-27T02:14:27.000,-0.5585941764474356,1.2314398268098437,-0.424465613624303
741104087.0,2023-06-27T02:14:47.000,-1.2606501865408681,0.8279513616704648,-0.14313861046444387
741104107.0,2023-06-27T02:15:07.000,-0.2257997823051916,0.16167053672466736,-0.28199230557302
741104127.0,2023-06-27T02:15:27.000,-0.3602543140468484,-0.5084474079763979,-0.29179137309709446
741104147.0,2023-06-27T02:15:47.000,0.3567933302139892,-0.44105325625043434,-1.4315605687542643
741104167.0,2023-06-27T02:16:07.000,-0.2311625835083042,-0.35222311234317516,-1.4271776826335625
741104187.0,2023-06-27T02:16:27.000,-0.5984242491541281,0.50730163290158,-1.5133156845648088
741104207.0,2023-06-27T02:16:47.000,-0.9368715494395552,0.8772341949847551,-1.3691960453754426
741104227.0,2023-06-27T02:17:07.000,-0.34700769747653126,1.5092504690006336,0.27945008823637707
741104247.0,2023-06-27T02:17:27.000,-0.7566940616432483,-0.8662331448139327,-1.5649612102874855
741104267.0,2023-06-27T02:17:47.000,-0.6890610191101487,-0.051665123113053824,-0.7064921492827558
741104287.0,2023-06-27T02:18:07.000,0.8160082269892399,0.9322487639851218,-0.6376167762112139
741104307.0,2023-06-27T02:18:27.000,0.6233922421272631,0.05041202698619074,-0.8224931281386461
741104327.0,2023-06-27T02:18:47.000,-0.6283376223992221,0.3920731614703854,0.0812893876211973
741104347.0,2023-06-27T02:19:07.000,-0.3232207916981089,-0.30284381232759117,-1.0598855804011542
741104367.0,2023-06-27T02:19:27.000,-0.0731003060416846,-0.46973056148091885,-0.9409400606008589
741104387.0,2023-06-27T02:19:47.000,0.9830485928286059,1.1048208003794358,-0.9933863468147841
741104407.0,2023-06-27T02:20:07.000,1.2222989637100667,0.26702742270678925,-1.659768222861402
741104427.0,2023-06-27T02:20:27.000,-1.1744839529925777,1.076156479296042,-1.9464101951527368
741104447.0,2023-06-27T02:20:47.000,0.29344655465557423,0.3437446484122475,-2.1923419133096367
741104467.0,2023-06-27T02:21:07.000,1.7292424357773228,0.9282587984271728,-0.9602099547478815
741104487.0,2023-06-27T02:21:27.000,-0.5399844624776051,1.347253281969163,-0.06955209708170429
741104507.0,2023-06-27T02:21:47.000,0.673892211933147,0.7840162287719998,-0.1294515637018101
741104527.0,2023-06-27T02:22:07.000,0.41848179678227737,-0.6500296904077274,-1.8598676475911624
741104547.0,2023-06-27T02:22:27.000,1.6199306396624813,0.46165506637496634,-0.4170752569643277
741104567.0,2023-06-27T02:22:47.000,0.8605114060977748,-0.32435254235796407,0.06467515719643657
741104587.0,2023-06-27T02:23:07.000,-1.0650061832429003,-0.05562563236694018,0.46397511239693046
741104607.0,2023-06-27T02:23:27.000,-0.00855523945020309,0.8223256661610279,-0.9391182678508692
741104627.0,2023-06-27T02:23:47.000,0.017712469224662186,0.2608495842659764,-1.116932845446339
741104647.0,2023-06-27T02:24:07.000,-0.24236914891728745,0.5404028105338021,-1.1349597997756256
741104667.0,2023-06-27T02:24:27.000,0.5930614217386498,1.492762855492824,-1.5274362063499858
741104687.0,2023-06-27T02:24:47.000,-0.7223490821828271,0.08635080507302106,-1.270319552848509
741104707.0,2023-06-27T02:25:07.000,1.1437589130136594,0.9082597733578446,-1.3549742662211095
741104727.0,2023-06-27T02:25:27.000,0.15577846159686715,0.11552189977948046,-1.7419637915128128
741104747.0,2023-06-27T02:25:47.000,0.70962773950356,-0.29869764025525214,-0.7809054327512222
741104767.0,2023-06-27T02:26:07.000,0.657634225342818,0.6754005348330594,-1.6231941909916614
741104787.0,2023-06-27T02:26:27.000,-0.7161376059161562,0.7333719270863348,-0.034544700766581116
741104807.0,2023-06-27T02:26:47.000,-0.33235199562442475,0.5884962656854675,-1.1098928733410673
741104827.0,2023-06-27T02:27:07.000,-0.14713589490122914,-0.9947891538186759,-1.1053814679917728
741104847.0,2023-06-27T02:27:27.000,-1.7535409943425506,0.08565639041391293,-1.4992879059594344
741104867.0,2023-06-27T02:27:47.000,-0.40230140172514695,0.10611064407139992,-1.664918024879558
741104887.0,2023-06-27T02:28:07.000,0.9151830175024855,-0.78802968993541,-1.1454445575709293
741104907.0,2023-06-27T02:28:27.000,-0.4365911965620306,1.1604089301120446,-0.3237126559807457
741104927.0,2023-06-27T02:28:47.000,0.2408251255081595,0.3034138921442775,-1.2521768738560368
741104947.0,2023-06-27T02:29:07.000,-0.8670143006539455,0.5063899045421039,-0.9879790619615747
741104967.0,2023-06-27T02:29:27.000,0.26649609339290947,0.9594108626553854,-2.8151912998430895
741104987.0,2023-06-27T02:29:47.000,-0.5232241272912219,0.2852315935442107,-0.14185441611358485
741105007.0,2023-06-27T02:30:07.000,0.057706392730949574,-0.0057307041445575635,-0.24506941849189445
741105027.0,2023-06-27T02:30:27.000,1.2355538965280743,0.33373332670727507,0.309553876431945
741105047.0,2023-06-27T02:30:47.000,-0.7807780413537913,0.3479786120919037,-0.6194664578962339
741105067.0,2023-06-27T02:31:07.000,-0.30328487647945934,0.7777157450372663,-0.5426330642488431
741105087.0,2023-06-27T02:31:27.000,0.4049955451002063,1.4233789410122988,-1.6342879113340203
741105107.0,2023-06-27T02:31:47.000,-0.7690229970158668,1.2048561185418194,-1.3192099333925178
741105127.0,2023-06-27T02:32:07.000,0.9736180792252469,0.4235284814524398,0.10243650694352624
741105147.0,2023-06-27T02:32:27.000,-0.8275988253036992,0.7287649894549553,-1.020907851689845
741105167.0,2023-06-27T02:32:47.000,1.6220015958023914,0.11448493340004973,-0.8210062814262287
741105187.0,2023-06-27T02:33:07.000,1.298217465328655,1.5504148418776786,-1.7576557805543125
741105207.0,2023-06-27T02:33:27.000,-1.6960702638013636,0.6945473752462128,-1.4630567651718884
741105227.0,2023-06-27T02:33:47.000,0.082106551624328,-0.47691895899149017,-2.0957022682233095
741105247.0,2023-06-27T02:34:07.000,0.0003433894835147555,-0.497980531544151,-2.3830506374888927
741105267.0,2023-06-27T02:34:27.000,0.49268682070779946,0.47894607400067457,-1.7555681279701751
741105287.0,2023-06-27T02:34:47.000,0.6091275870701018,0.8248214872108584,-1.9906850972972734
741105307.0,2023-06-27T02:35:07.000,0.1722710029294916,-0.8291011972638707,-1.3114180421935906
741105327.0,2023-06-27T02:35:27.000,0.08495392259666446,-1.2430074015745696,-1.4668783367310922
741105347.0,2023-06-27T02:35:47.000,-0.09931885976977028,-0.10664566236773254,-1.1186096001480905
741105367.0,2023-06-27T02:36:07.000,0.8499646155235574,-0.9832093519013263,-1.538841412862535
741105387.0,2023-06-27T02:36:27.000,0.4330294433030346,-0.18283870457658224,0.36273763536209813
741105407.0,2023-06-27T02:36:47.000,0.5984863588048839,-0.4794749474790194,-1.4140910650439764
741105427.0,2023-06-27T02:37:07.000,-0.1976856447538644,-1.46097650873811,-1.0909655470681123
741105447.0,2023-06-27T02:37:27.000,0.6143409209347084,-0.19519355741737243,0.4780781492352837
741105467.0,2023-06-27T02:37:47.000,-0.8965671927207985,0.4129799126006972,-2.547019163878783
741105487.0,2023-06-27T02:38:07.000,-1.0606097819332305,1.3317777633026218,-1.3785583828473946
741105507.0,2023-06-27T02:38:27.000,0.1885570017456928,-0.5835634943607282,-0.2829720753716458
741105527.0,2023-06-27T02:38:47.000,1.9810541616149813,-0.32482087050089703,-1.3088773721858793
741105547.0,2023-06-27T02:39:07.000,0.29618836813183336,1.7688716545838368,-1.3642335088936974
741105567.0,2023-06-27T02:39:27.000,0.23141073201005113,1.2947687679676356,0.27372015427573615
741105587.0,2023-06-27T02:39:47.000,0.9486599381713923,0.8000753179304709,-1.924030998923243
741105607.0,2023-06-27T02:40:07.000,0.0007628663700742777,0.30604616024776377,-1.4057793506938587
741105627.0,2023-06-27T02:40:27.000,1.1814703819612582,0.7150627615692962,-1.4498071154278591
741105647.0,2023-06-27T02:40:47.000,-0.8805544937207088,0.9013839394556022,-2.3028100723299083
741105667.0,2023-06-27T02:41:07.000,-0.6255415569533795,-0.21917273476113053,-0.572913785146234
741105687.0,2023-06-27T02:41:27.000,-0.6624427709378544,0.8425100183173662,-0.13861755659982933
741105707.0,2023-06-27T02:41:47.000,1.1795120892665878,-1.1164862450563362,-1.7096527792803684
741105727.0,2023-06-27T02:42:07.000,0.9390981398516018,-0.3846903756210551,-0.3706772909617406
741105747.0,2023-06-27T02:42:27.000,1.39407988050122,-0.0937717462012877,-1.4680371302255857
741105767.0,2023-06-27T02:42:47.000,-0.4111560473085696,-0.021985031462001814,-0.9908476419018264
741105787.0,2023-06-27T02:43:07.000,0.25972334749546633,-0.6137729272159831,-2.033776445786728
741105807.0,2023-06-27T02:43:27.000,0.49014567278238275,0.13265621344737966,-1.051211208047409
741105827.0,2023-06-27T02:43:47.000,0.3439894042944758,-1.2828734933356678,-1.8133719854040997
741105847.0,2023-06-27T02:44:07.000,-0.6952798575210473,-0.6835493196799547,-2.4995306418307273
741105867.0,2023-06-27T02:44:27.000,-0.5111307569860557,-0.38870546148483953,0.4586419755647775
741105887.0,2023-06-27T02:44:47.000,0.12692613426956711,-1.002526440097018,-1.381875084727202
741105907.0,2023-06-27T02:45:07.000,0.804761713069091,0.8184146426892802,-0.9053575589557106
741105927.0,2023-06-27T02:45:27.000,-0.622109304937446,-0.6251412174584914,-0.9933578672960408
741105947.0,2023-06-27T02:45:47.000,0.4847291220411165,1.449613326010013,-0.08852137349801836
741105967.0,2023-06-27T02:46:07.000,0.6679565035083712,-0.03887025691318158,-2.3569469189688164
741105987.0,2023-06-27T02:46:27.000,1.886301738240892,-2.1885014942601977,-1.1022741080224385
741106007.0,2023-06-27T02:46:47.000,-0.3127439987649083,0.049552384162598884,-0.30463732496599505
741106027.0,2023-06-27T02:47:07.000,-0.15135100556173953,-0.2794065521616318,-1.4087660562434046
741106047.0,2023-06-27T02:47:27.000,-0.30925595128072914,0.4574118578903885,-0.18893537797604054
741106067.0,2023-06-27T02:47:47.000,-0.5253825862361339,-0.022038763247689275,-1.2295338788104182
741106087.0,2023-06-27T02:48:07.000,1.7488314471569844,-0.5923119402950761,-1.2303358958298816
741106107.0,2023-06-27T02:48:27.000,0.7257248531455929,0.04175640246906198,-0.6448686079130184
741106127.0,2023-06-27T02:48:47.000,0.9523278301948324,-1.856293361723882,-1.259320967172961
741106147.0,2023-06-27T02:49:07.000,-0.3963224007974553,-0.9739278406084573,-1.286817012879915
741106167.0,2023-06-27T02:49:27.000,0.12835775675679173,0.7393652908915804,-1.6269856471406996
741106187.0,2023-06-27T02:49:47.000,0.8485579020112155,-1.197020485232958,0.43267729705753766
741106207.0,2023-06-27T02:50:07.000,-1.0876784096058856,0.7112165154810057,0.01860019268606905
741106227.0,2023-06-27T02:50:27.000,-0.2876279987185093,-0.08488070313283913,-1.2607991436874855
741106247.0,2023-06-27T02:50:47.000,-0.16368836406321918,-0.392972533314051,-0.6355875799668453
741106267.0,2023-06-27T02:51:07.000,1.1937275906426237,-0.10450634031489159,-1.099877179966402
741106287.0,2023-06-27T02:51:27.000,1.051523274187005,-0.2807811914973257,0.3224785415700815
741106307.0,2023-06-27T02:51:47.000,0.04641279603978532,-1.92953997210088,-1.6279421767628754
741106327.0,2023-06-27T02:52:07.000,1.1920774721008165,1.0260415265750389,-0.5162366515931716
741106347.0,2023-06-27T02:52:27.000,2.714738896913982,-0.7261664890068076,-1.1546893052383211
741106367.0,2023-06-27T02:52:47.000,-0.5186437220361384,-1.1229770619070045,-0.492106141736226
741106387.0,2023-06-27T02:53:07.000,0.6977953755149535,0.5792076527733059,-0.5413517751406971
741106407.0,2023-06-27T02:53:27.000,0.8407142666699841,0.3914102305935252,-1.9110650652298666
741106427.0,2023-06-27T02:53:47.000,-0.10557221830076458,0.33673118653432255,0.006262996121719766
741106447.0,2023-06-27T02:54:07.000,0.40481018580562633,0.18402386924298852,0.1108993515686052
741106467.0,2023-06-27T02:54:27.000,-0.7092049382428911,0.13549601101114916,-0.3039177502661694
741106487.0,2023-06-27T02:54:47.000,0.6338030288266516,-0.09787746190204061,-1.9428699749024503
741106507.0,2023-06-27T02:55:07.000,0.7108256921739553,-0.7558692618148122,-0.764413433318456
741106527.0,2023-06-27T02:55:27.000,0.7920088426094374,-0.6422086350377221,-0.8971080037167845
741106547.0,2023-06-27T02:55:47.000,0.8767580522928142,-0.4498119643758791,-1.7757342779534113
741106567.0,2023-06-27T02:56:07.000,1.144371433081659,-0.07563292758749895,-0.337103281655704
741106587.0,2023-06-27T02:56:27.000,1.234047708287278,0.6894789523315126,-1.2812405615791889
741106607.0,2023-06-27T02:56:47.000,0.844572411240474,-0.4044242676082277,-0.782458302883704
741106627.0,2023-06-27T02:57:07.000,0.9964196480582999,-0.7911896754086989,-1.7558843147802428
741106647.0,2023-06-27T02:57:27.000,1.897737334977112,-0.9275736072900109,0.8419072891174828
741106667.0,2023-06-27T02:57:47.000,-0.5553492446241926,-1.5285743247495098,-0.8407810618393796
741106687.0,2023-06-27T02:58:07.000,0.6761975426594624,-0.8474262346847006,-0.9549293247146373
741106707.0,2023-06-27T02:58:27.000,-0.6894269668822339,0.17252905041287292,-1.596672441928071
741106727.0,2023-06-27T02:58:47.000,0.2887036665732978,0.7270424434824285,-1.0198454862941908
741106747.0,2023-06-27T02:59:07.000,-0.5593394795000428,0.10122308288229576,-1.7334430203908013
741106767.0,2023-06-27T02:59:27.000,0.8115049270229768,-0.42713731291943446,-1.049137551467627
741106787.0,2023-06-27T02:59:47.000,0.3228048834569286,0.1805485094430459,-1.6056580502521456
741106807.0,2023-06-27T03:00:07.000,1.1933340475445142,-0.3023201513796536,-0.3991139758685591
741106827.0,2023-06-27T03:00:27.000,-0.11960314195702537,-0.8310147500800724,-0.09547402018972306
741106847.0,2023-06-27T03:00:47.000,1.9282376818252622,-0.680807928865601,0.22250136809676135
741106867.0,2023-06-27T03:01:07.000,1.0495188734083172,-0.07371314428850084,-2.30991212324394
741106887.0,2023-06-27T03:01:27.000,0.8948732971303386,-0.26588463467591694,-1.3027067123361213
741106907.0,2023-06-27T03:01:47.000,-0.12093805883406361,-0.6351454863384731,-1.7809762937748275
741106927.0,2023-06-27T03:02:07.000,1.094311372185075,-0.026329615754328017,-1.4171721288147587
741106947.0,2023-06-27T03:02:27.000,0.9003884888669766,-0.2997670906834671,-0.5373215270720877
741106967.0,2023-06-27T03:02:47.000,0.7196258514086118,-1.0623736147463703,-1.054374417974735
741106987.0,2023-06-27T03:03:07.000,0.763830560501777,-0.31103910457241923,-1.1884821179197758
741107007.0,2023-06-27T03:03:27.000,0.1664604178497342,0.4873181939646365,-0.5540801604198009
741107027.0,2023-06-27T03:03:47.000,1.485266116196815,-0.5651924336880221,-2.8248592199409117
741107047.0,2023-06-27T03:04:07.000,0.7145343533854209,0.12419253022644128,-1.275667133093794
741107067.0,2023-06-27T03:04:27.000,0.6267201280607537,-1.2961352419349481,-1.490623561983817
741107087.0,2023-06-27T03:04:47.000,2.2811070604422667,-0.3977680818056939,0.016399895108598628
741107107.0,2023-06-27T03:05:07.000,-0.033575126678897504,-0.5597839097926105,-2.4140671827876936
741107127.0,2023-06-27T03:05:27.000,1.1817490129129027,-0.5075774381468889,-0.4561089581689437
741107147.0,2023-06-27T03:05:47.000,1.4069935413085766,-0.6940856775328186,-2.124134315473203
741107167.0,2023-06-27T03:06:07.000,0.6603016414974405,-1.192033842467577,-1.7270751194176093
741107187.0,2023-06-27T03:06:27.000,-0.7593244499504159,0.39807329775820577,-0.6890873735621028
741107207.0,2023-06-27T03:06:47.000,1.5230842630775676,-0.4592440610795556,-0.7091884149601491
741107227.0,2023-06-27T03:07:07.000,-0.6858940187481899,-0.002422219691489147,-0.23669578880225473
741107247.0,2023-06-27T03:07:27.000,-0.07426882009387015,-1.139713761866279,-1.8455922053961515
741107267.0,2023-06-27T03:07:47.000,0.07362545693112565,-0.1679150915645522,-1.2603786157416863
741107287.0,2023-06-27T03:08:07.000,0.9321088735858574,1.7822062540751027,0.09538993241964278
741107307.0,2023-06-27T03:08:27.000,0.9006893940344263,0.7541934650800997,-0.5618551031427721
741107327.0,2023-06-27T03:08:47.000,0.7688296415842011,0.6299679858101648,-1.231391813782956
741107347.0,2023-06-27T03:09:07.000,0.9992170118322541,-0.8847091878427804,-0.9189046678237389
741107367.0,2023-06-27T03:09:27.000,0.24159843672322268,-1.6097807969628342,-0.9506963255967449
741107387.0,2023-06-27T03:09:47.000,0.6607058803065335,-0.6551714716751533,-0.7072841918143169
741107407.0,2023-06-27T03:10:07.000,0.39137397013222497,-1.209476718244673,-0.8471756325123536
741107427.0,2023-06-27T03:10:27.000,0.6845365038810058,0.06045675879917667,-1.219363454774136
741107447.0,2023-06-27T03:10:47.000,0.6826797592562883,-0.5262408230177762,-1.1982552412970193
741107467.0,2023-06-27T03:11:07.000,0.7648363208434539,-1.5920264210600443,-1.098008453392918
741107487.0,2023-06-27T03:11:27.000,0.561890784334107,0.5336514009357529,-0.8358228066995821
741107507.0,2023-06-27T03:11:47.000,0.4922197390677674,-0.8021113604317343,-0.652472130058257
741107527.0,2023-06-27T03:12:07.000,0.8590535062968918,-0.8270582294689355,-0.7040556958770594
741107547.0,2023-06-27T03:12:27.000,0.3398230521312051,-1.5070518207704886,-0.44873393497679714
741107567.0,2023-06-27T03:12:47.000,0.3115427618882727,-0.30530336169176664,-1.4260399924248546
741107587.0,2023-06-27T03:13:07.000,0.11383382586549473,0.6299151836808292,-0.7869396344561963
741107607.0,2023-06-27T03:13:27.000,-0.679836143580026,-0.4459383808885775,-0.7706438787780101
741107627.0,2023-06-27T03:13:47.000,0.7292220833510221,0.381523505388337,-1.7846799026610682
741107647.0,2023-06-27T03:14:07.000,0.04109195363977136,-0.5034966213623981,1.1553334443803465
741107667.0,2023-06-27T03:14:27.000,0.2604411707629595,0.3829072224292851,-1.4157819090088175
741107687.0,2023-06-27T03:14:47.000,-0.043523104920062394,-0.36969234590289446,-1.0059413189766886
741107707.0,2023-06-27T03:15:07.000,1.028464172425636,-1.3215551828538175,0.027451797135480405
741107727.0,2023-06-27T03:15:27.000,0.37488886305281355,0.19522818764938776,-0.9207269294653209
741107747.0,2023-06-27T03:15:47.000,1.3033934644579581,0.9464903596878571,-0.6116734063588147
741107767.0,2023-06-27T03:16:07.000,-0.6263532681849426,-0.8358467230351607,-1.3806012414296909
741107787.0,2023-06-27T03:16:27.000,-0.43152114215239123,-0.870129661889596,-0.8470220261180827
741107807.0,2023-06-27T03:16:47.000,0.980494900737483,-0.061471309809046915,1.1838923606455332
741107827.0,2023-06-27T03:17:07.000,-0.34696563788738644,-0.08017165258333847,-0.40463331462126106
741107847.0,2023-06-27T03:17:27.000,-0.7014530988391776,-0.8306987901551821,-0.8607690741513352
741107867.0,2023-06-27T03:17:47.000,1.2171379415670813,-2.640034690526427,-1.0182289236104758
741107887.0,2023-06-27T03:18:07.000,2.226517789971627,-0.7620849592715473,-0.37201130849151554
741107907.0,2023-06-27T03:18:27.000,1.3016972223445222,-1.4953740600121002,-0.6982530322607872
741107927.0,2023-06-27T03:18:47.000,-0.019148566532400935,-0.018852738636887523,-1.144869263791648
741107947.0,2023-06-27T03:19:07.000,1.0002453932789201,-0.9762481961494984,-0.5047206203978583
741107967.0,2023-06-27T03:19:27.000,1.11660654705803,0.19696388386947206,-0.8156799230052414
741107987.0,2023-06-27T03:19:47.000,0.32297670964354097,0.732622993937504,-1.8605042211516931
741108007.0,2023-06-27T03:20:07.000,1.3080621095618028,-1.4291302550040186,-1.328692733504333
741108027.0,2023-06-27T03:20:27.000,0.7539972898373826,0.05972480846549999,-0.6684620984076517
741108047.0,2023-06-27T03:20:47.000,0.45686953197288105,-0.4137036071716338,-0.6174471800846071
741108067.0,2023-06-27T03:21:07.000,0.846305775625833,-1.2896307499232762,-1.808243905510043
741108087.0,2023-06-27T03:21:27.000,0.4821351860750944,-0.715574886778203,-1.393721536480097
741108107.0,2023-06-27T03:21:47.000,1.740010895900923,-1.364335171039066,-0.8633006138625277
741108127.0,2023-06-27T03:22:07.000,1.9776770928903176,-1.4920304464594025,-0.571915997893413
741108147.0,2023-06-27T03:22:27.000,-0.742308077605891,-0.4738200045983909,-1.197981038303375
741108167.0,2023-06-27T03:22:47.000,2.446199194638954,-0.9306549785814688,-1.0785593169582164
741108187.0,2023-06-27T03:23:07.000,0.7788474370773457,-0.49908336466897296,-1.17801252189631
741108207.0,2023-06-27T03:23:27.000,0.964845191542274,-2.5194484564616815,-1.6839533019674668
741108227.0,2023-06-27T03:23:47.000,0.7083237104188456,-0.22870549714060218,-1.2767774092647954
741108247.0,2023-06-27T03:24:07.000,0.4881777697418599,-1.4670086146195693,-1.2234083987539002
741108267.0,2023-06-27T03:24:27.000,-0.3008869514875556,0.4044787448309606,-1.8079116469893464
741108287.0,2023-06-27T03:24:47.000,0.7302031181710689,-1.1153045499479042,-0.6558112561005913
741108307.0,2023-06-27T03:25:07.000,0.21129195976188342,-2.0673008193305975,-1.049670463815211
741108327.0,2023-06-27T03:25:27.000,0.5379680355854788,-0.7874660131967914,0.07010695933784561
741108347.0,2023-06-27T03:25:47.000,1.088018027239901,0.1731847246611018,0.20808994344312381
741108367.0,2023-06-27T03:26:07.000,1.6535720277377486,-0.36142025625629515,-0.1604393728871223
741108387.0,2023-06-27T03:26:27.000,1.184597754355643,-0.2619035415873938,-1.453617386060202
741108407.0,2023-06-27T03:26:47.000,0.3566539279242775,-1.5097062512126058,-2.201261326517656
741108427.0,2023-06-27T03:27:07.000,-0.39668359583799884,-0.349876364647006,-1.4207406708433012
741108447.0,2023-06-27T03:27:27.000,0.5756444211302281,0.7555540597503629,-1.4973177740351673
741108467.0,2023-06-27T03:27:47.000,0.6649651228318731,-1.0645141782061884,-0.12523197788771867
741108487.0,2023-06-27T03:28:07.000,-0.38577058774080797,-1.0598056370825226,-0.35151461424964836
741108507.0,2023-06-27T03:28:27.000,1.2651117634820963,1.0930838748479665,-0.5761400755477375
741108527.0,2023-06-27T03:28:47.000,1.0376369848019706,-1.6318896850830988,-0.6452568545478599
741108547.0,2023-06-27T03:29:07.000,0.8023253225131199,-0.5657385914736857,-1.1428712063721314
741108567.0,2023-06-27T03:29:27.000,-0.35118346477513995,0.39652856718142004,-1.3568405735631117
741108587.0,2023-06-27T03:29:47.000,0.8082905667117224,-1.427053468594508,-1.1692393242279664
741108607.0,2023-06-27T03:30:07.000,1.7518470235788897,-0.6826904029422209,-0.5279992887574636
741108627.0,2023-06-27T03:30:27.000,-0.6416461552749553,0.29996174510937834,-1.3010769886467877
741108647.0,2023-06-27T03:30:47.000,0.7095916121024892,-1.0814986918683545,-1.2974727390147045
741108667.0,2023-06-27T03:31:07.000,0.9955428417307566,-0.3218052868847465,-1.6052540738997756
741108687.0,2023-06-27T03:31:27.000,1.3917020492026921,0.19330706282350008,-0.9088785119182319
741108707.0,2023-06-27T03:31:47.000,0.42898333122431964,0.9475649509371742,-0.8999926747854659
741108727.0,2023-06-27T03:32:07.000,1.2379306761012288,-1.6148277549143941,0.7718094055531033
741108747.0,2023-06-27T03:32:27.000,0.749376430142501,-2.001579162047573,-0.20019930023762456
741108767.0,2023-06-27T03:32:47.000,0.6886594443034078,-1.725581980671631,-1.7307822501533288
741108787.0,2023-06-27T03:33:07.000,1.1869549885301645,-1.299134763932397,-0.6737453309590968
741108807.0,2023-06-27T03:33:27.000,1.6499977528949827,-1.6483677485301662,-0.5560967922146887
741108827.0,2023-06-27T03:33:47.000,0.7577320156659795,-0.9399420934252944,-1.0456298358829663
741108847.0,2023-06-27T03:34:07.000,-0.9378437887286317,-0.33211578227554384,-1.8931375549202656
741108867.0,2023-06-27T03:34:27.000,-0.43089887478142685,0.2991446369948747,-0.8507105620614297
741108887.0,2023-06-27T03:34:47.000,0.6536175432891866,-0.29473564036042177,-0.7625706469616134
741108907.0,2023-06-27T03:35:07.000,0.4923233890563594,-1.4993526991968764,-0.08664896706811476
741108927.0,2023-06-27T03:35:27.000,0.6100177752932368,-1.124338747537923,0.1908920341797682
741108947.0,2023-06-27T03:35:47.000,0.5193643238143864,-1.0096611903209762,-1.215388100894721
741108967.0,2023-06-27T03:36:07.000,-1.2689749447569731,-0.25159822122367004,-0.048476395364538405
741108987.0,2023-06-27T03:36:27.000,2.0004950918806053,-2.1762775055389483,-0.28572803439930183
741109007.0,2023-06-27T03:36:47.000,1.2676191216365318,-1.9302237801110955,-1.4989172493207192
741109027.0,2023-06-27T03:37:07.000,1.7370074783529255,-1.1204935780884107,-1.2620069475777207
741109047.0,2023-06-27T03:37:27.000,1.801186901295715,-1.5995886489039712,-0.2996955833500792
741109067.0,2023-06-27T03:37:47.000,0.14925971565382667,-0.7170906657805176,-1.788547336700752
741109087.0,2023-06-27T03:38:07.000,0.8596566517971027,0.5523432086707025,-0.7020331084461873
741109107.0,2023-06-27T03:38:27.000,1.21112043021121,-0.08896095650134939,-1.2559961854230473
741109127.0,2023-06-27T03:38:47.000,0.7673794058193906,-1.7750365426172365,-0.7132343336602176
741109147.0,2023-06-27T03:39:07.000,0.5710890547794278,0.22600648662551848,-1.6626135833419653
741109167.0,2023-06-27T03:39:27.000,0.32289673724816836,-1.0948210380279377,-0.3816618516228054
741109187.0,2023-06-27T03:39:47.000,-0.7350479489742767,-0.6851089932036203,-1.1712285592380134
741109207.0,2023-06-27T03:40:07.000,0.3946758433404085,-1.2626884815070127,-0.6987631733235133
741109227.0,2023-06-27T03:40:27.000,2.1414418444165584,-1.1947725604866122,-0.2982008980412232
741109247.0,2023-06-27T03:40:47.000,1.4409102065848778,-1.0450387983973464,-0.4106410382731518
741109267.0,2023-06-27T03:41:07.000,1.8682226073152286,-1.4898505647509275,0.9900214131164375
741109287.0,2023-06-27T03:41:27.000,1.6281788244643103,-1.38843206575201,-0.4017120718069478
741109307.0,2023-06-27T03:41:47.000,1.4100303868502806,0.7373963350265633,-0.7087179225151452
741109327.0,2023-06-27T03:42:07.000,-0.20121365283953807,-2.984301729502814,-0.7007570165806776
741109347.0,2023-06-27T03:42:27.000,1.107120829380026,-1.3587383323132585,0.24763142786321524
741109367.0,2023-06-27T03:42:47.000,0.7654308228910445,-0.48676702631977875,-0.26601266586157024
741109387.0,2023-06-27T03:43:07.000,1.2710550830852263,-1.4697271190744488,-0.7383300353103195
741109407.0,2023-06-27T03:43:27.000,0.7419042067358106,-0.9041783717078644,-0.6702703869265747
741109427.0,2023-06-27T03:43:47.000,0.5163473620339865,-0.870196280700064,0.7132387132235962
741109447.0,2023-06-27T03:44:07.000,0.7379897685622083,-1.0188842748504179,0.12003622342771081
741109467.0,2023-06-27T03:44:27.000,-0.36766676829724787,0.27803781663671145,-0.08400146997988855
741109487.0,2023-06-27T03:44:47.000,0.7051863469498265,-2.3096844359415947,-0.6167004232282558
741109507.0,2023-06-27T03:45:07.000,0.507825138507112,-0.833107104936115,0.47273412507875534
741109527.0,2023-06-27T03:45:27.000,0.8452322572849447,-0.7181736507155811,1.3065981571691587
741109547.0,2023-06-27T03:45:47.000,-0.9839290404434209,-3.5568920893958023,-1.4587668551779842
741109567.0,2023-06-27T03:46:07.000,0.9366741134053669,-1.8882370107498048,0.04658042801475304
741109587.0,2023-06-27T03:46:27.000,0.3846084568825958,-0.7039144252152241,0.37557974044144515
741109607.0,2023-06-27T03:46:47.000,1.0435582810219834,-0.6355013698611245,-0.5946890047070497
741109627.0,2023-06-27T03:47:07.000,1.403785444920036,-0.5786102084792688,-0.1865230931374917
741109647.0,2023-06-27T03:47:27.000,0.2616216649986569,-1.2375807338260714,-0.6308818957245776
741109667.0,2023-06-27T03:47:47.000,1.082106710403874,-1.906348674651781,-0.017320600986803214
741109687.0,2023-06-27T03:48:07.000,-0.8092995692932092,-0.8716385988316588,0.07052371719939998
741109707.0,2023-06-27T03:48:27.000,0.08100399531141278,-1.6522703540355899,-0.260502531945761
741109727.0,2023-06-27T03:48:47.000,0.007803135437800535,-0.8989918878654635,-0.2632986888517763
741109747.0,2023-06-27T03:49:07.000,0.981783192777197,-1.4919079434849714,0.24170234373954713
741109767.0,2023-06-27T03:49:27.000,0.8447419456270033,-1.6779901434338385,0.026037530465039538
741109787.0,2023-06-27T03:49:47.000,0.9138766980498758,-0.8344207288457639,-1.2559248208421359
741109807.0,2023-06-27T03:50:07.000,-0.2887824163799735,-1.679961634337701,0.7732875776711445
741109827.0,2023-06-27T03:50:27.000,0.914620605019234,-0.00021724578802562178,-0.44058373322997113
741109847.0,2023-06-27T03:50:47.000,0.4773194716145568,-1.1610961412000798,-0.7457061823035183
741109867.0,2023-06-27T03:51:07.000,1.0117550407806597,-2.327337604934865,-1.6417528418077865
741109887.0,2023-06-27T03:51:27.000,0.42134364227619514,-1.514699764848526,-0.10183425339649332
741109907.0,2023-06-27T03:51:47.000,0.3446837056775287,0.5322122685558206,-0.7197272786418907
741109927.0,2023-06-27T03:52:07.000,0.35554469621779106,-0.3755425118545652,-0.377989314315208
741109947.0,2023-06-27T03:52:27.000,0.5090660668671809,-0.33569602557737,-0.19731301332814866
741109967.0,2023-06-27T03:52:47.000,0.07069229721601289,-1.360091393942664,0.2723556771777602
741109987.0,2023-06-27T03:53:07.000,-0.07215447839215017,-1.213589647641733,-0.3179727830704415
741110007.0,2023-06-27T03:53:27.000,-0.13483034548844586,-0.569318081411474,-0.11616532542557678
741110027.0,2023-06-27T03:53:47.000,1.44503337798918,-1.7231353751867573,-0.3990224526795316
741110047.0,2023-06-27T03:54:07.000,0.4713318554117052,-1.1594765800482243,0.21293575076519744
741110067.0,2023-06-27T03:54:27.000,0.7909634623937123,-0.938712902642802,-0.7624256511129524
741110087.0,2023-06-27T03:54:47.000,0.4146689903783418,-1.0982443473306347,-0.6127017334822682
741110107.0,2023-06-27T03:55:07.000,-0.01836259784226968,-0.9632740751386315,-1.1001686398226518
741110127.0,2023-06-27T03:55:27.000,1.1866757052003685,-0.8234950595431556,-0.8141109764991938
741110147.0,2023-06-27T03:55:47.000,1.048075181842023,-2.370120988104407,-0.23428148484549993
741110167.0,2023-06-27T03:56:07.000,1.4368839822309631,-1.310170516877207,-1.6823259378906386
741110187.0,2023-06-27T03:56:27.000,1.598349759279749,-0.41679745478306884,0.34138474813705244
741110207.0,2023-06-27T03:56:47.000,0.11510697455197061,-1.7184805852998863,-0.7121594726600122
741110227.0,2023-06-27T03:57:07.000,1.091307762324245,-1.272341186309145,-0.6627505014789037
741110247.0,2023-06-27T03:57:27.000,-0.3804128762330272,-0.3131298650038694,0.7015592926928882
741110267.0,2023-06-27T03:57:47.000,0.0024183653080100953,-2.574373505737082,-0.002655413056107392
741110287.0,2023-06-27T03:58:07.000,1.3036082211703715,-1.1525229625997113,0.41119790825661084
741110307.0,2023-06-27T03:58:27.000,0.12050384313733176,-1.0004364335958194,-0.3675733166841333
741110327.0,2023-06-27T03:58:47.000,-0.4492716896842275,-3.1836223825187915,-0.8000834744059659
741110347.0,2023-06-27T03:59:07.000,-0.27293265484340523,-3.2724122158045432,0.7696736502138535
741110367.0,2023-06-27T03:59:27.000,0.8017909415070079,-2.6318601492159033,-0.05527383117875928
741110387.0,2023-06-27T03:59:47.000,-0.5842668885369662,-0.7802246875576735,-0.6805149883937212
741110407.0,2023-06-27T04:00:07.000,0.8799778621448873,-1.4114039717960658,0.17233497349167237
741110427.0,2023-06-27T04:00:27.000,1.0610017641132785,-1.3684086296095188,1.209221933318183
741110447.0,2023-06-27T04:00:47.000,0.9659091177893764,-1.0643452903025263,-0.10909552837778946
741110467.0,2023-06-27T04:01:07.000,-1.6833749631239847,0.12318734469163317,0.2842093938859591
741110487.0,2023-06-27T04:01:27.000,1.1468514248269557,-0.6356583172162367,-1.095630269942749
741110507.0,2023-06-27T04:01:47.000,1.4289150182422716,-1.4358827404414853,0.3588357889827698
741110527.0,2023-06-27T04:02:07.000,0.5164840471971743,-0.7246786216108525,-0.15481935846661798
741110547.0,2023-06-27T04:02:27.000,1.1166245486249338,-0.5748996164456344,1.033478063994231
741110567.0,2023-06-27T04:02:47.000,0.07299440715202721,-0.46844464001161157,-1.9938179135703393
741110587.0,2023-06-27T04:03:07.000,-0.06631273590240738,-2.1775482856867256,0.0848745124848449
741110607.0,2023-06-27T04:03:27.000,-0.05727319548620713,-0.608952834357801,0.8269502262292505
741110627.0,2023-06-27T04:03:47.000,-0.5477489175564898,-1.2534210552472835,0.3948673113818302
741110647.0,2023-06-27T04:04:07.000,1.2050668573682088,-1.17254404332634,-0.7472272209319009
741110667.0,2023-06-27T04:04:27.000,0.7942224633961104,-2.6990120149172903,-0.05634821506061982
741110687.0,2023-06-27T04:04:47.000,0.8459380222314294,-1.4835447171068772,0.14246711470544682
741110707.0,2023-06-27T04:05:07.000,-0.7441144035946756,-1.0667130416308623,-0.5476535388515558
741110727.0,2023-06-27T04:05:27.000,0.6731208162524815,-1.3600013724190951,-0.42778332303150535
741110747.0,2023-06-27T04:05:47.000,0.7590691413095207,-0.20235683085845224,-0.5491004796187582
741110767.0,2023-06-27T04:06:07.000,-0.05596663932294632,0.1162931457798777,0.0189833535224615
741110787.0,2023-06-27T04:06:27.000,0.5031457104620607,-0.46346565082400204,0.41847620528834284
741110807.0,2023-06-27T04:06:47.000,-1.2607950845677784,-0.7347142879088331,-0.2904751393417726
741110827.0,2023-06-27T04:07:07.000,-1.2142208156262768,-1.1710789757923834,0.03758778238660554
741110847.0,2023-06-27T04:07:27.000,0.060323961958985706,-0.7076448507503663,1.5464128218956041
741110867.0,2023-06-27T04:07:47.000,0.20997332835781535,-1.4753370757736306,-0.9269141896028898
741110887.0,2023-06-27T04:08:07.000,0.37933834780012887,-1.77193432200351,-0.615138882031907
741110907.0,2023-06-27T04:08:27.000,1.3072662736313134,-1.6122695779108298,0.46296699400816266
741110927.0,2023-06-27T04:08:47.000,0.30736810500142653,-1.3576391265202048,-0.9993244565187354
741110947.0,2023-06-27T04:09:07.000,-1.1391009433370236,-1.3975930999166053,-0.31716985408047904
741110967.0,2023-06-27T04:09:27.000,-0.08896246352918524,-0.9461108538943996,0.1507718503712674
741110987.0,2023-06-27T04:09:47.000,1.3674981430233935,-1.2716095865950017,0.32419636971647847
741111007.0,2023-06-27T04:10:07.000,0.5739633662016352,-0.609025774278571,-0.6781267418931591
741111027.0,2023-06-27T04:10:27.000,-0.4917329355369482,0.5206289821924059,0.4276431133543035
741111047.0,2023-06-27T04:10:47.000,0.9991107886020423,-1.4738448041007324,0.9038076886902502
741111067.0,2023-06-27T04:11:07.000,-1.3781948309254943,-1.410599090401199,-0.7369498135401109
741111087.0,2023-06-27T04:11:27.000,-1.4245599213591476,-1.3749438892096677,0.2186799998749045
741111107.0,2023-06-27T04:11:47.000,-0.3147525375668536,-1.5102096747154903,0.7830035681832825
741111127.0,2023-06-27T04:12:07.000,1.5696135146292534,-1.2162739848942117,-0.3650704147650785
741111147.0,2023-06-27T04:12:27.000,1.2126088816066805,-1.586607510339899,-0.3653007650705753
741111167.0,2023-06-27T04:12:47.000,0.12945969246613842,-1.431303925647498,-1.2522873549136726
741111187.0,2023-06-27T04:13:07.000,0.42112926126325334,-1.3509018065516187,0.12350629688961945
741111207.0,2023-06-27T04:13:27.000,-1.586664752484257,-1.7557304450965816,0.5142961171933358
741111227.0,2023-06-27T04:13:47.000,1.6793092481592886,-1.6490873307239973,-0.3043135252123186
741111247.0,2023-06-27T04:14:07.000,1.1375398907831347,-1.2957178108785605,0.11944886679771116
741111267.0,2023-06-27T04:14:27.000,0.6245492936818309,-0.7535248471857159,0.007028209547677022
741111287.0,2023-06-27T04:14:47.000,0.06642115570887341,-1.372755623307853,0.18300982396191046
741111307.0,2023-06-27T04:15:07.000,0.42829068301886153,-2.121545012301329,1.3000368895066394
741111327.0,2023-06-27T04:15:27.000,0.8192640088666714,-1.5698925498908167,1.3332971553481343
741111347.0,2023-06-27T04:15:47.000,-0.567530873829547,-2.4575288368300363,0.18481629779909525
741111367.0,2023-06-27T04:16:07.000,0.1794909232577524,-1.3577927550301183,-1.1271483037589292
741111387.0,2023-06-27T04:16:27.000,-0.9941271190250234,-0.9617061414890493,0.15111302779091673
741111407.0,2023-06-27T04:16:47.000,-0.4873595915166895,-1.115134230855741,-0.4081796825872175
741111427.0,2023-06-27T04:17:07.000,0.7149516890181395,-1.1247318354001834,-0.3719623274389683
741111447.0,2023-06-27T04:17:27.000,0.3806166611219908,-2.0315212938215588,2.102007611404222
741111467.0,2023-06-27T04:17:47.000,-0.07605724883230636,-1.3042780980243585,0.24115754899689534
741111487.0,2023-06-27T04:18:07.000,0.46873195694852043,-1.6551370317974268,-0.2761605237155962
741111507.0,2023-06-27T04:18:27.000,0.22847292018290943,-1.4458160468189263,-0.13624778908427615
741111527.0,2023-06-27T04:18:47.000,0.9896292341937674,-0.37676224090565924,0.04984177264244494
741111547.0,2023-06-27T04:19:07.000,-0.015264859376529216,-1.2208977950622923,-0.12642212490199256
741111567.0,2023-06-27T04:19:27.000,0.820476945151416,-1.2173138002613548,-0.11862106900073499
741111587.0,2023-06-27T04:19:47.000,-0.5599569262271231,-2.3138962110369476,0.3295370119116292
741111607.0,2023-06-27T04:20:07.000,-0.6339133387545104,-2.014916804238265,-0.6577770249482917
741111627.0,2023-06-27T04:20:27.000,0.8261774505857744,-2.902672545956886,-0.32695039442476315
741111647.0,2023-06-27T04:20:47.000,-0.15247896035797126,-0.6159119609328023,1.8673499226240509
741111667.0,2023-06-27T04:21:07.000,0.930808214139045,-0.929788739167936,0.2994588174765056
741111687.0,2023-06-27T04:21:27.000,-1.0906526798026839,-2.2723099558308313,-0.039106074745109964
741111707.0,2023-06-27T04:21:47.000,-0.010728504384882598,-2.078503948854671,-0.6801110673304578
741111727.0,2023-06-27T04:22:07.000,0.5072526924498888,-0.746762362580089,-0.0064600838012296435
741111747.0,2023-06-27T04:22:27.000,1.3790459177931425,-1.685175855792309,0.47028749677879844
741111767.0,2023-06-27T04:22:47.000,-2.223817743685075,-0.6169240079789695,-0.10824142642196222
741111787.0,2023-06-27T04:23:07.000,-1.197277811926245,-1.0047794840484237,0.14389887927901412
741111807.0,2023-06-27T04:23:27.000,-0.2940378631577367,-1.7861791225093349,0.014028823169809357
741111827.0,2023-06-27T04:23:47.000,-1.8959486790537383,-0.2502063567666468,-0.3793012142372376
741111847.0,2023-06-27T04:24:07.000,-1.0409395675092803,-0.9849206723866466,0.8263042467926418
741111867.0,2023-06-27T04:24:27.000,1.270430647315468,-1.0940626092414973,-0.9223811287095707
741111887.0,2023-06-27T04:24:47.000,0.4751732757268812,-1.5658287298103701,0.8868095641823004
741111907.0,2023-06-27T04:25:07.000,1.741122889364899,-1.4216427990487723,-0.16304216257090332
741111927.0,2023-06-27T04:25:27.000,0.29084438957216463,-0.8689417497542706,-1.1589449671611796
741111947.0,2023-06-27T04:25:47.000,0.8279264564592381,-1.790027627790458,0.2551561240293765
741111967.0,2023-06-27T04:26:07.000,0.28547072192797174,-0.4691797070521808,-0.1429669140406986
741111987.0,2023-06-27T04:26:27.000,0.09246468674062314,-0.43094818510391875,0.6135024820164148
741112007.0,2023-06-27T04:26:47.000,0.9993097397575923,0.5745916189847655,1.6235783037332752
741112027.0,2023-06-27T04:27:07.000,-0.5295158455043136,-1.4137146732595696,0.6486898389779228
741112047.0,2023-06-27T04:27:27.000,-0.19605879559847494,-0.7432841877319518,-0.5031953621115193
741112067.0,2023-06-27T04:27:47.000,-0.35494337519148544,-0.6620637560850184,0.21809889254598147
741112087.0,2023-06-27T04:28:07.000,-0.07903139819243066,-0.2275450631250564,0.6833780699988523
741112107.0,2023-06-27T04:28:27.000,1.141071660459847,-0.6211879910122953,-0.14261698245698895
741112127.0,2023-06-27T04:28:47.000,0.014681083149170604,-1.1915903778692005,-0.46219288989401974
741112147.0,2023-06-27T04:29:07.000,0.058901654687026905,-1.5493565346358373,0.07960256600547666
741112167.0,2023-06-27T04:29:27.000,-0.5190232981067133,-0.7897630223463459,1.0916796812532326
741112187.0,2023-06-27T04:29:47.000,1.6624388146091462,-0.4598896259810914,-0.636153813760032
741112207.0,2023-06-27T04:30:07.000,-0.2988945178694635,-1.1315288342639285,2.081490427652266
741112227.0,2023-06-27T04:30:27.000,0.022546093925157606,-1.4063275304621037,0.3418807846822247
741112247.0,2023-06-27T04:30:47.000,-0.8571134015533666,-0.9344391694088294,-0.380619061135512
741112267.0,2023-06-27T04:31:07.000,0.25816172859460806,-0.6892853304796276,-1.470998236219323
741112287.0,2023-06-27T04:31:27.000,-0.8172788440674594,-0.9294301445472719,0.7342107490981853
741112307.0,2023-06-27T04:31:47.000,-1.2434861461185776,-1.1896934812294369,0.9970311992679726
741112327.0,2023-06-27T04:32:07.000,0.029821079639003045,-1.6947997330207798,-0.00861550181197046
741112347.0,2023-06-27T04:32:27.000,-0.12141923776409769,-1.527275224488811,2.0223417243836472
741112367.0,2023-06-27T04:32:47.000,0.36564616571199693,-0.6050715839034382,0.5662648873805409
741112387.0,2023-06-27T04:33:07.000,-0.6486982278341991,-2.6752477638836147,1.6708997633174683
741112407.0,2023-06-27T04:33:27.000,0.031226251850924314,-1.992113427151665,0.019239716386731942
741112427.0,2023-06-27T04:33:47.000,-1.3914020311589503,-1.7423075793776555,1.921100370450013
741112447.0,2023-06-27T04:34:07.000,0.6038062556279478,0.2950127506284872,0.10977039194282057
741112467.0,2023-06-27T04:34:27.000,0.6544042604472722,-1.5106972352407766,-0.43751439201544784
741112487.0,2023-06-27T04:34:47.000,-0.3078531828126785,-0.8268377816089689,-0.10866124280362044
741112507.0,2023-06-27T04:35:07.000,-0.001241357783232644,-0.8862723719915699,0.615604851161855
741112527.0,2023-06-27T04:35:27.000,-0.45255798332144437,-0.7053613745755527,1.0792826304339975
741112547.0,2023-06-27T04:35:47.000,0.353457946644653,-1.4677830672216174,1.6698822547400738
741112567.0,2023-06-27T04:36:07.000,0.030903116199354486,-0.8068945422490259,-0.09844561662530893
741112587.0,2023-06-27T04:36:27.000,0.3617626747498548,-1.1459509254185818,0.053604629668413395
741112607.0,2023-06-27T04:36:47.000,-0.2979472387476534,-1.2367358219189661,0.3533442111236518
741112627.0,2023-06-27T04:37:07.000,-0.13790291771842433,-1.0936804730854455,1.64107508379141
741112647.0,2023-06-27T04:37:27.000,-0.7451895405741205,-0.3921353877611722,0.04951473091541203
741112667.0,2023-06-27T04:37:47.000,0.14671013980338543,-0.4483731740556607,1.6228072400870097
741112687.0,2023-06-27T04:38:07.000,0.8730084878005862,-2.054781815497009,1.0140313587148064
741112707.0,2023-06-27T04:38:27.000,-0.13080148048016937,-2.30100223768126,0.11293346627860856
741112727.0,2023-06-27T04:38:47.000,0.5772849224650045,-0.9544150712748056,0.6821209968199682
741112747.0,2023-06-27T04:39:07.000,2.4000303239790632,-1.6971098262041906,0.15035270944929735
741112767.0,2023-06-27T04:39:27.000,-2.1602593267888714,-1.6710033243438893,-0.20785678601642488
741112787.0,2023-06-27T04:39:47.000,-0.4294671426485763,-0.8926798289898841,0.3805107707588462
741112807.0,2023-06-27T04:40:07.000,-0.4216174494864333,-0.6516573459514063,0.42984083659103334
741112827.0,2023-06-27T04:40:27.000,-1.4022606431018936,-0.6905659155509447,-0.38189545252809154
741112847.0,2023-06-27T04:40:47.000,0.16599421417407,-0.9585386041899291,-0.21539587603536248
741112867.0,2023-06-27T04:41:07.000,1.1281374580840442,0.3455490087067581,1.2478892128964247
741112887.0,2023-06-27T04:41:27.000,-1.2283732234386058,-0.8625575225074122,0.41542913945535886
741112907.0,2023-06-27T04:41:47.000,-0.6522192279589945,-1.9563314183956848,1.468479149213664
741112927.0,2023-06-27T04:42:07.000,-1.8744547638060993,-0.28461448071670503,-0.4256351320397478
741112947.0,2023-06-27T04:42:27.000,-0.32828429298303874,-0.7135844225181209,-0.05300329908308754
741112967.0,2023-06-27T04:42:47.000,-0.37211204947373844,-0.7445107090497949,1.0239698482461534
741112987.0,2023-06-27T04:43:07.000,-0.7851199191777347,-0.49971647140267805,-0.6194515764001984
741113007.0,2023-06-27T04:43:27.000,-0.3041472305342907,-1.7630596648610108,1.676088639679385
741113027.0,2023-06-27T04:43:47.000,-1.2438948886250856,-1.3154178005847506,1.5975040669968799
741113047.0,2023-06-27T04:44:07.000,-1.220046737304692,-1.5339220684640331,1.0988892345076273
741113067.0,2023-06-27T04:44:27.000,0.4637363325343813,-0.7402801613709542,1.6310887531290064
741113087.0,2023-06-27T04:44:47.000,-0.7157519069100893,-1.2777890127990688,-0.3859153252960823
741113107.0,2023-06-27T04:45:07.000,-0.46512491987948934,-2.2244218046529873,0.5967877425572254
741113127.0,2023-06-27T04:45:27.000,-0.5941125870601027,-1.0692678436341474,0.21267794801937967
741113147.0,2023-06-27T04:45:47.000,-0.7891604589804757,-1.2995706562879406,-0.7208495740318455
741113167.0,2023-06-27T04:46:07.000,-1.0598282834339834,-0.7213585270116063,-0.8402276794994279
741113187.0,2023-06-27T04:46:27.000,-0.731250827989971,-0.9055429468274312,0.22605963098110138
741113207.0,2023-06-27T04:46:47.000,-0.7789942060743016,-0.27996101000793416,0.9037988289439802
741113227.0,2023-06-27T04:47:07.000,-1.6440351189750402,-1.187333411856173,1.3268702856117365
741113247.0,2023-06-27T04:47:27.000,1.1775217813814187,-0.633347365019965,0.7241902802435085
741113267.0,2023-06-27T04:47:47.000,-0.440787529176756,-1.2762897163787201,0.016070152109026736
741113287.0,2023-06-27T04:48:07.000,-1.1398505415871618,0.28359765905650036,1.237311270074759
741113307.0,2023-06-27T04:48:27.000,-1.325765568793713,0.2689513143194766,0.7527531331263937
741113327.0,2023-06-27T04:48:47.000,0.3831794212261208,-1.9776185743003438,1.4751740903817812
741113347.0,2023-06-27T04:49:07.000,-0.5413254532959932,-0.4035498997634335,0.6944143105203082
741113367.0,2023-06-27T04:49:27.000,-1.9760754356834553,-2.2537522381016473,-0.36215513398163424
741113387.0,2023-06-27T04:49:47.000,0.26855508633572,-1.1320384682655948,-0.48435343332764447
741113407.0,2023-06-27T04:50:07.000,0.9326294737488361,-0.6939260033256289,-1.2337301965370528
741113427.0,2023-06-27T04:50:27.000,-0.1842716697897373,-0.2423192913991734,0.9705392894021614
741113447.0,2023-06-27T04:50:47.000,-0.24365387923941384,-1.3228553820354705,-0.1897331440958716
741113467.0,2023-06-27T04:51:07.000,-0.9738720726515382,-0.9382278197023197,0.2859838796109848
741113487.0,2023-06-27T04:51:27.000,-0.35240836625538563,-0.8786901805835079,1.6139614408605674
741113507.0,2023-06-27T04:51:47.000,-1.0588087496432586,-0.9581303319405876,0.1712136091902572
741113527.0,2023-06-27T04:52:07.000,-0.9396558252494636,-0.6865229915553606,0.17779116785465732
741113547.0,2023-06-27T04:52:27.000,-1.1135907186377025,-0.30224200788797617,0.44579936815392074
741113567.0,2023-06-27T04:52:47.000,-0.0074735937105607775,0.49549138598781184,1.269374901857745
741113587.0,2023-06-27T04:53:07.000,-0.4560801982411711,-0.5674442506875543,0.7423211767276783
741113607.0,2023-06-27T04:53:27.000,-1.0457713645384281,-1.221087235492302,1.5735819247963967
741113627.0,2023-06-27T04:53:47.000,0.3287848857169706,-0.7282849662670898,1.2962836378305198
741113647.0,2023-06-27T04:54:07.000,-1.0726106144276493,-1.5381028736327629,0.9938904897421885
741113667.0,2023-06-27T04:54:27.000,-1.19204878075152,-1.7865765995273009,1.8207031603378887
741113687.0,2023-06-27T04:54:47.000,-0.8230791176955243,-1.605001950577556,0.5909050909247426
741113707.0,2023-06-27T04:55:07.000,0.2869035261032771,-2.0355086066015105,0.22226209286380083
741113727.0,2023-06-27T04:55:27.000,-1.1366977922255828,-0.9459952257540039,0.21919502426470672
741113747.0,2023-06-27T04:55:47.000,-0.14358120632440574,-0.06836272248289532,1.3601960428988313
741113767.0,2023-06-27T04:56:07.000,-1.390593366190629,-0.738819353329756,0.2588776310652463
741113787.0,2023-06-27T04:56:27.000,-0.5980595571775105,-2.811812829839333,0.11941878159671404
741113807.0,2023-06-27T04:56:47.000,-0.6852996268791323,-0.8992515349692809,0.8010885858666938
741113827.0,2023-06-27T04:57:07.000,-1.814743452244194,-0.9074957411203677,0.36157013389992443
741113847.0,2023-06-27T04:57:27.000,-1.5752692282267056,-0.1534504015521243,-0.23415971774909394
741113867.0,2023-06-27T04:57:47.000,-0.7892195717285055,-1.1190184580289753,0.9367465255483154
741113887.0,2023-06-27T04:58:07.000,-1.0509073855802242,-2.4203950523826734,2.433565641202229
741113907.0,2023-06-27T04:58:27.000,-0.9053508150502765,-0.057198799796598365,1.6360880957688728
741113927.0,2023-06-27T04:58:47.000,-0.6146906184056888,-2.0730997616902336,1.7066213659933105
741113947.0,2023-06-27T04:59:07.000,-1.1865323853443854,-2.2348325453225293,1.2919463049376745
741113967.0,2023-06-27T04:59:27.000,-0.10026888196401629,-0.19201149970005105,0.8526785921669777
741113987.0,2023-06-27T04:59:47.000,-0.25271699396478553,-1.9932137650391368,0.901067203351591
741114007.0,2023-06-27T05:00:07.000,0.1856576679726274,-1.7130688237609881,-0.09335878839999978
741114027.0,2023-06-27T05:00:27.000,-0.6093200125123488,-1.5369384959051935,0.8344789360181792
741114047.0,2023-06-27T05:00:47.000,0.8515349150473028,-1.4852180838853535,0.9388389131448349
741114067.0,2023-06-27T05:01:07.000,-0.4300788382427534,-1.291934660518912,1.0452886172962472
741114087.0,2023-06-27T05:01:27.000,0.09932181923577588,-0.10815291475729794,1.3128357731928553
741114107.0,2023-06-27T05:01:47.000,-0.17428073094682972,-0.9421826122957278,1.4767608565668944
741114127.0,2023-06-27T05:02:07.000,-0.3415130178985315,-1.4138424070497813,1.9710534984507255
741114147.0,2023-06-27T05:02:27.000,-0.9572833421289673,-0.1310637072871046,1.0357982291209211
741114167.0,2023-06-27T05:02:47.000,-1.0802060158021654,-1.4250094164669491,1.2469494462652442
741114187.0,2023-06-27T05:03:07.000,-1.5652962638390555,-0.07851506478306902,0.0946278755686869
741114207.0,2023-06-27T05:03:27.000,-0.5221440114278053,-0.4661774184344658,1.6684718942117094
741114227.0,2023-06-27T05:03:47.000,-0.0607178577416434,-1.5226041289118086,0.46461587617230293
741114247.0,2023-06-27T05:04:07.000,0.051176683557585534,-1.3800020266518942,-0.14747698082739902
741114267.0,2023-06-27T05:04:27.000,-0.3215346989660084,-0.8155401684639685,1.0147302867635766
741114287.0,2023-06-27T05:04:47.000,-0.5358004131039706,-1.8062174503064021,0.8832298757033286
741114307.0,2023-06-27T05:05:07.000,-1.7010147914220397,-0.40178743319074783,-0.27731913299078315
741114327.0,2023-06-27T05:05:27.000,-2.078167955388288,-1.7974432598655277,1.8340560980600884
741114347.0,2023-06-27T05:05:47.000,0.40651182913187256,-0.5499991412638572,2.179262974078
741114367.0,2023-06-27T05:06:07.000,-1.781749040941083,-0.3950404911190475,1.6027826302833503
741114387.0,2023-06-27T05:06:27.000,-0.8900323208438365,-1.2720939544075271,0.21030632495477874
741114407.0,2023-06-27T05:06:47.000,-2.6508499907818006,-0.45356556633846523,0.623169563152004
741114427.0,2023-06-27T05:07:07.000,-1.099235743995397,-1.2056516332625833,0.9202349912751373
741114447.0,2023-06-27T05:07:27.000,-1.7002674679855723,-1.3554226530487767,0.6741581247582396
741114467.0,2023-06-27T05:07:47.000,-1.2096223785618143,-0.8639078918570853,1.8463550044867105
741114487.0,2023-06-27T05:08:07.000,-1.5811237720431137,-1.5186056596894204,1.0900444220252048
741114507.0,2023-06-27T05:08:27.000,-0.9484331847553484,-0.4587488961038666,1.539982407761098
741114527.0,2023-06-27T05:08:47.000,-0.5110443438427481,-0.8390361107224464,0.9040879800470414
741114547.0,2023-06-27T05:09:07.000,-2.0028172957431423,-0.8489798438593432,0.7418346626653083
741114567.0,2023-06-27T05:09:27.000,-0.6023307456470839,-1.7107069572253053,1.4378601572384575
741114587.0,2023-06-27T05:09:47.000,-1.651439616390249,-0.2543061756843379,2.5116722630391664
741114607.0,2023-06-27T05:10:07.000,-0.26653299640688743,-0.9185278216028436,1.311721836483315
741114627.0,2023-06-27T05:10:27.000,-0.26545804481248325,-0.7885366250959258,-0.2207563129963397
741114647.0,2023-06-27T05:10:47.000,-1.8821237776300848,-0.9771749361342508,1.2967569333666162
741114667.0,2023-06-27T05:11:07.000,-1.4196426985968458,-0.23288741938243263,-0.8235637380726857
741114687.0,2023-06-27T05:11:27.000,-2.00945213308934,-2.5416263346622614,1.3420356165361191
741114707.0,2023-06-27T05:11:47.000,-1.5637190896145015,-0.1744799390634988,0.6339815718403585
741114727.0,2023-06-27T05:12:07.000,-0.9297091287163717,-0.9888240488087341,0.22435967963474468
741114747.0,2023-06-27T05:12:27.000,-0.7114869837621107,-0.6206884052728512,1.3425768769392832
741114767.0,2023-06-27T05:12:47.000,-2.175251386848931,-1.0361816839554727,1.163705879625443
741114787.0,2023-06-27T05:13:07.000,-0.004877190651342289,-3.4218766244209498,-0.82823784337549
741114807.0,2023-06-27T05:13:27.000,-0.19336006732428856,-1.0393644573003513,0.23152420017824582
741114827.0,2023-06-27T05:13:47.000,-0.2015326616922053,-1.2954655991936903,0.49177928862498277
741114847.0,2023-06-27T05:14:07.000,-0.618626615600526,0.06385540616271612,0.3879091409086932
741114867.0,2023-06-27T05:14:27.000,0.07651794827756575,-1.1011914341385598,-0.1022089415103622
741114887.0,2023-06-27T05:14:47.000,-1.3913976166901598,-0.7650468602959926,1.759033059178794
741114907.0,2023-06-27T05:15:07.000,-0.1619222182336344,-2.298260120181528,0.3692406138178228
741114927.0,2023-06-27T05:15:27.000,-1.0071161946068052,-0.690333548492017,1.5522580272486763
741114947.0,2023-06-27T05:15:47.000,-0.607138538677443,-0.6951945851652042,0.6606784288654133
741114967.0,2023-06-27T05:16:07.000,-0.5244027905915161,-0.7442676019153716,1.181029452868021
741114987.0,2023-06-27T05:16:27.000,-1.1572405379300932,-1.4214288330705038,0.13395314867326036
741115007.0,2023-06-27T05:16:47.000,-1.9659464636889723,-0.1121458487074456,1.1921482434562591
741115027.0,2023-06-27T05:17:07.000,-0.2605255659204886,-1.457998467691013,1.7877841484215118
741115047.0,2023-06-27T05:17:27.000,-1.648833164769048,-0.2979018508875164,0.45550484620848763
741115067.0,2023-06-27T05:17:47.000,-1.6307299638640416,-1.8169833568726368,1.102198442648472
741115087.0,2023-06-27T05:18:07.000,-1.359254034527524,-0.348529870897174,0.09726494413220266
741115107.0,2023-06-27T05:18:27.000,-0.34230728881423644,-1.4183369067888307,1.819362873056729
741115127.0,2023-06-27T05:18:47.000,-0.9388030550283588,-0.642314040721903,0.6388908285748229
741115147.0,2023-06-27T05:19:07.000,-0.6484318128774369,-0.5991245197622952,0.7789723823981021
741115167.0,2023-06-27T05:19:27.000,-1.3770068770568855,-1.393030861829292,0.3723413250056318
741115187.0,2023-06-27T05:19:47.000,-0.3759312146245364,-0.24379334557789178,1.328466334438172
741115207.0,2023-06-27T05:20:07.000,-1.1458591805735274,-0.9796763053793178,0.9124449551589642
741115227.0,2023-06-27T05:20:27.000,-1.923241178281021,-1.0263681154309978,0.48462812519689535
741115247.0,2023-06-27T05:20:47.000,-0.3184896543828586,-3.001412534409109,2.2012940724569496
741115267.0,2023-06-27T05:21:07.000,-0.6929830971724726,0.5404165837163966,0.5630279434676311
741115287.0,2023-06-27T05:21:27.000,-0.5594950213794192,-0.9221554496008366,2.0067041635707383
741115307.0,2023-06-27T05:21:47.000,-2.295565213916717,-1.5516983331576029,1.6382269466652666
741115327.0,2023-06-27T05:22:07.000,-0.7053899908515682,0.19837206370887372,1.4395502930031334
741115347.0,2023-06-27T05:22:27.000,-1.657958468681553,0.96720953919327,1.0466722874413747
741115367.0,2023-06-27T05:22:47.000,-2.1099288648240844,-2.0484691037436775,1.3676174422272425
741115387.0,2023-06-27T05:23:07.000,-1.0767962913327267,-0.6176144072167489,1.751240398129017
741115407.0,2023-06-27T05:23:27.000,-0.35955112354102425,-0.06441660611589128,1.1474370101072218
741115427.0,2023-06-27T05:23:47.000,-1.824182751819503,-0.6187781277033899,0.3257873348760931
741115447.0,2023-06-27T05:24:07.000,-0.992284008360933,0.2962475643131235,1.1929991131975903
741115467.0,2023-06-27T05:24:27.000,-0.06277863452419652,-0.9156151038691718,0.7097527741195542
741115487.0,2023-06-27T05:24:47.000,-2.920466922962106,-1.1026425501658998,1.6345207908496917
741115507.0,2023-06-27T05:25:07.000,-1.1320308125895018,0.2278726483173621,1.3478162950386618
741115527.0,2023-06-27T05:25:27.000,-1.376268832531391,-1.1365164865217992,2.0863545428628782
741115547.0,2023-06-27T05:25:47.000,-1.0977702614600737,-1.3582415115953594,1.6529312725221956
741115567.0,2023-06-27T05:26:07.000,-0.38276588745222995,0.09391782714862629,0.17751451159009335
741115587.0,2023-06-27T05:26:27.000,-2.5426983901399858,-1.4241812742121773,1.2396422339300273
741115607.0,2023-06-27T05:26:47.000,-0.26156905305052547,-1.897781730630932,1.6243147680228276
741115627.0,2023-06-27T05:27:07.000,0.0849082987586236,-1.1008438805859555,1.2570751059093332
741115647.0,2023-06-27T05:27:27.000,-1.6177296022767962,-0.49792588259212067,0.9175324778287752
741115667.0,2023-06-27T05:27:47.000,-0.4606071872248485,-1.3216452731557027,-0.13820116810947525
741115687.0,2023-06-27T05:28:07.000,-0.9690584012900239,-0.917491590135544,1.4049311029551426
741115707.0,2023-06-27T05:28:27.000,-0.3513867041671226,0.31531092457015575,-0.5236514618589538
741115727.0,2023-06-27T05:28:47.000,-1.2228146594961409,-2.2769942622735684,-0.5775451865419612
741115747.0,2023-06-27T05:29:07.000,-1.2658677268073681,-0.66477226909889,0.5127382484593213
741115767.0,2023-06-27T05:29:27.000,0.03508207894187265,0.8213553829405917,-0.3349799340912618
741115787.0,2023-06-27T05:29:47.000,-0.8374598346128082,-1.211256499433766,0.9371886488529491
741115807.0,2023-06-27T05:30:07.000,-1.0165808178586033,-1.8374447132818439,1.6336412990369809
741115827.0,2023-06-27T05:30:27.000,-0.9754198053268937,-1.612688256469319,1.633661543476439
741115847.0,2023-06-27T05:30:47.000,-1.1382503480761308,-0.3552460838496252,0.649539842179081
741115867.0,2023-06-27T05:31:07.000,-0.7120871666654871,-0.11996681887893601,0.5789853678828116
741115887.0,2023-06-27T05:31:27.000,-2.0555641937258784,0.020713797610483198,0.44715090786739964
741115907.0,2023-06-27T05:31:47.000,-1.9028661551789838,-0.27754962991233256,1.6877085940780745
741115927.0,2023-06-27T05:32:07.000,-1.3668186490956025,-0.6467637717388897,0.8878786649901826
741115947.0,2023-06-27T05:32:27.000,-0.42779250418734094,-0.6581189365806317,1.8285335161682958
741115967.0,2023-06-27T05:32:47.000,-2.1775453386774224,-1.2635887486012187,1.0711549185971059
741115987.0,2023-06-27T05:33:07.000,-1.5871701792846693,0.06888990544684503,0.8331571325848053
741116007.0,2023-06-27T05:33:27.000,-2.712386933489963,-0.46624506988557357,1.5981532675901633
741116027.0,2023-06-27T05:33:47.000,-0.9791763708522083,-0.5432148077022525,0.8916496525790407
741116047.0,2023-06-27T05:34:07.000,-0.6470628038712789,-1.4583373979082381,0.728743218203487
741116067.0,2023-06-27T05:34:27.000,-0.4468639030474897,0.5382111293639191,0.7682069649739276
741116087.0,2023-06-27T05:34:47.000,-0.43135871115040914,-0.9340032075755289,-0.21861169154924198
741116107.0,2023-06-27T05:35:07.000,-0.11749274952954636,-0.5161672522402405,2.2194323898050428
741116127.0,2023-06-27T05:35:27.000,-2.0847649084054787,0.090359700422038,0.7494973284338791
741116147.0,2023-06-27T05:35:47.000,-1.4873238803225775,-1.0184387073342016,2.3347500696102585
741116167.0,2023-06-27T05:36:07.000,-1.3895090610449579,0.9348579514512068,1.3735340173570698
741116187.0,2023-06-27T05:36:27.000,-1.7235872778353922,-1.2450953253750896,1.110510505053508
741116207.0,2023-06-27T05:36:47.000,-1.9986617744160995,-1.5153136697088065,0.9969018343158886
741116227.0,2023-06-27T05:37:07.000,-2.0558347233912144,-0.8664577947792296,0.26171817539832887
741116247.0,2023-06-27T05:37:27.000,-1.4618413178291156,-0.327356113449806,-0.6783465815063394
741116267.0,2023-06-27T05:37:47.000,-1.0597696560976644,-1.5253952351912403,0.5872580720045484
741116287.0,2023-06-27T05:38:07.000,-1.0937946067546278,-0.028555656539364094,0.604518032532031
741116307.0,2023-06-27T05:38:27.000,-2.1465558905031656,-1.1676652252767816,0.9538164229105917
741116327.0,2023-06-27T05:38:47.000,-0.5889960683513884,-1.0658870366664353,0.9006793411758807
741116347.0,2023-06-27T05:39:07.000,-0.42099776138559974,-1.0685086088257911,-0.5019088910818148
741116367.0,2023-06-27T05:39:27.000,-1.4991367692229751,-1.0802366320450396,1.1300477727238523
741116387.0,2023-06-27T05:39:47.000,-1.1305172316622425,-0.27120874676045403,0.9413220013465562
741116407.0,2023-06-27T05:40:07.000,-2.0300653113869416,-0.944609894737436,0.47596199198585154
741116427.0,2023-06-27T05:40:27.000,-2.1593154392540725,-0.4209717177516836,-0.008248320126913455
741116447.0,2023-06-27T05:40:47.000,-1.9447401412242549,-0.6758112423677076,2.011493427089839
741116467.0,2023-06-27T05:41:07.000,-1.3181448116683647,0.33651591426764327,0.7943371756358175
741116487.0,2023-06-27T05:41:27.000,-1.1497103569846345,0.2453903304555638,2.1301792145211884
741116507.0,2023-06-27T05:41:47.000,-1.1894159725800435,-0.44665909174623764,0.22527301694053037
741116527.0,2023-06-27T05:42:07.000,-1.063503340625882,-0.5187343952051116,0.9249279025014268
741116547.0,2023-06-27T05:42:27.000,-2.1101084078045673,-0.9155159468532403,1.0332413207025937
741116567.0,2023-06-27T05:42:47.000,-1.6920567718625712,-0.8640283774452584,0.6531729661807262
741116587.0,2023-06-27T05:43:07.000,-1.6606103090288649,-1.1635748327187834,0.431004925982581
741116607.0,2023-06-27T05:43:27.000,-0.5658409663489294,-1.4406760303731225,1.093115295580649
741116627.0,2023-06-27T05:43:47.000,0.6908551806628083,-0.44083391264049254,0.919564735357703
741116647.0,2023-06-27T05:44:07.000,0.30248782069142166,-0.3963664924278021,0.6130481817190336
741116667.0,2023-06-27T05:44:27.000,-1.3241733936686373,-0.14158363411675978,1.3090426037143388
741116687.0,2023-06-27T05:44:47.000,-0.9222007231857177,-0.5412900870194193,1.2742421157896366
741116707.0,2023-06-27T05:45:07.000,-1.7849663839664132,-1.2158981197551988,0.5544949526870013
741116727.0,2023-06-27T05:45:27.000,-0.8822234209504565,-0.3334361835305444,0.5212877845051089
741116747.0,2023-06-27T05:45:47.000,-0.8028651944269605,-0.4793004892644781,1.4106198539920456
741116767.0,2023-06-27T05:46:07.000,-1.434538464117896,0.182636403833758,0.8133380372199461
741116787.0,2023-06-27T05:46:27.000,-1.2883079225090022,-1.1745381449101977,1.4783901949644296
741116807.0,2023-06-27T05:46:47.000,-1.0182888926402178,-0.23303250968886857,0.3955981258574326
741116827.0,2023-06-27T05:47:07.000,-1.722309597274041,0.2162509027181514,0.6038787404127888
741116847.0,2023-06-27T05:47:27.000,-1.6891933499629808,-0.8761114465238862,1.9283858071372784
741116867.0,2023-06-27T05:47:47.000,0.1057190040176792,-1.0710840805283617,0.8068940360539401
741116887.0,2023-06-27T05:48:07.000,-1.5065857076224098,-0.7508516420617894,0.20024672287011214
741116907.0,2023-06-27T05:48:27.000,-1.3844665912032816,-1.1565113138822802,0.4009440015328991
741116927.0,2023-06-27T05:48:47.000,-0.1318745722622694,-0.5733643422045631,0.14060588809927665
741116947.0,2023-06-27T05:49:07.000,0.24238026872236418,0.2596495325413173,0.49132980307620144
741116967.0,2023-06-27T05:49:27.000,-1.1038700176602134,-0.7678918391484935,0.008477689916741582
741116987.0,2023-06-27T05:49:47.000,-0.10988037673076434,1.3104252853501919,-0.06661982115963028
741117007.0,2023-06-27T05:50:07.000,-0.7036134930360483,-0.40604987565640016,-0.31097756519882225
741117027.0,2023-06-27T05:50:27.000,0.15785563373116318,0.5187559556918409,0.9177954768513352
741117047.0,2023-06-27T05:50:47.000,-1.592980143894085,-0.8769025323540625,0.6792122654308841
741117067.0,2023-06-27T05:51:07.000,-0.7810596108548395,0.7593276753037337,1.2280846278245328
741117087.0,2023-06-27T05:51:27.000,-0.9152338908413604,0.08793482422220222,0.1790481030772284
741117107.0,2023-06-27T05:51:47.000,-0.8935409389398963,-0.572938337073392,1.2103804562957343
741117127.0,2023-06-27T05:52:07.000,-0.9838119961358416,-0.47717256805857033,2.032866775381059
741117147.0,2023-06-27T05:52:27.000,-0.39362309508517157,0.18214551613660035,0.6668617137162158
741117167.0,2023-06-27T05:52:47.000,-0.3582222114939526,-0.22271949141616787,0.8620139284376549
741117187.0,2023-06-27T05:53:07.000,-1.7960204987232942,-0.45874488920905065,-0.30923046963060585
741117207.0,2023-06-27T05:53:27.000,-0.5118647903201712,-1.363517158747829,0.3136141140780424
741117227.0,2023-06-27T05:53:47.000,-2.1970975687790606,-0.004972161682381682,1.2032358025937384
741117247.0,2023-06-27T05:54:07.000,-0.7819316230506246,-2.00194694801592,2.1551882151582546
741117267.0,2023-06-27T05:54:27.000,-2.1690541593510915,0.03143501282609762,-0.5195096379417841
741117287.0,2023-06-27T05:54:47.000,-1.4924123920678767,-0.3139998875245631,0.048128754648324445
741117307.0,2023-06-27T05:55:07.000,-1.1013326890130237,-0.6469957458121733,0.33505651066967346
741117327.0,2023-06-27T05:55:27.000,-1.029354181425468,-0.5420489264107431,-0.10403495528388262
741117347.0,2023-06-27T05:55:47.000,-0.8313449377239657,-0.06787930727503166,-0.4233956487742496
741117367.0,2023-06-27T05:56:07.000,-1.806049619557104,1.0203300806921334,1.1077473086151812
741117387.0,2023-06-27T05:56:27.000,-1.886590226274354,0.5233873956234092,1.7946271139823722
741117407.0,2023-06-27T05:56:47.000,-1.4066625281583534,0.7691546600629984,0.7024643387643081
741117427.0,2023-06-27T05:57:07.000,-2.16142922420115,-0.619200098594952,0.8172405274509131
741117447.0,2023-06-27T05:57:27.000,-1.4138263736751533,-0.46391250680954954,0.509907578993829
741117467.0,2023-06-27T05:57:47.000,-1.3206134310439488,-1.11311043645701,0.2035145651335668
741117487.0,2023-06-27T05:58:07.000,-1.6247756540188618,-0.8743398466237728,0.2315062767488385
741117507.0,2023-06-27T05:58:27.000,-0.5627838161825771,-1.4898929518447623,0.16952917003543178
741117527.0,2023-06-27T05:58:47.000,0.0725779716659325,-0.5167627127211638,0.39260722489720123
741117547.0,2023-06-27T05:59:07.000,-2.4264833243359263,-0.3979720667679487,0.5284970062580108
741117567.0,2023-06-27T05:59:27.000,-1.1137381758175025,0.6924434865163143,-1.273438353999179
741117587.0,2023-06-27T05:59:47.000,-0.41549556372144636,-0.7261360349342105,0.5338774314300743
741117607.0,2023-06-27T06:00:07.000,-2.1911992783896217,-0.27085207779942166,1.4092323141423613
741117627.0,2023-06-27T06:00:27.000,-2.495992492124177,0.7784436790836402,0.022275813893468666
741117647.0,2023-06-27T06:00:47.000,-0.8325727339553168,1.2661204925490388,0.4856364293037707
741117667.0,2023-06-27T06:01:07.000,-1.6028784178279132,-0.9455513769296431,0.5835365340600696
741117687.0,2023-06-27T06:01:27.000,-0.4692979874709735,-0.7094079159108979,0.25733913886494264
741117707.0,2023-06-27T06:01:47.000,-1.287139808836546,-0.20586752272899744,0.8765103192254209
741117727.0,2023-06-27T06:02:07.000,-0.8165937535831169,-0.8574880666523121,-0.15411146788713026
741117747.0,2023-06-27T06:02:27.000,-1.2622397682404696,0.43637076412306186,1.0137451823988286
741117767.0,2023-06-27T06:02:47.000,-0.9942497911974435,-1.3187649952395297,-0.21798593879962525
741117787.0,2023-06-27T06:03:07.000,-0.8180278066927116,-0.3038023229318121,1.2012295316110588
741117807.0,2023-06-27T06:03:27.000,-1.8749707442644592,0.3543033758046654,1.8541337221567034
741117827.0,2023-06-27T06:03:47.000,-0.7777970026379144,1.7645127681986672,0.004874265691068302
741117847.0,2023-06-27T06:04:07.000,-1.964179889601958,0.4923263953515722,0.16699214907545112
741117867.0,2023-06-27T06:04:27.000,-1.717285785141076,-0.35405568736823767,0.132880532843771
741117887.0,2023-06-27T06:04:47.000,-1.2186542502790054,0.12052828478603672,-0.5369387118259183
741117907.0,2023-06-27T06:05:07.000,-2.4822926994572114,-0.4303722280885047,1.1282944027080077
741117927.0,2023-06-27T06:05:27.000,-0.9632101989009989,0.9437625393515781,1.6260687814573238
741117947.0,2023-06-27T06:05:47.000,-3.00355351663395,-0.3661824173883943,2.416938089999654
741117967.0,2023-06-27T06:06:07.000,-1.42106784969398,-0.3484462781977449,0.6467747311056371
741117987.0,2023-06-27T06:06:27.000,0.273625218649709,-0.9074791811669591,1.366908021671609
741118007.0,2023-06-27T06:06:47.000,-2.7498325813390956,0.3070912914959756,0.9993402131147633
741118027.0,2023-06-27T06:07:07.000,-2.1957177441578324,0.5726561733476743,0.8286445694283273
741118047.0,2023-06-27T06:07:27.000,-1.1390485736617606,-0.3360770387317302,-1.168808770102281
741118067.0,2023-06-27T06:07:47.000,-1.6206430067611244,-0.5480984621497598,1.5791207668480745
741118087.0,2023-06-27T06:08:07.000,-1.46566199543674,-1.1139085097977564,0.6736526162565148
741118107.0,2023-06-27T06:08:27.000,-0.6584298309575409,-0.005275949743754893,-0.25476036723537376
741118127.0,2023-06-27T06:08:47.000,-0.6240342589669545,0.15238108138637685,-0.2298637253872471
741118147.0,2023-06-27T06:09:07.000,-2.265087758057671,-0.7826657284271121,0.24428467955139865
741118167.0,2023-06-27T06:09:27.000,-0.5700528022956064,-0.34837956526256875,-0.005159189409020826
741118187.0,2023-06-27T06:09:47.000,-1.1922892356408532,0.23285140392514947,0.23243820908014357
741118207.0,2023-06-27T06:10:07.000,-1.0310724200435217,-1.4838710314823977,1.4185807127642391
741118227.0,2023-06-27T06:10:27.000,-0.5021024880869085,0.20002022868004232,1.3434155399782988
741118247.0,2023-06-27T06:10:47.000,-2.306567568777229,0.5252290139479143,0.6046644603352469
741118267.0,2023-06-27T06:11:07.000,-1.1389326599831051,-1.5858964403703268,-1.2329220109519312
741118287.0,2023-06-27T06:11:27.000,-0.8636329281053179,0.19730358157277195,-0.25220042920715
741118307.0,2023-06-27T06:11:47.000,-0.6120078625881931,-1.0002176660250939,0.9423601636027179
741118327.0,2023-06-27T06:12:07.000,-1.1069233842198045,0.5139512255114553,-0.32779184963027674
741118347.0,2023-06-27T06:12:27.000,-0.5442443959835508,0.29559519212352114,-0.05103999799471737
741118367.0,2023-06-27T06:12:47.000,-1.867232516739037,-0.0008575031351654161,1.3140687480150959
741118387.0,2023-06-27T06:13:07.000,-1.143249611146313,0.9826453972183735,0.6778712898003469
741118407.0,2023-06-27T06:13:27.000,-0.8201498702842258,-0.10821138961558674,-0.09424110465339197
741118427.0,2023-06-27T06:13:47.000,-2.334689148042468,-0.40025176066826873,-0.06380135516570462
741118447.0,2023-06-27T06:14:07.000,0.8065797738043834,-1.2185488740046324,1.314178202560523
741118467.0,2023-06-27T06:14:27.000,-1.4463417560284242,-0.7638035866786019,0.1407753965732006
741118487.0,2023-06-27T06:14:47.000,-1.503475692210543,1.727832028119991,1.6416552669595852
741118507.0,2023-06-27T06:15:07.000,-0.14619062640441882,1.1366400287649014,-0.11142799632990474
741118527.0,2023-06-27T06:15:27.000,-1.584469902515817,0.29547789571759964,1.4486865825280582
741118547.0,2023-06-27T06:15:47.000,-1.3667824772300996,0.7244984454368719,-1.038317431700797
741118567.0,2023-06-27T06:16:07.000,-0.8872994822217706,-0.14233735390334346,0.15542531651702163
741118587.0,2023-06-27T06:16:27.000,-1.9029702226669443,0.419857317546235,0.24908691945713102
741118607.0,2023-06-27T06:16:47.000,-1.0959028131640736,-0.1452919195621405,0.3033569869970165
741118627.0,2023-06-27T06:17:07.000,-1.5691948035301273,0.2911586273079969,0.7238118239438762
741118647.0,2023-06-27T06:17:27.000,-2.1695197475524175,-0.3263205378911671,0.2819813931353998
741118667.0,2023-06-27T06:17:47.000,-1.2321797076331187,0.5317469551013865,0.37633507063983274
741118687.0,2023-06-27T06:18:07.000,-1.1145314311789,0.7900468628974089,0.7254388292077252
741118707.0,2023-06-27T06:18:27.000,-1.6013368939526984,0.3968786885799602,0.4702634771924785
741118727.0,2023-06-27T06:18:47.000,-1.5238644956228065,1.2122852420248798,1.656398665861314
741118747.0,2023-06-27T06:19:07.000,-0.34217671862624144,-0.8803211313579418,-0.039371166393742385
741118767.0,2023-06-27T06:19:27.000,-1.7293694686948413,-0.08253501212474035,0.9158858822022609
741118787.0,2023-06-27T06:19:47.000,-0.786374589178962,0.5723711912430929,0.575509089750792
741118807.0,2023-06-27T06:20:07.000,0.02027668646320535,-0.3983084115533053,0.041004276707390375
741118827.0,2023-06-27T06:20:27.000,-0.6924774111460863,0.11636493448818896,0.550544595545599
741118847.0,2023-06-27T06:20:47.000,-1.932907716550858,-1.0012966233818865,-1.0367839649805255
741118867.0,2023-06-27T06:21:07.000,-1.1839023801307746,0.023059542508807596,-0.27822238169994407
741118887.0,2023-06-27T06:21:27.000,-1.2783191860710197,0.11859511306333559,-0.7430994443113903
741118907.0,2023-06-27T06:21:47.000,-2.0329531622786945,0.39573786334567984,0.6480702167577235
741118927.0,2023-06-27T06:22:07.000,0.5855091848361305,0.17346815051055842,0.2664431981380666
741118947.0,2023-06-27T06:22:27.000,0.0362750017690594,1.119597966503516,0.31399524587083505
741118967.0,2023-06-27T06:22:47.000,-1.322114791213469,1.494760547038343,-0.9295688183530437
741118987.0,2023-06-27T06:23:07.000,-3.015096804059869,0.40593065046001797,0.327676486311379
741119007.0,2023-06-27T06:23:27.000,-1.207970792427293,0.6811225666147891,0.22471367966403477
741119027.0,2023-06-27T06:23:47.000,-1.2350068013922133,0.540262359749466,-0.2258301351254488
741119047.0,2023-06-27T06:24:07.000,-0.4949697443579204,-0.10038543909463016,0.060936426038438185
741119067.0,2023-06-27T06:24:27.000,-1.5371148094356357,1.6207013544877746,0.43118030755850967
741119087.0,2023-06-27T06:24:47.000,-1.9618094424633803,0.2776698057815885,0.09504625836376235
741119107.0,2023-06-27T06:25:07.000,-0.5858188101948159,0.7514044353729155,-0.1312583350010499
741119127.0,2023-06-27T06:25:27.000,-2.6069629531777494,0.48386018874913006,1.1377513930654892
741119147.0,2023-06-27T06:25:47.000,-1.83421542431228,0.3866077800562806,0.07313163851163651
741119167.0,2023-06-27T06:26:07.000,-1.5847895614151675,-0.522006115033502,0.17069224803600846
741119187.0,2023-06-27T06:26:27.000,-2.272682227977274,-0.4940223298111057,0.3112482462430677
741119207.0,2023-06-27T06:26:47.000,-1.9491540818372677,-0.629701860088705,0.02511283357931049
741119227.0,2023-06-27T06:27:07.000,-0.6481046661677148,-0.08013238169679582,-0.3717573023420684
741119247.0,2023-06-27T06:27:27.000,-0.7332173843077605,0.12794348693834223,-0.4236286556547064
741119267.0,2023-06-27T06:27:47.000,-1.4205655523902294,0.0821315229160291,-0.21945427282066277
741119287.0,2023-06-27T06:28:07.000,-1.1106467292187894,1.4122753121958986,0.07633990702915483
741119307.0,2023-06-27T06:28:27.000,-0.02932575309255725,0.05374511685696248,-0.7562577619801836
741119327.0,2023-06-27T06:28:47.000,-1.1061449410765256,0.6187560798731617,-0.700602565595343
741119347.0,2023-06-27T06:29:07.000,-1.6522681770769765,0.9006918380127793,-0.9563611658602866
741119367.0,2023-06-27T06:29:27.000,-2.1223642987400204,-0.31523968512248146,-0.20301639009900896
741119387.0,2023-06-27T06:29:47.000,-2.32488077736015,0.7974244510711159,-1.4788993180081533
741119407.0,2023-06-27T06:30:07.000,-1.7196224102344893,1.0653816537309346,-0.21976883063379304
741119427.0,2023-06-27T06:30:27.000,-0.6394983964042034,-0.07367641443600803,0.684780720960898
741119447.0,2023-06-27T06:30:47.000,-1.5457962297515948,0.1625913585434624,0.35848077503120024
741119467.0,2023-06-27T06:31:07.000,-2.2584595397834306,1.695341277729856,0.6084524936889046
741119487.0,2023-06-27T06:31:27.000,-0.8279793346277486,-0.31318744131425547,-1.0384921238615341
741119507.0,2023-06-27T06:31:47.000,-2.5241903914730024,-1.143911686940502,-0.7203860064808332
741119527.0,2023-06-27T06:32:07.000,-1.6834568531853833,0.11245114932556532,0.8066275574813986
741119547.0,2023-06-27T06:32:27.000,-2.278339393246842,-0.6556985253425296,0.18867795152921474
741119567.0,2023-06-27T06:32:47.000,-1.1981199357635752,-0.3243303512423523,-0.5624795136327521
741119587.0,2023-06-27T06:33:07.000,-0.9725779188340944,-0.09039463051419006,0.6170129646543288
741119607.0,2023-06-27T06:33:27.000,-1.2458802793102741,-0.7093419049142291,1.0643861837245083
741119627.0,2023-06-27T06:33:47.000,0.6653031248582408,0.6983661050119494,-0.8267803830230847
741119647.0,2023-06-27T06:34:07.000,-0.6391799392435615,0.04507424287147899,-0.25369155802756893
741119667.0,2023-06-27T06:34:27.000,-2.0087756527842338,-0.120408897885671,-0.5157691207791082
741119687.0,2023-06-27T06:34:47.000,-1.4567840155188527,0.8123633937207053,0.69655971244309
741119707.0,2023-06-27T06:35:07.000,-1.0612168963253232,0.7611116602967982,0.21730738894998325
741119727.0,2023-06-27T06:35:27.000,-1.25418541448985,-0.7560720118315878,-0.04583328913065898
741119747.0,2023-06-27T06:35:47.000,-1.9420618406762458,-0.05964481555320589,-0.28795305576645447
741119767.0,2023-06-27T06:36:07.000,-1.8463858516781784,0.9149214002746042,-1.1627669705749355
741119787.0,2023-06-27T06:36:27.000,-1.9836669231887427,1.9759243753525446,-0.9786128102207137
741119807.0,2023-06-27T06:36:47.000,-0.7899922057519326,-0.19335321120861337,-0.6179369376524413
741119827.0,2023-06-27T06:37:07.000,-1.8707311014276584,1.2017891924953616,-0.20548081782756356
741119847.0,2023-06-27T06:37:27.000,-1.1726916139820354,0.7398355251764244,-1.441288478631897
741119867.0,2023-06-27T06:37:47.000,-0.44112801861340145,0.3838204543193946,-0.17900517614855005
741119887.0,2023-06-27T06:38:07.000,-0.5121061071533539,-0.06565777578293464,0.7443386906835769
741119907.0,2023-06-27T06:38:27.000,-1.1301673636943121,0.6440520331718602,0.07049039645323774
741119927.0,2023-06-27T06:38:47.000,-0.5668283415305453,0.6168200009093461,-0.4501241489540675
741119947.0,2023-06-27T06:39:07.000,-1.1642241522835661,-0.41814811949647535,-0.47567185493813113
741119967.0,2023-06-27T06:39:27.000,-1.6142608818325854,-1.153565188072303,1.6107714385982241
741119987.0,2023-06-27T06:39:47.000,-0.9885141103338491,1.0866812250376334,0.4346090732632035
741120007.0,2023-06-27T06:40:07.000,-1.5381900643207658,0.06364838492922686,-0.432707937847443
741120027.0,2023-06-27T06:40:27.000,-0.9069810394057853,1.7303836341797663,-0.34138955998797016
741120047.0,2023-06-27T06:40:47.000,-0.8478821032276151,0.969315959631345,-1.1870156047422142
741120067.0,2023-06-27T06:41:07.000,-0.7659983785601732,0.4490509132870635,-0.6193702849266458
741120087.0,2023-06-27T06:41:27.000,-1.2975380257240765,0.531645805679215,0.253682803497135
741120107.0,2023-06-27T06:41:47.000,-1.9876905241411613,0.6333050113993544,0.2536123643426258
741120127.0,2023-06-27T06:42:07.000,-1.6353183775463798,1.0138404661130807,0.20001585074869155
741120147.0,2023-06-27T06:42:27.000,-1.6328199505810659,0.9939370163913885,-2.03417658767302
741120167.0,2023-06-27T06:42:47.000,-0.43674090853818015,0.9894833636447942,1.2340649049313868
741120187.0,2023-06-27T06:43:07.000,-1.5756079543738366,1.5420848816893873,-0.8974678427087213
741120207.0,2023-06-27T06:43:27.000,-1.7782264494559108,-0.5237572708205462,-0.06644672885247616
741120227.0,2023-06-27T06:43:47.000,-0.7897927815081474,1.2290068070575089,0.09600983081892167
741120247.0,2023-06-27T06:44:07.000,-0.9816958090103078,0.5411369747299055,0.6363637288786528
741120267.0,2023-06-27T06:44:27.000,-1.912762077760366,0.14978420866951225,0.3118861464423972
741120287.0,2023-06-27T06:44:47.000,-1.6042545602612535,0.6604617017624825,0.3256844962051808
741120307.0,2023-06-27T06:45:07.000,-1.203608549493751,0.6584687783028897,-0.12890413020327784
741120327.0,2023-06-27T06:45:27.000,-1.2917529548350792,0.41258635185004167,-1.0163513662675427
741120347.0,2023-06-27T06:45:47.000,-1.0984913827893905,0.950540778821285,-0.11149060338278005
741120367.0,2023-06-27T06:46:07.000,-1.650329572699949,0.9366348506456568,-0.15371382789952648
741120387.0,2023-06-27T06:46:27.000,-0.9259023584839987,0.7742040629588054,0.50708165982849
741120407.0,2023-06-27T06:46:47.000,-1.525552788828044,0.636520303698429,-0.6293146353031354
741120427.0,2023-06-27T06:47:07.000,-1.9112288580758197,-0.17674609069651126,0.10142767132848007
741120447.0,2023-06-27T06:47:27.000,-0.8313165612561235,1.4583894976660794,0.7744281230293026
741120467.0,2023-06-27T06:47:47.000,-1.354508506623553,1.359985133142505,-0.5387322366212643
741120487.0,2023-06-27T06:48:07.000,0.0956070267954523,0.28683343190616384,-1.1961083619893564
741120507.0,2023-06-27T06:48:27.000,-0.6500833714673249,1.0222572228379967,-0.59323462842098
741120527.0,2023-06-27T06:48:47.000,-0.6714645489624971,0.6955904312877514,-1.076692545021185
741120547.0,2023-06-27T06:49:07.000,-1.9050199476566831,-0.48391558193916495,0.7349220879859786
741120567.0,2023-06-27T06:49:27.000,-0.6817492337662934,0.5168281009160225,-1.6683586614552048
741120587.0,2023-06-27T06:49:47.000,-1.9194023841651031,0.10075572732803906,-0.9483085135486569
741120607.0,2023-06-27T06:50:07.000,-0.8733724462972603,1.1489011513154956,-0.6970493076741135
741120627.0,2023-06-27T06:50:27.000,-1.2866663286148494,0.9187256349685313,0.8610526942454122
741120647.0,2023-06-27T06:50:47.000,-0.8022041376842814,-0.2256583302884252,0.01000468108358632
741120667.0,2023-06-27T06:51:07.000,-1.050359226728581,1.3602313564176072,0.31195628453772883
741120687.0,2023-06-27T06:51:27.000,-1.8742785310443821,-0.1064658970983956,-0.8920815882329514
741120707.0,2023-06-27T06:51:47.000,-0.12926505139621014,0.4046470673868541,-1.6934337946250544
741120727.0,2023-06-27T06:52:07.000,-1.7518235787994385,0.5420733103056463,-0.5331841150590932
741120747.0,2023-06-27T06:52:27.000,-0.7037483984895232,0.36946179505781274,-0.3169770383837367
741120767.0,2023-06-27T06:52:47.000,-0.6586258955554314,0.5471002914037015,1.1758316189047768
741120787.0,2023-06-27T06:53:07.000,-2.5231543564818715,0.16636398432190447,-0.7726363516646906
741120807.0,2023-06-27T06:53:27.000,-1.556926372092704,1.579702002707517,-0.22311559689791594
741120827.0,2023-06-27T06:53:47.000,-0.998866859625025,-0.49276869131809065,-1.2403648128600508
741120847.0,2023-06-27T06:54:07.000,-1.1150930055991992,0.5954922126072404,0.5965985544253982
741120867.0,2023-06-27T06:54:27.000,-0.54189883130773,1.1794690803035301,-0.42537981677082115
741120887.0,2023-06-27T06:54:47.000,-0.29232997742489886,2.1205908950494567,-0.368018636232037
741120907.0,2023-06-27T06:55:07.000,-2.22179216374796,1.3975210465866361,1.6206094114679104
741120927.0,2023-06-27T06:55:27.000,-1.2103115097805706,1.4555820806005926,-0.7960598020440024
741120947.0,2023-06-27T06:55:47.000,-1.1866359782120028,0.5251841907027988,-0.2669152634249272
741120967.0,2023-06-27T06:56:07.000,0.06243271546413354,0.6208833905008149,0.3784557315866799
741120987.0,2023-06-27T06:56:27.000,-0.9010441666790214,0.3742411408769186,-1.1051799365335846
741121007.0,2023-06-27T06:56:47.000,-0.6934229562549632,1.531340022320471,0.40387233580796433
741121027.0,2023-06-27T06:57:07.000,-0.2600900768423564,0.34222611441370177,-1.858252457342946
741121047.0,2023-06-27T06:57:27.000,-2.647933579869033,2.050053485902481,-0.030466733402789714
741121067.0,2023-06-27T06:57:47.000,-2.117649489130624,0.18044613310230773,-1.2465558446139724
741121087.0,2023-06-27T06:58:07.000,-0.8072286444282817,-0.18663976477650834,-1.0112257053385143
741121107.0,2023-06-27T06:58:27.000,-1.1707985557718459,0.2124357696420276,0.35283597696889046
741121127.0,2023-06-27T06:58:47.000,-2.0275491804833123,-0.3631669833525919,-0.6577737309498843
741121147.0,2023-06-27T06:59:07.000,-0.43155058793153955,0.8005009898282012,-1.5152402200291348
741121167.0,2023-06-27T06:59:27.000,-1.2385766015809985,0.21385863453460274,-0.25682504006807605
741121187.0,2023-06-27T06:59:47.000,0.6039686502257169,0.511233799960209,-0.16536094450403382
741121207.0,2023-06-27T07:00:07.000,-0.19871888774503077,1.0020072236271993,-0.6855582000753202
741121227.0,2023-06-27T07:00:27.000,-1.8262109613531585,0.5325619752527544,-1.0274858411429832
741121247.0,2023-06-27T07:00:47.000,-0.4271014405476947,1.5761775377876042,-0.8267487089264058
741121267.0,2023-06-27T07:01:07.000,-0.7124206554021129,0.7343582511754043,-0.1567002537061768
741121287.0,2023-06-27T07:01:27.000,0.061655605254617996,1.1746493394970692,-1.071337488389723
741121307.0,2023-06-27T07:01:47.000,-1.6357181990556136,0.8008384996149864,-0.7595038839514068
741121327.0,2023-06-27T07:02:07.000,-1.5755515865634173,0.9898428467214337,0.30183956044593785
741121347.0,2023-06-27T07:02:27.000,-1.4086159459525405,1.5311792995853502,-0.1820403219165989
741121367.0,2023-06-27T07:02:47.000,-0.42106524180685057,0.10676671017284534,-1.334687168852433
741121387.0,2023-06-27T07:03:07.000,-2.2111619083720058,1.034976948643962,0.15871266904055048
741121407.0,2023-06-27T07:03:27.000,-1.4246202698520172,0.9980792697650287,-0.17303623180975336
741121427.0,2023-06-27T07:03:47.000,-2.2992907585894784,-0.5366471137135953,-0.8037448546382997
741121447.0,2023-06-27T07:04:07.000,-1.148958264929334,0.5788757671210121,-0.13978615175380682
741121467.0,2023-06-27T07:04:27.000,-1.234790497817162,0.7510419455014627,0.1447042056179626
741121487.0,2023-06-27T07:04:47.000,-2.0229333786425663,0.6197051593881397,-0.49706201754595725
741121507.0,2023-06-27T07:05:07.000,-1.4394407061968373,-0.16014444603751343,-0.7201073057183649
741121527.0,2023-06-27T07:05:27.000,-0.5335105409121077,0.21058457181366563,0.4499568049820546
741121547.0,2023-06-27T07:05:47.000,-1.7983448710179317,0.7526397961865605,-1.437858426156513
741121567.0,2023-06-27T07:06:07.000,-2.0349354587390067,0.897107486930171,-0.16077759653621015
741121587.0,2023-06-27T07:06:27.000,-0.7193150564854811,1.259593184887997,-2.212822973091111
741121607.0,2023-06-27T07:06:47.000,0.16351767050393207,0.9167026365330955,0.12322227032068866
741121627.0,2023-06-27T07:07:07.000,-0.6129279055966386,0.2726005815745225,-0.057907035466708834
741121647.0,2023-06-27T07:07:27.000,-1.2405371385137975,2.847637431924177,-0.16986560777976223
741121667.0,2023-06-27T07:07:47.000,-2.523284236288781,-0.6847076587379597,-0.2455305590176593
741121687.0,2023-06-27T07:08:07.000,-0.34605166439050095,2.699082790669216,-1.7332323462126986
741121707.0,2023-06-27T07:08:27.000,0.04667823797488424,0.4303617066714338,-0.8951427834968939
741121727.0,2023-06-27T07:08:47.000,-0.62724151349558,0.32516593461151544,0.20943672033313376
741121747.0,2023-06-27T07:09:07.000,-0.8088442820186614,2.062911497691111,-1.177441550626046
741121767.0,2023-06-27T07:09:27.000,-1.0209997444832197,0.8148277140351823,-0.9877229904975415
741121787.0,2023-06-27T07:09:47.000,-1.3391780144145216,1.5583789735651443,-0.5908058839487751
741121807.0,2023-06-27T07:10:07.000,-2.5013101034754293,0.11927636212050174,-1.0146665973098656
741121827.0,2023-06-27T07:10:27.000,-0.8806577311726294,1.8653687868686042,0.21808728536409916
741121847.0,2023-06-27T07:10:47.000,-1.321055950398442,0.7503396973418397,-0.44576516647909514
741121867.0,2023-06-27T07:11:07.000,0.10623925309483084,1.0744744676660645,0.8634572562615794
741121887.0,2023-06-27T07:11:27.000,0.15658988299360743,1.0619176894821614,-0.6240589824568765
741121907.0,2023-06-27T07:11:47.000,0.6045317474612233,-0.2406511771191333,-1.4095817653103637
741121927.0,2023-06-27T07:12:07.000,-2.3157241664573114,0.2962801338934895,-0.4261389556892148
741121947.0,2023-06-27T07:12:27.000,-0.2425988616994168,0.2197422227845358,-0.36787345396582793
741121967.0,2023-06-27T07:12:47.000,-0.7108324888371875,1.306912630649748,0.10793756984872616
741121987.0,2023-06-27T07:13:07.000,-1.3148715496735797,0.9253549333121391,0.435093014483634
741122007.0,2023-06-27T07:13:27.000,-0.810934927275575,0.5564365441745878,-0.2920969182529376
741122027.0,2023-06-27T07:13:47.000,-0.3829768214891338,0.5724147928320988,-0.6270585888867863
741122047.0,2023-06-27T07:14:07.000,0.9297746436098819,0.00026644266792885674,0.15700374640381654
741122067.0,2023-06-27T07:14:27.000,-1.544745124948399,1.1585261053825846,-0.8155212415372759
741122087.0,2023-06-27T07:14:47.000,0.5611620835344056,1.2797222721516732,-0.5719578837881656
741122107.0,2023-06-27T07:15:07.000,-0.7748008801877759,1.0131189175588418,-0.36649142763911513
741122127.0,2023-06-27T07:15:27.000,-0.4413570598993388,0.5496688317840892,0.9600513308671843
741122147.0,2023-06-27T07:15:47.000,-1.3147852491735001,0.877250889197434,-0.8857488167257621
741122167.0,2023-06-27T07:16:07.000,0.8808040332763944,-0.2925980808976547,-0.6076783861441726
741122187.0,2023-06-27T07:16:27.000,-1.147562135084268,-0.373191236879844,-2.101695946643556
741122207.0,2023-06-27T07:16:47.000,-1.4029149427163823,-0.4453948859728385,0.79377940837011
741122227.0,2023-06-27T07:17:07.000,-0.2536043192447046,-0.46182910132808175,-0.022387140641288994
741122247.0,2023-06-27T07:17:27.000,0.8555325103354328,-0.5155175608062557,-0.535789039335377
741122267.0,2023-06-27T07:17:47.000,-1.429255449425515,-0.21417293628589462,-0.7875788183286936
741122287.0,2023-06-27T07:18:07.000,-0.16004535600133707,-0.7235762127133505,0.13915540066911092
741122307.0,2023-06-27T07:18:27.000,-0.7813175085913393,0.2977357088207455,-0.6007800718910161
741122327.0,2023-06-27T07:18:47.000,-1.7112918700101787,0.45528491919855085,-0.7576850304502614
741122347.0,2023-06-27T07:19:07.000,-0.17822660783872735,-0.4272243093295103,-0.6685113437820966
741122367.0,2023-06-27T07:19:27.000,-1.0845533386372175,1.1713916109767908,-0.7940490299618297
741122387.0,2023-06-27T07:19:47.000,-0.7012262997596608,0.9836294172504978,-1.7173641023937591
741122407.0,2023-06-27T07:20:07.000,-1.1431524948313232,0.053004446698423635,-0.5621747091844043
741122427.0,2023-06-27T07:20:27.000,-1.1679812064846473,1.409838858057455,-0.9856609921254922
741122447.0,2023-06-27T07:20:47.000,-0.5145437278586407,1.4009680332827124,-2.157701891492003
741122467.0,2023-06-27T07:21:07.000,-0.17801365751468623,1.1732790061169673,-2.4012426130481934
741122487.0,2023-06-27T07:21:27.000,-1.3253469248408756,0.8926520191021581,-1.2315710582688766
741122507.0,2023-06-27T07:21:47.000,-0.2708905650794513,0.5131578821870875,-0.45582911795127856
741122527.0,2023-06-27T07:22:07.000,-2.7565193206013916,0.20108877356594945,0.3360082169501233
741122547.0,2023-06-27T07:22:27.000,-1.3604998384875167,0.59993718339868,-0.6454970250313607
741122567.0,2023-06-27T07:22:47.000,0.886725680615541,0.9829251209625411,-0.10874740944410988
741122587.0,2023-06-27T07:23:07.000,-0.9142538480610973,0.4889493032123049,-1.3346483375809015
741122607.0,2023-06-27T07:23:27.000,-0.5104337194916653,1.0956739861733844,-0.558828695984559
741122627.0,2023-06-27T07:23:47.000,-2.503252668850653,1.2758622876529735,-1.0972374475670676
741122647.0,2023-06-27T07:24:07.000,-0.0856369788415634,1.9424570954718057,-0.11330891988015068
741122667.0,2023-06-27T07:24:27.000,-0.017619576597738273,1.072129477197592,-0.19266703032982946
741122687.0,2023-06-27T07:24:47.000,-0.39792638144575676,0.193911200863095,-2.252755326348499
741122707.0,2023-06-27T07:25:07.000,-1.8550943349793236,0.5854607739275153,-1.8502409860565727
741122727.0,2023-06-27T07:25:27.000,-1.1995823384958193,2.2368600881228495,-0.10808704085096821
741122747.0,2023-06-27T07:25:47.000,-1.007074162961974,0.10874432667673517,-1.383721044145858
741122767.0,2023-06-27T07:26:07.000,-0.05721654956492017,1.1794197242509519,-1.0908887554617053
741122787.0,2023-06-27T07:26:27.000,0.3256005132512563,0.35912874750687607,-1.015366745882318
741122807.0,2023-06-27T07:26:47.000,-1.6078081549131262,1.1634422635298236,-0.42283266578069245
741122827.0,2023-06-27T07:27:07.000,-0.37723800510036654,-0.28825625163486635,-1.3061013276249867
741122847.0,2023-06-27T07:27:27.000,-0.1864059341216695,0.7856314745757764,-0.6988152056353059
741122867.0,2023-06-27T07:27:47.000,-2.47784815985419,0.8476378052790778,-1.9542004354056175
741122887.0,2023-06-27T07:28:07.000,0.043717389808239915,1.086904258595922,-0.784989885294074
741122907.0,2023-06-27T07:28:27.000,0.20136450213925627,0.27558210786704507,-0.856715751207382
741122927.0,2023-06-27T07:28:47.000,1.1942931868125228,0.9594583888383745,-0.4450779617526379
741122947.0,2023-06-27T07:29:07.000,-1.6595479514269762,1.6753105218425546,-0.9519070358954274
741122967.0,2023-06-27T07:29:27.000,-0.33726317418825147,0.34104185545613674,0.6675396502897613
741122987.0,2023-06-27T07:29:47.000,-0.047722657192661444,-0.22298317982061278,-1.4818437909069893
741123007.0,2023-06-27T07:30:07.000,-0.5848251900419932,0.7444051544847063,-1.3071345346116203
741123027.0,2023-06-27T07:30:27.000,-2.5537983132539743,0.24479045483971618,-0.8946043384416846
741123047.0,2023-06-27T07:30:47.000,-1.5211831504435835,1.018389356810534,-1.3889487360252417
741123067.0,2023-06-27T07:31:07.000,-0.3211298738592383,1.5480165404535562,-1.6763990703605458
741123087.0,2023-06-27T07:31:27.000,0.8779373998124562,0.9457068300466887,-1.1386794490975127
741123107.0,2023-06-27T07:31:47.000,-0.13448417159889203,0.2134131902864489,-0.605653839413911
741123127.0,2023-06-27T07:32:07.000,-1.036092423722934,0.6961135952332498,-0.3690864108674141
741123147.0,2023-06-27T07:32:27.000,0.10708191706676473,0.4121782970933907,-0.22885374825198923
741123167.0,2023-06-27T07:32:47.000,0.12804648518160988,1.963594923359846,-1.2966085881638278
741123187.0,2023-06-27T07:33:07.000,0.8616973296571295,0.832017431484644,-1.4632309946360778
741123207.0,2023-06-27T07:33:27.000,-2.508299128600733,2.2355534856965953,-1.1287023502171145
741123227.0,2023-06-27T07:33:47.000,-0.6069908319306094,-1.0913014254931852,-0.7807218302513519
741123247.0,2023-06-27T07:34:07.000,-1.083370992449595,0.9680565490888249,-2.033396433032131
741123267.0,2023-06-27T07:34:27.000,-0.33703688540054344,2.4141513929598624,-0.012597813026093974
741123287.0,2023-06-27T07:34:47.000,-0.26100332158884854,-0.26511760417013974,-1.0749537459830982
741123307.0,2023-06-27T07:35:07.000,-0.9869712280119458,0.9051079181143784,-0.05989574279885446
741123327.0,2023-06-27T07:35:27.000,-0.45335532508072873,0.893558058046029,-1.5809906687147546
741123347.0,2023-06-27T07:35:47.000,-0.7202123226135448,1.1711776452982825,-0.732157291027935
741123367.0,2023-06-27T07:36:07.000,-1.973348477923853,-0.2699920087834151,0.6116491863661366
741123387.0,2023-06-27T07:36:27.000,0.3056540848755951,0.5421537326744108,-2.3319522505671486
741123407.0,2023-06-27T07:36:47.000,-0.5610859608262686,0.7241359653242796,-0.7789363821286699
741123427.0,2023-06-27T07:37:07.000,0.23019207280317033,-0.21426865655094218,-0.6652245206351104
741123447.0,2023-06-27T07:37:27.000,-1.0308425935190435,0.13601616346559098,-1.352796909959153
741123467.0,2023-06-27T07:37:47.000,-0.9184165350895057,1.8789952914932684,-0.3784327710198987
741123487.0,2023-06-27T07:38:07.000,0.21756592883948045,1.1624477375682396,-1.1818371370209135
741123507.0,2023-06-27T07:38:27.000,0.3880867524674869,1.7286096683055696,0.6219877356161696
741123527.0,2023-06-27T07:38:47.000,1.4653661508212679,0.4685828706718631,-1.3331032867269776
741123547.0,2023-06-27T07:39:07.000,-0.4826922626932628,-0.09825528131113259,-0.3432241732492791
741123567.0,2023-06-27T07:39:27.000,-0.9769139033388718,1.403579236569641,-0.7744487045657777
741123587.0,2023-06-27T07:39:47.000,0.11530927123137857,1.9708253692019007,-0.5822065814786725
741123607.0,2023-06-27T07:40:07.000,-1.0517748409544225,0.7285858788619315,-0.382934304399285
741123627.0,2023-06-27T07:40:27.000,-0.03163728845567704,1.703593886526189,-0.9867232390159408
741123647.0,2023-06-27T07:40:47.000,-0.8924615485295107,-0.003376344670513731,-0.6569973450609723
741123667.0,2023-06-27T07:41:07.000,0.4884170993646464,1.2074346251167434,0.3519000717489007
741123687.0,2023-06-27T07:41:27.000,-0.6851794648654597,0.29349646762932835,-2.2366551216124186
741123707.0,2023-06-27T07:41:47.000,-0.5525911057735478,0.17896822770424592,-1.0027763758690966
741123727.0,2023-06-27T07:42:07.000,0.13761108699217317,1.420598896251235,-1.0762823043131142
741123747.0,2023-06-27T07:42:27.000,-0.9194645283816527,0.3651588923236915,-0.46241192988016877
741123767.0,2023-06-27T07:42:47.000,0.13544967594203428,1.8072070664287843,-1.8107674747303015
741123787.0,2023-06-27T07:43:07.000,0.11880427671639993,0.36277225916592215,-1.312110605600214
741123807.0,2023-06-27T07:43:27.000,0.36063531980712327,0.9447651631355747,-1.4851775383184496
741123827.0,2023-06-27T07:43:47.000,0.8619462691261681,1.2467333824983662,-0.8332634219621049
741123847.0,2023-06-27T07:44:07.000,-1.546707024158156,-0.04871798814365391,-1.518090244911896
741123867.0,2023-06-27T07:44:27.000,-1.6707632392254368,1.5940125858260323,-0.9657409897445568
741123887.0,2023-06-27T07:44:47.000,-1.0849645480703884,0.9259339380229825,-0.6769992194510799
741123907.0,2023-06-27T07:45:07.000,1.5613343438469762,0.7316656536637822,-0.6918692041613106
741123927.0,2023-06-27T07:45:27.000,-0.5939952736677689,-0.07481173274204167,-0.7127905591097772
741123947.0,2023-06-27T07:45:47.000,-0.7426824635947682,1.2228620427934267,-1.4705467557663
741123967.0,2023-06-27T07:46:07.000,0.7562262434923639,1.4421089540195275,-2.0045290521131243
741123987.0,2023-06-27T07:46:27.000,0.26546675917504814,1.5970017408828419,-0.9667513066080602
741124007.0,2023-06-27T07:46:47.000,-1.367753427183871,0.567894670688851,-1.532581318253179
741124027.0,2023-06-27T07:47:07.000,2.096675966078987,1.2295890679636656,-2.737810672603924
741124047.0,2023-06-27T07:47:27.000,0.5964283909754009,0.9683069852273185,-1.0741899197141969
741124067.0,2023-06-27T07:47:47.000,-1.1504742719159466,0.7981755027253179,-1.6911365507632503
741124087.0,2023-06-27T07:48:07.000,-0.3451661813036466,0.7418758931176939,0.014570528850121889
741124107.0,2023-06-27T07:48:27.000,-0.6285140156325753,0.9358587874652713,-2.3773011144645473
741124127.0,2023-06-27T07:48:47.000,0.7778656292423136,0.44888167020085135,-1.957835918586781
741124147.0,2023-06-27T07:49:07.000,-0.12078309729046666,1.2800383929478798,-1.7178283708507713
741124167.0,2023-06-27T07:49:27.000,-0.06236138582194073,0.9193695540865576,-1.8077655647097401
741124187.0,2023-06-27T07:49:47.000,1.2566154597881685,0.2917154878323558,-1.0136085806022876
741124207.0,2023-06-27T07:50:07.000,0.04518550137388999,-0.07272839237515427,-1.6359699444468134
741124227.0,2023-06-27T07:50:27.000,0.5239842084225899,1.2876383655657797,-1.325673850960385
741124247.0,2023-06-27T07:50:47.000,0.6102217601888782,0.7189936960139143,-1.6885443637981723
741124267.0,2023-06-27T07:51:07.000,0.7737697379162078,2.3466312520814547,-1.1902793657703192
741124287.0,2023-06-27T07:51:27.000,-0.7262869342938849,-0.30856160873060645,-2.1811282469808013
741124307.0,2023-06-27T07:51:47.000,-1.0777466305733618,-0.175907721422508,-1.356570215427233
741124327.0,2023-06-27T07:52:07.000,-0.6432644991005709,2.6929277918585903,-2.238979847191125
741124347.0,2023-06-27T07:52:27.000,-0.8769310859135793,0.7105071708313204,-1.6965377780620017
741124367.0,2023-06-27T07:52:47.000,-0.02044467102280123,0.4608134436367983,-1.201710168807768
741124387.0,2023-06-27T07:53:07.000,0.6345415762831763,0.753742942760649,-1.144223344906603
741124407.0,2023-06-27T07:53:27.000,-0.5454722394770961,-0.5934593139578226,-2.0359567716066174
741124427.0,2023-06-27T07:53:47.000,0.2313782318741353,1.3133902236117656,-0.5301504043764282
741124447.0,2023-06-27T07:54:07.000,-0.15196617001445034,0.3823724029072828,-1.2500543419058374
741124467.0,2023-06-27T07:54:27.000,-0.45356402457175093,0.45803988322212774,-1.2235804505933423
741124487.0,2023-06-27T07:54:47.000,-0.8656574842946796,1.0730224712762748,-0.04937100555046925
741124507.0,2023-06-27T07:55:07.000,-0.07122666936254518,1.0472421521301456,-1.355009575043642
741124527.0,2023-06-27T07:55:27.000,0.07097274378198293,0.5975133432034596,-1.4527417755094696
741124547.0,2023-06-27T07:55:47.000,1.0824530594200077,1.7861345877334678,-1.143153631388838
741124567.0,2023-06-27T07:56:07.000,0.14459244748188382,1.616886059740974,-0.6273070403128855
741124587.0,2023-06-27T07:56:27.000,-1.1777561067072284,0.3420861650615947,-0.8382889893909784
741124607.0,2023-06-27T07:56:47.000,0.5428638387483531,1.3390808230262508,-1.1373678053372416
741124627.0,2023-06-27T07:57:07.000,-0.526875723916298,1.2618666235586495,-1.6516943356692515
741124647.0,2023-06-27T07:57:27.000,-0.053138772748706486,1.7788783441941014,-1.8371838374275917
741124667.0,2023-06-27T07:57:47.000,-1.4284118630580878,0.23172823473416315,-1.8253977176474478
741124687.0,2023-06-27T07:58:07.000,-0.6066727892717338,0.33255916553898146,-2.7755473636092987
741124707.0,2023-06-27T07:58:27.000,-0.1712757800254039,0.5728299679597093,-1.9917830076598975
741124727.0,2023-06-27T07:58:47.000,0.15657249283762553,0.3550020348019878,-0.23913669457975573
741124747.0,2023-06-27T07:59:07.000,-1.552513585056925,0.4292238000358495,-1.8538199677009537
741124767.0,2023-06-27T07:59:27.000,0.9052924687891206,1.0227717157529348,-0.40084068178014576
741124787.0,2023-06-27T07:59:47.000,0.5771373463137053,0.2232694564563431,-1.8555207392578765
741124807.0,2023-06-27T08:00:07.000,-0.4022087487731696,0.5940746663601892,-1.0167089157242515
741124827.0,2023-06-27T08:00:27.000,-0.043051072640132304,1.4493758275557767,-1.5866688270582685
741124847.0,2023-06-27T08:00:47.000,0.2818422925709996,1.103709368432959,-2.1663282291028985
741124867.0,2023-06-27T08:01:07.000,-1.4845475318714385,1.6124745748968827,-1.323282466036968
741124887.0,2023-06-27T08:01:27.000,0.8754946468125802,-0.07098886358747336,-1.771713288845067
741124907.0,2023-06-27T08:01:47.000,1.4818756345680306,-0.27234206410042816,-1.2867029189456147
741124927.0,2023-06-27T08:02:07.000,0.7983683971590771,-0.7085290556596568,-1.8371843741982197
741124947.0,2023-06-27T08:02:27.000,0.8355201998266892,-1.2350882222289528,-1.0803258691294282
741124967.0,2023-06-27T08:02:47.000,0.22044491555517354,0.2060580341689544,-1.8481465290154375
741124987.0,2023-06-27T08:03:07.000,0.739154493578642,0.3775746147405279,-0.6292407013108736
741125007.0,2023-06-27T08:03:27.000,0.33854652607967495,-0.1675283572200037,-2.2590343374262467
741125027.0,2023-06-27T08:03:47.000,-0.40561370775460404,0.6006974681671551,-0.7085260820383077
741125047.0,2023-06-27T08:04:07.000,1.2554357098237823,-0.015188518442954546,-0.5900837465322439
741125067.0,2023-06-27T08:04:27.000,0.9479921145749692,-0.025749728682633588,-0.35470046426677726
741125087.0,2023-06-27T08:04:47.000,0.9478974301480037,-0.10625642002937141,-1.6159166680740356
741125107.0,2023-06-27T08:05:07.000,1.3622100666466075,-0.08574656091830946,-1.241784844452365
741125127.0,2023-06-27T08:05:27.000,0.36607473492544784,0.8915544842058587,-1.75043252812479
741125147.0,2023-06-27T08:05:47.000,-0.7409673924430038,-0.13334374261431137,-1.8547668616974988
741125167.0,2023-06-27T08:06:07.000,-1.1914713720639902,1.8203124838134244,-1.0531571916549964
741125187.0,2023-06-27T08:06:27.000,0.2790629348270457,1.2239256261148412,0.09182903097926243
741125207.0,2023-06-27T08:06:47.000,-0.44412445381336596,1.2026382795626844,-1.7131296431105447
741125227.0,2023-06-27T08:07:07.000,-1.3837114479220425,0.5328025944439929,-1.0397820862650953
741125247.0,2023-06-27T08:07:27.000,0.5658376672545984,1.508804275685005,-1.5730150451864766
741125267.0,2023-06-27T08:07:47.000,0.857871798565224,0.352042799778296,-1.5138601885733571
741125287.0,2023-06-27T08:08:07.000,0.8289635516023353,0.8246871646244713,-1.4066865908102244
741125307.0,2023-06-27T08:08:27.000,-0.207265366303222,-0.4197235734970661,-2.308317684263095
741125327.0,2023-06-27T08:08:47.000,0.4830416266643489,-0.37072514641467436,-1.7874356862956908
741125347.0,2023-06-27T08:09:07.000,0.8635861535544187,0.850682330510999,-2.400620272968723
741125367.0,2023-06-27T08:09:27.000,0.34084809261702986,0.10132358305714462,-2.158503562221803
741125387.0,2023-06-27T08:09:47.000,-0.9980460822123227,0.17428637599792296,-2.1292818275897574
741125407.0,2023-06-27T08:10:07.000,-0.12246558633854931,0.9365227138125043,-1.9857166207004617
741125427.0,2023-06-27T08:10:27.000,-0.7283324153783965,0.2183130209609807,-1.8626498512919198
741125447.0,2023-06-27T08:10:47.000,-0.516659372451489,1.0149767403544452,-0.8377977167683959
741125467.0,2023-06-27T08:11:07.000,0.3978622763578521,0.05334110946275672,-0.09119512192068413
741125487.0,2023-06-27T08:11:27.000,1.5287069108915752,-0.14110887418539164,-1.0684761670098908
741125507.0,2023-06-27T08:11:47.000,-0.32471274722389865,0.21325411416750484,-0.8680239364955433
741125527.0,2023-06-27T08:12:07.000,0.7570694289804614,-0.6163441790607571,-1.2073231926867933
741125547.0,2023-06-27T08:12:27.000,1.1030718265803152,1.505063171691745,-2.4697127249284634
741125567.0,2023-06-27T08:12:47.000,0.39801907676384474,1.1182000610787668,-1.5893637223984847
741125587.0,2023-06-27T08:13:07.000,1.3675631313714298,1.2571062768751418,-0.3685230273275941
741125607.0,2023-06-27T08:13:27.000,-0.9267679287328079,-0.7879359783968809,-1.1714851720356911
741125627.0,2023-06-27T08:13:47.000,0.32721169843652476,2.1951060361735664,-1.7844110122511303
741125647.0,2023-06-27T08:14:07.000,-0.699692441685773,0.4662237951369441,-0.6293201402662874
741125667.0,2023-06-27T08:14:27.000,0.4945813506407326,1.2546464035700922,-0.6091867402857609
741125687.0,2023-06-27T08:14:47.000,1.1100149472254017,-0.050356397951478726,-1.5996737672163697
741125707.0,2023-06-27T08:15:07.000,0.5188089701513299,0.5690421660542455,-0.6747256738326435
741125727.0,2023-06-27T08:15:27.000,-0.23918022842295272,0.09360822237347577,-1.6273675087496997
741125747.0,2023-06-27T08:15:47.000,-0.34460946060077546,-1.8148521022331998,-1.0482164528036186
741125767.0,2023-06-27T08:16:07.000,-0.5848380919215579,-0.334015100011964,-1.6042129634352698
741125787.0,2023-06-27T08:16:27.000,0.0032011632011830216,0.9496690460686352,-1.0047243769628622
741125807.0,2023-06-27T08:16:47.000,-0.028738409785233898,0.01750617837359414,-0.9340114605738137
741125827.0,2023-06-27T08:17:07.000,0.7799722018586586,-0.5255653871105714,-1.350546682654663
741125847.0,2023-06-27T08:17:27.000,-0.16321230950078203,-1.2962653587522688,-1.661574968381263
741125867.0,2023-06-27T08:17:47.000,0.8822603376534843,0.08613793884837406,-0.7096753600777106
741125887.0,2023-06-27T08:18:07.000,-0.6126037658815697,-0.01150580261066736,-0.14503181212655036
741125907.0,2023-06-27T08:18:27.000,-0.4307838369688177,1.459488792754371,-1.9507497884707625
741125927.0,2023-06-27T08:18:47.000,0.8589397243796704,-1.3595439642077878,-1.6199138173855765
741125947.0,2023-06-27T08:19:07.000,-0.2912174625113728,0.3033168373800521,-1.3771503894921544
741125967.0,2023-06-27T08:19:27.000,0.15438298875958267,0.31568751616140034,-2.429534727066418
741125987.0,2023-06-27T08:19:47.000,0.5199621504026197,1.6418290514463862,-1.577746642267286
741126007.0,2023-06-27T08:20:07.000,0.3680181228093993,0.5909286483141152,-0.8401904752597389
741126027.0,2023-06-27T08:20:27.000,0.3225603779744013,0.20063679830872871,-0.8665170461163996
741126047.0,2023-06-27T08:20:47.000,-0.4556999651961213,-0.5611705024333169,-1.5885167107376752
741126067.0,2023-06-27T08:21:07.000,0.03223982684152915,0.5197109721577498,-1.0819392815331064
741126087.0,2023-06-27T08:21:27.000,0.9237345264367924,-0.361212222332874,-2.6899177656969364
741126107.0,2023-06-27T08:21:47.000,-0.44561634952033913,0.827356923405187,-1.419704525940091
741126127.0,2023-06-27T08:22:07.000,-0.31477583106731544,-1.2593786425041387,-0.9268819011643004
741126147.0,2023-06-27T08:22:27.000,-0.1407880456216759,0.1504595388945873,-1.3672615207349637
741126167.0,2023-06-27T08:22:47.000,-0.29836603178123866,0.5017089804937314,-1.7618291671905872
741126187.0,2023-06-27T08:23:07.000,0.6650967782850792,1.386246260348667,-2.0383035836846197
741126207.0,2023-06-27T08:23:27.000,0.8319022787306452,0.181721796377321,-2.1251118310749995
741126227.0,2023-06-27T08:23:47.000,0.763041427409572,-0.33653201375605235,-1.9202411899565952
741126247.0,2023-06-27T08:24:07.000,1.6381935306952755,-0.8612130908414173,-0.9438375266346277
741126267.0,2023-06-27T08:24:27.000,1.1566345293867464,1.795362814216439,-1.9451950883042635
741126287.0,2023-06-27T08:24:47.000,0.035893059724401155,-0.4463024539602678,-2.156117124174628
741126307.0,2023-06-27T08:25:07.000,0.2871226085554568,0.3806590232025009,-1.267396665882714
741126327.0,2023-06-27T08:25:27.000,0.6289317675323147,-0.14519929042444701,-1.3708849767701814
741126347.0,2023-06-27T08:25:47.000,0.8903973602092385,0.41278587674664635,-1.8253011956570475
741126367.0,2023-06-27T08:26:07.000,0.8270157173750903,-1.1487886235950207,-1.203237668934154
741126387.0,2023-06-27T08:26:27.000,1.1197402058904515,-0.6701802246822375,0.24953757740142635
741126407.0,2023-06-27T08:26:47.000,0.5972407234766663,-0.15258522615413384,-1.152245091640136
741126427.0,2023-06-27T08:27:07.000,0.3978118618852555,-0.20080146615475414,-1.2650178880080354
741126447.0,2023-06-27T08:27:27.000,-0.4311973110904255,1.4591498453842,-1.351902086543788
741126467.0,2023-06-27T08:27:47.000,0.6033369110314268,0.9081819501099986,-2.089288753470697
741126487.0,2023-06-27T08:28:07.000,-0.4810221539086612,-0.0528141379962932,-0.9800620729305543
741126507.0,2023-06-27T08:28:27.000,0.528179943015683,0.41168883821995905,-0.9324084803252752
741126527.0,2023-06-27T08:28:47.000,0.11003686228860943,0.37353141669749235,-1.7554433808575354
741126547.0,2023-06-27T08:29:07.000,1.9822956733417385,-0.20343304064640577,-1.261479695136014
741126567.0,2023-06-27T08:29:27.000,0.06945475268249623,-1.1892094077148307,-1.704610935504558
741126587.0,2023-06-27T08:29:47.000,0.23170590492949117,-0.8567625889077668,-0.9764404646173119
741126607.0,2023-06-27T08:30:07.000,0.8952676665674453,0.9237813405560402,-0.7888712496240124
741126627.0,2023-06-27T08:30:27.000,0.42568100294682054,-0.5700817532705571,-1.3970371223193112
741126647.0,2023-06-27T08:30:47.000,-0.7145561937149658,-0.6319356057438164,-1.8793346633572128
741126667.0,2023-06-27T08:31:07.000,-0.3022468066826711,0.177763193331959,-0.6113392933881912
741126687.0,2023-06-27T08:31:27.000,-0.051799755251824564,-0.2601268222490738,-1.7891485472487645
741126707.0,2023-06-27T08:31:47.000,0.40862107973937967,-0.09071442893526793,-1.4600231032502187
741126727.0,2023-06-27T08:32:07.000,-1.1208469001933175,2.396169566165618,-0.6772962154122375
741126747.0,2023-06-27T08:32:27.000,1.2443070586898308,0.8215324611593466,-1.683593105095138
741126767.0,2023-06-27T08:32:47.000,-0.3188500964257379,0.871498879928545,-1.6142203816960077
741126787.0,2023-06-27T08:33:07.000,1.313377468414867,0.37167524774561755,-2.1191529582131885
741126807.0,2023-06-27T08:33:27.000,-0.3138896631948995,-1.2241048862882131,-0.6884674385920775
741126827.0,2023-06-27T08:33:47.000,0.9403115743045198,-0.1981772228321077,-1.5602261444147558
741126847.0,2023-06-27T08:34:07.000,0.2941622208485484,-0.8126302819322362,-0.6428653118173422
741126867.0,2023-06-27T08:34:27.000,-0.21333790480859705,-0.641335549533828,-0.14642988338531282
741126887.0,2023-06-27T08:34:47.000,0.7804773075492655,0.19807034675745072,-3.045101396303984
741126907.0,2023-06-27T08:35:07.000,1.5931599279150888,0.696113617182359,-2.226694165052834
741126927.0,2023-06-27T08:35:27.000,0.24708077004387263,-0.3086584913325474,-1.3658979335251509
741126947.0,2023-06-27T08:35:47.000,0.4426709483307256,-1.2037472480130873,-1.4375618352713282
741126967.0,2023-06-27T08:36:07.000,2.1612195839293413,1.201804484762814,-1.3355683392224371
741126987.0,2023-06-27T08:36:27.000,0.881222094695211,-1.2172647974595385,-1.537096756709655
741127007.0,2023-06-27T08:36:47.000,0.32242493308576314,-0.5242470209276817,-2.739056731360101
741127027.0,2023-06-27T08:37:07.000,1.0786104256754747,-1.4224446536648117,-2.432826674514388
741127047.0,2023-06-27T08:37:27.000,0.47194729524413503,-0.5229974085807498,-1.9070020492395479
741127067.0,2023-06-27T08:37:47.000,0.8935170605406384,0.5434799148718028,-0.42878644614940953
741127087.0,2023-06-27T08:38:07.000,2.3133721833157317,-0.13083867249630288,-0.48347984186181137
741127107.0,2023-06-27T08:38:27.000,1.197229405314193,0.998579839617264,-2.463449326395306
741127127.0,2023-06-27T08:38:47.000,2.9886926400046754,-1.322959128147172,-2.4228460920872052
741127147.0,2023-06-27T08:39:07.000,0.9387155054940699,-0.6227839948746983,-1.8971379206589312
741127167.0,2023-06-27T08:39:27.000,0.7183816069011861,-1.3082581108103675,0.6990444968879572
741127187.0,2023-06-27T08:39:47.000,0.8049062176440636,-0.5111732984897088,-1.3686674046442526
741127207.0,2023-06-27T08:40:07.000,-0.5150072337922751,0.07020928695089523,-1.8531530907472948
741127227.0,2023-06-27T08:40:27.000,0.5846187727254204,0.241809648138247,-2.4022688311919893
741127247.0,2023-06-27T08:40:47.000,-1.2311323581926104,-0.42808051253784285,-1.5788155103946266
741127267.0,2023-06-27T08:41:07.000,1.2569405717588467,0.14694067406173517,-0.4612220873556616
741127287.0,2023-06-27T08:41:27.000,0.31915576198526807,-0.11417883362119241,-1.5826123650253265
741127307.0,2023-06-27T08:41:47.000,0.654219625007002,-0.7140637807379058,-1.4055571095017427
741127327.0,2023-06-27T08:42:07.000,2.1255249535445664,-0.10249240066650955,-2.568618457898797
741127347.0,2023-06-27T08:42:27.000,1.430678317781986,0.198125955408468,-0.9852270943744301
741127367.0,2023-06-27T08:42:47.000,-0.9557284432859525,-0.6771150314111019,-1.5044178687140253
741127387.0,2023-06-27T08:43:07.000,-0.33547332461969503,-0.06282346443065023,-1.226380137142602
741127407.0,2023-06-27T08:43:27.000,0.1403300887825587,-0.5087490699051678,-1.2757422493403503
741127427.0,2023-06-27T08:43:47.000,-0.09317198326197484,0.7204078938727321,-0.9871709179765098
741127447.0,2023-06-27T08:44:07.000,0.4914325489213667,0.1623339367595733,-2.5264503531241544
741127467.0,2023-06-27T08:44:27.000,-0.22324519562966216,0.2869397016658226,-0.9311176050186276
741127487.0,2023-06-27T08:44:47.000,1.3646388996146896,-0.48070944491662715,-1.8224750269912882
741127507.0,2023-06-27T08:45:07.000,0.5754252046186181,1.1250436666943031,-1.0290208672159018
741127527.0,2023-06-27T08:45:27.000,0.8861017564698592,-0.33633137331845475,-2.646805235750893
741127547.0,2023-06-27T08:45:47.000,0.6078174494716926,-0.15099749240965465,-1.0046125946128193
741127567.0,2023-06-27T08:46:07.000,1.6755578462368526,-1.174639771650554,-0.3622182856655165
741127587.0,2023-06-27T08:46:27.000,2.5034503968512922,-0.7825010515216668,-1.0577965480540463
741127607.0,2023-06-27T08:46:47.000,1.3750303224036031,-0.3007991858927639,-3.164472384298289
741127627.0,2023-06-27T08:47:07.000,0.6138760081597638,-1.9514580191448694,-1.1330437478918043
741127647.0,2023-06-27T08:47:27.000,0.1492866874786003,-0.5061930178684726,-2.289441966973893
741127667.0,2023-06-27T08:47:47.000,1.3499636757785538,0.838061403107826,-1.755617053067482
741127687.0,2023-06-27T08:48:07.000,-0.43608472912737284,-1.0168221303286096,-0.8462426824284996
741127707.0,2023-06-27T08:48:27.000,1.9561433109327453,1.0429348574758635,-2.8094368565212413
741127727.0,2023-06-27T08:48:47.000,-0.8091287791778257,0.2570710738614146,-1.6701893521209321
741127747.0,2023-06-27T08:49:07.000,1.4112699621926517,0.43100236413184945,-1.4784666811484826
741127767.0,2023-06-27T08:49:27.000,0.9058415574636491,0.718509293928804,-0.5955202687979444
741127787.0,2023-06-27T08:49:47.000,1.8995000656385486,-0.8945167431773093,-0.8344948380312189
741127807.0,2023-06-27T08:50:07.000,1.349922165116979,-0.024293993949875414,-1.6822611833555712
741127827.0,2023-06-27T08:50:27.000,-0.012706517238392223,-0.6492607350083723,-1.0002928651720033
741127847.0,2023-06-27T08:50:47.000,-0.4384012161295914,0.2403302420073139,-1.0500130059765134
741127867.0,2023-06-27T08:51:07.000,2.713737312232123,-0.5042197563143169,-2.4331475988015328
741127887.0,2023-06-27T08:51:27.000,1.2352749995891976,-0.341057849595483,-0.8602064031748569
741127907.0,2023-06-27T08:51:47.000,-0.23564549548327207,-0.022935845855887038,-1.5056125754142613
741127927.0,2023-06-27T08:52:07.000,0.8595653993581642,-0.573173551954298,-1.1818098470173233
741127947.0,2023-06-27T08:52:27.000,1.6872530749556525,-0.9336509018575967,-0.9503084051343258
741127967.0,2023-06-27T08:52:47.000,0.35404448766040986,-0.13770026872084173,-1.3235733015259932
741127987.0,2023-06-27T08:53:07.000,-0.8413145187513571,-0.01876409880807728,-1.6515929671556684
741128007.0,2023-06-27T08:53:27.000,0.21662719584814027,-0.5194166951549839,-1.9826268750078313
741128027.0,2023-06-27T08:53:47.000,0.05179639364083499,-0.547865330335906,-0.6914783308942241
741128047.0,2023-06-27T08:54:07.000,1.073085374392324,-0.8282035222295647,-0.9655382112172539
741128067.0,2023-06-27T08:54:27.000,0.9213427856979983,-0.7691381672225717,-0.6533742677228283
741128087.0,2023-06-27T08:54:47.000,-0.13119033566155736,-0.20522709838211028,-0.3420751553351309
741128107.0,2023-06-27T08:55:07.000,0.897613284234211,0.4307735170239191,-1.107839110714437
741128127.0,2023-06-27T08:55:27.000,1.0504906479691378,0.05579699922098058,-1.6607395124434987
741128147.0,2023-06-27T08:55:47.000,2.9014095091484116,1.402465182220869,-2.7248572406102234
741128167.0,2023-06-27T08:56:07.000,1.6997022654341443,-0.5871635919474372,-0.7248335774590053
741128187.0,2023-06-27T08:56:27.000,1.2921574779500844,-0.2306876468849417,-2.1234592478380776
741128207.0,2023-06-27T08:56:47.000,0.45509395035781,1.3641847523948591,-2.4068398681076353
741128227.0,2023-06-27T08:57:07.000,1.0872728843591695,0.25474032120387236,-1.6241550517492875
741128247.0,2023-06-27T08:57:27.000,0.7385093704237455,-0.3242180235285552,-1.4752771372528173
741128267.0,2023-06-27T08:57:47.000,0.14663087117838813,0.07456019005536163,-1.5460205443851294
741128287.0,2023-06-27T08:58:07.000,-0.14296603610963743,-1.8968050769063716,-0.03742467282741302
741128307.0,2023-06-27T08:58:27.000,1.7507134945082825,-0.43082408224259794,-0.708765795620625
741128327.0,2023-06-27T08:58:47.000,2.1594495870802533,-1.1028884523311966,-1.0863919888026707
741128347.0,2023-06-27T08:59:07.000,1.5566770343089509,-0.20622076573051373,-0.3946340828786532
741128367.0,2023-06-27T08:59:27.000,1.0851136594935973,-1.0050622875290571,-1.4561483772435047
741128387.0,2023-06-27T08:59:47.000,0.6041391360844806,1.4746824443911954,-1.233234506847758
741128407.0,2023-06-27T09:00:07.000,0.4561195351415748,-0.15245244713302242,-1.703568548294676
741128427.0,2023-06-27T09:00:27.000,1.7607877242920011,-0.38323223997549505,0.1805399188481438
741128447.0,2023-06-27T09:00:47.000,1.5046327194845333,-1.553836253831431,-1.3549905440335408
741128467.0,2023-06-27T09:01:07.000,0.3526593766012276,-0.6649478090148264,-1.426189143749479
741128487.0,2023-06-27T09:01:27.000,0.3559233296424047,-0.0303477355911852,0.2925449481661069
741128507.0,2023-06-27T09:01:47.000,0.2090241870922327,-0.2361932664118882,-0.012433225982100282
741128527.0,2023-06-27T09:02:07.000,1.097129434168842,-0.840960574077787,-2.1786200704809744
741128547.0,2023-06-27T09:02:27.000,0.7082657449530849,-1.0120211836217585,0.0825959334260773
741128567.0,2023-06-27T09:02:47.000,2.1467968837951545,-0.7635427049956789,-1.1885559511259913
741128587.0,2023-06-27T09:03:07.000,0.26103743946404023,-1.414429849511123,-0.9413006958558512
741128607.0,2023-06-27T09:03:27.000,1.183315532693463,-0.17225124110398227,-0.477816667532327
741128627.0,2023-06-27T09:03:47.000,-0.0269327044999379,0.045641595802781154,-0.8916904427169747
741128647.0,2023-06-27T09:04:07.000,1.6135689448582013,-1.8057244683511442,-1.5280793387639768
741128667.0,2023-06-27T09:04:27.000,1.3010321213369203,-0.42065380275735365,-0.05039754756852588
741128687.0,2023-06-27T09:04:47.000,2.0375298898422933,-0.5808422446018646,-0.06915917512007042
741128707.0,2023-06-27T09:05:07.000,1.869940323617758,-0.1302915569434404,-1.0472738486422273
741128727.0,2023-06-27T09:05:27.000,2.324582336754588,-0.46306728408440634,-1.2022309627490735
741128747.0,2023-06-27T09:05:47.000,1.0307624891292555,-1.274960372310563,-2.4617346298438925
741128767.0,2023-06-27T09:06:07.000,0.7947559163445916,-0.7937617176545508,-1.3903291678940555
741128787.0,2023-06-27T09:06:27.000,1.3353727836173945,0.526578290205304,-0.9221880706400398
741128807.0,2023-06-27T09:06:47.000,1.194498754142348,-1.5941540488673134,0.5405671536728995
741128827.0,2023-06-27T09:07:07.000,0.8771950493313696,-1.1962240663687673,-1.5738675350651654
741128847.0,2023-06-27T09:07:27.000,0.6211135805012091,-1.2889722343811805,-1.7886521531229604
741128867.0,2023-06-27T09:07:47.000,0.23899015786366107,0.20533445580506182,-1.0292655174160004
741128887.0,2023-06-27T09:08:07.000,1.1923036358552075,-0.14180471853419974,-1.743543458809782
741128907.0,2023-06-27T09:08:27.000,1.2162976589569219,-0.4477361385979428,-1.4576419907763594
741128927.0,2023-06-27T09:08:47.000,1.357853375871798,-1.2277629001133938,-1.8473415134612203
741128947.0,2023-06-27T09:09:07.000,0.7397122529839706,-0.6520493026185292,-1.9869537521310932
741128967.0,2023-06-27T09:09:27.000,0.7362774455788035,-0.41551687890439837,-1.2956619877657616
741128987.0,2023-06-27T09:09:47.000,0.5949272481320378,-1.8693709527006774,-2.053098946386278
741129007.0,2023-06-27T09:10:07.000,1.77547950028778,-1.2756984319239884,-0.7869118759606941
741129027.0,2023-06-27T09:10:27.000,0.8159769487092738,0.4434557625110358,-1.3134446407492284
741129047.0,2023-06-27T09:10:47.000,1.15381284310212,-1.3078824979362302,-1.26938686338951
741129067.0,2023-06-27T09:11:07.000,1.1508890839340147,0.24028067229231453,-1.7414697386808342
741129087.0,2023-06-27T09:11:27.000,0.8633863410545395,-0.3067728355343746,0.087363734513346
741129107.0,2023-06-27T09:11:47.000,0.9620369560647823,-0.5848154159271424,-0.3480017434887017
741129127.0,2023-06-27T09:12:07.000,2.1820511197923054,-1.9664112172246284,-0.2642973247257707
741129147.0,2023-06-27T09:12:27.000,1.6587195323936044,-1.520285306610969,-2.0645322441614766
741129167.0,2023-06-27T09:12:47.000,1.4611828086485978,-0.8878338560003307,-3.0186271488097383
741129187.0,2023-06-27T09:13:07.000,0.1184135595244662,-0.754522254042822,-2.584458769661069
741129207.0,2023-06-27T09:13:27.000,0.8427228446739043,-1.5049125189015022,-1.1985444085205188
741129227.0,2023-06-27T09:13:47.000,1.4544119373183229,-1.686800564526525,-1.7517703051472822
741129247.0,2023-06-27T09:14:07.000,1.5031429825174136,-1.0007227782105055,-0.4184661209549745
741129267.0,2023-06-27T09:14:27.000,1.2982891309687439,0.19768888266380458,-1.2856470657740537
741129287.0,2023-06-27T09:14:47.000,1.2572480033057332,-0.9170598676444541,0.13201908706239607
741129307.0,2023-06-27T09:15:07.000,1.9440713914686825,-0.8097926352812479,-0.5824368716988992
741129327.0,2023-06-27T09:15:27.000,1.5829000597600285,-0.5497777614826838,-1.6691369629784347
741129347.0,2023-06-27T09:15:47.000,0.6789845575116971,0.0037711470946000247,0.1337283877300699
741129367.0,2023-06-27T09:16:07.000,0.7462707541261437,-0.015045093471055537,-0.2576071696624993
741129387.0,2023-06-27T09:16:27.000,1.3736743592951406,-0.970291221835673,-0.8573674539991138
741129407.0,2023-06-27T09:16:47.000,1.7190036906589157,-0.8194723871479681,-1.872147533066304
741129427.0,2023-06-27T09:17:07.000,1.4820951914407132,-1.8132526896308399,-1.876186985971806
741129447.0,2023-06-27T09:17:27.000,0.20798790046905324,-1.4500198001310416,-1.5388061833432332
741129467.0,2023-06-27T09:17:47.000,1.0513746538376445,-1.1827214531745511,-1.0141264975449538
741129487.0,2023-06-27T09:18:07.000,1.8159563259123601,-0.9664841909451383,-0.5032491788292681
741129507.0,2023-06-27T09:18:27.000,1.54313294296049,0.9811772297307897,-0.5960320885178838
741129527.0,2023-06-27T09:18:47.000,0.9921899383091848,0.40208591416401873,-1.2816373893165256
741129547.0,2023-06-27T09:19:07.000,0.8238012141781326,-0.2945828243672288,-1.2895372931143179
741129567.0,2023-06-27T09:19:27.000,-0.33948370028458186,0.023336324739275938,-0.8393962780517406
741129587.0,2023-06-27T09:19:47.000,0.9093169610951968,-1.1549459268289652,0.05982550694838551
741129607.0,2023-06-27T09:20:07.000,-0.08392286492409085,0.8412683241698637,-0.7069247776492205
741129627.0,2023-06-27T09:20:27.000,0.2650536866322106,-0.15031707365498193,-0.45748059167571853
741129647.0,2023-06-27T09:20:47.000,-0.3918402923130948,0.012652489522757548,0.03434462597651233
741129667.0,2023-06-27T09:21:07.000,0.7307018576541147,0.7964502541479845,-0.08140669112144394
741129687.0,2023-06-27T09:21:27.000,-0.1200314374560918,0.47403411969071385,0.5051042898274183
741129707.0,2023-06-27T09:21:47.000,0.48039808074884505,1.4939170004057978,-0.14139974631177665
741129727.0,2023-06-27T09:22:07.000,0.8552809234507741,-0.3599706333679009,0.6107725803117248
741129747.0,2023-06-27T09:22:27.000,0.4586741721435139,-1.4661913939617577,-0.6354730668345354
741129767.0,2023-06-27T09:22:47.000,0.6302519130252371,0.419231498482997,-0.8726842787076805
741129787.0,2023-06-27T09:23:07.000,0.7242756229430825,-1.1703467676649204,0.03736864637726711
741129807.0,2023-06-27T09:23:27.000,-0.08917381003614722,0.2562155895446949,0.589237362369488
741129827.0,2023-06-27T09:23:47.000,-0.7915138280800704,-0.882115631972713,1.2135238189658892
741129847.0,2023-06-27T09:24:07.000,0.5589564786689927,-0.7162207145028354,0.32868688147891234
741129867.0,2023-06-27T09:24:27.000,-0.9654025501681929,-1.7368696254238536,1.2587514257256238
741129887.0,2023-06-27T09:24:47.000,0.28813907420044416,-0.6422245308557173,-1.5351264738061587
741129907.0,2023-06-27T09:25:07.000,-0.6528710328690401,-0.7077694182733296,-0.6123612651953714
741129927.0,2023-06-27T09:25:27.000,-1.3505693687743126,-1.1463802543909551,1.0958727904464283
741129947.0,2023-06-27T09:25:47.000,0.11645461245324285,-0.8076990002159334,0.37668525442180467
741129967.0,2023-06-27T09:26:07.000,0.7477829656155066,0.053732733096278906,-1.7942181528507462
741129987.0,2023-06-27T09:26:27.000,-0.1023100860031434,1.020218742320278,-0.44187383175797734
741130007.0,2023-06-27T09:26:47.000,-0.37046240998206414,0.12036943082271989,0.48045336066282474
741130027.0,2023-06-27T09:27:07.000,-0.4894148451839442,-0.0265413495514899,-0.03136272238579707
741130047.0,2023-06-27T09:27:27.000,-0.9275012154974505,-0.6923454766827319,-1.2702291355082274
741130067.0,2023-06-27T09:27:47.000,-0.27957700101666205,-0.7487340039302737,0.21845884661253478
741130087.0,2023-06-27T09:28:07.000,-0.6724250500744766,1.0094256329806761,0.6044455670317639
741130107.0,2023-06-27T09:28:27.000,0.1537071886437147,-0.24309101471775563,-0.5857849711299323
741130127.0,2023-06-27T09:28:47.000,0.005444861894687847,-0.4387158040186634,0.15005502207454668
741130147.0,2023-06-27T09:29:07.000,-1.3092826042337968,-0.6562778395391433,-0.12695714702859462
741130167.0,2023-06-27T09:29:27.000,-0.46062542310432164,-0.12370135099581958,0.136529812255759
741130187.0,2023-06-27T09:29:47.000,-0.5421362271773589,-0.6441813639845861,-0.6740495040125083
741130207.0,2023-06-27T09:30:07.000,0.9602997075530695,0.48988778380554265,1.6797256796152737
741130227.0,2023-06-27T09:30:27.000,0.4262729138670984,0.024721260072357865,-0.4245675573777419
741130247.0,2023-06-27T09:30:47.000,-0.5945568442577986,0.03484124102559605,0.7227056445624491
741130267.0,2023-06-27T09:31:07.000,-0.03145520597325202,0.6239591461842942,-1.4575483227363684
741130287.0,2023-06-27T09:31:27.000,-0.05530607591897052,-1.3106547323782358,-1.3944092674855746
741130307.0,2023-06-27T09:31:47.000,-0.2175981066332433,0.22749316014314402,-0.7240406908359809
741130327.0,2023-06-27T09:32:07.000,1.0085162310269347,-1.536881106178889,-1.0838817423919345
741130347.0,2023-06-27T09:32:27.000,-1.2684599428824939,0.8131585628179394,-0.5748013120476791
741130367.0,2023-06-27T09:32:47.000,-1.3881288206563092,0.7376949170523339,-0.4997171120901811
741130387.0,2023-06-27T09:33:07.000,-1.6333662085199485,-1.0299961648918554,0.4028940953193505
741130407.0,2023-06-27T09:33:27.000,0.6920988399716776,0.6180780989017975,0.8771461570744599
741130427.0,2023-06-27T09:33:47.000,0.5828259378448664,-0.2646910543413483,-0.1640870677332984
741130447.0,2023-06-27T09:34:07.000,-0.07670016458627416,-0.06286636491381614,0.16727269569472014
741130467.0,2023-06-27T09:34:27.000,-1.290354072258637,-0.42374869739791876,-0.8483565543060401
741130487.0,2023-06-27T09:34:47.000,-1.219003245012118,0.2709568210801372,0.487674014471029
741130507.0,2023-06-27T09:35:07.000,-0.17886796050969878,0.4363338241053505,-1.1465273249133823
741130527.0,2023-06-27T09:35:27.000,-0.5440159325020844,0.9203605801810788,-0.3289181813248554
741130547.0,2023-06-27T09:35:47.000,-0.7898342388124036,-1.0949306288310368,-0.13689352444945513
741130567.0,2023-06-27T09:36:07.000,-1.3390065750185087,0.21774962729592673,-0.4322441855442172
741130587.0,2023-06-27T09:36:27.000,-0.2335453172519486,-0.647257294394965,-0.43951683958987076
741130607.0,2023-06-27T09:36:47.000,-0.17906972348269434,-0.4537276072857921,-0.8099675845696375
741130627.0,2023-06-27T09:37:07.000,-0.8515587790247636,-0.32736278148259856,0.06799801864909583
741130647.0,2023-06-27T09:37:27.000,-0.7686935369233261,-0.46037905467866125,0.3633232520172669
741130667.0,2023-06-27T09:37:47.000,-0.3084879822590203,-0.6512100291344858,-0.278933790631708
741130687.0,2023-06-27T09:38:07.000,-0.8927093320565405,0.3297658438317086,0.4661046438481087
741130707.0,2023-06-27T09:38:27.000,-0.8991996265583779,0.39559703916003386,-0.02926843084560815
741130727.0,2023-06-27T09:38:47.000,-0.6979778289673,-0.533752623732564,-1.2429371337163708
741130747.0,2023-06-27T09:39:07.000,-0.00043310814934471864,0.3888455404665869,0.12169733474287625
741130767.0,2023-06-27T09:39:27.000,-0.13535959719757074,-0.250033006166106,0.2836084857626986
741130787.0,2023-06-27T09:39:47.000,-0.8590576718314757,-0.9622532259667693,-0.5221484387529784
741130807.0,2023-06-27T09:40:07.000,-0.8910039056897467,-1.2953119658876133,0.4449065230227589
741130827.0,2023-06-27T09:40:27.000,0.1805365739238063,-0.9279609606061001,0.07825199694888596
741130847.0,2023-06-27T09:40:47.000,0.5957873416950754,0.17790869537570586,-0.6784003316773202
741130867.0,2023-06-27T09:41:07.000,0.020015117896399204,-1.5031487412109357,-0.7722512398888881
741130887.0,2023-06-27T09:41:27.000,0.26328510958073537,-0.44544774066013204,-0.09923818656831784
741130907.0,2023-06-27T09:41:47.000,-0.593216259081597,-1.1305155977026082,-0.18304572804161978
741130927.0,2023-06-27T09:42:07.000,-0.532885655768478,-0.08916825567917286,-0.1720271368688131
741130947.0,2023-06-27T09:42:27.000,0.6960678402334608,-0.38758181234443967,-0.7534831193645175
741130967.0,2023-06-27T09:42:47.000,-0.559354716644922,0.23593088512852134,0.06430381364053162
741130987.0,2023-06-27T09:43:07.000,-0.48372554855014016,-0.38223714786678187,0.3447479476226256
741131007.0,2023-06-27T09:43:27.000,0.37155442655922855,0.07662917180795148,-0.3270327805227069
741131027.0,2023-06-27T09:43:47.000,0.03269675160622043,0.06000242909198761,-0.4170898070254836
741131047.0,2023-06-27T09:44:07.000,0.5770013636552385,0.5061682897489206,-1.1764386445345387
741131067.0,2023-06-27T09:44:27.000,-1.0730622839960624,0.3610835164535864,-0.061290724429063914
741131087.0,2023-06-27T09:44:47.000,1.3467209771356181,-1.1861897954212886,-1.257300765233893
741131107.0,2023-06-27T09:45:07.000,-1.5908321642998935,0.4510225214970909,0.802408840905322
741131127.0,2023-06-27T09:45:27.000,-0.9933261053030051,1.1296659833570644,0.1885121087896735
741131147.0,2023-06-27T09:45:47.000,-0.41591401289675645,0.7228915701706917,-0.9037779942433488
741131167.0,2023-06-27T09:46:07.000,0.4960908230877692,0.438901993915497,-0.14342901702990574
741131187.0,2023-06-27T09:46:27.000,0.10135578026870817,0.4918633104478154,0.11990278476758931
741131207.0,2023-06-27T09:46:47.000,0.07798769100508807,-0.06060301014354508,0.5102116396038525
741131227.0,2023-06-27T09:47:07.000,-0.11685906975422711,-0.11688256146280551,-0.02729216619368202
741131247.0,2023-06-27T09:47:27.000,-0.1233380853116195,0.9040048494113329,0.6237176360057717
741131267.0,2023-06-27T09:47:47.000,-0.8918314997496957,-0.6062096347236867,0.14141354873764556
741131287.0,2023-06-27T09:48:07.000,-0.6119641835944378,-1.3902010123079123,0.4411123444514331
741131307.0,2023-06-27T09:48:27.000,-1.1283732873401675,0.8794845811288532,-0.6775391434898914
741131327.0,2023-06-27T09:48:47.000,-0.587450350364449,0.10014824253223864,0.059093058546455524
741131347.0,2023-06-27T09:49:07.000,0.021875595868081632,-0.5913506196053575,-0.04102207517009404
741131367.0,2023-06-27T09:49:27.000,-0.0717529118454685,0.5047210853259543,1.3579709249089689
741131387.0,2023-06-27T09:49:47.000,-0.9137469704878498,-0.8874369458955478,-1.5389675938615177
741131407.0,2023-06-27T09:50:07.000,0.34270888933374266,0.23073581305599333,0.26245879752861967
741131427.0,2023-06-27T09:50:27.000,1.0269757916736566,-0.4917290403194663,-0.756971376181248
741131447.0,2023-06-27T09:50:47.000,0.11019833239256371,0.9403221274961737,-0.3668927391897725
741131467.0,2023-06-27T09:51:07.000,0.08490983409714659,-0.9333307995795792,-1.0845705300521757
741131487.0,2023-06-27T09:51:27.000,-0.5171376689205864,-1.045328742099727,-0.9038977339614895
741131507.0,2023-06-27T09:51:47.000,-0.7744561711597875,-0.2754678146255074,0.006990223966329978
741131527.0,2023-06-27T09:52:07.000,-0.5407836345394657,-0.15608899789354425,-0.9775657140775884
741131547.0,2023-06-27T09:52:27.000,0.34976908352968294,-1.3119042704179407,-0.7576460882674496
741131567.0,2023-06-27T09:52:47.000,0.3713309722042091,-0.2584686039863726,0.6334830368937006
741131587.0,2023-06-27T09:53:07.000,0.018257527323317646,0.2568024817795056,-0.011529995291859052
741131607.0,2023-06-27T09:53:27.000,0.9483448811575812,-0.6728542974454577,-0.004165387434973411
741131627.0,2023-06-27T09:53:47.000,-0.22826064774994492,-0.8167077167553494,-1.0019582077358535
741131647.0,2023-06-27T09:54:07.000,-0.7145030852639955,-0.8308539463430797,0.5800486947094008
741131667.0,2023-06-27T09:54:27.000,0.9738730841424292,0.5758139593137201,-0.34984232067936105
741131687.0,2023-06-27T09:54:47.000,-0.06824029854524127,1.2543879448490003,-0.8472115120117252
741131707.0,2023-06-27T09:55:07.000,1.2727454969274632,-0.4139153693794029,-0.24291591954606062
741131727.0,2023-06-27T09:55:27.000,0.44204291054228406,-1.1099024017191539,-0.5924326726858276
741131747.0,2023-06-27T09:55:47.000,-1.0444344767046587,0.13688430838820764,-0.9403071600355695
741131767.0,2023-06-27T09:56:07.000,0.6059023349380688,-1.4579896842503715,-0.749477924022468
741131787.0,2023-06-27T09:56:27.000,-0.014836383122052155,-0.49956250546268066,-0.7252500470178447
741131807.0,2023-06-27T09:56:47.000,0.35241370635041847,-0.6301551368048663,0.45584034800150164
741131827.0,2023-06-27T09:57:07.000,0.2616483190442942,-0.016759683041378537,-0.23228423577936752
741131847.0,2023-06-27T09:57:27.000,0.05848872176583697,-0.8499027554398353,-1.4024038637705516
741131867.0,2023-06-27T09:57:47.000,0.9230632563306251,-0.6217543006448167,-0.37948280041666393
741131887.0,2023-06-27T09:58:07.000,0.2677434649656085,-1.8805350449846436,-0.015131756414543673
741131907.0,2023-06-27T09:58:27.000,-0.39267788484176336,-1.2201632519359684,-0.4779871827675919
741131927.0,2023-06-27T09:58:47.000,0.5951908172652232,-0.4766371423214899,0.490901300476132
741131947.0,2023-06-27T09:59:07.000,0.5354165553583812,-1.5611245772761961,-1.1490253263191086
741131967.0,2023-06-27T09:59:27.000,-1.1950159812035288,-0.09151094498838219,-1.0913734649342643
741131987.0,2023-06-27T09:59:47.000,0.655756543066488,-0.08977560461698175,-0.38434204122639315
741132007.0,2023-06-27T10:00:07.000,-0.041832872466063264,-1.589922556211043,0.21321589147582642
741132027.0,2023-06-27T10:00:27.000,0.166592604278204,-1.5251581647945933,0.238255286166833
741132047.0,2023-06-27T10:00:47.000,-1.267794985326809,-0.5618533197693232,-0.3716152501054282
741132067.0,2023-06-27T10:01:07.000,-1.5441656242010104,-1.0760973954582198,-1.2749534881839608
741132087.0,2023-06-27T10:01:27.000,0.6242089975572185,-1.0137539883880997,-0.2600506701311289
741132107.0,2023-06-27T10:01:47.000,0.12310726907882596,0.06082565624510039,0.9040944527027861
741132127.0,2023-06-27T10:02:07.000,-0.5396395104106944,-1.023187531501435,-0.880897335941988
741132147.0,2023-06-27T10:02:27.000,1.6882007328411497,1.2289502762108384,-0.5655916163749275
741132167.0,2023-06-27T10:02:47.000,0.20923012016282883,1.1818287125264781,-0.7630118176948919
741132187.0,2023-06-27T10:03:07.000,0.2494451114665175,-0.14237267198513592,0.25292136628385364
741132207.0,2023-06-27T10:03:27.000,-0.4795415907365985,-0.617279162917761,-0.8175300906909655
741132227.0,2023-06-27T10:03:47.000,-1.1629126383527755,-0.4072783847175465,0.4084789134273237
741132247.0,2023-06-27T10:04:07.000,0.32162903470522863,-0.29730182868892285,0.8762204734780177
741132267.0,2023-06-27T10:04:27.000,-0.1648266480303029,-0.22630927365430153,-0.6332660367425191
741132287.0,2023-06-27T10:04:47.000,-0.1501053072838765,-0.5188883902551567,-0.33706858424409347
741132307.0,2023-06-27T10:05:07.000,-0.45058469965164605,-1.2945984495416063,-1.463390267397724
741132327.0,2023-06-27T10:05:27.000,-0.2607478875815694,-1.1845907097907116,-0.7625163071289798
741132347.0,2023-06-27T10:05:47.000,1.055778842351529,0.35075238596915526,0.6337529529165664
741132367.0,2023-06-27T10:06:07.000,0.20476210637054848,-0.6630784380567967,-0.677884792699146
741132387.0,2023-06-27T10:06:27.000,0.08650890360728525,-1.1688125602704602,-0.34448645749307616
741132407.0,2023-06-27T10:06:47.000,0.7765978809692875,-0.09422232777334116,-1.0850310775190053
741132427.0,2023-06-27T10:07:07.000,1.2155677225123007,0.731349333593645,-0.5365037318738608
741132447.0,2023-06-27T10:07:27.000,-0.1570096430869583,0.022830000756535185,-3.207917802028337
741132467.0,2023-06-27T10:07:47.000,0.18726163509841243,-0.5744991947498335,-1.595915640073553
741132487.0,2023-06-27T10:08:07.000,-0.8667674693985106,-0.3082206614601901,1.1616304267492161
741132507.0,2023-06-27T10:08:27.000,0.5405137156855311,0.14792067610791548,0.3259985356995898
741132527.0,2023-06-27T10:08:47.000,0.15538840817397315,-0.6710332998594026,0.17319643069724222
741132547.0,2023-06-27T10:09:07.000,-1.030441885185862,-0.6670369381178709,0.4329725067142576
741132567.0,2023-06-27T10:09:27.000,0.04587904199881976,-0.03946243751773437,0.7972320662630317
741132587.0,2023-06-27T10:09:47.000,-0.6149516920017639,0.1621902974258127,-0.3088552387842114
741132607.0,2023-06-27T10:10:07.000,0.9613145466991213,0.031551719936739886,-1.572643468317203
741132627.0,2023-06-27T10:10:27.000,-0.7575723211084018,0.16692392947881274,1.0104713417669053
741132647.0,2023-06-27T10:10:47.000,0.7189312976274564,0.15808378193149508,1.0215085349596364
741132667.0,2023-06-27T10:11:07.000,-1.3962268040401682,-1.1524753216751726,0.0802780566355743
741132687.0,2023-06-27T10:11:27.000,-0.6981244059844904,-0.8921179665000167,-0.6089495478867057
741132707.0,2023-06-27T10:11:47.000,-0.4675716698154808,0.9710787413852451,-1.0732890224240954
741132727.0,2023-06-27T10:12:07.000,-1.0389098320628953,-0.7297996175714694,-0.7009357070431044
741132747.0,2023-06-27T10:12:27.000,-1.7903456895673742,-0.8209553523985669,0.6149062064864097
741132767.0,2023-06-27T10:12:47.000,0.527769366209796,-1.169361903075039,-1.7029668106682827
741132787.0,2023-06-27T10:13:07.000,2.047093068391348,-1.3422215427771889,-1.107406777045572
741132807.0,2023-06-27T10:13:27.000,0.31145435537283106,0.0846113768382395,-0.419952951713487
741132827.0,2023-06-27T10:13:47.000,-0.13738301246624118,-0.7456825095064623,0.3890884053614485
741132847.0,2023-06-27T10:14:07.000,-1.087600625193641,0.26743065598688887,0.23822692368780096
741132867.0,2023-06-27T10:14:27.000,-0.3838183547322238,-0.541042896951005,0.3650450781322867
741132887.0,2023-06-27T10:14:47.000,-0.23969869549222977,-0.8444730158818636,0.36124517980296034
741132907.0,2023-06-27T10:15:07.000,-1.424173814246199,0.14801719729895524,0.9990563122452834
741132927.0,2023-06-27T10:15:27.000,-0.6062815156915313,0.4774372185600839,-0.12206113803037155
741132947.0,2023-06-27T10:15:47.000,-0.4999929147708748,0.1661398941421588,-1.2733800916042703
741132967.0,2023-06-27T10:16:07.000,0.0030886966650989223,-0.47020754656568187,0.005725068519257803
741132987.0,2023-06-27T10:16:27.000,0.21621037999963733,0.06465316305659385,-0.8181538762808138
741133007.0,2023-06-27T10:16:47.000,-0.28837540132498063,0.716826191471398,-0.9178656522168538
741133027.0,2023-06-27T10:17:07.000,-0.006711902866829433,-0.2400645331857021,-0.1454959771995945
741133047.0,2023-06-27T10:17:27.000,-1.265729097832402,-2.523873187343373,0.9483383770270137
741133067.0,2023-06-27T10:17:47.000,0.48677833976995544,-1.1837202116504741,-1.1235463456271688
741133087.0,2023-06-27T10:18:07.000,-0.21114043680103833,-1.0016773932974843,-0.3580036317396562
741133107.0,2023-06-27T10:18:27.000,0.18888689039542328,-0.5823833410190105,-0.34020650653276974
741133127.0,2023-06-27T10:18:47.000,0.164424253312756,-0.9686826640153967,0.05205336035540853
741133147.0,2023-06-27T10:19:07.000,0.11871303966515256,-1.465241783238369,0.028312996547263936
741133167.0,2023-06-27T10:19:27.000,-0.35619529272779005,-1.529741154449038,-0.382097382767288
741133187.0,2023-06-27T10:19:47.000,0.8623722361877917,0.9843934354658579,-0.3390755426102565
741133207.0,2023-06-27T10:20:07.000,-1.3068649951542,-0.4536306672631163,0.7040538514524464
741133227.0,2023-06-27T10:20:27.000,-0.8725716817425955,0.2073246385236871,-0.22013872178483496
741133247.0,2023-06-27T10:20:47.000,-1.201764871749944,0.11808632028875721,0.20974119937511304
741133267.0,2023-06-27T10:21:07.000,0.32266991581986204,-0.10681739363027631,-1.0944054525618974
741133287.0,2023-06-27T10:21:27.000,-0.006797693208326905,-0.5935453156635795,-0.09095810354908807
741133307.0,2023-06-27T10:21:47.000,0.2569792603712706,0.22694031264203218,0.5687779117025116
741133327.0,2023-06-27T10:22:07.000,-0.808392423801152,0.049520689515691885,1.3371572312737001
741133347.0,2023-06-27T10:22:27.000,0.852868864698042,-0.13433575848376123,-0.16677225573857868
741133367.0,2023-06-27T10:22:47.000,-0.6917285376495386,-0.6537636325631979,1.5571115294821247
741133387.0,2023-06-27T10:23:07.000,-0.5499390104635182,-1.6992514522140567,0.12674899579900867
741133407.0,2023-06-27T10:23:27.000,0.24342496964813165,0.18242794415090913,0.74594613719281
741133427.0,2023-06-27T10:23:47.000,-0.09222747492376726,0.2607659102982218,0.4036205068502774
741133447.0,2023-06-27T10:24:07.000,0.6912419621696309,-0.5966307089710909,-0.2998352508609692
741133467.0,2023-06-27T10:24:27.000,-0.7824472539885718,-0.42033271653307835,0.37342365240000674
741133487.0,2023-06-27T10:24:47.000,-1.7884112685440101,0.7822390830747317,0.018161779447023463
741133507.0,2023-06-27T10:25:07.000,-1.5703427559632388,0.8839974509733395,-1.0371852754986755
741133527.0,2023-06-27T10:25:27.000,1.1674282593299168,-1.8618897221656106,1.5296360128203013
741133547.0,2023-06-27T10:25:47.000,-0.03282068546939243,-0.3572827410258661,-0.8811344562986712
741133567.0,2023-06-27T10:26:07.000,-1.2401956847485351,-0.7875704331361533,0.08395143263895122
741133587.0,2023-06-27T10:26:27.000,-0.05182389171132229,0.3894597796261223,-0.281344338393108
741133607.0,2023-06-27T10:26:47.000,-0.7330417944650947,-0.41623055802020303,1.3769288863429985
741133627.0,2023-06-27T10:27:07.000,-0.4712372515203178,-0.13527707850569115,-1.316391986849741
741133647.0,2023-06-27T10:27:27.000,0.029448232752304904,-0.7939918989952055,0.3132790708182398
741133667.0,2023-06-27T10:27:47.000,-1.2042281660185061,0.024641919538215262,0.5259265107082634
741133687.0,2023-06-27T10:28:07.000,0.02637529508131564,-0.6761038566671651,0.11454889979889415
741133707.0,2023-06-27T10:28:27.000,-3.11932031268336,0.1047569742951282,0.0911625261279525
741133727.0,2023-06-27T10:28:47.000,-1.2681479374943017,-0.039349145608547076,1.0396824602576515
741133747.0,2023-06-27T10:29:07.000,-0.2932775830188916,-0.18063657629685537,-1.4446011767477174
741133767.0,2023-06-27T10:29:27.000,0.05746687162799802,0.6838330123826175,1.9753991623128186
741133787.0,2023-06-27T10:29:47.000,-0.45375726829277596,-0.1297762876162345,0.15696011756993755
741133807.0,2023-06-27T10:30:07.000,-0.8672051627467425,0.44587494393288907,-0.42376072647565266
741133827.0,2023-06-27T10:30:27.000,-0.5179805306676499,-0.935294595472147,1.6654914160807444
741133847.0,2023-06-27T10:30:47.000,1.7245302291191145,-0.24350571738995797,-0.965367391625449
741133867.0,2023-06-27T10:31:07.000,0.4264119690677859,-0.3741893994990697,1.0086994153946094
741133887.0,2023-06-27T10:31:27.000,-0.6008173430438468,0.039504907611842555,0.7210086818920658
741133907.0,2023-06-27T10:31:47.000,-0.9328028002020261,-0.12302480134618321,0.3619097494023116
741133927.0,2023-06-27T10:32:07.000,-0.5831489854002392,-0.39463397046857196,-0.034802706350145485
741133947.0,2023-06-27T10:32:27.000,0.1811860126932352,-0.41842988141027604,-0.6845953729239795
741133967.0,2023-06-27T10:32:47.000,-1.237157617384188,-0.09012418744624995,0.02733672804788867
741133987.0,2023-06-27T10:33:07.000,-1.0298644916861832,-1.3560105357579566,-1.41206862379617
741134007.0,2023-06-27T10:33:27.000,0.8585224836710204,0.016415454828777598,0.30925329683739733
741134027.0,2023-06-27T10:33:47.000,-0.5475196955817552,0.8302998468101563,-0.41217805665239027
741134047.0,2023-06-27T10:34:07.000,-0.6836991722769525,0.7938424408160394,-0.22289107333151037
741134067.0,2023-06-27T10:34:27.000,-1.3669041066033394,-0.9137897596600553,0.4400580008057098
741134087.0,2023-06-27T10:34:47.000,1.3970628414128328,-0.8637370047526183,0.802111836917252
741134107.0,2023-06-27T10:35:07.000,0.8165741265830917,0.40119955920792094,0.7250398712077555
741134127.0,2023-06-27T10:35:27.000,-0.40022629410607635,0.1742492622525127,-0.3034062384665859
741134147.0,2023-06-27T10:35:47.000,1.1617040632128095,-0.24961117642829933,1.4482933022530453
741134167.0,2023-06-27T10:36:07.000,0.9873547618499678,-0.4070864033534072,1.465512613163522
741134187.0,2023-06-27T10:36:27.000,-0.2661364003508915,0.11458310120726622,1.739606365658286
741134207.0,2023-06-27T10:36:47.000,-1.1395687114945652,-0.6854982599557857,0.15652606417670967
741134227.0,2023-06-27T10:37:07.000,-0.8778878659021494,-0.09947558140543933,1.4840574454000333
741134247.0,2023-06-27T10:37:27.000,-0.5716607334504964,0.10183972228849925,-0.39032837428898404
741134267.0,2023-06-27T10:37:47.000,0.02424261774658376,0.7557932652058064,0.5392192915509852
741134287.0,2023-06-27T10:38:07.000,-0.9573008138863415,0.5468086606508216,0.05888564742484448
741134307.0,2023-06-27T10:38:27.000,-1.1731320981978044,-0.3765144805933929,0.2529005941998008
741134327.0,2023-06-27T10:38:47.000,-1.3130158287966154,-0.7957189131269082,-0.41554940332089174
741134347.0,2023-06-27T10:39:07.000,-2.104276205849853,-0.19400240663935975,0.07923743701176988
741134367.0,2023-06-27T10:39:27.000,-1.5792514157730864,-0.33246453583490876,0.193090849043287
741134387.0,2023-06-27T10:39:47.000,0.21055637267064498,-0.6877870397881125,0.7296208439755425
741134407.0,2023-06-27T10:40:07.000,-1.2286117292203969,-1.2051612531926992,-0.117256890230788
741134427.0,2023-06-27T10:40:27.000,-1.274670758943941,0.8570584012157489,-0.4932312156036289
741134447.0,2023-06-27T10:40:47.000,0.27267072310044327,0.1397431276362049,0.8477177604215846
741134467.0,2023-06-27T10:41:07.000,-0.5454969621010441,-0.1606617866745097,0.1741712257419259
741134487.0,2023-06-27T10:41:27.000,0.20955306846426325,-0.6619646057304251,0.27023390611891074
741134507.0,2023-06-27T10:41:47.000,-0.5820505372011731,-1.1923637902033768,-0.8194102027236916
741134527.0,2023-06-27T10:42:07.000,-1.0306384440883498,0.06938335612716173,-0.33226497753169326
741134547.0,2023-06-27T10:42:27.000,-1.46741766045011,-0.3804990945655007,-0.30398817709720305
741134567.0,2023-06-27T10:42:47.000,-0.9175895855140226,-0.7262311443212432,0.3402386299700133
741134587.0,2023-06-27T10:43:07.000,-1.0598622204538444,-1.0909904299638562,0.659380983214497
741134607.0,2023-06-27T10:43:27.000,-0.7812143830498997,-0.5425722272800471,0.7160253065130462
741134627.0,2023-06-27T10:43:47.000,-1.262599847873247,1.781204661399638,-0.13151097131292033
741134647.0,2023-06-27T10:44:07.000,-1.853544957886033,0.004896651917274397,0.027814058822794863
741134667.0,2023-06-27T10:44:27.000,-0.7444913166287925,0.787574561433857,0.3341943600521091
741134687.0,2023-06-27T10:44:47.000,0.7906118286715724,-0.34641688670955517,0.5668729844865439
741134707.0,2023-06-27T10:45:07.000,0.5616320586931955,0.3619742610649901,0.3487013913949788
741134727.0,2023-06-27T10:45:27.000,-0.8551796308431392,-1.0879399569563297,1.4304320741564958
741134747.0,2023-06-27T10:45:47.000,-0.5393624767480176,0.6905075226271151,1.3294516420403468
741134767.0,2023-06-27T10:46:07.000,-0.23731178315777868,-1.148513672999396,0.04003651816741893
741134787.0,2023-06-27T10:46:27.000,-1.040746334579623,-0.9515994509046166,-0.43648646746996533
741134807.0,2023-06-27T10:46:47.000,0.3768824033523188,0.29610588184736386,0.2048969989676408
741134827.0,2023-06-27T10:47:07.000,-1.5981713710089274,-0.03779737622888746,0.7842883929631839
741134847.0,2023-06-27T10:47:27.000,-0.022412716416120304,0.06901717730656287,-0.9785107858317765
741134867.0,2023-06-27T10:47:47.000,-2.1048028118086926,0.5014122282043232,-0.4546467245680752
741134887.0,2023-06-27T10:48:07.000,-1.3472169153261326,0.9818467740174697,0.22801623815738026
741134907.0,2023-06-27T10:48:27.000,-0.28177105502180666,-1.5445715712103514,0.5575258356316226
741134927.0,2023-06-27T10:48:47.000,-0.2177433862549094,0.7081925127994104,0.8106582870981427
741134947.0,2023-06-27T10:49:07.000,-0.07642709478616894,-1.3489724432491634,0.7395579183722134
741134967.0,2023-06-27T10:49:27.000,-0.018843385751754482,-0.8698090667724756,1.328449308957147
741134987.0,2023-06-27T10:49:47.000,-0.2838469530419552,-1.5124329175053575,0.14306403435249138
741135007.0,2023-06-27T10:50:07.000,-1.9186231359324957,-0.7272868991714532,-0.3978506191160136
741135027.0,2023-06-27T10:50:27.000,-1.1959316714937884,-0.039401404838823595,0.03139473441216012
741135047.0,2023-06-27T10:50:47.000,-0.1645920260084921,-1.0108093350003067,0.5903314772681689
741135067.0,2023-06-27T10:51:07.000,-0.2556299712241916,-1.0441239379765932,0.7650165561368105
741135087.0,2023-06-27T10:51:27.000,-0.4580779711882421,-1.5377027037688507,-0.29083839476751194
741135107.0,2023-06-27T10:51:47.000,-0.3057124392968902,-0.3957864366244124,-0.037952431730658986
741135127.0,2023-06-27T10:52:07.000,-1.7173171954154576,-0.017629872395286128,-0.21496577058410793
741135147.0,2023-06-27T10:52:27.000,-1.0051181882464455,0.1018651026196693,-0.555205424035421
741135167.0,2023-06-27T10:52:47.000,1.5305909128127126,1.3856365856712571,-0.23024914141966946
741135187.0,2023-06-27T10:53:07.000,-0.35139738768785733,1.5597886200646727,0.277221333255806
741135207.0,2023-06-27T10:53:27.000,0.5523155033992921,-2.0736076499550116,-0.410894269209372
741135227.0,2023-06-27T10:53:47.000,-0.6941262268966852,-0.1482227436788719,0.2765015379990743
741135247.0,2023-06-27T10:54:07.000,-1.2222078984214235,-0.1566420682830305,-0.01681628236660515
741135267.0,2023-06-27T10:54:27.000,-0.8225235302528056,-1.5342092560377552,-0.702227614091111
741135287.0,2023-06-27T10:54:47.000,0.295332358002387,0.08756371068230351,-0.541162892098157
741135307.0,2023-06-27T10:55:07.000,-0.766513748806652,0.30414040529391784,0.058511336975541894
741135327.0,2023-06-27T10:55:27.000,0.38513067112111443,0.22674373645337198,-0.12865985929977342
741135347.0,2023-06-27T10:55:47.000,-0.09847479685021199,0.23702446255713383,-0.6343089374416522
741135367.0,2023-06-27T10:56:07.000,1.088190061326877,0.273729622635166,0.21751692900195962
741135387.0,2023-06-27T10:56:27.000,-1.2242127835793148,0.05071571709258649,0.27759138031546726
741135407.0,2023-06-27T10:56:47.000,0.3573929738154291,-0.24064593058259476,-0.15154856846111286
741135427.0,2023-06-27T10:57:07.000,1.4696318307305667,0.37771088463589564,0.9399479788840814
741135447.0,2023-06-27T10:57:27.000,-0.31845068911851016,0.5791718340586449,0.7555329852748649
741135467.0,2023-06-27T10:57:47.000,-0.6982072489170044,-0.3039595575571319,-0.8979433210987153
741135487.0,2023-06-27T10:58:07.000,-0.10796312510663597,-0.3655707112026896,-0.5219595977434821
741135507.0,2023-06-27T10:58:27.000,0.6142686631016581,-0.5776668788648465,0.21801138840871204
741135527.0,2023-06-27T10:58:47.000,-0.3020216499893813,0.08194944129957804,-0.1183530523252152
741135547.0,2023-06-27T10:59:07.000,-0.6871695091614782,0.40824383054083313,-0.33945326719519997
741135567.0,2023-06-27T10:59:27.000,-0.14672441148722015,-0.5403060049369302,0.06356605292134887
741135587.0,2023-06-27T10:59:47.000,-1.5473902621576663,-0.6408906011889925,0.45801969970060696
741135607.0,2023-06-27T11:00:07.000,-0.4648656195316292,-0.9680485527185922,-0.34783287173878463
741135627.0,2023-06-27T11:00:27.000,-1.5856469604336176,0.5894544575113514,0.34756199878138716
741135647.0,2023-06-27T11:00:47.000,0.784052303348659,1.2893193908847245,-0.39594084138006025
741135667.0,2023-06-27T11:01:07.000,-2.38043256549636,-0.621449899407267,-0.13047119175046973
741135687.0,2023-06-27T11:01:27.000,0.16514500540409927,0.06522207171011374,-1.1964702150035755
741135707.0,2023-06-27T11:01:47.000,0.5759328288279519,0.23463377987198442,-0.5117712669977514
741135727.0,2023-06-27T11:02:07.000,-1.998927527968597,-0.38028687465718747,-0.6308195290793961
741135747.0,2023-06-27T11:02:27.000,-0.8880017084988978,-0.006737821267588373,0.6582295688506434
741135767.0,2023-06-27T11:02:47.000,-1.2694271001367774,0.22050328093436988,1.1356688737418352
741135787.0,2023-06-27T11:03:07.000,-0.878826924632925,-0.7267534621435701,1.3969062407470645
741135807.0,2023-06-27T11:03:27.000,-0.9952713575622774,1.2544982756601541,1.1947828984171238
741135827.0,2023-06-27T11:03:47.000,-0.013501550011341124,1.1672447753019455,0.5192578667045922
741135847.0,2023-06-27T11:04:07.000,-1.0451958513679749,1.2530557860324087,-0.3220411079807306
741135867.0,2023-06-27T11:04:27.000,-1.2450918070894268,-0.3969682407123365,0.32186827430003007
741135887.0,2023-06-27T11:04:47.000,-0.5431559922497442,-0.07416215711542051,-1.166330052337905
741135907.0,2023-06-27T11:05:07.000,-1.3687855165644969,-0.39239056740525413,0.41924769516032967
741135927.0,2023-06-27T11:05:27.000,-1.1761868629722727,-0.24898686449281726,-0.49441079350565076
741135947.0,2023-06-27T11:05:47.000,0.48650700108510136,-0.10871632081244087,-0.35804544562534346
741135967.0,2023-06-27T11:06:07.000,-0.7223269958167577,0.9471886105116845,-0.5822319733672643
741135987.0,2023-06-27T11:06:27.000,-1.4305242847290067,-0.2742795488397398,0.17386545503317308
741136007.0,2023-06-27T11:06:47.000,-0.962422995531842,-0.6168374407589106,0.19550068151019673
741136027.0,2023-06-27T11:07:07.000,-0.2591427112896838,0.529201970644877,-1.789187406431303
741136047.0,2023-06-27T11:07:27.000,0.005988602613804517,0.10671603061229717,0.1305622043812349
741136067.0,2023-06-27T11:07:47.000,-0.3441637771772754,0.5258984847267278,-0.9050584080849688
741136087.0,2023-06-27T11:08:07.000,0.44085596789811277,-0.15242046061958447,0.019247244265052643
741136107.0,2023-06-27T11:08:27.000,0.5567078427581862,1.3209126587199194,0.2842167833416731
741136127.0,2023-06-27T11:08:47.000,-1.7037347960768834,-0.9132646471066153,-0.9187678218558482
741136147.0,2023-06-27T11:09:07.000,0.7867859731391924,0.10684706656105547,0.11000919108994367
741136167.0,2023-06-27T11:09:27.000,-1.9731823800550607,0.4210688822281483,0.4017304179315673
741136187.0,2023-06-27T11:09:47.000,0.18976563254113898,0.5761041619756213,-1.1542082820836796
741136207.0,2023-06-27T11:10:07.000,-0.8518727630635325,-0.06091859733325933,-0.8070991849518094
741136227.0,2023-06-27T11:10:27.000,-0.811735390904289,-0.3022018649323499,-0.8200178813644321
741136247.0,2023-06-27T11:10:47.000,0.1773845652031092,-0.1359992936267318,0.4595125671635891
741136267.0,2023-06-27T11:11:07.000,-1.3079989421238558,0.19418367454004937,-1.0146708854463782
741136287.0,2023-06-27T11:11:27.000,0.038325033280273146,0.37697157442284634,-0.19342333807959022
741136307.0,2023-06-27T11:11:47.000,-2.620802256247945,0.417669283558908,-0.5447810918046692
741136327.0,2023-06-27T11:12:07.000,0.21255561380995047,0.3381213795949911,-1.5305273477594916
741136347.0,2023-06-27T11:12:27.000,-0.7956382905849324,0.1250967672117298,-0.041004296624791436
741136367.0,2023-06-27T11:12:47.000,-1.178573165394603,0.15930751038339963,-0.07107683741569559
741136387.0,2023-06-27T11:13:07.000,-0.5283283202928146,-0.12988921365142403,-0.5743233423838312
741136407.0,2023-06-27T11:13:27.000,-1.2425814977623517,0.3722536919714692,0.20025579364757462
741136427.0,2023-06-27T11:13:47.000,-0.6997030006394844,-0.8270208254890221,0.042617733142513714
741136447.0,2023-06-27T11:14:07.000,0.3475519964490914,0.02981892472941894,-1.5537923660047248
741136467.0,2023-06-27T11:14:27.000,0.07144466591668674,0.3525216991984159,0.38912572487559416
741136487.0,2023-06-27T11:14:47.000,-0.025390895486143705,-0.22654258575727226,0.6658399882453203
741136507.0,2023-06-27T11:15:07.000,-1.2566442411321432,0.18708002763601073,0.14527288845211928
741136527.0,2023-06-27T11:15:27.000,0.006094538040901654,0.9048016061385944,-0.8618941702676075
741136547.0,2023-06-27T11:15:47.000,1.2292079378362075,0.26761090656801656,0.5019145985496465
741136567.0,2023-06-27T11:16:07.000,-0.33972479459576377,-1.0877941800990776,-0.5578524858385059
741136587.0,2023-06-27T11:16:27.000,-0.8185010633932066,0.9263348749732891,-0.4510338074692477
741136607.0,2023-06-27T11:16:47.000,-1.075053605470444,0.3615237318177478,-0.2440678747772651
741136627.0,2023-06-27T11:17:07.000,-0.7669247741204366,-0.028395686868520897,0.08333201978460991
741136647.0,2023-06-27T11:17:27.000,-0.2324901240857713,0.5273899226665435,-0.9939201051856195
741136667.0,2023-06-27T11:17:47.000,-2.2438160448667865,-0.7363785596292693,0.9129268837893001
741136687.0,2023-06-27T11:18:07.000,-0.08440977053991716,0.7247700880785857,-0.21724130204736625
741136707.0,2023-06-27T11:18:27.000,-0.25656141824370593,0.450375230642841,-0.4834235204143056
741136727.0,2023-06-27T11:18:47.000,-0.43329531955738076,0.9160452176137923,-0.7129959003870923
741136747.0,2023-06-27T11:19:07.000,-1.4229770454954327,0.013669613840860961,-1.0435705707245724
741136767.0,2023-06-27T11:19:27.000,0.042229654539927,0.34272928035594674,-1.7235710187080144
741136787.0,2023-06-27T11:19:47.000,0.0187049614130963,0.46167298437538307,0.42420398324027886
741136807.0,2023-06-27T11:20:07.000,-0.36693903658902016,0.0655933846571699,-1.8464688242403327
741136827.0,2023-06-27T11:20:27.000,-0.26179381326096873,-0.3252150518218144,-0.9863397183673683
741136847.0,2023-06-27T11:20:47.000,-0.43364110695609526,0.40173123074804806,-0.3162549475965726
741136867.0,2023-06-27T11:21:07.000,-0.6968484208003112,0.14703931688897498,-0.8241127153363337
741136887.0,2023-06-27T11:21:27.000,-0.21405735337598486,0.3603243114547183,-0.9135508781121793
741136907.0,2023-06-27T11:21:47.000,-0.24417301177637185,0.20399495725964556,-0.6155159594678494
741136927.0,2023-06-27T11:22:07.000,0.6808799158486423,-1.314661865670086,-0.43395149653679965
741136947.0,2023-06-27T11:22:27.000,-0.1377672074087677,0.005860833651727404,-1.4215077405843601
741136967.0,2023-06-27T11:22:47.000,-0.5387980910764867,-1.8985031777996042,-0.1449541969789081
741136987.0,2023-06-27T11:23:07.000,-0.5290190309814591,-0.3355503482405098,-0.008324683742344519
741137007.0,2023-06-27T11:23:27.000,0.17086482988482032,-0.0999438944271347,0.25923639718206104
741137027.0,2023-06-27T11:23:47.000,-0.18592174220177782,0.2638713225588951,0.35625634076108526
741137047.0,2023-06-27T11:24:07.000,0.4604132414320894,1.2780492106623242,-0.8967911947044271
741137067.0,2023-06-27T11:24:27.000,0.24720651102816404,0.8686835569871043,-1.9782612967089719
741137087.0,2023-06-27T11:24:47.000,-1.2337467238499045,-0.43567393549492905,-0.5552971969247089
741137107.0,2023-06-27T11:25:07.000,0.747643245180285,-0.6644239084918624,-0.9430277493893691
741137127.0,2023-06-27T11:25:27.000,-0.9990472889298552,1.2208622318099493,-0.8183188759280924
741137147.0,2023-06-27T11:25:47.000,-0.45357978086801864,-1.2365731747232545,0.6267709283913625
741137167.0,2023-06-27T11:26:07.000,1.4354734085064713,1.3699870832106775,-1.6474210158046176
741137187.0,2023-06-27T11:26:27.000,-0.9732727573208422,-0.1521794614989247,-1.8958125371892898
741137207.0,2023-06-27T11:26:47.000,0.018299328752302557,-0.47248527054177814,-0.6178152128222258
741137227.0,2023-06-27T11:27:07.000,-0.9774364367554078,0.2689034128033896,0.2679694327767379
741137247.0,2023-06-27T11:27:27.000,0.5417077324043618,-0.5698148982657969,-0.2763460044130639
741137267.0,2023-06-27T11:27:47.000,0.20454048414997317,-0.48408204691430257,0.10690771118371245
741137287.0,2023-06-27T11:28:07.000,-0.10758199857630046,-0.9124559068318661,-0.5074260801873898
741137307.0,2023-06-27T11:28:27.000,1.6551046787105506,0.2972855723926138,-0.2728790999162456
741137327.0,2023-06-27T11:28:47.000,0.14033036226379636,0.059045240630162255,-0.7286672890738366
741137347.0,2023-06-27T11:29:07.000,-0.13980251206691108,-0.17458696012218056,-2.002672309853182
741137367.0,2023-06-27T11:29:27.000,-0.4269304944570784,-0.028165839360827505,-0.8459749733069621
741137387.0,2023-06-27T11:29:47.000,0.1569044038030043,0.7533184916863611,-0.5626445398587698
741137407.0,2023-06-27T11:30:07.000,-0.9671647041575859,0.09552890608555131,1.6708879322813175
741137427.0,2023-06-27T11:30:27.000,0.03139641969740481,-0.13984091118413033,-1.4695644959594745
741137447.0,2023-06-27T11:30:47.000,1.0156283892892581,-1.4496081686354856,-0.46248789035141513
741137467.0,2023-06-27T11:31:07.000,-1.1165571753846137,0.39386302675969986,-1.433997684263666
741137487.0,2023-06-27T11:31:27.000,-1.2255852573472836,-0.6416646382900737,-1.8126282180896958
741137507.0,2023-06-27T11:31:47.000,-1.4214980698534774,-0.5468940340924711,-1.2336096822385123
741137527.0,2023-06-27T11:32:07.000,-1.0634171198620201,2.2217692106418774,-0.5263461271498571
741137547.0,2023-06-27T11:32:27.000,-0.20865744765341532,-0.6863632952325283,-0.07657464875521214
741137567.0,2023-06-27T11:32:47.000,-0.09242474565684944,1.0474851018904552,-1.7369509819453732
741137587.0,2023-06-27T11:33:07.000,-0.4437742320284599,-1.1017964117399082,-0.2721906556812925
741137607.0,2023-06-27T11:33:27.000,-0.46693712476564286,0.5812211487432606,-0.6426842691031887
741137627.0,2023-06-27T11:33:47.000,-0.14996114190424237,-0.5129320768793022,-0.9640678757305565
741137647.0,2023-06-27T11:34:07.000,-0.04766692537350181,1.2287077928441192,0.9647467935192111
741137667.0,2023-06-27T11:34:27.000,-0.8358469050895323,-0.37556380388936716,-0.08211700556204349
741137687.0,2023-06-27T11:34:47.000,-0.5471073586171826,-0.17861511599770452,-0.17790094051228778
741137707.0,2023-06-27T11:35:07.000,0.87247088653708,-0.05826604358993848,0.2118565445408116
741137727.0,2023-06-27T11:35:27.000,-0.8822272294373157,-0.1780025283504294,-0.8643454599388534
741137747.0,2023-06-27T11:35:47.000,-1.1290253087103963,-0.8363794106291955,0.060152163150473115
741137767.0,2023-06-27T11:36:07.000,0.8326504580824512,1.472562275117717,0.6449640301497972
741137787.0,2023-06-27T11:36:27.000,-1.5926320455106335,0.7340218087681372,0.307294995949281
741137807.0,2023-06-27T11:36:47.000,0.7360934700773036,-0.2565572994051024,-1.12250937721603
741137827.0,2023-06-27T11:37:07.000,0.8971838316607084,-0.06193728170345025,-0.271813548102795
741137847.0,2023-06-27T11:37:27.000,1.1919976856566983,-0.22832939988726153,-1.5610883628447425
741137867.0,2023-06-27T11:37:47.000,0.5146484613804958,-0.25377749132138305,0.10343246029664854
741137887.0,2023-06-27T11:38:07.000,1.098697881340982,-0.5024596514857649,-0.504979582616194
741137907.0,2023-06-27T11:38:27.000,-1.0051618743345259,0.7371455272853211,-1.035351942813012
741137927.0,2023-06-27T11:38:47.000,1.1353930943425183,0.38706291431989115,-1.9597129631732102
741137947.0,2023-06-27T11:39:07.000,-0.7588545138270675,-0.9614406614844029,-0.6126646039161798
741137967.0,2023-06-27T11:39:27.000,-0.15260184272891664,0.1300665386727573,-0.36050862728398414
741137987.0,2023-06-27T11:39:47.000,-0.8101616563949143,1.392975793346185,0.3023590655182318
741138007.0,2023-06-27T11:40:07.000,-0.15107611341935723,0.7614185720594691,-1.5750435434891408
741138027.0,2023-06-27T11:40:27.000,1.3872630202249603,0.47797668702997953,-1.077950010985873
741138047.0,2023-06-27T11:40:47.000,0.5519239648310581,-0.25087376819277196,0.05053859297721175
741138067.0,2023-06-27T11:41:07.000,-0.03764626294033846,0.14727195229990997,1.178528186140948
741138087.0,2023-06-27T11:41:27.000,-0.7077277122014003,-0.24844223162068246,-0.7226436813612125
741138107.0,2023-06-27T11:41:47.000,0.3249629319301839,0.7138592408861832,-0.6527104158826624
741138127.0,2023-06-27T11:42:07.000,0.584257802005439,-0.5233736417253887,0.054374101121634766
741138147.0,2023-06-27T11:42:27.000,-0.6234530269710881,0.4763032696253333,-0.2173508046210415
741138167.0,2023-06-27T11:42:47.000,-0.4737157913603518,0.9674078309429568,0.07968350366205357
741138187.0,2023-06-27T11:43:07.000,0.3017136083971472,1.1481489542775059,-0.6634127535320999
741138207.0,2023-06-27T11:43:27.000,-0.3950554818277219,0.5026102216754147,-0.7025290497009173
741138227.0,2023-06-27T11:43:47.000,-0.18342720039532523,0.8724780774849172,-1.891504694107038
741138247.0,2023-06-27T11:44:07.000,0.12178785430139172,-0.47841423915784276,0.12367790188649863
741138267.0,2023-06-27T11:44:27.000,0.7318568710390494,-1.1447316299206811,-1.243588236488069
741138287.0,2023-06-27T11:44:47.000,0.06623191608490231,0.4528841010209561,-0.4327559497419031
741138307.0,2023-06-27T11:45:07.000,0.7745760789434897,0.05984787142532255,0.1734542510622994
741138327.0,2023-06-27T11:45:27.000,0.1759999649020294,0.15558227439704808,-0.025915857959635247
741138347.0,2023-06-27T11:45:47.000,0.49578198300093135,-1.3611294011228736,-0.7286494049463244
741138367.0,2023-06-27T11:46:07.000,0.13099507332192672,0.5579601057847938,-0.7182861160859311
741138387.0,2023-06-27T11:46:27.000,0.6875928853955493,1.2948452097538699,-0.7701589969766331
741138407.0,2023-06-27T11:46:47.000,1.3290290140077765,-0.2516073901892568,-0.4982834745148601
741138427.0,2023-06-27T11:47:07.000,0.7402634424780175,-0.8579235217243131,-0.6434541790723003
741138447.0,2023-06-27T11:47:27.000,0.7917180937178081,-0.3735383617087251,-1.0720414042153514
741138467.0,2023-06-27T11:47:47.000,0.4443782403051877,0.5870279740305406,-1.6835244711965736
741138487.0,2023-06-27T11:48:07.000,1.4335929473863196,-0.08065566617920794,-1.7499824281674847
741138507.0,2023-06-27T11:48:27.000,0.23216292678318595,-0.015668249730982353,-0.8196088700729298
741138527.0,2023-06-27T11:48:47.000,1.3229393944658163,-0.7018068132635946,0.40835187068433143
741138547.0,2023-06-27T11:49:07.000,-0.15595324748263195,-0.5486392087306058,-0.09181620587161987
741138567.0,2023-06-27T11:49:27.000,0.45480119593710455,-0.5654238128371958,-1.939504746739651
741138587.0,2023-06-27T11:49:47.000,-0.39658634073402865,0.6203052880682236,-1.1420602598954943
741138607.0,2023-06-27T11:50:07.000,1.1745759861736538,-0.2109568431940545,-0.4501710353488342
741138627.0,2023-06-27T11:50:27.000,-0.7704434852096043,0.2579270920843868,-0.24405103508096104
741138647.0,2023-06-27T11:50:47.000,0.11590220296842091,-1.1302822613856733,-1.3032831381099008
741138667.0,2023-06-27T11:51:07.000,-0.054999557341783856,0.14933188505761308,0.37315449573638304
741138687.0,2023-06-27T11:51:27.000,1.0505820054240722,-0.8005311584624586,-0.9226921962812717
741138707.0,2023-06-27T11:51:47.000,-0.07644869810530253,-0.5263737838268057,-0.6754824791843639
741138727.0,2023-06-27T11:52:07.000,0.6061614833408058,-0.31089034260300963,-2.4453945726365944
741138747.0,2023-06-27T11:52:27.000,0.6890686578331362,0.6083051557137509,0.05397328923795186
741138767.0,2023-06-27T11:52:47.000,0.1182713356917553,-1.6492594966721619,0.9697328004265593
741138787.0,2023-06-27T11:53:07.000,-0.1183973064922128,1.069198506664648,-0.22429871843199223
741138807.0,2023-06-27T11:53:27.000,1.302640405775879,-0.8433722218259554,-0.1067701275725419
741138827.0,2023-06-27T11:53:47.000,-0.14478923316962877,0.4812776485341175,-0.7311301724710617
741138847.0,2023-06-27T11:54:07.000,0.6750464520033361,-0.3265521755668743,-0.31586451267884286
741138867.0,2023-06-27T11:54:27.000,1.1240179431881714,1.2041935899764766,-0.24789314897466497
741138887.0,2023-06-27T11:54:47.000,0.20170544667852397,-0.3622940324077284,0.002511170238417293
741138907.0,2023-06-27T11:55:07.000,0.10797779134152918,-1.3495613744529678,-1.0466221774918516
741138927.0,2023-06-27T11:55:27.000,0.45574553804161866,0.05950788238839877,0.3512359725066361
741138947.0,2023-06-27T11:55:47.000,-0.11983360710399182,0.01565801618363949,-1.3763174793846034
741138967.0,2023-06-27T11:56:07.000,-0.43230005535299654,0.24719617829349616,-0.2791574637783789
741138987.0,2023-06-27T11:56:27.000,1.7816273888526801,-0.859198267133543,-2.0593933407919707
741139007.0,2023-06-27T11:56:47.000,0.8997317487713374,-1.5078357008313503,0.09712144788398547
741139027.0,2023-06-27T11:57:07.000,1.466321483667432,0.009265366807120756,0.3541300523157709
741139047.0,2023-06-27T11:57:27.000,0.34950028114932863,-1.0745359022568124,-1.2279310687590694
741139067.0,2023-06-27T11:57:47.000,0.5465729870035574,-0.04941269080571686,-1.1684550698998208
741139087.0,2023-06-27T11:58:07.000,0.8798927617514885,-1.0488934236829728,-0.8619838361423326
741139107.0,2023-06-27T11:58:27.000,1.3578885968978938,-0.7087336610922534,-0.626407472992252
741139127.0,2023-06-27T11:58:47.000,0.6386593667917495,0.2500464472143804,0.847893617950124
741139147.0,2023-06-27T11:59:07.000,0.7561928249910643,-1.3419398649627823,0.34288897921008754
741139167.0,2023-06-27T11:59:27.000,1.5931524728785007,-1.15274498616591,0.34457691656664124
741139187.0,2023-06-27T11:59:47.000,-1.6851071460211031,0.7403583884957321,-0.35025471926131146
741139207.0,2023-06-27T12:00:07.000,-1.3103480030363102,-1.6812647922193058,-0.15398760143670032
741139227.0,2023-06-27T12:00:27.000,0.8605740709710652,0.1256061277987719,0.1511030368828159
741139247.0,2023-06-27T12:00:47.000,-0.14206225669166628,-2.3853699815723495,-0.5235748234633242
741139267.0,2023-06-27T12:01:07.000,0.4362127543511285,-0.4061782488018473,-1.9758182034146365
741139287.0,2023-06-27T12:01:27.000,0.037166348232364754,-1.1368393687427591,-0.2927642873462588
741139307.0,2023-06-27T12:01:47.000,-0.0037576936562366825,-0.0416036027961475,-0.7183175480096615
741139327.0,2023-06-27T12:02:07.000,-0.6485358916896722,0.007922908629165448,-0.34363429531891754
741139347.0,2023-06-27T12:02:27.000,1.2840934411451066,-1.679611721006058,-0.10817157233278252
741139367.0,2023-06-27T12:02:47.000,0.28540124507037135,-1.306837164483099,-0.9624327600210592
741139387.0,2023-06-27T12:03:07.000,0.7174799571463275,-0.3532546291817873,-1.3800087383497583
741139407.0,2023-06-27T12:03:27.000,0.6847581488167442,-1.1988151290331928,-2.314112567269877
741139427.0,2023-06-27T12:03:47.000,-0.03845093763388263,-0.9457216213815123,-0.8106269215879536
741139447.0,2023-06-27T12:04:07.000,0.4345963775187478,0.054643232738627034,-0.12784595022630185
741139467.0,2023-06-27T12:04:27.000,0.7317478161072977,0.8783058074501859,0.8460865010606611
741139487.0,2023-06-27T12:04:47.000,0.13713442931218012,-0.5577747862250959,-0.8200893042320523
741139507.0,2023-06-27T12:05:07.000,1.0512704421317132,-0.43051641728242274,-0.17412747373990456
741139527.0,2023-06-27T12:05:27.000,-0.22039348945845916,-0.3699156526093539,-1.543715407836821
741139547.0,2023-06-27T12:05:47.000,0.4454643596329966,0.1817344102206242,1.3535008788756464
741139567.0,2023-06-27T12:06:07.000,-0.04360502399158861,-0.9900293181930309,-1.0884980863989924
741139587.0,2023-06-27T12:06:27.000,-0.1800148997865847,0.10388504386726893,-0.10842997030247048
741139607.0,2023-06-27T12:06:47.000,0.8157335601333138,-0.7105531713014202,-1.0473875760697027
741139627.0,2023-06-27T12:07:07.000,0.41220881624726147,-0.7975793548609111,-0.64348414327009
741139647.0,2023-06-27T12:07:27.000,0.7013976601855099,-1.0405272603875027,-2.048661218401193
741139667.0,2023-06-27T12:07:47.000,-1.319798041488074,-0.32112844483567216,0.6991833861214047
741139687.0,2023-06-27T12:08:07.000,0.9898136871799856,-0.7676355487595821,0.7085253903582611
741139707.0,2023-06-27T12:08:27.000,0.9650444947495451,-2.1253499956963573,0.486797943255457
741139727.0,2023-06-27T12:08:47.000,0.7608814764914484,-0.36386669710619657,-1.3879710579534077
741139747.0,2023-06-27T12:09:07.000,0.37870878319967716,-1.110313063823476,-0.03870389628790605
741139767.0,2023-06-27T12:09:27.000,0.8611500787791826,-0.14804396462064773,-0.6423360348617457
741139787.0,2023-06-27T12:09:47.000,0.7741815339801228,-0.799759355707419,-0.14579656405500074
741139807.0,2023-06-27T12:10:07.000,0.325148639179762,-0.9966926557747335,0.17313305096244846
741139827.0,2023-06-27T12:10:27.000,-0.40053804419848404,-2.082389133362117,-0.6027578433043246
741139847.0,2023-06-27T12:10:47.000,0.454827441143113,-0.21167434914870498,-0.2753100772023842
741139867.0,2023-06-27T12:11:07.000,-0.5011898026263673,-1.7909465623522358,-1.7719364375445856
741139887.0,2023-06-27T12:11:27.000,-0.40774172045399126,-1.26333290938474,0.8897216903891447
741139907.0,2023-06-27T12:11:47.000,-0.47192098039383623,-2.18877186212163,-0.04328685360155404
741139927.0,2023-06-27T12:12:07.000,-0.4870477425034103,-0.38595243257999456,-0.8172955245910885
741139947.0,2023-06-27T12:12:27.000,0.9839550936696639,-0.3606479565654297,-0.10629926745497897
741139967.0,2023-06-27T12:12:47.000,1.1961881731470392,-0.8149684074920671,0.46157267891144826
741139987.0,2023-06-27T12:13:07.000,-1.3778013433163316,-1.4397930255705127,0.5477847906609767
741140007.0,2023-06-27T12:13:27.000,-0.4814513863249381,-0.4486590947427871,0.79414532589972
741140027.0,2023-06-27T12:13:47.000,0.36131825151830554,-1.1070252192935115,-0.9174713805348844
741140047.0,2023-06-27T12:14:07.000,0.6285769301395128,-1.8039940798519893,1.2841998528245746
741140067.0,2023-06-27T12:14:27.000,0.3122635924168726,-1.5491383588916996,-1.2677238095282206
741140087.0,2023-06-27T12:14:47.000,0.21319374259309853,-1.5031664591047544,0.14677851344346848
741140107.0,2023-06-27T12:15:07.000,-0.30596947202532476,-1.0906247015496362,-0.3910550444463645
741140127.0,2023-06-27T12:15:27.000,1.1865207905858988,-0.8876915759459258,-0.008276667751161426
741140147.0,2023-06-27T12:15:47.000,0.878499154455259,-0.6605710610840809,1.1251820994262474
741140167.0,2023-06-27T12:16:07.000,-0.731213549010068,-0.17471003160851595,-0.020346933005122025
741140187.0,2023-06-27T12:16:27.000,0.9620377818042591,0.428665673590789,-0.13771439382193051
741140207.0,2023-06-27T12:16:47.000,0.25194999043742783,-0.07121755388750373,-0.22443309244390974
741140227.0,2023-06-27T12:17:07.000,1.2038159034610807,0.17322407155351272,0.14121005308398438
741140247.0,2023-06-27T12:17:27.000,0.44058327289819843,-0.0713015885001056,-0.11206067553892751
741140267.0,2023-06-27T12:17:47.000,1.5121725946753983,-0.7233091355196564,-0.3839469563282627
741140287.0,2023-06-27T12:18:07.000,-1.4208328499409895,-0.3783895935582926,-0.5194502714633842
741140307.0,2023-06-27T12:18:27.000,1.8359796641664872,-0.36997573015229435,-1.346702009441536
741140327.0,2023-06-27T12:18:47.000,0.3844113653395098,-0.6203760024026117,0.060191972672818395
741140347.0,2023-06-27T12:19:07.000,0.1777504964550758,-0.27286469197473906,-0.14236417271717983
741140367.0,2023-06-27T12:19:27.000,0.0007675758695313561,-0.9565955785495461,-1.405154268141473
741140387.0,2023-06-27T12:19:47.000,0.14828939236544159,-1.4912583882087382,0.07426042940572586
741140407.0,2023-06-27T12:20:07.000,-0.28501948804438015,-2.760254618905389,-1.2576769797600917
741140427.0,2023-06-27T12:20:27.000,2.844184230532676,-1.202406992240057,-0.2921742067951705
741140447.0,2023-06-27T12:20:47.000,0.6476592884996357,0.5976474906632667,-0.7115056889661631
741140467.0,2023-06-27T12:21:07.000,-0.23866528406912835,-1.246582561742482,-0.28074974022240795
741140487.0,2023-06-27T12:21:27.000,0.5277513753343399,1.034046710490788,-0.1515102596050255
741140507.0,2023-06-27T12:21:47.000,1.0019463401955697,-1.8090868336706478,-0.599842288673269
741140527.0,2023-06-27T12:22:07.000,-0.4634653805735134,-1.827731063031024,-0.20058882175266746
741140547.0,2023-06-27T12:22:27.000,-0.6426555696603664,-2.037069468807662,-1.9206377777858386
741140567.0,2023-06-27T12:22:47.000,0.16174615004027615,-0.7173436541774159,-0.2659745170774386
741140587.0,2023-06-27T12:23:07.000,0.37564919758148463,-0.2834422105690848,1.1215972717248945
741140607.0,2023-06-27T12:23:27.000,-0.17357388772953897,-2.4956932811681654,-0.1378127109430416
741140627.0,2023-06-27T12:23:47.000,1.0916202920929763,-0.9469238208215103,-0.08913826220480203
741140647.0,2023-06-27T12:24:07.000,-0.12198053134238052,0.5211659108272926,-0.5081055565625547
741140667.0,2023-06-27T12:24:27.000,1.8274045311961196,-1.3193127126109871,0.9576259518695451
741140687.0,2023-06-27T12:24:47.000,-0.9673326818226968,-1.0985287511311448,0.5322646860594915
741140707.0,2023-06-27T12:25:07.000,0.4434274056941412,-1.4469447541132219,0.3701864402683164
741140727.0,2023-06-27T12:25:27.000,0.639895392273715,0.038048488659736535,0.7915542711955936
741140747.0,2023-06-27T12:25:47.000,-0.27044361400330175,-1.0166902481900664,0.5801188435627935
741140767.0,2023-06-27T12:26:07.000,-1.2694729971896024,-1.1908060774779017,0.5353463785939816
741140787.0,2023-06-27T12:26:27.000,1.1645336976395804,-1.1763725784152967,0.25903006186656086
741140807.0,2023-06-27T12:26:47.000,0.829665428991877,-0.04844654480917754,0.21629735612593848
741140827.0,2023-06-27T12:27:07.000,-0.41526294636273775,-1.0928316004465977,1.4979525211900047
741140847.0,2023-06-27T12:27:27.000,-0.09897469747111032,-1.480591727720526,0.12442263992440417
741140867.0,2023-06-27T12:27:47.000,0.14632310842976892,-0.8984347682150506,0.7187728736868237
741140887.0,2023-06-27T12:28:07.000,-1.7113532739254644,-1.9664789237983094,1.2105309363907857
741140907.0,2023-06-27T12:28:27.000,0.23814283608425413,-1.4372424266051453,-1.0756992833815815
741140927.0,2023-06-27T12:28:47.000,-0.05315796955951413,-1.1524987674538245,0.5890682607034847
741140947.0,2023-06-27T12:29:07.000,0.16688015546106882,-0.39743781102830056,0.37409404034516314
741140967.0,2023-06-27T12:29:27.000,-0.9095376091283747,-0.028476834224022696,-0.04209149555567393
741140987.0,2023-06-27T12:29:47.000,-0.5426388711704533,-2.039117659724532,-1.4775999151894759
741141007.0,2023-06-27T12:30:07.000,0.7025383054304335,-1.1158930286137014,-0.21258548837943536
741141027.0,2023-06-27T12:30:27.000,-0.14257120294347558,-0.546737434592437,0.7526481405117913
741141047.0,2023-06-27T12:30:47.000,-0.2568650134260331,-0.5420772543507368,0.25140392081457463
741141067.0,2023-06-27T12:31:07.000,-0.14171324683731612,-0.9611545762955309,-0.9706400477038635
741141087.0,2023-06-27T12:31:27.000,-1.2203689226830683,-0.22970360203933282,0.2351519127086199
741141107.0,2023-06-27T12:31:47.000,-0.95470315216728,-1.7312462948226859,0.35161730337351926
741141127.0,2023-06-27T12:32:07.000,1.3950712976829038,-1.5639269420830715,1.224032325164437
741141147.0,2023-06-27T12:32:27.000,-0.4401155340505447,-1.104133401741425,-0.5966271908186549
741141167.0,2023-06-27T12:32:47.000,0.6451866350176694,-1.5430709975450263,-1.4333345406902787
741141187.0,2023-06-27T12:33:07.000,0.1526447670929798,-1.2311092758898745,2.7623763631523524
741141207.0,2023-06-27T12:33:27.000,0.6550594744303417,0.3018414770794564,0.32136291681084117
741141227.0,2023-06-27T12:33:47.000,0.09854174786161352,-1.2326530666850744,-1.1079761180532444
741141247.0,2023-06-27T12:34:07.000,-0.4520552919995424,-2.0477825991571663,-0.000981584880044295
741141267.0,2023-06-27T12:34:27.000,-1.2238151464227798,-1.2577433437743757,0.5431495965990685
741141287.0,2023-06-27T12:34:47.000,1.8497241763948402,-0.5010698815866022,-1.1510287847515954
741141307.0,2023-06-27T12:35:07.000,-0.09853098803525029,-1.0034396228930653,0.6158211000806268
741141327.0,2023-06-27T12:35:27.000,-0.6116891700491678,-1.2456551844008956,0.5263606213889993
741141347.0,2023-06-27T12:35:47.000,0.47209224066646627,-0.8290287958789833,1.1326503910780161
741141367.0,2023-06-27T12:36:07.000,0.43208373659009425,-0.8247901230662436,2.3249573346539876
741141387.0,2023-06-27T12:36:27.000,0.2665217360142691,-1.4364950659317977,0.6841852718042496
741141407.0,2023-06-27T12:36:47.000,-0.34073790439181906,-1.3650261320274915,1.259956577670529
741141427.0,2023-06-27T12:37:07.000,0.20075409138398115,-1.3976677628924072,-0.42376787459108556
741141447.0,2023-06-27T12:37:27.000,-0.9533863209232329,-0.014917113244639069,0.6664999437022701
741141467.0,2023-06-27T12:37:47.000,-0.07697419411867301,-0.07510051810433183,0.17254316275749915
741141487.0,2023-06-27T12:38:07.000,0.020091889918472106,-0.9316907312317824,0.974522736174599
741141507.0,2023-06-27T12:38:27.000,1.3408703361306173,-0.7115885503838904,-0.3223225620407888
741141527.0,2023-06-27T12:38:47.000,0.5056758503929615,0.31423745129322,-1.60533767399329
741141547.0,2023-06-27T12:39:07.000,0.003980446472429122,-0.8226796937349512,1.016087619043482
741141567.0,2023-06-27T12:39:27.000,-1.3716489808968113,-0.5814135346837723,0.5572382281271437
741141587.0,2023-06-27T12:39:47.000,-0.06982717014603068,0.32409948015343915,-0.0033819888223263206
741141607.0,2023-06-27T12:40:07.000,-0.17735422650488886,0.3549833103799749,0.18870014860672413
741141627.0,2023-06-27T12:40:27.000,-0.45627882981902346,-1.4987521539167048,0.5744494623649565
741141647.0,2023-06-27T12:40:47.000,0.5823406725169455,-0.5150796024033788,-0.03567744583099497
741141667.0,2023-06-27T12:41:07.000,-0.061037950926934315,0.006772605543048371,0.6060941101670991
741141687.0,2023-06-27T12:41:27.000,-0.4360771689748688,-1.8074932155331958,0.6224302348534216
741141707.0,2023-06-27T12:41:47.000,-0.23417933182612316,-0.49693441831477614,-0.20574180782384488
741141727.0,2023-06-27T12:42:07.000,0.24120571500141352,-0.6605507303802938,-0.1998543725512114
741141747.0,2023-06-27T12:42:27.000,0.23560090501861808,-0.6830357289100419,-0.0016193096863403866
741141767.0,2023-06-27T12:42:47.000,0.21242421485156981,-0.5424313363810995,0.5843988165721292
741141787.0,2023-06-27T12:43:07.000,-1.4747916999957589,-1.3381031683690203,-0.42492990959264176
741141807.0,2023-06-27T12:43:27.000,-0.68795330165905,-1.0301719846173008,-0.35026305605923014
741141827.0,2023-06-27T12:43:47.000,1.0417852743138667,-0.057324299507222065,-0.4236014148117917
741141847.0,2023-06-27T12:44:07.000,-0.9707585811868924,-0.8430147422799905,1.5661318243931355
741141867.0,2023-06-27T12:44:27.000,1.8829248231932993,1.0004656679107882,-0.6341876464643903
741141887.0,2023-06-27T12:44:47.000,0.0026336720471142883,-0.6008036323446042,0.6980131156408831
741141907.0,2023-06-27T12:45:07.000,0.07047186590947163,-1.5465811349923975,-1.1274121694215822
741141927.0,2023-06-27T12:45:27.000,-0.4443237980544801,0.6268142087373363,0.33195507742611596
741141947.0,2023-06-27T12:45:47.000,0.7452824349996057,-1.3172929281712875,-0.8187668999459774
741141967.0,2023-06-27T12:46:07.000,-0.8246291564595332,-1.7267213066718412,-0.21155949189166634
741141987.0,2023-06-27T12:46:27.000,-0.8706346767528572,-0.8389328416624764,0.2857286642621304
741142007.0,2023-06-27T12:46:47.000,0.1375251240220976,0.6852779623423011,-0.0739212800304756
741142027.0,2023-06-27T12:47:07.000,-1.240859759410462,-1.1294860686739128,0.8389136264330688
741142047.0,2023-06-27T12:47:27.000,-0.6387903460525202,-1.1429382448802095,-0.9271733771742952
741142067.0,2023-06-27T12:47:47.000,-0.4083998483728202,-0.5793117397123737,-0.23551140920785585
741142087.0,2023-06-27T12:48:07.000,-0.7406241907759181,0.26367046306319253,0.3856973181504131
741142107.0,2023-06-27T12:48:27.000,0.14685616352982933,-1.789837741217326,1.6052833910484843
741142127.0,2023-06-27T12:48:47.000,-0.513557693604394,-0.39785981692519456,0.26451525839688017
741142147.0,2023-06-27T12:49:07.000,-0.1538771928211169,0.6764961930971758,1.5037562672071125
741142167.0,2023-06-27T12:49:27.000,0.7745687684912461,-1.8764199145815397,-0.3259302892577587
741142187.0,2023-06-27T12:49:47.000,-0.5228302594195711,1.0447855424144947,0.20054551859161052
741142207.0,2023-06-27T12:50:07.000,-1.0179848993430163,-1.1589452858062899,0.11228977777610893
741142227.0,2023-06-27T12:50:27.000,0.4019491026019395,-0.17181240070662795,-0.24941481373552676
741142247.0,2023-06-27T12:50:47.000,-0.3686342042952262,-0.9441735896453807,0.05549292572126774
741142267.0,2023-06-27T12:51:07.000,0.042990713888801935,-2.2968145113155813,-0.8443538212943302
741142287.0,2023-06-27T12:51:27.000,-0.24815843969738793,-0.07952194113203248,-0.0154475936375853
741142307.0,2023-06-27T12:51:47.000,0.19078410747885854,-0.988941081958572,0.20455160558707774
741142327.0,2023-06-27T12:52:07.000,-0.8718679584296396,-0.08715479041798702,1.0831087717044774
741142347.0,2023-06-27T12:52:27.000,-0.962450295360906,-1.6585084155029683,-0.10365491308617081
741142367.0,2023-06-27T12:52:47.000,-1.5269222511049563,-0.27545569538656167,-0.28008323750272623
741142387.0,2023-06-27T12:53:07.000,0.17259759175214384,-1.2368731768797048,0.0719219712785879
741142407.0,2023-06-27T12:53:27.000,0.14007469797405747,-0.979179949889275,1.574984477270558
741142427.0,2023-06-27T12:53:47.000,-1.436876918681218,-1.596885165333628,-0.7453599331075367
741142447.0,2023-06-27T12:54:07.000,-0.40820201215874263,-0.5517415311961926,0.6511038578960182
741142467.0,2023-06-27T12:54:27.000,0.03838504294417788,-1.0184842960336837,0.32800071915195517
741142487.0,2023-06-27T12:54:47.000,-1.353653639979413,-0.4915747240930024,0.08824682821151342
741142507.0,2023-06-27T12:55:07.000,0.04464963732075944,-1.0441310388631386,2.132215295458373
741142527.0,2023-06-27T12:55:27.000,-1.5433818528531873,-1.6886254093351205,1.379775907928149
741142547.0,2023-06-27T12:55:47.000,-1.5992922013374766,-0.5089203565233902,1.155421447351923
741142567.0,2023-06-27T12:56:07.000,-0.949802916783149,-1.3253066292739923,1.6599448384169158
741142587.0,2023-06-27T12:56:27.000,-1.5363203927032387,-0.9246963569853328,1.277116017206481
741142607.0,2023-06-27T12:56:47.000,-0.3607070675815116,-1.5447405752211374,0.02690027181007082
741142627.0,2023-06-27T12:57:07.000,-2.2140464742914645,-1.5655319814178448,0.6524750319369943
741142647.0,2023-06-27T12:57:27.000,-1.0881602667600632,-1.3602121632039221,0.41229240701490255
741142667.0,2023-06-27T12:57:47.000,-0.894759340752671,0.28387141440822106,1.1667427639028283
741142687.0,2023-06-27T12:58:07.000,-1.035661674519961,-0.30651527013203506,0.21421918455777345
741142707.0,2023-06-27T12:58:27.000,-1.096878827366865,-0.40047428376821514,0.25354657003928693
741142727.0,2023-06-27T12:58:47.000,-1.9897499397125706,0.003956992533638015,0.3484242961149242
741142747.0,2023-06-27T12:59:07.000,-0.6517568584829547,-1.016076400184307,0.9345734965582331
741142767.0,2023-06-27T12:59:27.000,-1.1136370970055154,-0.9440804325300256,0.3875712162204614
741142787.0,2023-06-27T12:59:47.000,-0.6026273274728489,-1.042754673208357,-0.37216074805224153
741142807.0,2023-06-27T13:00:07.000,-1.0492514711746281,-1.270788809648593,1.0810274622463645
741142827.0,2023-06-27T13:00:27.000,-1.276629321456113,-0.38545819429636197,-0.4759328480985481
741142847.0,2023-06-27T13:00:47.000,0.6202419434719886,-0.7604594982724144,-0.7827291867323893
741142867.0,2023-06-27T13:01:07.000,-2.1103817460566,-0.6689563773587537,0.23467907227514573
741142887.0,2023-06-27T13:01:27.000,-0.9314363804246995,-0.45825785975894817,0.46278604894922637
741142907.0,2023-06-27T13:01:47.000,-1.7375079502501833,-0.9963674839519321,0.09249763055496629
741142927.0,2023-06-27T13:02:07.000,-0.3517310879219693,0.3625770026549624,-0.30627251934589594
741142947.0,2023-06-27T13:02:27.000,-1.5445737648889235,-2.4724638485240646,-0.3684742029497201
741142967.0,2023-06-27T13:02:47.000,-0.5917317648540532,0.44831530990885327,0.5562972678174738
741142987.0,2023-06-27T13:03:07.000,-1.5461773596125994,-0.22091278606417575,0.09164020912111326
741143007.0,2023-06-27T13:03:27.000,-0.42353162303943037,-1.2795958197697743,1.0242810314586848
741143027.0,2023-06-27T13:03:47.000,0.2885605430935634,0.29025129789639337,0.01993275481337875
741143047.0,2023-06-27T13:04:07.000,-0.1192125572591074,-0.4996894449549316,0.04760210482457339
741143067.0,2023-06-27T13:04:27.000,-2.365856736752381,-0.4677262248176106,-0.984191730579731
741143087.0,2023-06-27T13:04:47.000,-0.01406581008334129,-2.284422271814357,0.47143658700177227
741143107.0,2023-06-27T13:05:07.000,-0.45897817729789736,-0.2905391219609754,1.4625371287046995
741143127.0,2023-06-27T13:05:27.000,-0.4334203792200064,-0.22679373442580086,1.244384465570736
741143147.0,2023-06-27T13:05:47.000,-0.4974821546710473,-0.9325789309455601,0.5768626589741643
741143167.0,2023-06-27T13:06:07.000,0.5050687963858991,0.03512101096614373,1.0249178079901888
741143187.0,2023-06-27T13:06:27.000,-2.4311177402869255,-1.686932605637903,-0.11555217096503867
741143207.0,2023-06-27T13:06:47.000,-0.7037730231251871,-0.8423661653877978,0.13807137320132057
741143227.0,2023-06-27T13:07:07.000,-1.2799475726632537,0.18294403045793217,0.7950333981154856
741143247.0,2023-06-27T13:07:27.000,-0.9134697260604341,0.005156943672091074,1.208509000472091
741143267.0,2023-06-27T13:07:47.000,-0.8294535520092516,-0.8884438596146182,0.3006156363505319
741143287.0,2023-06-27T13:08:07.000,-1.0468450065470591,-0.02534378640284274,-0.05564261484902744
741143307.0,2023-06-27T13:08:27.000,-1.291366557654161,-0.9578553308187132,0.5086072051851964
741143327.0,2023-06-27T13:08:47.000,-1.6509223607852341,-1.5120404867507986,0.1553907808427013
741143347.0,2023-06-27T13:09:07.000,-0.0049496175491547945,-1.4663148510396518,-0.23491328212665863
741143367.0,2023-06-27T13:09:27.000,-1.4434945672769928,-0.7721972969054747,0.8496556569315139
741143387.0,2023-06-27T13:09:47.000,-0.7073430347448451,-0.7003103507763342,0.6731136808602045
741143407.0,2023-06-27T13:10:07.000,-0.17456568760509938,-0.8348581513439868,-1.0353438819277194
741143427.0,2023-06-27T13:10:27.000,-1.6932735841801438,-0.7487293331664979,1.3997409398558425
741143447.0,2023-06-27T13:10:47.000,-1.683432304855348,-0.7775229547868356,1.3145370532430256
741143467.0,2023-06-27T13:11:07.000,-1.218837749361601,1.0347667159127383,0.6416633595129895
741143487.0,2023-06-27T13:11:27.000,-1.0796033875548616,-0.011200939242783647,-0.6674913537896288
741143507.0,2023-06-27T13:11:47.000,-0.6399613961760586,0.34708887001189126,0.3087553827940681
741143527.0,2023-06-27T13:12:07.000,-1.9039736672277208,-0.8289416181472831,1.2429780374301203
741143547.0,2023-06-27T13:12:27.000,-0.5494261718919091,-1.197971615307658,1.1291254132350659
741143567.0,2023-06-27T13:12:47.000,-1.4778054818864739,-1.2596821030275152,1.1542396775365837
741143587.0,2023-06-27T13:13:07.000,-1.0152725895662407,-0.7008304222622108,1.2294678383706348
741143607.0,2023-06-27T13:13:27.000,-1.1020687556873021,0.16103981218540397,0.41355469072579254
741143627.0,2023-06-27T13:13:47.000,-1.202667131583457,0.9455573660388517,-0.4493364067159611
741143647.0,2023-06-27T13:14:07.000,-1.3697321726180434,0.05350304985718424,0.4929030541389601
741143667.0,2023-06-27T13:14:27.000,-0.7294475355079655,0.8220441594097849,1.487117295939644
741143687.0,2023-06-27T13:14:47.000,-1.4214819326285877,-0.8400496752547504,-0.7926278582814916
741143707.0,2023-06-27T13:15:07.000,-1.4353393808508308,0.18519044134857054,0.6331351024124743
741143727.0,2023-06-27T13:15:27.000,-1.4103654220165573,0.48143315021231814,0.9388974558488528
741143747.0,2023-06-27T13:15:47.000,-0.7847155187312715,-0.26971677228315727,-1.5111778891574446
741143767.0,2023-06-27T13:16:07.000,-0.06141052872887798,-0.5311830605703172,0.6994639131563396
741143787.0,2023-06-27T13:16:27.000,-0.10363110926059349,-0.5556277587026592,1.5320726604373114
741143807.0,2023-06-27T13:16:47.000,-0.7266142093009798,0.7470350890215194,0.6748207748596968
741143827.0,2023-06-27T13:17:07.000,-2.2179546110057125,-0.2361505323955626,-0.4088952460290507
741143847.0,2023-06-27T13:17:27.000,0.8070195161469229,-0.10289638444627158,0.18665360144165533
741143867.0,2023-06-27T13:17:47.000,-1.139465317734345,0.27075470305781835,0.4608231204294988
741143887.0,2023-06-27T13:18:07.000,-0.7223057000182997,-0.43691810716062207,-0.8358723821433323
741143907.0,2023-06-27T13:18:27.000,-1.3298768588687615,0.3435404012264165,-0.2788211434401333
741143927.0,2023-06-27T13:18:47.000,-0.6634387455406454,-0.9729472886355062,0.18532616677946478
741143947.0,2023-06-27T13:19:07.000,-1.1245459791031642,-1.0746690604079845,-0.8451700950762309
741143967.0,2023-06-27T13:19:27.000,-1.4011311060380116,-0.22790084999169125,-0.5435291182798174
741143987.0,2023-06-27T13:19:47.000,0.5924027071224636,-0.12945054964630387,0.8908519923744862
741144007.0,2023-06-27T13:20:07.000,-1.6076254933272693,-0.25618260836024476,1.7337895182878427
741144027.0,2023-06-27T13:20:27.000,-0.7514926972040925,-1.0971678632287762,0.16347092839374966
741144047.0,2023-06-27T13:20:47.000,-0.24087550617446496,-0.365230241383685,-0.24897908341703356
741144067.0,2023-06-27T13:21:07.000,0.0985526736552167,-0.4218666971089746,-0.44577044805427235
741144087.0,2023-06-27T13:21:27.000,-1.5958055700537876,-0.9601138381998275,0.3666089687492935
741144107.0,2023-06-27T13:21:47.000,-1.2002319344395218,0.7838242688240626,-0.006397488572229548
741144127.0,2023-06-27T13:22:07.000,-1.0541544217868015,-0.9486538376179965,0.16378289934282364
741144147.0,2023-06-27T13:22:27.000,0.7693472409142643,-0.19199321299456784,0.22216548534181868
741144167.0,2023-06-27T13:22:47.000,-1.294158837927828,0.058583363760078555,-0.1491205151693542
741144187.0,2023-06-27T13:23:07.000,-0.8219701580713945,-0.8465520433320606,0.42381381117895245
741144207.0,2023-06-27T13:23:27.000,-1.0749343599236738,-0.7503480193515877,0.9879505363463714
741144227.0,2023-06-27T13:23:47.000,-0.9785111631632759,-0.0018316997585365868,0.13039634402245426
741144247.0,2023-06-27T13:24:07.000,-1.1723137242625192,0.7142441177165892,0.46962937059191745
741144267.0,2023-06-27T13:24:27.000,-0.17931715159402728,0.4400762600664798,-0.11642755066709753
741144287.0,2023-06-27T13:24:47.000,-1.163568941164872,0.6917559081554003,0.25070980614883
741144307.0,2023-06-27T13:25:07.000,-1.5492103010772418,0.4687283448712165,1.1018461274714397
741144327.0,2023-06-27T13:25:27.000,-0.11485217930040648,-0.16643789849668522,1.2284005146079302
741144347.0,2023-06-27T13:25:47.000,-0.4563873102769733,0.72792552898715,-0.4622216810301616
741144367.0,2023-06-27T13:26:07.000,-0.6509144759858643,0.3339169818983301,-0.4405985805200352
741144387.0,2023-06-27T13:26:27.000,-2.7101036893961705,-0.0027125634072255878,1.2411612599350086
741144407.0,2023-06-27T13:26:47.000,-0.6834097735719524,-0.3200712897721836,0.8676295601639517
741144427.0,2023-06-27T13:27:07.000,-1.2989297570209501,-0.09312745854472837,1.7511848360074467
741144447.0,2023-06-27T13:27:27.000,-0.21581861431307914,-0.6766887362119611,0.45466172510222336
741144467.0,2023-06-27T13:27:47.000,-0.5694131029021499,0.18222334284834218,0.5074123241244344
741144487.0,2023-06-27T13:28:07.000,-0.6005885423654433,0.9550976147965073,0.6988525143913904
741144507.0,2023-06-27T13:28:27.000,-1.5586760945929257,-0.4966122635119419,0.6137343519729832
741144527.0,2023-06-27T13:28:47.000,-0.13107515529631186,-1.645464148503084,0.36276279720137694
741144547.0,2023-06-27T13:29:07.000,-0.1120327668302501,0.2265297750714268,0.7090735600678855
741144567.0,2023-06-27T13:29:27.000,-2.056822360196886,-0.5872427563224925,0.615851703300585
741144587.0,2023-06-27T13:29:47.000,-1.8120677239719107,0.555564615412063,-0.09739338808767428
741144607.0,2023-06-27T13:30:07.000,-2.017628552530848,-0.3925530110637787,0.50027842322109
741144627.0,2023-06-27T13:30:27.000,-0.7079862956227423,-0.49767441534509516,0.8040486845994899
741144647.0,2023-06-27T13:30:47.000,-0.991944812223089,-1.6828265775536977,-0.21984156062249127
741144667.0,2023-06-27T13:31:07.000,0.9138600188585144,-0.5267046525925245,-0.4832860211023693
741144687.0,2023-06-27T13:31:27.000,-2.3877997558208186,-0.5054969396733888,0.3710524818067995
741144707.0,2023-06-27T13:31:47.000,-1.1318428056128482,-0.4288755281911527,-0.07372491973578477
741144727.0,2023-06-27T13:32:07.000,-0.2689819437184937,0.6076692976808573,0.999981999771915
741144747.0,2023-06-27T13:32:27.000,-0.22029788759869717,-1.1776981492017669,0.38456132844810753
741144767.0,2023-06-27T13:32:47.000,-0.7149894428848391,0.9195252020144373,-0.2831698509342395
741144787.0,2023-06-27T13:33:07.000,-2.1856977602485728,-0.2966139971305459,-0.623103158969851
741144807.0,2023-06-27T13:33:27.000,-1.4557989434615948,-0.2912038386093663,0.22578314208265837
741144827.0,2023-06-27T13:33:47.000,0.1130886048472668,-0.9793418747960914,0.22816457683205726
741144847.0,2023-06-27T13:34:07.000,0.057669825714867784,-0.07351642924424695,-1.201497667890905
741144867.0,2023-06-27T13:34:27.000,-1.3048980463503668,-0.18892843406392856,-0.7175504760370544
741144887.0,2023-06-27T13:34:47.000,-0.16444310623198177,0.3258819174845051,-0.5146470015815474
741144907.0,2023-06-27T13:35:07.000,-0.9619032574459396,-0.21111688067732004,1.0838892043896209
741144927.0,2023-06-27T13:35:27.000,-0.46870106918950327,0.49625157576560497,0.15562891522158395
741144947.0,2023-06-27T13:35:47.000,-1.5379245247637563,0.3739509813138753,-0.723024909876635
741144967.0,2023-06-27T13:36:07.000,-0.40268655689956745,-0.5874660624627381,-0.14303774285018278
741144987.0,2023-06-27T13:36:27.000,-0.2709565340763831,-0.4643475680632392,0.6591367525787817
741145007.0,2023-06-27T13:36:47.000,-0.4965409129531473,-0.41610428972438385,0.8991401832747492
741145027.0,2023-06-27T13:37:07.000,-1.90841363355565,1.4961327355678122,-1.353707360507439
741145047.0,2023-06-27T13:37:27.000,-0.7337782676808402,0.19257029391095415,0.5288831143368533
741145067.0,2023-06-27T13:37:47.000,0.6972203995814219,-0.4580343870852488,0.5794956407734198
741145087.0,2023-06-27T13:38:07.000,-0.8218483877775462,-0.8200263335700342,-0.031185099402808447
741145107.0,2023-06-27T13:38:27.000,-0.2481404727694425,0.8225390403460153,0.18121608114096688
741145127.0,2023-06-27T13:38:47.000,-0.23874957967295884,0.8778608414861111,0.9139601960916899
741145147.0,2023-06-27T13:39:07.000,-0.5386131644358194,-0.4559428146366784,-1.0739558853556375
741145167.0,2023-06-27T13:39:27.000,0.22143287556897207,0.3571575200589372,-0.7118093593883046
741145187.0,2023-06-27T13:39:47.000,0.07995241722014157,0.48330349738945344,0.5024103121531454
741145207.0,2023-06-27T13:40:07.000,-1.703652938422895,1.0123266299566502,0.8226273641276372
741145227.0,2023-06-27T13:40:27.000,-1.8790242961586046,0.39153086349719146,-0.621960371338659
741145247.0,2023-06-27T13:40:47.000,0.4296415888394023,-0.20533436581038345,-0.4825874664882157
741145267.0,2023-06-27T13:41:07.000,-0.48115911858159777,-0.707793791809852,0.6749178529386057
741145287.0,2023-06-27T13:41:27.000,-2.3649598647423886,-0.10634166011103119,-0.5330857002161515
741145307.0,2023-06-27T13:41:47.000,-1.9357232658445689,0.947291285346985,-0.3140508103238737
741145327.0,2023-06-27T13:42:07.000,-0.10729823859412235,-0.1514022723858588,0.47212714647804077
741145347.0,2023-06-27T13:42:27.000,-0.21573087739534813,-0.09689608355678558,0.20473518607122543
741145367.0,2023-06-27T13:42:47.000,-0.12329559350154895,0.0513161203197221,0.6570146151463341
741145387.0,2023-06-27T13:43:07.000,-1.130071493249396,-0.11495249335746749,0.2976306442969978
741145407.0,2023-06-27T13:43:27.000,-0.39566910401411803,-1.0837211642078515,-0.13633353899145106
741145427.0,2023-06-27T13:43:47.000,-1.0848084806780456,0.7453904366072628,-0.44052233950653275
741145447.0,2023-06-27T13:44:07.000,-2.02938556292942,-0.22328950152195048,0.7943488072981175
741145467.0,2023-06-27T13:44:27.000,-0.5548111176478798,-0.5755116349148715,0.9830351293649287
741145487.0,2023-06-27T13:44:47.000,-2.3452472647234046,0.5641414900559028,-1.1863821763991034
741145507.0,2023-06-27T13:45:07.000,-0.32926956980983135,-0.7667318687953895,1.681441518353033
741145527.0,2023-06-27T13:45:27.000,-1.44976810306785,0.2802498490273031,-1.0783514865386756
741145547.0,2023-06-27T13:45:47.000,-1.66300476782677,-0.012549153716179262,0.04771431499905887
741145567.0,2023-06-27T13:46:07.000,-0.40454996099725804,-0.5064323051251485,-0.04264050655899965
741145587.0,2023-06-27T13:46:27.000,-1.4802623436338536,-0.08685820073184303,-0.31939870068775633
741145607.0,2023-06-27T13:46:47.000,-1.0537730310011817,-1.1956491588138718,1.0333281193042332
741145627.0,2023-06-27T13:47:07.000,-2.1939917977387147,0.5325016383506131,-1.436031938695237
741145647.0,2023-06-27T13:47:27.000,-0.3086611802816108,-0.38173866304669346,0.16997947076546893
741145667.0,2023-06-27T13:47:47.000,0.5899344132864748,1.077715633801546,1.7343278659542882
741145687.0,2023-06-27T13:48:07.000,-0.3046442344056821,1.524997105561976,-0.9937832036288619
741145707.0,2023-06-27T13:48:27.000,-0.6994460045817164,-0.8310079994133801,0.3412852481288198
741145727.0,2023-06-27T13:48:47.000,-1.396489808891399,0.6234812556904501,-0.06550202057420407
741145747.0,2023-06-27T13:49:07.000,-1.2213700559926544,0.002572400792377749,1.019572253391221
741145767.0,2023-06-27T13:49:27.000,-1.12626416063355,1.3697755176456106,0.7162240856728452
741145787.0,2023-06-27T13:49:47.000,-1.7203385317632325,-0.7314422548976296,1.5010822886685204
741145807.0,2023-06-27T13:50:07.000,-1.2455635959307543,-0.7024982307535232,-0.5401950862293781
741145827.0,2023-06-27T13:50:27.000,-1.3879692679519273,1.0103928974825038,-0.09009785018054828
741145847.0,2023-06-27T13:50:47.000,-0.7211578661237006,-0.25656990059186313,0.09287627177334556
741145867.0,2023-06-27T13:51:07.000,-1.7716529615685594,1.297331348715236,0.562063000109081
741145887.0,2023-06-27T13:51:27.000,0.6422251841664561,0.7941734526006883,0.15812131357595405
741145907.0,2023-06-27T13:51:47.000,-0.7861687478016854,0.7362569206970093,-0.3845251161149754
741145927.0,2023-06-27T13:52:07.000,-0.13345743203885263,-0.093675060441889,0.14075153232928628
741145947.0,2023-06-27T13:52:27.000,-0.21829414722507323,-0.005947643610948461,0.29580897871195333
741145967.0,2023-06-27T13:52:47.000,-1.046913027602514,-0.6968335527601788,0.0813420684475652
741145987.0,2023-06-27T13:53:07.000,-1.4468194632688558,1.4707894487653306,0.2556303921208425
741146007.0,2023-06-27T13:53:27.000,-1.2340210090777681,-0.18539556613239583,0.48605274245439034
741146027.0,2023-06-27T13:53:47.000,-1.1177182175803324,0.3791955603515973,0.5300829955978692
741146047.0,2023-06-27T13:54:07.000,-0.7900412648420563,-0.31908729645202527,-0.087883409416456
741146067.0,2023-06-27T13:54:27.000,-1.328070021522354,-0.7483441830880011,0.7698510418485682
741146087.0,2023-06-27T13:54:47.000,-1.3589941659675198,-0.7581787537791485,0.5115930849952655
741146107.0,2023-06-27T13:55:07.000,-0.7387961695082268,1.0367171134229025,0.19968825000216128
741146127.0,2023-06-27T13:55:27.000,-1.0848122513285041,0.4144956995633109,-0.05937266958078169
741146147.0,2023-06-27T13:55:47.000,-1.1104577748333178,1.302774383071803,-0.8937294691313546
741146167.0,2023-06-27T13:56:07.000,-0.6564228226646485,0.5884100236386303,0.9996715593985073
741146187.0,2023-06-27T13:56:27.000,-0.5892057863277067,0.10208792781130072,0.4518600072778156
741146207.0,2023-06-27T13:56:47.000,-0.831626486108572,0.9854065043279903,-0.0074047734943683
741146227.0,2023-06-27T13:57:07.000,-0.8899621849800532,0.09218265644150847,-0.49497015882637996
741146247.0,2023-06-27T13:57:27.000,0.793883514460525,0.8644095181642442,0.06925708816440945
741146267.0,2023-06-27T13:57:47.000,0.22249255664519296,1.1075927848547273,-0.9837755864605668
741146287.0,2023-06-27T13:58:07.000,0.9220087960781775,-0.017382259565046354,0.32557988904891033
741146307.0,2023-06-27T13:58:27.000,-0.5555275067958831,1.7000535691202856,-0.2832446785117071
741146327.0,2023-06-27T13:58:47.000,-1.7012083242451403,-1.052915508181762,-0.7189429655940494
741146347.0,2023-06-27T13:59:07.000,-0.9385491996916073,1.304593263018461,-0.9607982268788895
741146367.0,2023-06-27T13:59:27.000,-0.03125250321867057,0.4661886391255088,0.5341066701247676
741146387.0,2023-06-27T13:59:47.000,-2.2372984632257342,0.6101365603750075,1.3218342579168763
741146407.0,2023-06-27T14:00:07.000,-0.04630005815409177,0.19878709115461746,-0.17156667040385543
741146427.0,2023-06-27T14:00:27.000,0.759832335084365,-0.35810148693027344,-1.0983001453301888
741146447.0,2023-06-27T14:00:47.000,-0.792326390397502,0.5879610507464328,0.7160831225649922
741146467.0,2023-06-27T14:01:07.000,-1.7002103766872168,1.824388491911133,-0.6497181848197364
741146487.0,2023-06-27T14:01:27.000,-0.2966094425072008,0.20738054983260312,-0.6809419318742904
741146507.0,2023-06-27T14:01:47.000,-0.7039676900078007,1.1827413791021257,0.19832145975451354
741146527.0,2023-06-27T14:02:07.000,0.16196933714240913,-0.017846246147534828,0.0566106739818828
741146547.0,2023-06-27T14:02:27.000,0.4041115509223481,0.6415849920005101,0.556178113331196
741146567.0,2023-06-27T14:02:47.000,-1.1357384878230015,-0.4312397052119721,-1.372116433906445
741146587.0,2023-06-27T14:03:07.000,-0.8871486629979941,-0.24064042418725506,-0.21457940690972066
741146607.0,2023-06-27T14:03:27.000,-2.0660198053024104,0.511194225516487,0.19907401933583202
741146627.0,2023-06-27T14:03:47.000,0.979964292913138,-0.19913683851902064,-0.21555386888749695
741146647.0,2023-06-27T14:04:07.000,-1.0732875675212306,0.6243329209287829,-0.47616798414251704
741146667.0,2023-06-27T14:04:27.000,-0.89041809355761,0.6349980889108764,-0.22918915215663915
741146687.0,2023-06-27T14:04:47.000,-1.0010406223615043,0.276747115457443,-1.0777439512166254
741146707.0,2023-06-27T14:05:07.000,-0.5647746440851087,0.5293111947413109,-0.15714639892694393
741146727.0,2023-06-27T14:05:27.000,-1.8107558923952105,0.6125573167703458,0.028584061917413806
741146747.0,2023-06-27T14:05:47.000,-1.6037487578612897,1.1298437881612777,0.13416361225315754
741146767.0,2023-06-27T14:06:07.000,0.29940789048055194,0.5012086750966205,-0.8723739689298071
741146787.0,2023-06-27T14:06:27.000,-1.4411739340913776,0.38003846136724917,-0.6863255763711607
741146807.0,2023-06-27T14:06:47.000,-1.224423503587424,1.1128678154670446,-0.5767592570871116
741146827.0,2023-06-27T14:07:07.000,0.06014652909058782,-0.044099420482002216,-1.3959334858371086
741146847.0,2023-06-27T14:07:27.000,0.19075230381915276,-0.29738665400236286,-0.4024768987753724
741146867.0,2023-06-27T14:07:47.000,-1.172923190972952,0.6291467627206337,0.9655802281405279
741146887.0,2023-06-27T14:08:07.000,-0.87931503671701,1.3848811090899638,-0.1430480628950015
741146907.0,2023-06-27T14:08:27.000,-1.06588794727136,-0.004019636856700259,-0.33792316375125253
741146927.0,2023-06-27T14:08:47.000,-0.05274785281894623,1.2611215809976706,-1.5359426350114447
741146947.0,2023-06-27T14:09:07.000,-0.12251110812488974,0.8595009689971178,-1.5176120405024918
741146967.0,2023-06-27T14:09:27.000,-1.3790571362859438,1.4098151738028974,-0.5314870761496948
741146987.0,2023-06-27T14:09:47.000,-0.5099702339750323,0.597462299134488,-1.2284193983025382
741147007.0,2023-06-27T14:10:07.000,-0.9385955396568058,1.0883179013321254,0.33155173116972136
741147027.0,2023-06-27T14:10:27.000,-1.0443715572350243,0.7083387835282728,-1.090739086651027
741147047.0,2023-06-27T14:10:47.000,1.1552958392613277,-0.2568770110955576,-1.206796258024223
741147067.0,2023-06-27T14:11:07.000,-1.2361741328903442,-0.1662833180815504,0.030683395724206974
741147087.0,2023-06-27T14:11:27.000,-0.49996637243587827,1.1810822656888043,0.07484416010283823
741147107.0,2023-06-27T14:11:47.000,-1.2184835518902482,1.2641887503161975,-1.6234674701576246
741147127.0,2023-06-27T14:12:07.000,-1.2533675410875134,1.7112309950051419,-0.023282908401256464
741147147.0,2023-06-27T14:12:27.000,0.44003527048808166,-0.38315306121194936,-0.5562214397070164
741147167.0,2023-06-27T14:12:47.000,-0.6605319172958701,2.4636299362890135,-0.8558717260909177
741147187.0,2023-06-27T14:13:07.000,0.3562270676771284,0.6937694982500631,-0.9429147937445315
741147207.0,2023-06-27T14:13:27.000,-0.5044054679270715,1.5437949679619756,-0.23002201953170598
741147227.0,2023-06-27T14:13:47.000,0.0332200632668922,0.110374949946479,-0.5873304994019612
741147247.0,2023-06-27T14:14:07.000,-0.5677290894734455,1.8190457701794394,-1.3923911934776712
741147267.0,2023-06-27T14:14:27.000,-1.2423481951517878,0.44835924516428705,-0.35201038820487085
741147287.0,2023-06-27T14:14:47.000,-0.852384210248136,-0.5259109960853436,-0.5186677984769794
741147307.0,2023-06-27T14:15:07.000,0.8072598927655328,0.025670611636385843,-0.3650503371255276
741147327.0,2023-06-27T14:15:27.000,-0.161982638668956,0.42270365604446525,-0.41151798245708804
741147347.0,2023-06-27T14:15:47.000,-0.759478023470983,2.2712287215287397,-1.4159392347612432
741147367.0,2023-06-27T14:16:07.000,-0.2755296290124498,0.7183539098565284,-2.1098107615635797
741147387.0,2023-06-27T14:16:27.000,0.9167645735885799,0.40508482861412176,-0.5891886148967629
741147407.0,2023-06-27T14:16:47.000,0.21321951680919327,0.1680793326519492,-1.1213278891419876
741147427.0,2023-06-27T14:17:07.000,-0.24673818768139455,1.1128747020250351,-2.1895442260944087
741147447.0,2023-06-27T14:17:27.000,0.4910399326485404,-0.6560897651830544,-0.5414821478533227
741147467.0,2023-06-27T14:17:47.000,-0.32897797486164393,0.9659498795167032,-1.8250282694087794
741147487.0,2023-06-27T14:18:07.000,-0.7356485318243955,-1.2688103727009903,-0.5267744224157767
741147507.0,2023-06-27T14:18:27.000,-1.2569426613207035,-0.1928625634528558,0.477955725364243
741147527.0,2023-06-27T14:18:47.000,-1.4802441113848097,0.23034048894921,-0.29968771644295344
741147547.0,2023-06-27T14:19:07.000,-0.7655879041723601,0.20769176002355394,-0.5922669561786442
741147567.0,2023-06-27T14:19:27.000,-0.4789362235135819,-0.469717141482473,0.22545587360367492
741147587.0,2023-06-27T14:19:47.000,0.6133760670046229,1.2515616030217558,0.9409178850727784
741147607.0,2023-06-27T14:20:07.000,-0.14484266862568873,0.7372998140353637,-1.1041679087386846
741147627.0,2023-06-27T14:20:27.000,0.05399953041385075,-0.30144489691075194,-2.429866342368303
741147647.0,2023-06-27T14:20:47.000,-0.5168577009384556,1.0955854024330414,0.3456962320402823
741147667.0,2023-06-27T14:21:07.000,-1.1362026120620428,1.2352909329105266,-0.6940201748295571
741147687.0,2023-06-27T14:21:27.000,-1.0989100039937583,0.21295717526070845,-0.7857635890951009
741147707.0,2023-06-27T14:21:47.000,0.2547953430243055,-0.4624582093937235,-1.2216266526032804
741147727.0,2023-06-27T14:22:07.000,-0.01529485591511559,0.19332102542124474,-1.4184013274909368
741147747.0,2023-06-27T14:22:27.000,-0.2596552241551642,0.6875380078263937,-0.061567233378134745
741147767.0,2023-06-27T14:22:47.000,0.4558695507750343,0.1683418561548855,-0.6545143049541124
741147787.0,2023-06-27T14:23:07.000,-0.45367229839499146,0.20024008324792675,-1.86296961607324
741147807.0,2023-06-27T14:23:27.000,-0.36002525607425895,0.518394121395982,-1.8637159507672862
741147827.0,2023-06-27T14:23:47.000,-0.6736414240426924,0.2515379518341909,-0.5588549663704256
741147847.0,2023-06-27T14:24:07.000,-0.5690894891330345,0.30107257490419315,-1.4750014145747947
741147867.0,2023-06-27T14:24:27.000,-0.43664671298682123,1.5770544587900837,-0.9533876901945959
741147887.0,2023-06-27T14:24:47.000,-0.19981927802392718,0.36963655030142206,-0.05553473794162045
741147907.0,2023-06-27T14:25:07.000,-0.927512741777381,-0.08394398999245212,-1.512874731623981
741147927.0,2023-06-27T14:25:27.000,0.8631353107246831,0.27103873855294225,-2.412586073685663
741147947.0,2023-06-27T14:25:47.000,-0.25688644778032454,-0.044405221533150296,-0.5554017245446019
741147967.0,2023-06-27T14:26:07.000,0.6909861831716491,0.03868083530145228,-0.7583477228179092
741147987.0,2023-06-27T14:26:27.000,-0.9717393474883984,0.879264283248915,-1.1325986023713597
741148007.0,2023-06-27T14:26:47.000,-0.6733965285388166,-1.6065339103699117,-0.9343582749510304
741148027.0,2023-06-27T14:27:07.000,0.7036545688787754,0.25831399209641503,-0.9503901326923803
741148047.0,2023-06-27T14:27:27.000,-0.0376930851198054,-0.5058978574057349,0.4537746104205098
741148067.0,2023-06-27T14:27:47.000,-0.07569986820721297,-0.8536402222425465,-1.2735046617584622
741148087.0,2023-06-27T14:28:07.000,1.8496503436216116,-0.13609522422353137,-1.058245896246035
741148107.0,2023-06-27T14:28:27.000,-0.5784824755217244,-0.2897120173761536,0.14725283412619916
741148127.0,2023-06-27T14:28:47.000,0.7564407041416032,0.43838487543412796,-1.1214769924050572
741148147.0,2023-06-27T14:29:07.000,0.5876317168862499,-0.4515007544170224,-1.3281351972538324
741148167.0,2023-06-27T14:29:27.000,-1.0835543494458477,-0.9709267580926273,-0.6500747246507288
741148187.0,2023-06-27T14:29:47.000,0.0008697739195540066,1.4800733343922623,-1.4761973759713776
741148207.0,2023-06-27T14:30:07.000,0.27268050953876966,1.07015684344125,-2.08214776443727
741148227.0,2023-06-27T14:30:27.000,-1.141340598131979,0.12264702047293241,-0.6981137781525426
741148247.0,2023-06-27T14:30:47.000,-1.477321626430772,0.6929268788091747,-0.48227508943066155
741148267.0,2023-06-27T14:31:07.000,-0.8896365764066161,1.1147657447141412,-0.8420734815439701
741148287.0,2023-06-27T14:31:27.000,0.24682929417041422,1.3115855614254102,0.03595034696601829
741148307.0,2023-06-27T14:31:47.000,0.344650267158908,0.12092057238843879,-0.06076141193522844
741148327.0,2023-06-27T14:32:07.000,0.2718938115986447,1.166158738541423,-1.49776674023272
741148347.0,2023-06-27T14:32:27.000,0.5372735063180478,0.22050309628207643,-0.5512558671205703
741148367.0,2023-06-27T14:32:47.000,0.7189245221139728,0.8431431444355653,-0.7490630285711397
741148387.0,2023-06-27T14:33:07.000,-0.07990168137128606,-0.27797340995672215,-0.6642487898389504
741148407.0,2023-06-27T14:33:27.000,-0.3161493934311643,-0.6444854603659955,-0.5122236407362202
741148427.0,2023-06-27T14:33:47.000,0.12836932790083466,0.4418239825332293,-0.4333786885357682
741148447.0,2023-06-27T14:34:07.000,0.3696096901872892,0.6480131542030421,0.14824958231018925
741148467.0,2023-06-27T14:34:27.000,0.255380869351729,1.0607131632034417,0.16844183847730676
741148487.0,2023-06-27T14:34:47.000,-1.7120066056475203,-0.41221845243910593,0.10219251928011985
741148507.0,2023-06-27T14:35:07.000,-0.8262117176416339,-1.0247538241636711,-0.6421780950005562
741148527.0,2023-06-27T14:35:27.000,1.0387677821910302,1.4023192095868886,-0.9750537190655884
741148547.0,2023-06-27T14:35:47.000,0.7907371468274249,1.2553119682734426,-2.225052255711013
741148567.0,2023-06-27T14:36:07.000,0.21435533458236122,-0.6269178164930445,-1.4797144308853483
741148587.0,2023-06-27T14:36:27.000,-0.11889234516893055,-0.9345247095171594,-0.4512135710732501
741148607.0,2023-06-27T14:36:47.000,-0.09063948461784932,0.7306456945799233,-0.4045817334819013
741148627.0,2023-06-27T14:37:07.000,0.23731042108066092,1.0203781377171595,0.34803545742034814
741148647.0,2023-06-27T14:37:27.000,-0.03677267786938998,0.2911806402328132,-1.4082165763484866
741148667.0,2023-06-27T14:37:47.000,-1.044232355118524,0.4360697199667918,-0.4716165615703538
741148687.0,2023-06-27T14:38:07.000,-0.25549688241754964,0.8410614256049165,-0.995700715578085
741148707.0,2023-06-27T14:38:27.000,0.4838680053631528,0.9619848333919379,-0.36762345930752005
741148727.0,2023-06-27T14:38:47.000,0.23132342954479412,-0.26605833226556186,-0.18850134403392005
741148747.0,2023-06-27T14:39:07.000,-0.476216831035714,-0.47349331868673517,1.4198048089553161
741148767.0,2023-06-27T14:39:27.000,0.07215344401956258,0.22411504372321644,-0.19766769131512874
741148787.0,2023-06-27T14:39:47.000,-0.9028904146335393,0.9043033687872182,-1.4159526285473234
741148807.0,2023-06-27T14:40:07.000,-1.3304824461823905,-0.5228466094076012,-1.472286160253411
741148827.0,2023-06-27T14:40:27.000,0.8610906882866587,1.0330130808755555,-0.491293814897098
741148847.0,2023-06-27T14:40:47.000,0.925602036183637,0.7770648134952651,-0.3136772306899793
741148867.0,2023-06-27T14:41:07.000,-0.6381616017625547,0.3370657649326425,-0.8367208887749555
741148887.0,2023-06-27T14:41:27.000,1.4028650214825689,-0.3338223082627323,-0.723034457705829
741148907.0,2023-06-27T14:41:47.000,-0.6040706942656016,-1.3639971808365736,-0.2114104394213001
741148927.0,2023-06-27T14:42:07.000,0.4519864880703217,0.3734238698593906,-0.31618207165795553
741148947.0,2023-06-27T14:42:27.000,-0.3535701536883096,0.11064136486993448,-1.1727551134210756
741148967.0,2023-06-27T14:42:47.000,0.5078042575101804,1.37884820854417,-1.0700628511606247
741148987.0,2023-06-27T14:43:07.000,0.8437928312399201,0.3882793572329568,0.7179958976033518
741149007.0,2023-06-27T14:43:27.000,-0.6233746799422235,0.0780832750457705,-1.0610254303156097
741149027.0,2023-06-27T14:43:47.000,-0.15866705099787382,0.2392666495931728,-0.4168903581014405
741149047.0,2023-06-27T14:44:07.000,-0.11682665661538749,-1.292783626283267,-1.5367441519642533
741149067.0,2023-06-27T14:44:27.000,-2.0325506951857086,0.33576863036621774,-0.15045763471777107
741149087.0,2023-06-27T14:44:47.000,0.08317020782078188,-0.8901332232302828,-1.3514134801551059
741149107.0,2023-06-27T14:45:07.000,1.8288294171386887,-0.15818175845838667,-0.6680942467918172
741149127.0,2023-06-27T14:45:27.000,1.302840329753252,0.5730128360803555,-2.0478429098136353
741149147.0,2023-06-27T14:45:47.000,0.2881343523442048,-0.18893898339200632,-0.14545772836216386
741149167.0,2023-06-27T14:46:07.000,0.5217116659350651,0.5167914106984917,-2.2275402340010686
741149187.0,2023-06-27T14:46:27.000,0.11335131393508391,-0.4174026482450799,-1.0284086179646046
741149207.0,2023-06-27T14:46:47.000,2.046135837363572,0.36524198678833386,-0.5774458125329396
741149227.0,2023-06-27T14:47:07.000,0.3205441281406429,0.6511363116690205,0.07053290924652345
741149247.0,2023-06-27T14:47:27.000,1.7003380884283992,-0.16357077036177614,-0.7552048191472593
741149267.0,2023-06-27T14:47:47.000,-1.287322739873531,0.23920769695040534,-0.5178298237207279
741149287.0,2023-06-27T14:48:07.000,0.21061094841456907,1.3057540441230309,-0.8504251722829537
741149307.0,2023-06-27T14:48:27.000,-0.39933035138606243,-0.922569099415238,-2.5124174367952
741149327.0,2023-06-27T14:48:47.000,0.49062982186987014,-0.6548808914152993,0.6052840520798242
741149347.0,2023-06-27T14:49:07.000,0.39637901467770575,-1.3434511003329597,-0.7850246664053984
741149367.0,2023-06-27T14:49:27.000,0.8477085836622322,-0.5614385109486975,-2.0761041077621556
741149387.0,2023-06-27T14:49:47.000,0.952956258803983,0.2825068317280355,1.7169608622524812
741149407.0,2023-06-27T14:50:07.000,1.043303536629736,-1.025346439320618,-1.5485813599780407
741149427.0,2023-06-27T14:50:27.000,0.8707561181431345,1.1441219774921407,-0.9675827771005174
741149447.0,2023-06-27T14:50:47.000,-0.5126943459776712,0.11824381663805283,-2.05773377637275
741149467.0,2023-06-27T14:51:07.000,0.7151652798298436,-0.1481059218932934,-2.1639798196027016
741149487.0,2023-06-27T14:51:27.000,1.7775150237375748,0.8714579072366391,-1.811301101806162
741149507.0,2023-06-27T14:51:47.000,0.6355168631011487,-0.009265380795930866,-1.7873585330452357
741149527.0,2023-06-27T14:52:07.000,-0.3584608201601114,-0.5684951522200166,-2.373765543595141
741149547.0,2023-06-27T14:52:27.000,0.959852220672186,-0.8095783621819841,-1.9131514446324438
741149567.0,2023-06-27T14:52:47.000,-1.2674017845881735,-0.046888405091927154,-1.9950496084164548
741149587.0,2023-06-27T14:53:07.000,0.8209746750420521,0.03232185958879086,0.9700953504498955
741149607.0,2023-06-27T14:53:27.000,0.2930012135582416,-1.1080504467964047,-1.749402862272209
741149627.0,2023-06-27T14:53:47.000,0.35968982622369694,-0.5999020570301994,-0.9348385680896243
741149647.0,2023-06-27T14:54:07.000,-0.7811327884854613,1.8031905926085834,-0.44251898871916495
741149667.0,2023-06-27T14:54:27.000,1.5009695293999314,-0.696721973614256,-1.4658188961291785
741149687.0,2023-06-27T14:54:47.000,1.243153777419348,-0.8089123331833648,-1.1347119241889025
741149707.0,2023-06-27T14:55:07.000,0.9425661383399841,-0.7797429235290032,-1.424870394406419
741149727.0,2023-06-27T14:55:27.000,0.4949910841212102,0.10714234256470334,-1.8296640983628265
741149747.0,2023-06-27T14:55:47.000,0.8733553567341623,-0.2474101128302486,-0.17394481285348817
741149767.0,2023-06-27T14:56:07.000,-0.04944304735632343,-1.3915352544247028,-0.6865301149239222
741149787.0,2023-06-27T14:56:27.000,0.21309673485792047,-0.8327425751297746,-0.7938051596045881
741149807.0,2023-06-27T14:56:47.000,0.05782839650469995,-0.5747690137170025,-0.03184735631878155
741149827.0,2023-06-27T14:57:07.000,2.2337781911518917,0.20831308281676897,-1.5947542788330438
741149847.0,2023-06-27T14:57:27.000,0.001393178439279552,-0.9401239894901714,-1.4683539760085296
741149867.0,2023-06-27T14:57:47.000,-0.2090378169228302,-0.6726925668165684,-1.4021383718754166
741149887.0,2023-06-27T14:58:07.000,0.46139445284421043,-0.11111637736593849,-0.32630682266221456
741149907.0,2023-06-27T14:58:27.000,0.7614309810333175,-0.10020464731308465,-0.6543860713970062
741149927.0,2023-06-27T14:58:47.000,0.7156386080731103,0.6172377283952812,-1.1825938241005751
741149947.0,2023-06-27T14:59:07.000,0.7837053738968258,1.3488721823495808,-0.4049656940452451
741149967.0,2023-06-27T14:59:27.000,-1.2609203989932816,-1.9750940442819775,-2.3850983662088154
741149987.0,2023-06-27T14:59:47.000,0.004150575183548,-0.013380357688497213,-1.9942665878680543
741150007.0,2023-06-27T15:00:07.000,0.7549777779947142,0.05094645292302857,-0.3809066865256838
741150027.0,2023-06-27T15:00:27.000,-1.151753272621292,0.2631704251188083,-0.6796342121417887
741150047.0,2023-06-27T15:00:47.000,0.43081957055157716,-0.37861770925129434,-1.1901823685600554
741150067.0,2023-06-27T15:01:07.000,-0.07022025031444556,0.2904023877037254,-0.7713217640925585
741150087.0,2023-06-27T15:01:27.000,-0.3063972973671447,1.0363504336030616,-0.5934766177495554
741150107.0,2023-06-27T15:01:47.000,0.2773978777348418,-0.6091952649334154,-0.40994341927724776
741150127.0,2023-06-27T15:02:07.000,0.9112930637766858,-1.3537221736914518,0.11491970408616936
741150147.0,2023-06-27T15:02:27.000,0.0008999945455556713,0.12525076212854813,-0.4680455021555119
741150167.0,2023-06-27T15:02:47.000,1.1552502938938503,-0.690833031713467,-0.8037325622378688
741150187.0,2023-06-27T15:03:07.000,0.9799702953450229,-0.05960751612299475,-0.7810261165808186
741150207.0,2023-06-27T15:03:27.000,-0.15562836929161605,0.2650762987777,-0.5930797463804538
741150227.0,2023-06-27T15:03:47.000,0.35169133798529373,-1.0921068603786388,-0.029981877114337863
741150247.0,2023-06-27T15:04:07.000,0.5634484030347942,-1.6021785900321994,1.654277779594704
741150267.0,2023-06-27T15:04:27.000,-0.7217397098968625,-1.320056237719136,-0.653648909099136
741150287.0,2023-06-27T15:04:47.000,-0.004991739188664468,0.054881580480170555,-0.9987947917067252
741150307.0,2023-06-27T15:05:07.000,0.25096624342024754,-1.4334461863829695,-0.6132164199756929
741150327.0,2023-06-27T15:05:27.000,0.9818369103742342,-1.7333908466921066,-0.19785249215642509
741150347.0,2023-06-27T15:05:47.000,-1.1583465912123891,-0.3684430608275058,-1.77102148153363
741150367.0,2023-06-27T15:06:07.000,0.9949142049880955,0.6763304223666999,-1.2700636106477425
741150387.0,2023-06-27T15:06:27.000,0.0831307784610047,-0.14595895718727547,-1.3401622115716272
741150407.0,2023-06-27T15:06:47.000,0.9118854368939111,-0.4634117945712113,-1.1339692485012876
741150427.0,2023-06-27T15:07:07.000,2.0647945206286877,0.8290905766927814,0.5529977963880661
741150447.0,2023-06-27T15:07:27.000,-0.9293103748198028,1.1468627163280232,0.5185153934217368
741150467.0,2023-06-27T15:07:47.000,1.6317081989569715,0.5915426078972885,-1.2959897978448431
741150487.0,2023-06-27T15:08:07.000,0.49287267553932423,0.41130630841212934,-2.5048081165213176
741150507.0,2023-06-27T15:08:27.000,1.0371102525108533,0.1484876361534937,0.6806829341510223
741150527.0,2023-06-27T15:08:47.000,1.04014985504719,0.6347990333388509,-0.4853145569749806
741150547.0,2023-06-27T15:09:07.000,0.39147720198862146,-0.8838593229310021,-0.5013875931769718
741150567.0,2023-06-27T15:09:27.000,-0.12628013511539748,-1.1292044901467513,-0.7418807131953642
741150587.0,2023-06-27T15:09:47.000,-0.34300483916505087,-1.3147812023772687,-0.5112135996188094
741150607.0,2023-06-27T15:10:07.000,0.526441198600569,-1.0045359628119144,-1.4275988256207128
741150627.0,2023-06-27T15:10:27.000,0.8568367493522189,-1.0848174748168127,-0.7262624939441409
741150647.0,2023-06-27T15:10:47.000,0.3639432110680296,-0.9294137595206031,-2.2061529170835925
741150667.0,2023-06-27T15:11:07.000,-0.21296904213485846,-0.0684360694114261,-0.5437055258350476
741150687.0,2023-06-27T15:11:27.000,0.9105340878945434,-0.5460229636766734,0.24314506454903295
741150707.0,2023-06-27T15:11:47.000,0.6851696035203858,0.28107872076521545,0.1055446514519609
741150727.0,2023-06-27T15:12:07.000,1.1776497602755676,0.11545069640295225,-0.8639845985980443
741150747.0,2023-06-27T15:12:27.000,-0.015215646043120756,-0.4512237624876292,-0.7694472088815019
741150767.0,2023-06-27T15:12:47.000,1.1441116073873658,-0.5173733912955392,-0.8757750320609325
741150787.0,2023-06-27T15:13:07.000,-0.4503863437199662,0.41317176806554556,-1.2900645031566071
741150807.0,2023-06-27T15:13:27.000,1.0553264912949167,-0.9317246189577411,-0.40273980843608115
741150827.0,2023-06-27T15:13:47.000,-0.5746792203109585,-0.10968905910235804,0.1459802374315089
741150847.0,2023-06-27T15:14:07.000,-0.26902135885631395,-0.5947228025715567,-1.0836395584856717
741150867.0,2023-06-27T15:14:27.000,1.1953367111461333,0.8400741344560814,-0.7914155884636287
741150887.0,2023-06-27T15:14:47.000,0.43855764856326473,-0.26700697852710675,-1.509696189228027
741150907.0,2023-06-27T15:15:07.000,-0.1525901014876041,-0.6066194773168831,-0.7281800148528639
741150927.0,2023-06-27T15:15:27.000,0.19992781633559886,-1.5887482863630176,-1.6047436320110187
741150947.0,2023-06-27T15:15:47.000,0.829339522623318,0.06485306125458834,-1.4360369345323143
741150967.0,2023-06-27T15:16:07.000,1.1467000138765115,-1.421236048648744,-0.7653535897045316
741150987.0,2023-06-27T15:16:27.000,0.11902108052463944,-0.6319984254266053,-1.7554962466692636
741151007.0,2023-06-27T15:16:47.000,1.5118794649549017,-1.142807628762288,-1.0053173162272167
741151027.0,2023-06-27T15:17:07.000,0.3405366070130533,-1.7208702090321104,-0.4242257583553233
741151047.0,2023-06-27T15:17:27.000,0.5687126689246647,-0.5091967111625628,-0.5832416977380461
741151067.0,2023-06-27T15:17:47.000,0.7696273953472499,0.1827369776497001,-0.9640737114291476
741151087.0,2023-06-27T15:18:07.000,1.2574122660424791,0.3456768739584781,-0.7730305464082043
741151107.0,2023-06-27T15:18:27.000,1.004430163642489,-1.2249475502268403,0.33875548413053735
741151127.0,2023-06-27T15:18:47.000,-0.2502871434773013,1.0155942210210434,-1.608376101203124
741151147.0,2023-06-27T15:19:07.000,1.2912104248474776,0.32855804144027445,-0.3482357681550141
741151167.0,2023-06-27T15:19:27.000,0.7648809452476257,-0.9990368936785288,-0.21856421216215338
741151187.0,2023-06-27T15:19:47.000,-0.005699678662374197,-1.0148544846155794,-1.2670002430881233
741151207.0,2023-06-27T15:20:07.000,1.655627341956567,-0.7731484270134814,-1.0428294706099628
741151227.0,2023-06-27T15:20:27.000,1.208453642620455,-0.1961561449936866,-1.1139104991730875
741151247.0,2023-06-27T15:20:47.000,0.7927021596465522,-1.088753975808654,-1.8595718865421773
741151267.0,2023-06-27T15:21:07.000,0.2539182475946866,-0.0319003685134156,-0.6850932305457746
741151287.0,2023-06-27T15:21:27.000,0.7813188367955526,0.4288385394790595,-0.4315856209746727
741151307.0,2023-06-27T15:21:47.000,1.5456178499073658,1.2374954176386233,-2.1792435200729265
741151327.0,2023-06-27T15:22:07.000,1.2909076853473422,-0.7029414173076454,-0.17070790544471137
741151347.0,2023-06-27T15:22:27.000,0.42523415455519853,0.4747639453905883,-0.935780990962698
741151367.0,2023-06-27T15:22:47.000,1.0714403492761981,-1.0031504073415576,-2.122606912069447
741151387.0,2023-06-27T15:23:07.000,-1.116330190187309,0.36725447110086407,0.2015231029384168
741151407.0,2023-06-27T15:23:27.000,1.087214246198176,0.26792637105588213,-0.5553788300916018
741151427.0,2023-06-27T15:23:47.000,1.034646258768479,-0.9625050278794234,-0.8236432248565073
741151447.0,2023-06-27T15:24:07.000,1.2080986412921213,0.09541397988366285,-1.1876116708053885
741151467.0,2023-06-27T15:24:27.000,-1.1256773881029858,-1.7374695254868122,-1.491500607320173
741151487.0,2023-06-27T15:24:47.000,0.19060672223902841,-0.19204573504794098,-0.8192664731954125
741151507.0,2023-06-27T15:25:07.000,0.26879005561308844,-1.0600606035304772,-1.3823833469928104
741151527.0,2023-06-27T15:25:27.000,0.1692070325520767,-0.29992874061024466,-0.48624135025043813
741151547.0,2023-06-27T15:25:47.000,0.39887270693039767,0.007902716347985006,-0.5843474758404632
741151567.0,2023-06-27T15:26:07.000,1.2130008026356442,0.14996228882013796,-2.1138946839305284
741151587.0,2023-06-27T15:26:27.000,1.121819626925813,-0.3373185599508943,-1.008710184646766
741151607.0,2023-06-27T15:26:47.000,-2.15643364921414,-1.527896880515467,0.6072655760580581
741151627.0,2023-06-27T15:27:07.000,0.11135434830888968,-1.3252889303316806,-0.2388701762723322
741151647.0,2023-06-27T15:27:27.000,0.9220926044384292,-0.5228042582849923,1.1841161291825664
741151667.0,2023-06-27T15:27:47.000,0.6623503910674344,-1.8335916066480884,0.09340062716578501
741151687.0,2023-06-27T15:28:07.000,1.2641499535837042,-0.42540351418152156,-2.176103165563159
741151707.0,2023-06-27T15:28:27.000,1.3291297440987115,-0.555138866809024,0.09417206671136213
741151727.0,2023-06-27T15:28:47.000,-0.9993628103055485,-0.5202585534713755,-0.4650455621590943
741151747.0,2023-06-27T15:29:07.000,0.8546698108902184,-1.254016753404752,-1.282004602942699
741151767.0,2023-06-27T15:29:27.000,1.056279178557329,-1.1518247688302452,0.19564443958230981
741151787.0,2023-06-27T15:29:47.000,2.2891951784509423,-1.6175094418868774,-0.05192884275917464
741151807.0,2023-06-27T15:30:07.000,0.8211165411942112,0.024907552886865858,-1.9022472462215667
741151827.0,2023-06-27T15:30:27.000,1.0464539863641598,-1.035861013165551,-1.1335055327688082
741151847.0,2023-06-27T15:30:47.000,0.13174705489893412,-1.4597810760519359,-1.5842188977988059
741151867.0,2023-06-27T15:31:07.000,-0.36273310641821155,-0.9147629143169134,0.21191724691727032
741151887.0,2023-06-27T15:31:27.000,0.2205634971330639,-0.06804123091619374,0.533991777862397
741151907.0,2023-06-27T15:31:47.000,-1.0195892588216182,-1.448375008128444,-0.4645750944609617
741151927.0,2023-06-27T15:32:07.000,2.2826250030805184,-0.3330372498777656,-0.21068190725337388
741151947.0,2023-06-27T15:32:27.000,-0.07867623978974336,0.2984864500232831,-0.3532690415530837
741151967.0,2023-06-27T15:32:47.000,0.06696391464666718,0.7011232711406912,0.5104473753347882
741151987.0,2023-06-27T15:33:07.000,0.39339464086296516,-0.9471684151662885,0.08584019381974173
741152007.0,2023-06-27T15:33:27.000,2.1579476258248853,-1.4879609406937,-1.6623487292033445
741152027.0,2023-06-27T15:33:47.000,0.7426273498478686,-0.8362363218550328,-0.7726821715126064
741152047.0,2023-06-27T15:34:07.000,0.3970551695431368,-0.7727545465519015,-0.6497266774929678
741152067.0,2023-06-27T15:34:27.000,0.8789860398872307,-0.24796040800634245,0.4839708670489884
741152087.0,2023-06-27T15:34:47.000,0.7015716623981483,-0.7422424022740515,-1.7715908570803407
741152107.0,2023-06-27T15:35:07.000,2.1271070606565523,-0.9715744535898629,-0.4110558525560748
741152127.0,2023-06-27T15:35:27.000,-0.5821732168009852,-1.772317020543035,0.33637528006336126
741152147.0,2023-06-27T15:35:47.000,0.09137356298261068,0.05761462550379903,-0.4504493091528339
741152167.0,2023-06-27T15:36:07.000,0.6578726660433354,-1.5812967934070166,-0.3693338898047571
741152187.0,2023-06-27T15:36:27.000,-0.24512507640350734,-0.9655459928592514,-0.6221103385439797
741152207.0,2023-06-27T15:36:47.000,-0.5187744277157513,-0.12512666682784612,-0.5070434607179486
741152227.0,2023-06-27T15:37:07.000,-0.20177697489520696,-0.22577941982682148,-1.06894419023007
741152247.0,2023-06-27T15:37:27.000,0.922804008107736,-0.20995594692818642,1.1612028685603626
741152267.0,2023-06-27T15:37:47.000,1.169255766342303,-0.1445612488382153,-0.6112665325241906
741152287.0,2023-06-27T15:38:07.000,0.2700055040882887,-1.9027312113562012,-1.3844679722985198
741152307.0,2023-06-27T15:38:27.000,-0.19697290308817728,-0.36601568852434596,-0.4354704613573901
741152327.0,2023-06-27T15:38:47.000,0.9092767710439098,0.8228220271799813,0.1417513675106008
741152347.0,2023-06-27T15:39:07.000,-0.48039861985094134,-0.3743383545806722,-0.7068434272561319
741152367.0,2023-06-27T15:39:27.000,-0.6083587124394718,-0.38099121794088475,-0.504982914351082
741152387.0,2023-06-27T15:39:47.000,-0.8283758339944214,-0.9846634724919312,0.8281094442175174
741152407.0,2023-06-27T15:40:07.000,1.1790883335693891,-1.6318531533721092,0.0633508860037324
741152427.0,2023-06-27T15:40:27.000,0.16346409922318728,1.0961843437296004,-1.3444833160791703
741152447.0,2023-06-27T15:40:47.000,1.2436894781031604,-0.6692042836875522,0.7529467562772396
741152467.0,2023-06-27T15:41:07.000,-0.12127602442291163,-0.3344893259371595,0.4846634743538303
741152487.0,2023-06-27T15:41:27.000,-1.3466505128012507,-0.8962668756495873,0.14737273411613572
741152507.0,2023-06-27T15:41:47.000,-0.36045459237410427,-0.08858715464521438,0.047047975482161775
741152527.0,2023-06-27T15:42:07.000,0.7494017511877615,0.025505586409568792,-0.6446767847889667
741152547.0,2023-06-27T15:42:27.000,0.8649122932191666,-0.3713910686653499,-0.6992868738731062
741152567.0,2023-06-27T15:42:47.000,-0.2677808397688608,-1.7057305179979387,-0.41521478152395375
741152587.0,2023-06-27T15:43:07.000,1.8835628347702027,-1.7537277185786238,-0.5425124955271698
741152607.0,2023-06-27T15:43:27.000,1.7404840796264587,-0.02283579132456026,-0.5067002832648271
741152627.0,2023-06-27T15:43:47.000,1.4253444754808164,-1.6020608250677526,-1.0539558227828927
741152647.0,2023-06-27T15:44:07.000,-0.280905911631546,-1.798954081899673,-0.43442340721400186
741152667.0,2023-06-27T15:44:27.000,-0.2265244725796478,0.5289102854355576,0.050638208792808115
741152687.0,2023-06-27T15:44:47.000,0.8370938160640051,-1.1286258235321256,0.25615523695510234
741152707.0,2023-06-27T15:45:07.000,-0.6793436045371415,-1.2794759926881838,0.4308379992767897
741152727.0,2023-06-27T15:45:27.000,0.15238059617450617,-1.3459828922091077,0.3521123294936146
741152747.0,2023-06-27T15:45:47.000,-0.3175139926314685,-1.2584202535359523,-1.4812263294916583
741152767.0,2023-06-27T15:46:07.000,0.9586340921741154,0.8075527192286103,-0.8670631195362155
741152787.0,2023-06-27T15:46:27.000,0.2525438316469675,0.0254632231633245,-0.48100501615078173
741152807.0,2023-06-27T15:46:47.000,0.10801960039774627,-0.11732749801707243,-0.1690125889908245
741152827.0,2023-06-27T15:47:07.000,1.1811064034805696,-0.9847209316959926,-0.1571780365194897
741152847.0,2023-06-27T15:47:27.000,-0.5561951446075852,0.07832928565765229,-0.3196887356504696
741152867.0,2023-06-27T15:47:47.000,-0.7715516327166938,-1.2541075639638244,-0.604949118732101
741152887.0,2023-06-27T15:48:07.000,1.381156996838051,0.24139993693994555,-0.3886799206487268
741152907.0,2023-06-27T15:48:27.000,0.775625704363403,-2.0100960763214104,0.18169486059038675
741152927.0,2023-06-27T15:48:47.000,0.43375926037647616,-1.4534120047482446,0.6316059814492903
741152947.0,2023-06-27T15:49:07.000,0.5766806286167103,-0.39341626036915045,0.3607712107722705
741152967.0,2023-06-27T15:49:27.000,0.8699453106553179,-0.7536014366205102,-0.526764399066959
741152987.0,2023-06-27T15:49:47.000,0.08225656019655858,-2.2840274078061995,-1.1587358017761673
741153007.0,2023-06-27T15:50:07.000,1.6509133562547795,0.36150457730643737,0.36598368465812214
741153027.0,2023-06-27T15:50:27.000,0.03457037469623003,0.5425036132322703,-0.051075083828955314
741153047.0,2023-06-27T15:50:47.000,1.051004352647933,-1.750984811177414,-0.7083298946386485
741153067.0,2023-06-27T15:51:07.000,0.07185235150197755,-0.6386442275685411,1.5191946240666887
741153087.0,2023-06-27T15:51:27.000,-0.7403202575972934,-0.8990071169168168,-0.9170389351553787
741153107.0,2023-06-27T15:51:47.000,1.7072271795592897,0.9513001995808956,-0.06786912452039218
741153127.0,2023-06-27T15:52:07.000,0.2808493391848188,-1.444191451327459,0.46876388953842607
741153147.0,2023-06-27T15:52:27.000,-0.8092140197590858,-1.4881863025895115,-0.6842125457540149
741153167.0,2023-06-27T15:52:47.000,-0.08856599117423869,-0.09162465123280228,-0.6204849909541288
741153187.0,2023-06-27T15:53:07.000,0.35777040137130456,-0.6730129638921056,-0.34466901552843154
741153207.0,2023-06-27T15:53:27.000,-0.43051602769406117,-0.8180841617466683,0.02007335214715411
741153227.0,2023-06-27T15:53:47.000,-1.5079915023030743,-1.3794784424092654,-0.4992457542707385
741153247.0,2023-06-27T15:54:07.000,-0.07514381183959529,-0.8294629338712056,-0.8268200642147505
741153267.0,2023-06-27T15:54:27.000,-0.42177904095996865,-2.031827081949711,-0.5159716377489687
741153287.0,2023-06-27T15:54:47.000,-0.2859007104061284,-0.040416191859904416,-0.4858353103487367
741153307.0,2023-06-27T15:55:07.000,-0.7266528795679683,-1.4896869276137537,-0.438795609480902
741153327.0,2023-06-27T15:55:27.000,0.7937397464297113,-1.3327678237029517,-0.7979544950798001
741153347.0,2023-06-27T15:55:47.000,1.6101144363789288,-0.6476979675928973,-1.337479181273693
741153367.0,2023-06-27T15:56:07.000,0.6466974676433423,-0.21773446868822433,0.5139489941963227
741153387.0,2023-06-27T15:56:27.000,-0.056331738507164886,-1.338339925616161,0.2618521426689391
741153407.0,2023-06-27T15:56:47.000,-1.9416060796806356,-0.40626672203059044,-0.47209835920547505
741153427.0,2023-06-27T15:57:07.000,-0.13248411481203703,-1.5079885623547895,0.4659461827372091
741153447.0,2023-06-27T15:57:27.000,2.467063664857161,-0.2624615857316215,1.6248622929149192
741153467.0,2023-06-27T15:57:47.000,-0.23566381329720443,-1.4271502856155749,0.25530086258385154
741153487.0,2023-06-27T15:58:07.000,0.10523185473010344,-2.0460319381743197,0.4559856638275406
741153507.0,2023-06-27T15:58:27.000,0.003186954433687106,-1.4684105720030871,-0.5920977552587026
741153527.0,2023-06-27T15:58:47.000,-1.177684652964306,-1.5116008640458922,1.2248505842582524
741153547.0,2023-06-27T15:59:07.000,-0.23383200319360142,-2.2925225447001374,0.3940262016999263
741153567.0,2023-06-27T15:59:27.000,0.20706151413474316,-1.3593854380489212,-0.38755462865580625
741153587.0,2023-06-27T15:59:47.000,0.019475839174720733,-1.3985777739256022,-0.6732530775543921
741153607.0,2023-06-27T16:00:07.000,0.5272390201094268,-1.539504997916108,-0.4077145663750059
741153627.0,2023-06-27T16:00:27.000,0.31522052814647594,-0.9610587921149438,0.3786118344506484
741153647.0,2023-06-27T16:00:47.000,0.5914719528155032,-0.6178159278502626,-0.5079872560598275
741153667.0,2023-06-27T16:01:07.000,-0.007499733567506439,-0.6030638495246876,0.05521528241292373
741153687.0,2023-06-27T16:01:27.000,1.5389039548341366,0.014614067522789043,0.39164652044787474
741153707.0,2023-06-27T16:01:47.000,-0.9314919407810152,-0.6486341353362235,0.22927279614837204
741153727.0,2023-06-27T16:02:07.000,-0.8230206614889823,-0.14217688359963176,-1.18514036088202
741153747.0,2023-06-27T16:02:27.000,-0.45788423496118114,-0.3000865743230108,0.17802116910603516
741153767.0,2023-06-27T16:02:47.000,0.7041122012441114,-1.2960898430502965,0.23972890819123904
741153787.0,2023-06-27T16:03:07.000,0.6163058085206785,-0.32657312344364087,0.053214334105877725
741153807.0,2023-06-27T16:03:27.000,0.11970449774745262,-1.242119552080645,-0.20519581720446212
741153827.0,2023-06-27T16:03:47.000,0.04541306330985151,-0.08561449895694295,-1.2643002259116187
741153847.0,2023-06-27T16:04:07.000,-0.2350658883210066,-1.8030279252623238,-0.12334914759604132
741153867.0,2023-06-27T16:04:27.000,-0.5351939938225136,-0.4185498699293966,1.117849173593033
741153887.0,2023-06-27T16:04:47.000,0.38804164468331237,0.30854834254245844,0.26324800326271713
741153907.0,2023-06-27T16:05:07.000,0.016046943240866085,-1.8012229918928924,0.08534979093477446
741153927.0,2023-06-27T16:05:27.000,-0.38261269579287216,-0.9233555618437528,-0.8440591895420013
741153947.0,2023-06-27T16:05:47.000,0.14261030752971138,-0.8669206211231462,-0.8936765985900763
741153967.0,2023-06-27T16:06:07.000,0.05420711129966449,-1.1601744087430532,1.7775051928015095
741153987.0,2023-06-27T16:06:27.000,-0.1579827636377651,-1.0754732697737523,-0.2234981419935167
741154007.0,2023-06-27T16:06:47.000,1.1823023673751543,-0.9742132939027925,-0.17036752661958587
741154027.0,2023-06-27T16:07:07.000,-0.293330480372056,0.3108651692396158,-1.2630676740177371
741154047.0,2023-06-27T16:07:27.000,0.6801214997853577,-0.6940398709409656,-0.30676425423203924
741154067.0,2023-06-27T16:07:47.000,0.05930978744794757,-0.25778924518382595,-0.2241662796720334
741154087.0,2023-06-27T16:08:07.000,-0.28541776748713943,-1.1370016851364184,0.9302044288839184
741154107.0,2023-06-27T16:08:27.000,0.3112544513794724,-0.7141899106111183,1.6662986490278975
741154127.0,2023-06-27T16:08:47.000,-1.5140850472050715,-2.357263970820256,1.0718275965104773
741154147.0,2023-06-27T16:09:07.000,0.7539234150977236,-1.273487585151667,1.4818962860485563
741154167.0,2023-06-27T16:09:27.000,0.14695196782765763,-0.256096592099464,-0.10072132438088133
741154187.0,2023-06-27T16:09:47.000,0.19548878026354188,-0.5551919694646301,-0.4675766173245499
741154207.0,2023-06-27T16:10:07.000,-0.08687088961512046,-0.9146887023470107,0.07002302344627509
741154227.0,2023-06-27T16:10:27.000,-0.0024816124488680202,-0.9143617402562754,-0.1430531017643233
741154247.0,2023-06-27T16:10:47.000,-0.3913150448342506,0.43275321419677937,0.7000748809327106
741154267.0,2023-06-27T16:11:07.000,-0.8050370756018665,-1.8565287354110893,0.012329164422730798
741154287.0,2023-06-27T16:11:27.000,-1.0836218555132504,-1.3916906594135803,1.2227601396741505
741154307.0,2023-06-27T16:11:47.000,-0.03988356261919179,-0.38705428202501224,0.31632951155158295
741154327.0,2023-06-27T16:12:07.000,-0.881537647878794,-1.8547686344128067,0.3735409766836284
741154347.0,2023-06-27T16:12:27.000,-1.2940172278375073,-1.0869669841206964,-1.0909672492398492
741154367.0,2023-06-27T16:12:47.000,-0.5050834622544187,0.16158438467250846,-0.8572946810447846
741154387.0,2023-06-27T16:13:07.000,-0.34851052487239187,-1.718451100218843,-0.3715063475184799
741154407.0,2023-06-27T16:13:27.000,0.635735206044874,-1.4674057930430529,0.0848313314594229
741154427.0,2023-06-27T16:13:47.000,-1.1123406869262276,-0.30599712074197427,0.6940579223679855
741154447.0,2023-06-27T16:14:07.000,-0.4565637228948205,-1.9631711236645089,0.5210068462324635
741154467.0,2023-06-27T16:14:27.000,0.5573635991074077,-1.1586850723221964,-0.582189239750619
741154487.0,2023-06-27T16:14:47.000,0.6525504902765711,-0.7527025598474957,-0.32681951058766145
741154507.0,2023-06-27T16:15:07.000,-0.07193623177137454,-1.5147665733739046,0.7168782769073623
741154527.0,2023-06-27T16:15:27.000,-0.1314336538604799,-0.9676326575669414,-0.840337388441359
741154547.0,2023-06-27T16:15:47.000,0.4612048162710991,0.2599512814671634,-0.352007879478311
741154567.0,2023-06-27T16:16:07.000,0.16533705841093038,-1.2937336942742128,0.2074979027932855
741154587.0,2023-06-27T16:16:27.000,0.902843890482341,-0.5441287552865326,1.36865103746997
741154607.0,2023-06-27T16:16:47.000,-0.6782799060078837,0.6668455168723497,0.11743272191333531
741154627.0,2023-06-27T16:17:07.000,-1.0692658571231917,-0.7849016034455758,-1.054498611163801
741154647.0,2023-06-27T16:17:27.000,-0.10313675860018634,-1.0996508248983794,0.2329003113032968
741154667.0,2023-06-27T16:17:47.000,0.4785872960599846,-1.3013140902851106,-0.5783714642881854
741154687.0,2023-06-27T16:18:07.000,0.009419049540326796,-1.4930693191472777,0.4063509515206398
741154707.0,2023-06-27T16:18:27.000,-0.4602947024867632,-0.9036730088229916,0.5279202759611579
741154727.0,2023-06-27T16:18:47.000,-0.6991701059777533,-1.8095638085635635,0.8944816457190363
741154747.0,2023-06-27T16:19:07.000,-1.3068289075546247,-0.5454598070220307,0.05826762089489179
741154767.0,2023-06-27T16:19:27.000,0.7019289418708219,-0.1511930791231464,-0.8055066750944917
741154787.0,2023-06-27T16:19:47.000,-0.7930619556062446,-0.5999720044447265,1.6904475993340107
741154807.0,2023-06-27T16:20:07.000,-1.1712179012968171,-0.802740984051642,0.38436271199149274
741154827.0,2023-06-27T16:20:27.000,0.03207731157361948,-0.9232864781383299,-0.23484100254433926
741154847.0,2023-06-27T16:20:47.000,-0.9257730584133483,-1.5219476773187246,1.3704740990050368
741154867.0,2023-06-27T16:21:07.000,-1.5020805361198875,-2.112333480863704,-0.09073940815396142
741154887.0,2023-06-27T16:21:27.000,0.6344835962956985,-0.7598283896070868,-0.7134322496105128
741154907.0,2023-06-27T16:21:47.000,-0.13983921807181332,-0.03346730406139642,-0.6165137756974914
741154927.0,2023-06-27T16:22:07.000,-1.5908598562819343,-0.19827083095336206,0.3252019044053256
741154947.0,2023-06-27T16:22:27.000,-1.3719224655317497,-0.693526328732208,0.5115556544033062
741154967.0,2023-06-27T16:22:47.000,-1.4301822716777934,-1.4468457309235738,-0.6504652003025413
741154987.0,2023-06-27T16:23:07.000,-0.059831378218522246,-0.3202325454809696,1.5305668240150894
741155007.0,2023-06-27T16:23:27.000,-0.39394172214324286,-1.256585965880852,-0.8948166303590632
741155027.0,2023-06-27T16:23:47.000,-0.6392793117204754,-1.0899333372837994,1.2891438656903453
741155047.0,2023-06-27T16:24:07.000,-1.7729556615830866,-0.5001673666571449,0.5518089404077386
741155067.0,2023-06-27T16:24:27.000,-0.9289087215424985,-0.6961884114864425,0.6605046823815464
741155087.0,2023-06-27T16:24:47.000,0.23504572488342035,-2.1272093532975767,1.705888607039796
741155107.0,2023-06-27T16:25:07.000,-0.690082514132051,-1.1826591941099807,-0.4749314217233902
741155127.0,2023-06-27T16:25:27.000,-1.2733357336203177,-0.38586433788179164,-0.7701701788653814
741155147.0,2023-06-27T16:25:47.000,-0.5781636160162584,-0.4970060548115107,-0.5529616116994873
741155167.0,2023-06-27T16:26:07.000,-0.44166283890145763,-0.829334282914651,0.8713943305926897
741155187.0,2023-06-27T16:26:27.000,-1.0511258789036582,-1.402206429168551,0.6835543798655586
741155207.0,2023-06-27T16:26:47.000,-0.7894510166917001,-0.4001494675609507,1.3537656296302991
741155227.0,2023-06-27T16:27:07.000,-0.8159946175090305,-1.1603164052242931,0.3958667815884276
741155247.0,2023-06-27T16:27:27.000,-1.2471637372835076,0.10624009608717344,2.0928357327143488
741155267.0,2023-06-27T16:27:47.000,-0.46736632780541854,0.43749336336995626,-0.09169414038057155
741155287.0,2023-06-27T16:28:07.000,0.5086202849557964,-0.2116367909588135,0.5793896916572727
741155307.0,2023-06-27T16:28:27.000,-0.2160963836539409,-2.1852727256077564,-0.844617898287936
741155327.0,2023-06-27T16:28:47.000,-0.07949506959370467,-1.0017654936578246,0.8485759242948809
741155347.0,2023-06-27T16:29:07.000,-0.2178372488725877,-0.8497115796313182,-0.4777608025530178
741155367.0,2023-06-27T16:29:27.000,-0.9047464538225469,-1.4634128714496875,0.528933532140119
741155387.0,2023-06-27T16:29:47.000,-0.0016317711848401473,-1.8206386440788869,0.5778121507260536
741155407.0,2023-06-27T16:30:07.000,0.5038318050432089,-1.075165361441588,1.360681028883537
741155427.0,2023-06-27T16:30:27.000,0.29476732108513204,-1.601076722368422,-0.31809345930611244
741155447.0,2023-06-27T16:30:47.000,-0.40450225925470207,-0.6973377763230815,-0.18511012969124607
741155467.0,2023-06-27T16:31:07.000,-1.2834679371298563,-1.4579457670804707,-0.17866560897417116
741155487.0,2023-06-27T16:31:27.000,-0.2464792200007615,0.3997423616453055,0.5210720795512103
741155507.0,2023-06-27T16:31:47.000,-1.0518290558536592,0.4650366915548432,1.5275373441148155
741155527.0,2023-06-27T16:32:07.000,0.751259067155452,-2.2824115031294667,0.6225623868760799
741155547.0,2023-06-27T16:32:27.000,-0.6371271644267651,-0.9784700148451897,0.0752193804909318
741155567.0,2023-06-27T16:32:47.000,-1.445780817899145,-0.3768860191932788,-0.5659714138683825
741155587.0,2023-06-27T16:33:07.000,-0.03982092728893605,-0.5347638118657905,0.6575796961283409
741155607.0,2023-06-27T16:33:27.000,-0.07816669764793005,-1.8509910241215621,1.6134183095539711
741155627.0,2023-06-27T16:33:47.000,-1.1956923484657267,-0.4870780961230281,-0.5083820402318473
741155647.0,2023-06-27T16:34:07.000,-0.8418857543435188,-0.8667115343086174,1.213139336020408
741155667.0,2023-06-27T16:34:27.000,-0.721643189971477,-2.118491529334854,0.8297809543811319
741155687.0,2023-06-27T16:34:47.000,-1.4633553963916412,-1.4321570943498507,0.8576079552180538
741155707.0,2023-06-27T16:35:07.000,0.8716840467770659,-0.13618544348892314,-0.08482927670305784
741155727.0,2023-06-27T16:35:27.000,-0.4520044691869174,-0.7669818829714181,0.4070716549509079
741155747.0,2023-06-27T16:35:47.000,-1.0898941670167694,-1.105986014404703,-0.00866761589168874
741155767.0,2023-06-27T16:36:07.000,-0.015548280729582586,-1.4110700009783983,-0.21110124128753682
741155787.0,2023-06-27T16:36:27.000,0.35021005695412555,-0.5345102098264221,1.0512549659447146
741155807.0,2023-06-27T16:36:47.000,0.34130983685987104,0.4245171073002929,0.26529567203059656
741155827.0,2023-06-27T16:37:07.000,-0.3728982534090264,-1.3366569349027024,-0.37656881070047277
741155847.0,2023-06-27T16:37:27.000,0.0499467283199273,-1.3788186615126818,1.3248909062180125
741155867.0,2023-06-27T16:37:47.000,0.5851089828312617,-2.4847049267751053,-0.9898749305903287
741155887.0,2023-06-27T16:38:07.000,-1.4248359909263542,-0.5902176966832151,0.5032774301305665
741155907.0,2023-06-27T16:38:27.000,0.08176391094183444,0.27719801091175,-0.4334271876071938
741155927.0,2023-06-27T16:38:47.000,0.006954345066478851,-0.038691522485923,0.37825077606745694
741155947.0,2023-06-27T16:39:07.000,-0.8368600842967311,-0.6177827184150608,0.39513293983439723
741155967.0,2023-06-27T16:39:27.000,-0.1681016300159044,-2.0354621560580988,0.9816193061396028
741155987.0,2023-06-27T16:39:47.000,-0.2705892531373877,-1.3891472145588502,1.4454317882939272
741156007.0,2023-06-27T16:40:07.000,-0.19851105965695837,-0.693488969616407,-0.4023855816881472
741156027.0,2023-06-27T16:40:27.000,-1.2717482835489236,-0.8639017812450689,0.4539796700897547
741156047.0,2023-06-27T16:40:47.000,0.05071583270011004,-0.6460076723224795,-1.0608708670867273
741156067.0,2023-06-27T16:41:07.000,-0.5726485038493045,0.3969738182174609,0.33331258746382986
741156087.0,2023-06-27T16:41:27.000,-0.3591884648046495,-0.8944751166750642,1.6485567909452215
741156107.0,2023-06-27T16:41:47.000,-0.13159893977876536,-1.0763682609216119,1.2132878252080204
741156127.0,2023-06-27T16:42:07.000,1.3588340668668764,-1.7574294447375571,1.8728570791548549
741156147.0,2023-06-27T16:42:27.000,0.24162746486977582,0.620576358767444,0.5889167205230805
741156167.0,2023-06-27T16:42:47.000,-1.773746682132149,-1.502661598917765,1.4375178020942236
741156187.0,2023-06-27T16:43:07.000,-1.2240025245024988,0.035739880621665776,0.7155405370884438
741156207.0,2023-06-27T16:43:27.000,0.23973985413539012,-1.212833481312181,0.3721199151485166
741156227.0,2023-06-27T16:43:47.000,-0.833681706902123,-1.347032446552543,0.8563593840382744
741156247.0,2023-06-27T16:44:07.000,0.21785081089076286,0.5867591854058496,-0.44757249436644386
741156267.0,2023-06-27T16:44:27.000,-1.054991391080673,-1.5220244591662713,0.3936126191650402
741156287.0,2023-06-27T16:44:47.000,-0.04960183170865662,-2.163000373711643,0.6795129037784342
741156307.0,2023-06-27T16:45:07.000,-0.8518778215171885,-0.39123788425632355,0.44881768894722285
741156327.0,2023-06-27T16:45:27.000,1.0250982624748772,0.04072970810620191,0.7705489923459652
741156347.0,2023-06-27T16:45:47.000,-1.2889116338898887,-1.562490385309534,0.5438267922319717
741156367.0,2023-06-27T16:46:07.000,-0.3551092821463264,-0.4114009774847105,2.217865815168363
741156387.0,2023-06-27T16:46:27.000,-0.8955522908582481,-1.3934221555267357,-0.5882296087889038
741156407.0,2023-06-27T16:46:47.000,-0.7406815831334512,-1.268351753525021,0.8300869939081856
741156427.0,2023-06-27T16:47:07.000,0.4123517193033166,-0.49903010460594643,0.16650878129631508
741156447.0,2023-06-27T16:47:27.000,-0.7127168062726064,0.8955064709104121,0.2614804227474288
741156467.0,2023-06-27T16:47:47.000,-1.2171463748211764,-0.13833993940393086,1.19798445813446
741156487.0,2023-06-27T16:48:07.000,-1.1483417089563908,0.04882652379079033,0.021622292289968925
741156507.0,2023-06-27T16:48:27.000,-1.375410629422813,0.2336210888076451,1.4758663597236321
741156527.0,2023-06-27T16:48:47.000,-0.41184216107437166,0.3417448889875274,-0.9382924347489663
741156547.0,2023-06-27T16:49:07.000,-0.6269611606546377,-0.4006463786399017,-0.07783913080761096
741156567.0,2023-06-27T16:49:27.000,0.4761959120358483,-0.5165056320644013,0.39289639265360776
741156587.0,2023-06-27T16:49:47.000,-0.09335720030367867,-1.296544505924313,0.8780339709635321
741156607.0,2023-06-27T16:50:07.000,0.10391336427995057,-0.8148383339401377,-0.6275227046326215
741156627.0,2023-06-27T16:50:27.000,-0.21886074429433577,-0.5036698555227481,0.04226808856255815
741156647.0,2023-06-27T16:50:47.000,-1.573749554673043,-2.0849847553794376,1.0251664428695406
741156667.0,2023-06-27T16:51:07.000,-0.9860990145438286,-1.2012012083673085,0.8663162745503605
741156687.0,2023-06-27T16:51:27.000,-0.6021257665800306,-1.6085348673366973,1.6565353361031043
741156707.0,2023-06-27T16:51:47.000,-0.6679966945255522,0.5936273166362582,-0.17908532946586675
741156727.0,2023-06-27T16:52:07.000,-2.126144342651237,-0.3923483525403171,0.14241085184441005
741156747.0,2023-06-27T16:52:27.000,-0.8801223735477315,-0.717334842992301,0.9498020342224578
741156767.0,2023-06-27T16:52:47.000,-0.7188086981635422,-0.8606750277140307,0.8556981767160465
741156787.0,2023-06-27T16:53:07.000,-1.1727923537319107,-0.9216835721637118,1.1808923387146564
741156807.0,2023-06-27T16:53:27.000,-1.9974023764968152,-1.29974337765848,1.8213686790446992
741156827.0,2023-06-27T16:53:47.000,-0.21862080662460315,-0.6111013182152902,0.27630656622701366
741156847.0,2023-06-27T16:54:07.000,0.32364927877726046,-0.5677493427724833,0.6584715842916644
741156867.0,2023-06-27T16:54:27.000,-0.9912409580148385,-1.1566925666284256,0.5221541458877432
741156887.0,2023-06-27T16:54:47.000,-1.946239522143678,-1.1326173884440571,-0.4325823011130936
741156907.0,2023-06-27T16:55:07.000,-0.06008771976651062,-0.43304199189853065,1.2035191821802016
741156927.0,2023-06-27T16:55:27.000,-0.04536142681477173,-1.3935434344469755,1.4676973915217495
741156947.0,2023-06-27T16:55:47.000,-0.8709647954852073,-0.9191470636271681,1.343166381251315
741156967.0,2023-06-27T16:56:07.000,0.04018872258315653,-0.24638246219899074,1.5253216457233876
741156987.0,2023-06-27T16:56:27.000,-0.6912334032826983,-1.3068140206295986,0.6597337389058211
741157007.0,2023-06-27T16:56:47.000,-1.4350698171128329,-1.390975720505505,1.0293732166322123
741157027.0,2023-06-27T16:57:07.000,-1.6458944859687463,-0.8860202260874139,1.4708375164818044
741157047.0,2023-06-27T16:57:27.000,-1.5954834424625197,-0.43029750989020954,1.3155501596084918
741157067.0,2023-06-27T16:57:47.000,-0.7474413844188454,-0.3259729797089328,0.7172525580134703
741157087.0,2023-06-27T16:58:07.000,-0.1694890738423993,-0.561729252379628,-0.006955581810519362
741157107.0,2023-06-27T16:58:27.000,0.7975098034629369,-1.3348897301201923,0.7105005134899756
741157127.0,2023-06-27T16:58:47.000,-0.8441037906314897,-0.7897075388951791,0.5340018674582225
741157147.0,2023-06-27T16:59:07.000,-0.2954637732810461,0.26337700820278087,-0.17050149125896752
741157167.0,2023-06-27T16:59:27.000,-1.3755659023839684,1.0627767265569688,0.6709257088899356
741157187.0,2023-06-27T16:59:47.000,-0.6955877128955734,-1.9283716376383708,1.5574565675802177
741157207.0,2023-06-27T17:00:07.000,-1.860408658826973,-1.3518812145729697,0.1850469064645921
741157227.0,2023-06-27T17:00:27.000,-0.5515012372780959,-0.5572911343065812,1.1920063199499786
741157247.0,2023-06-27T17:00:47.000,-0.45589031393289403,-1.4743176853682094,0.9828228766828317
741157267.0,2023-06-27T17:01:07.000,-0.8892784644332075,-1.1213120353237294,-0.0712915607548048
741157287.0,2023-06-27T17:01:27.000,-0.7345650225420997,0.0651640065907344,0.9393840019855659
741157307.0,2023-06-27T17:01:47.000,-1.084544556595457,-1.54342509013361,0.6890019364380606
741157327.0,2023-06-27T17:02:07.000,1.0070898027847441,0.4022556922222975,1.3117490733627335
741157347.0,2023-06-27T17:02:27.000,-0.1605240759317006,-1.2959236601495228,-0.027679116998413633
741157367.0,2023-06-27T17:02:47.000,-1.2659022190497637,-0.5136666162752768,0.2302451255986604
741157387.0,2023-06-27T17:03:07.000,-1.3060073171256015,-0.6477186133446722,0.579286387125677
741157407.0,2023-06-27T17:03:27.000,-1.0530941124131665,-0.54726901750346,1.66762098097184
741157427.0,2023-06-27T17:03:47.000,-1.3486632438830526,0.8508622443281766,1.2463267933027211
741157447.0,2023-06-27T17:04:07.000,-1.0173127982016084,-0.47664647835343743,0.6178986899141314
741157467.0,2023-06-27T17:04:27.000,-1.5098955787662405,-1.4377730534809174,2.2591038607466807
741157487.0,2023-06-27T17:04:47.000,-0.2210300960259204,-0.42096599759400277,0.4838470248125226
741157507.0,2023-06-27T17:05:07.000,-0.5318797029141287,-0.7353053713243796,0.7065769436875868
741157527.0,2023-06-27T17:05:27.000,-0.8363676185285662,-1.5029905175101277,1.8176704633110496
741157547.0,2023-06-27T17:05:47.000,-1.4592709816518834,-1.4973220326619519,0.4695943429444682
741157567.0,2023-06-27T17:06:07.000,-1.351801083004922,-0.8674283183740528,-0.26181065958530425
741157587.0,2023-06-27T17:06:27.000,-1.6878011688592487,-0.3957031371903952,1.8276569659358977
741157607.0,2023-06-27T17:06:47.000,-0.3751539901064582,-1.4915390214920166,0.4048088168673303
741157627.0,2023-06-27T17:07:07.000,0.488498750983446,-0.0366078685365423,0.8502336487192785
741157647.0,2023-06-27T17:07:27.000,-1.0721747839892437,0.3955691727508537,0.34085933945382507
741157667.0,2023-06-27T17:07:47.000,-1.235006144684192,0.12130314236413753,0.29338107473408925
741157687.0,2023-06-27T17:08:07.000,-0.9119558677550543,-0.7203795506116606,-0.20337312467422208
741157707.0,2023-06-27T17:08:27.000,-0.39626974631667977,-0.009303534842519667,0.9096112979167792
741157727.0,2023-06-27T17:08:47.000,-1.5823172382023465,-1.0524011968882085,-0.5752052790741757
741157747.0,2023-06-27T17:09:07.000,-1.139227621071992,-0.9359567027411586,0.6319234660212558
741157767.0,2023-06-27T17:09:27.000,-0.056226003952719594,0.7356786741796739,0.077617969818089
741157787.0,2023-06-27T17:09:47.000,-1.1313735181706086,-0.7624823010643489,0.8491707525815073
741157807.0,2023-06-27T17:10:07.000,-1.6402179740748757,-0.4868058148588261,0.516468479550003
741157827.0,2023-06-27T17:10:27.000,-0.4214111041789259,-0.8825122107092298,0.359119133996888
741157847.0,2023-06-27T17:10:47.000,-1.1945062886487001,-1.4374756200696837,-1.009131239704253
741157867.0,2023-06-27T17:11:07.000,-1.23896738964957,0.1278466355114638,-0.02051985235063114
741157887.0,2023-06-27T17:11:27.000,-1.1271861779293957,-0.38903518280175575,-0.8901324943466626
741157907.0,2023-06-27T17:11:47.000,-1.7917770551267864,0.5481145487817862,-0.42997362397212413
741157927.0,2023-06-27T17:12:07.000,-0.9858422573616465,-0.3324720084574295,1.0763412220504698
741157947.0,2023-06-27T17:12:27.000,0.07666324508548428,0.9477890474118844,0.9827677051821304
741157967.0,2023-06-27T17:12:47.000,-0.6768989543215476,-0.6694646066507381,-0.6046186171726475
741157987.0,2023-06-27T17:13:07.000,-0.9252956987282346,0.07419635769112531,0.7610587498541044
741158007.0,2023-06-27T17:13:27.000,-1.1478322649360884,0.2881015216060767,2.4261332202235586
741158027.0,2023-06-27T17:13:47.000,-1.1509222403449648,-0.14697821100195796,0.07413168762182565
741158047.0,2023-06-27T17:14:07.000,-1.1765245919836964,-0.9199509555135599,0.8292097208872917
741158067.0,2023-06-27T17:14:27.000,0.16095386643488752,-0.10047913777677664,0.8868603109890572
741158087.0,2023-06-27T17:14:47.000,-0.4266071656933157,0.7825749872791832,-0.9464312408447029
741158107.0,2023-06-27T17:15:07.000,-1.2864463482809008,0.47327519533402196,-0.9216636230546804
741158127.0,2023-06-27T17:15:27.000,-0.2972099496845182,0.4273278082056464,0.6407144355402572
741158147.0,2023-06-27T17:15:47.000,0.15360336246272865,-1.23233345764584,-0.13495764918936004
741158167.0,2023-06-27T17:16:07.000,-1.0976407168517,0.8001688543757268,1.0476514896606837
741158187.0,2023-06-27T17:16:27.000,-0.9287265220203622,0.3043473465913493,-0.1313392564039617
741158207.0,2023-06-27T17:16:47.000,-0.4620306308877886,0.06858901749895452,1.4792220651704824
741158227.0,2023-06-27T17:17:07.000,-1.1616300236050314,-0.09786167886050023,-1.2191656170945642
741158247.0,2023-06-27T17:17:27.000,-1.5649977129550408,-1.3537840342414675,0.9750012309850398
741158267.0,2023-06-27T17:17:47.000,-1.1859703873962069,-1.5650573812919788,-0.011608228611681426
741158287.0,2023-06-27T17:18:07.000,-1.9129642522708323,1.0924914872423308,1.4195267779903986
741158307.0,2023-06-27T17:18:27.000,-3.444394105600601,-0.4397484541174279,-0.07563370166829841
741158327.0,2023-06-27T17:18:47.000,-0.7744819923050095,-1.4924404117877543,1.22179572139558
741158347.0,2023-06-27T17:19:07.000,-0.9718620065046757,0.8218659583225651,0.9671927521881507
741158367.0,2023-06-27T17:19:27.000,-0.764998143132356,-0.39372231771528376,-0.06031441532883264
741158387.0,2023-06-27T17:19:47.000,-1.065527658872245,-0.3240183138464303,0.11685533644056889
741158407.0,2023-06-27T17:20:07.000,-0.23707957770291443,-1.544664010666441,1.3154699330497621
741158427.0,2023-06-27T17:20:27.000,-2.556469088588198,-1.3287457485966492,0.09784950486535493
741158447.0,2023-06-27T17:20:47.000,-0.5338406302346499,0.23745125142804469,0.38110261892931874
741158467.0,2023-06-27T17:21:07.000,-1.1102872378154771,-1.576642739797851,1.024005672822792
741158487.0,2023-06-27T17:21:27.000,-1.082473371039061,-0.4149119408380919,-0.4754144687924011
741158507.0,2023-06-27T17:21:47.000,-1.0907119880609883,-0.45993475571437514,0.6620502244758519
741158527.0,2023-06-27T17:22:07.000,-0.9311929438204913,-1.9551549175989003,0.8849194054194598
741158547.0,2023-06-27T17:22:27.000,-1.273294400649938,-0.6065708431202133,2.5984614853813426
741158567.0,2023-06-27T17:22:47.000,-0.8502220252171178,0.7261963980154107,0.12145038891242521
741158587.0,2023-06-27T17:23:07.000,-0.5406386884843073,1.0013768333871909,0.28736477910573655
741158607.0,2023-06-27T17:23:27.000,-1.4620908598161897,-1.924642507333818,0.7236030526103221
741158627.0,2023-06-27T17:23:47.000,-1.2733448718771356,0.1598327550644818,-0.07449394331393577
741158647.0,2023-06-27T17:24:07.000,-1.2457327490889014,-0.4655358330163395,-1.0260945046636216
741158667.0,2023-06-27T17:24:27.000,-1.430826609161162,-1.4316245967704866,0.7443813680119149
741158687.0,2023-06-27T17:24:47.000,-1.7981275766021376,-1.474630333675453,0.017262831897291164
741158707.0,2023-06-27T17:25:07.000,-1.8941893385471253,0.20696624800642383,1.1623128336468724
741158727.0,2023-06-27T17:25:27.000,-2.746161680922121,0.02042457842854617,-0.03741315577343585
741158747.0,2023-06-27T17:25:47.000,-2.0994188937639713,-1.7678760200090515,-0.05814913777157926
741158767.0,2023-06-27T17:26:07.000,-1.3807736984117192,0.47669249028103877,1.1972266625082106
741158787.0,2023-06-27T17:26:27.000,-3.2174902155568397,0.9169978825940284,1.1423183125414127
741158807.0,2023-06-27T17:26:47.000,-0.9931451211420139,0.5141377472428488,0.5165360233205796
741158827.0,2023-06-27T17:27:07.000,-0.891641928257858,-0.09797542513956259,0.9255960733201007
741158847.0,2023-06-27T17:27:27.000,-0.0748530906591327,0.20999073623295672,0.1253522052824252
741158867.0,2023-06-27T17:27:47.000,-3.0441324214702803,-0.7270847813156678,0.8381636448895335
741158887.0,2023-06-27T17:28:07.000,0.010148468099213659,0.8402826524589457,0.11546919767013719
741158907.0,2023-06-27T17:28:27.000,-1.6531901321226172,0.2359777734217694,-1.786477854381907
741158927.0,2023-06-27T17:28:47.000,-0.6250740389623921,0.17017815243658418,-0.29516011741392845
741158947.0,2023-06-27T17:29:07.000,-0.8491847024560961,0.4320829977144669,-0.00974247715834764
741158967.0,2023-06-27T17:29:27.000,0.2372806796380189,-0.06896526123512103,1.1271707226256922
741158987.0,2023-06-27T17:29:47.000,-2.538755913361612,0.5816024931992736,1.011428504782419
741159007.0,2023-06-27T17:30:07.000,0.6766439795136137,-0.942555654859234,0.2993914646198803
741159027.0,2023-06-27T17:30:27.000,-1.4274134129688143,-0.3447414691715167,0.9346886430505741
741159047.0,2023-06-27T17:30:47.000,-2.1761408621756573,-0.07389387858269814,0.2566842017936999
741159067.0,2023-06-27T17:31:07.000,-1.5235720658757224,-0.5928862605197871,0.8529106506394157
741159087.0,2023-06-27T17:31:27.000,-0.8809266634823842,-0.02891279519134926,0.2659854061004552
741159107.0,2023-06-27T17:31:47.000,-0.9231278116916819,0.4042748255494999,0.10729806803055908
741159127.0,2023-06-27T17:32:07.000,-1.3343920669761644,-0.21630025244245843,0.9617289839836118
741159147.0,2023-06-27T17:32:27.000,-1.6960306713720286,0.7048417238531002,0.9335506731322774
741159167.0,2023-06-27T17:32:47.000,-1.6926406912753933,0.8813816406050279,0.9419101777208283
741159187.0,2023-06-27T17:33:07.000,0.7617109272328726,1.1132124769330787,-0.10500993511408652
741159207.0,2023-06-27T17:33:27.000,-0.7390697067677365,0.14663428231642683,-0.03974501214809578
741159227.0,2023-06-27T17:33:47.000,-0.0743237178468803,1.5958169403251787,-0.7172261853760631
741159247.0,2023-06-27T17:34:07.000,-1.489517019759301,-0.030041081289233773,0.09547498238671182
741159267.0,2023-06-27T17:34:27.000,-0.15352834054072062,0.4960210821747246,-0.816141665049841
741159287.0,2023-06-27T17:34:47.000,0.6776601598201815,1.2454291388186434,0.36512386870635183
741159307.0,2023-06-27T17:35:07.000,-1.3949027207971199,-0.3318554771314375,-0.612974954961043
741159327.0,2023-06-27T17:35:27.000,-1.3903360193801007,0.33923944979807885,-0.4939899659661684
741159347.0,2023-06-27T17:35:47.000,-1.9656706966464377,0.9187687178724424,1.3258765516832582
741159367.0,2023-06-27T17:36:07.000,-1.1688605774606842,-0.5942032236250228,-0.5630426938019184
741159387.0,2023-06-27T17:36:27.000,-1.7143933958130297,0.025666816971803286,1.6097756861510604
741159407.0,2023-06-27T17:36:47.000,-0.6333560722882048,0.3877682737907229,-0.8846355705305342
741159427.0,2023-06-27T17:37:07.000,-1.2685999729367126,-1.0817427348874809,0.5565107944138781
741159447.0,2023-06-27T17:37:27.000,-2.0769018641231263,0.7139758920082784,-0.492003370344829
741159467.0,2023-06-27T17:37:47.000,-1.4209499999640052,0.7879562939794305,-0.11639011840980373
741159487.0,2023-06-27T17:38:07.000,-2.705589677232112,-0.6727991536226163,-1.351314609010501
741159507.0,2023-06-27T17:38:27.000,-1.2807127185765488,-0.009084767371714264,0.7813951383939255
741159527.0,2023-06-27T17:38:47.000,-0.9407969114083592,0.5794411300108493,-0.8327115971429322
741159547.0,2023-06-27T17:39:07.000,-2.030793300755729,-0.9582535200003406,-0.1582631156793468
741159567.0,2023-06-27T17:39:27.000,-2.2228411944102966,-0.2606941105987026,0.22569370532465882
741159587.0,2023-06-27T17:39:47.000,-1.836710930813723,1.593808499045224,0.45348403405753857
741159607.0,2023-06-27T17:40:07.000,-1.0593994096308457,-0.6792339058536712,0.0654859767745819
741159627.0,2023-06-27T17:40:27.000,-1.5021248695901157,0.6905905358900455,1.3447588211312755
741159647.0,2023-06-27T17:40:47.000,-0.27767374046749893,0.6307264108995625,0.5857451150448334
741159667.0,2023-06-27T17:41:07.000,-2.011062978846123,-0.12781358078584049,-0.3590731358915633
741159687.0,2023-06-27T17:41:27.000,-1.2243714017312612,-1.31974864523432,0.17639105742706107
741159707.0,2023-06-27T17:41:47.000,-1.4837823930191618,-0.25764511967230064,2.422769698229299
741159727.0,2023-06-27T17:42:07.000,-1.1904459257028321,2.22826708078383,-0.6456600324056261
741159747.0,2023-06-27T17:42:27.000,-0.7422870933915249,0.4407485544200007,0.5490353377268775
741159767.0,2023-06-27T17:42:47.000,-0.7982182737786836,-0.3979524534569734,0.6406996350794003
741159787.0,2023-06-27T17:43:07.000,-0.4339975976930255,-0.3406692315577331,-0.0535464244943995
741159807.0,2023-06-27T17:43:27.000,-1.261343716607577,0.10368926550707869,0.09000333092146207
741159827.0,2023-06-27T17:43:47.000,-1.3503590779229135,1.203755739020984,1.3036588414783168
741159847.0,2023-06-27T17:44:07.000,-1.5497743693693167,-0.8010741225028539,0.7695488778880488
741159867.0,2023-06-27T17:44:27.000,-0.5577828792846518,1.1613914955077576,0.954000316077952
741159887.0,2023-06-27T17:44:47.000,0.024997175562813112,0.316279087753113,-0.6821982050597697
741159907.0,2023-06-27T17:45:07.000,-0.9581616439602314,-0.46274449858607625,-0.2221415329017873
741159927.0,2023-06-27T17:45:27.000,-1.016122941055464,-0.6038232981953051,-0.031656873689112075
741159947.0,2023-06-27T17:45:47.000,-1.0123075907531032,0.3598077906619146,0.1134253642676164
741159967.0,2023-06-27T17:46:07.000,-0.2813752718155982,-0.11810615841989502,0.5056316476848011
741159987.0,2023-06-27T17:46:27.000,-1.7798143042035974,-0.19404597022543157,0.3886135689912251
741160007.0,2023-06-27T17:46:47.000,0.34923821967680624,0.8870815158434908,0.23070130396041222
741160027.0,2023-06-27T17:47:07.000,1.0710751380815786,1.0809619477192278,0.19200928170759468
741160047.0,2023-06-27T17:47:27.000,-2.4039709185297298,0.23060149390019546,-0.925623498915229
741160067.0,2023-06-27T17:47:47.000,-1.1641734564360462,-0.3768600254860921,-0.7254085126251475
741160087.0,2023-06-27T17:48:07.000,-0.6247984532747886,0.6337150564306171,1.0594439682209966
741160107.0,2023-06-27T17:48:27.000,-1.0820799498767464,-0.4734826380969892,-1.3987798375247884
741160127.0,2023-06-27T17:48:47.000,-1.3805111663156566,0.00949959980678372,-1.4610549304738818
741160147.0,2023-06-27T17:49:07.000,0.45556866059559553,0.1542027812106994,-0.18748259208445361
741160167.0,2023-06-27T17:49:27.000,-2.311788513287283,0.6019811791047047,-0.33464124511439763
741160187.0,2023-06-27T17:49:47.000,0.22712765751498054,-0.7738394436240803,0.8277820215951692
741160207.0,2023-06-27T17:50:07.000,-1.0644192802500285,-0.41754625893508646,-1.936779170375047
741160227.0,2023-06-27T17:50:27.000,-1.3862262883912457,-1.69458778532805,-0.29739882123624994
741160247.0,2023-06-27T17:50:47.000,-0.5624117337510448,0.4303542119998838,-0.19482764515021955
741160267.0,2023-06-27T17:51:07.000,-0.41707266550394806,-0.05591303553487137,-0.48701440780174465
741160287.0,2023-06-27T17:51:27.000,-1.5455980230671962,0.3749934184837933,1.5430460289178605
741160307.0,2023-06-27T17:51:47.000,-0.8552100392855699,0.07314666226054811,2.2464070973726713
741160327.0,2023-06-27T17:52:07.000,-1.611720544725248,0.8121172368924512,0.3343389543553066
741160347.0,2023-06-27T17:52:27.000,-0.07329018688606581,-0.9026415137669552,-0.42436792080380314
741160367.0,2023-06-27T17:52:47.000,-0.9177619718525598,1.4280374225128512,-1.4802240519640186
741160387.0,2023-06-27T17:53:07.000,-1.7905103848914194,-0.7979512535394306,-1.0066827672461365
741160407.0,2023-06-27T17:53:27.000,-1.2352852893582345,-0.3956368746949046,-0.8491741707805645
741160427.0,2023-06-27T17:53:47.000,0.47208980744617435,-0.07170662706945663,0.7164004243831457
741160447.0,2023-06-27T17:54:07.000,-1.1541170692797031,1.084531562656199,-0.51655455985955
741160467.0,2023-06-27T17:54:27.000,-1.121039795126677,-0.6214379219215971,0.44300051996737366
741160487.0,2023-06-27T17:54:47.000,-0.8864474188685634,0.9086626417298405,-0.7407910179280108
741160507.0,2023-06-27T17:55:07.000,-0.5528111911901057,0.9827855946720199,-0.5526777359765589
741160527.0,2023-06-27T17:55:27.000,-0.7824244767085098,0.9411607203579919,-0.0685249144094513
741160547.0,2023-06-27T17:55:47.000,-0.5945393004247457,0.014036890050306283,1.2995223495959607
741160567.0,2023-06-27T17:56:07.000,-0.9105576360579626,0.09129562732468344,0.9887513132911252
741160587.0,2023-06-27T17:56:27.000,-0.9690295578623775,-0.45103854158234924,0.8730700017944848
741160607.0,2023-06-27T17:56:47.000,-2.043925081518516,1.2354601639397167,-0.32224859850549237
741160627.0,2023-06-27T17:57:07.000,-0.17142971432404508,1.2659535969516966,1.4500105301462618
741160647.0,2023-06-27T17:57:27.000,0.10467471902586567,-0.3733573268882573,0.608812808100545
741160667.0,2023-06-27T17:57:47.000,-1.0431373033026325,0.430377787408176,-0.8521915469961172
741160687.0,2023-06-27T17:58:07.000,0.500178692663944,0.7230518622169946,-1.7321486426524757
741160707.0,2023-06-27T17:58:27.000,0.22385739851804587,0.810658473915371,1.5963433187660137
741160727.0,2023-06-27T17:58:47.000,-0.5844506179686348,-0.4408977081427068,-0.5689595668600944
741160747.0,2023-06-27T17:59:07.000,-0.712301951755201,1.1196433749804946,-1.3283548239706455
741160767.0,2023-06-27T17:59:27.000,-1.0414389657320555,0.7695308001154366,0.3336717019686297
741160787.0,2023-06-27T17:59:47.000,-1.3167894307275496,0.9467260088880103,1.561443065345447
741160807.0,2023-06-27T18:00:07.000,-0.26858459789558253,0.478465019404517,0.32063452816144533
741160827.0,2023-06-27T18:00:27.000,-2.228258378178527,-1.2353571967049781,-2.313747107474118
741160847.0,2023-06-27T18:00:47.000,-0.8307932165552145,0.6487781177288987,-1.0323694656810822
741160867.0,2023-06-27T18:01:07.000,-0.8641169235823476,1.0592315504709404,-0.01962656337450852
741160887.0,2023-06-27T18:01:27.000,-1.6983704950068734,2.661921102009579,-0.09074199088798807
741160907.0,2023-06-27T18:01:47.000,-1.6124678890450106,0.33388012977697556,-1.208596532986661
741160927.0,2023-06-27T18:02:07.000,-1.4129847079713542,0.1231677761448502,-0.33485886313799895
741160947.0,2023-06-27T18:02:27.000,-1.2677484572454212,1.3053870179136062,-1.0926015345802398
741160967.0,2023-06-27T18:02:47.000,-2.5925145696548135,0.822322306515133,0.3499155569297585
741160987.0,2023-06-27T18:03:07.000,-0.4030105939967221,-0.37494304574448023,0.17113127961376762
741161007.0,2023-06-27T18:03:27.000,0.4794491476167728,1.1391887543288348,0.48365719639287263
741161027.0,2023-06-27T18:03:47.000,-0.5322645338812215,0.031735490102491326,-0.16686132205956383
741161047.0,2023-06-27T18:04:07.000,-0.29883770148453337,-0.8423103380783559,-1.3764860532727852
741161067.0,2023-06-27T18:04:27.000,-2.4298518275123193,0.785036442851883,-0.8971035641347491
741161087.0,2023-06-27T18:04:47.000,1.1584513522122641,0.43756616759926814,-0.5681047194672217
741161107.0,2023-06-27T18:05:07.000,-1.4005204393208182,1.7128584895442778,-0.6390285966051401
741161127.0,2023-06-27T18:05:27.000,-1.352737203919041,0.7615695220120067,0.5526341159356463
741161147.0,2023-06-27T18:05:47.000,-0.8794559793079415,0.4111995767219767,-0.016011556513984004
741161167.0,2023-06-27T18:06:07.000,-1.4428378828368338,0.650344709018924,-1.1129358890804575
741161187.0,2023-06-27T18:06:27.000,-1.4313056587611506,1.3789852410628356,-0.6496184244197956
741161207.0,2023-06-27T18:06:47.000,0.29151738659694004,-0.34955061095631734,-0.8000348011405478
741161227.0,2023-06-27T18:07:07.000,-1.5410877668653455,0.18740276523931954,-0.3885068414977155
741161247.0,2023-06-27T18:07:27.000,-1.1374429519928064,-0.043441430419566274,0.5550030356293867
741161267.0,2023-06-27T18:07:47.000,-0.9948761207190238,-0.05805621180465792,-0.2879478904982413
741161287.0,2023-06-27T18:08:07.000,-0.4708943150744105,0.5077751078608195,0.32404445453604325
741161307.0,2023-06-27T18:08:27.000,-0.2649555134626169,-0.39453136581046877,-0.7309483934125893
741161327.0,2023-06-27T18:08:47.000,-0.9187235094021418,0.15816875902352479,-1.7519844940472318
741161347.0,2023-06-27T18:09:07.000,-2.1266854220991505,0.6641628915504683,0.09478368107052049
741161367.0,2023-06-27T18:09:27.000,0.01744429887207133,0.0511202058683935,-0.0496377816183724
741161387.0,2023-06-27T18:09:47.000,-0.5173776468914149,-0.06477963365725259,-1.4763730231015515
741161407.0,2023-06-27T18:10:07.000,-1.4837086225627516,0.6712814776377307,-1.5098147858605415
741161427.0,2023-06-27T18:10:27.000,-0.19797278743016733,0.8292455989877823,-1.9885714125034148
741161447.0,2023-06-27T18:10:47.000,-2.2974171182132963,0.03532836653219462,0.3620702871853787
741161467.0,2023-06-27T18:11:07.000,0.6276519262327085,-0.5642255090809734,-0.13573971343605606
741161487.0,2023-06-27T18:11:27.000,-0.7340195447458342,-1.295076423435404,0.24648426376616683
741161507.0,2023-06-27T18:11:47.000,-0.8454560181947457,0.4682912045139709,-0.39193170605633654
741161527.0,2023-06-27T18:12:07.000,-0.83411632181285,0.022149413336780555,-0.41791912973598855
741161547.0,2023-06-27T18:12:27.000,-2.17775026838396,1.7677692893514063,-0.09297877970881885
741161567.0,2023-06-27T18:12:47.000,-1.0618408190055106,2.201344354801904,0.8100017633627665
741161587.0,2023-06-27T18:13:07.000,-1.1395282081605451,1.6226517427386788,-1.88946896355624
741161607.0,2023-06-27T18:13:27.000,-0.9036428983422162,0.006967510868260973,0.135711524351656
741161627.0,2023-06-27T18:13:47.000,0.016059612639729437,1.4034535472107201,-1.1986856864432127
741161647.0,2023-06-27T18:14:07.000,-0.8356631640338286,0.4813055220376228,-1.0668564193405672
741161667.0,2023-06-27T18:14:27.000,-0.8904303609447162,0.8210367125505158,-1.1558385447085762
741161687.0,2023-06-27T18:14:47.000,-1.244740980654857,0.6451685235719928,-0.14546423968697653
741161707.0,2023-06-27T18:15:07.000,-0.5168231351548869,0.8479263491678601,-0.4463007295729682
741161727.0,2023-06-27T18:15:27.000,-0.1788753052678338,1.5836672664915064,-0.7217937623260617
741161747.0,2023-06-27T18:15:47.000,-1.5130384610873016,0.4234973906891426,-0.6173219958549581
741161767.0,2023-06-27T18:16:07.000,-0.8709414752394729,-0.33204785441220963,-1.3792014343927406
741161787.0,2023-06-27T18:16:27.000,0.46247195703008614,-0.15829900020802867,-1.6973236718120788
741161807.0,2023-06-27T18:16:47.000,0.2282018838228872,0.2445636724801581,-0.3207224895329652
741161827.0,2023-06-27T18:17:07.000,-1.081038990458083,0.7234176029546902,-1.7913676745973106
741161847.0,2023-06-27T18:17:27.000,0.4331027690152034,1.152811068771964,0.015435982092526501
741161867.0,2023-06-27T18:17:47.000,-0.8635019419167556,1.13599676672127,-0.3188186812885796
741161887.0,2023-06-27T18:18:07.000,0.18240772385880177,-0.20861643699188193,-0.7184073793520263
741161907.0,2023-06-27T18:18:27.000,-1.5800355010364697,1.149429617852693,-1.3855567391418688
741161927.0,2023-06-27T18:18:47.000,-1.0109270890068522,0.057509657536147785,-1.9367079999055292
741161947.0,2023-06-27T18:19:07.000,-0.06681146969000906,0.6119119981384813,-0.8184755843743119
741161967.0,2023-06-27T18:19:27.000,-1.006769143252484,0.8160516117849959,-2.0827823186797545
741161987.0,2023-06-27T18:19:47.000,-0.5010246538983409,0.24345436290262867,0.16456840460365996
741162007.0,2023-06-27T18:20:07.000,0.3266036355697999,0.6936162727844142,-0.5273444982023534
741162027.0,2023-06-27T18:20:27.000,-0.4727372752921788,-0.683991724226285,-2.5094801208047635
741162047.0,2023-06-27T18:20:47.000,0.49804042789869385,1.7593435328588924,-0.1701107161133919
741162067.0,2023-06-27T18:21:07.000,-0.04469066779977382,0.32604275629344315,-0.7069169728257663
741162087.0,2023-06-27T18:21:27.000,-0.05388803596684255,0.3649337603106595,-1.1330636635276115
741162107.0,2023-06-27T18:21:47.000,0.30050957722238536,1.5512031354414368,0.8127275077929319
741162127.0,2023-06-27T18:22:07.000,-1.984209233285572,0.057445669454647685,-1.3752863268878812
741162147.0,2023-06-27T18:22:27.000,-1.4705405511628022,1.0356864476701588,0.5430351168400627
741162167.0,2023-06-27T18:22:47.000,-0.15777874923239565,0.1618585646179227,-0.8906432354627292
741162187.0,2023-06-27T18:23:07.000,-1.0636276441933212,0.7562852562870148,-1.1476781766939226
741162207.0,2023-06-27T18:23:27.000,-1.0487171235085135,-0.200097132763144,1.2014385361580615
741162227.0,2023-06-27T18:23:47.000,-0.9067632212089727,-0.7596329211989605,-0.7044037373393763
741162247.0,2023-06-27T18:24:07.000,-1.4740307539562458,1.5528477779302996,-1.9352528264238167
741162267.0,2023-06-27T18:24:27.000,0.23852570608662305,0.6356673008967029,-0.8658444146991684
741162287.0,2023-06-27T18:24:47.000,-2.13673417159832,-0.1084926043004586,-0.2500585180253978
741162307.0,2023-06-27T18:25:07.000,-0.25562121299671503,1.3706183722650422,-0.3637544458978681
741162327.0,2023-06-27T18:25:27.000,-1.917785342231415,1.66997268320479,-2.562788486759615
741162347.0,2023-06-27T18:25:47.000,-0.49410433411445354,0.645404812493755,-0.23273396503320498
741162367.0,2023-06-27T18:26:07.000,1.1631659769029135,0.8946200126369597,-0.31764220427277223
741162387.0,2023-06-27T18:26:27.000,-1.1939970968932734,1.5127394093372715,0.09099009719015783
741162407.0,2023-06-27T18:26:47.000,-1.5508582812628902,1.9096332681822759,0.5922548107273329
741162427.0,2023-06-27T18:27:07.000,0.44986122244017324,2.180140325303004,-0.5863430933783498
741162447.0,2023-06-27T18:27:27.000,0.9994228403864547,-0.42329579641453563,-1.1179192229926471
741162467.0,2023-06-27T18:27:47.000,-0.4954494231212969,1.5220128002590982,-1.618071250286679
741162487.0,2023-06-27T18:28:07.000,0.0677953496008854,1.1963054115660121,-0.5182130225600545
741162507.0,2023-06-27T18:28:27.000,-0.1619898670535136,1.4499357896657905,-0.8734715734037835
741162527.0,2023-06-27T18:28:47.000,0.5818830434489719,0.35509178510917394,-2.3225393105397174
741162547.0,2023-06-27T18:29:07.000,-0.09979231867518479,1.286712791015443,-0.7416434157136997
741162567.0,2023-06-27T18:29:27.000,-1.79662010442172,1.9731829691171932,-0.919180122382901
741162587.0,2023-06-27T18:29:47.000,0.05153117129674811,1.3675332975360277,-1.4716151131022315
741162607.0,2023-06-27T18:30:07.000,-1.050014652059783,1.745371962591502,-2.5606178383652534
741162627.0,2023-06-27T18:30:27.000,-1.1161710876561592,0.10377129449068434,-1.1684377601461904
741162647.0,2023-06-27T18:30:47.000,-2.4901627279860783,-1.213845709646666,-0.11908254758941084
741162667.0,2023-06-27T18:31:07.000,-0.3808778564873272,-0.5375325668910413,-0.8450610246901746
741162687.0,2023-06-27T18:31:27.000,-1.345077130576744,0.24826337076122584,-1.4692898772317164
741162707.0,2023-06-27T18:31:47.000,-0.9932639875254168,-0.3342312400511638,-1.309878249966534
741162727.0,2023-06-27T18:32:07.000,-0.4553640754134669,0.17887797143512074,0.4461656373355716
741162747.0,2023-06-27T18:32:27.000,0.036014173976361974,-0.9292433049701287,0.25941536995199854
741162767.0,2023-06-27T18:32:47.000,-0.18957315157663857,0.4556039650549515,-1.0572063118274855
741162787.0,2023-06-27T18:33:07.000,0.027509969202643703,0.7843512479843717,-2.3471778825223666
741162807.0,2023-06-27T18:33:27.000,-1.406853343122183,0.47907860218909804,-1.8362383246928182
741162827.0,2023-06-27T18:33:47.000,-1.2016968978567633,-0.9099810041490741,-0.20029753635686376
741162847.0,2023-06-27T18:34:07.000,0.4185504930309669,0.5925337166257094,-2.540526538874488
741162867.0,2023-06-27T18:34:27.000,0.5949743734023905,-0.15155417844026076,-0.49267107943284927
741162887.0,2023-06-27T18:34:47.000,-1.165604191466496,0.8234199233791983,-1.3833806125296277
741162907.0,2023-06-27T18:35:07.000,-0.26236441426075174,-0.1298957253426103,-0.7873422535942254
741162927.0,2023-06-27T18:35:27.000,-0.6076211119587782,0.7727789731126755,-1.2488124964127323
741162947.0,2023-06-27T18:35:47.000,0.9369909810374999,1.1461512951060904,-0.5272525457566957
741162967.0,2023-06-27T18:36:07.000,-0.5184728227414226,0.5807504461996515,-0.04905656937337355
741162987.0,2023-06-27T18:36:27.000,-0.19673608632198025,0.44063513691128264,-1.1730297615586416
741163007.0,2023-06-27T18:36:47.000,0.09689639967058739,-0.9179095963984807,-0.993838317642215
741163027.0,2023-06-27T18:37:07.000,-0.38784304927652613,0.1777413785486459,-0.9602450770196391
741163047.0,2023-06-27T18:37:27.000,-0.5053996394721594,-0.18475595666700428,-0.851072410745779
741163067.0,2023-06-27T18:37:47.000,-1.3459296051010483,1.659567607337209,-0.5577768486753065
741163087.0,2023-06-27T18:38:07.000,-0.24292033441453142,1.297531943988961,0.033933879040048964
741163107.0,2023-06-27T18:38:27.000,0.1056908283891822,-0.18053691508423952,-1.0342460590950786
741163127.0,2023-06-27T18:38:47.000,-0.5651021413144441,1.5153657660693653,-0.6139501607771436
741163147.0,2023-06-27T18:39:07.000,0.6902994572954846,1.473151828190744,-0.39871300411276067
741163167.0,2023-06-27T18:39:27.000,-0.7226587077413527,0.2567438532441457,-0.3472105413515614
741163187.0,2023-06-27T18:39:47.000,-0.023524634840121905,0.2437344351013948,-1.778254024431547
741163207.0,2023-06-27T18:40:07.000,-0.8625537660122973,0.039736591816996736,0.15753016594510783
741163227.0,2023-06-27T18:40:27.000,-1.4444654156120507,0.20087738479279693,0.43410204704219524
741163247.0,2023-06-27T18:40:47.000,-1.0957750520623755,0.21203102720246392,-0.9837503025855732
741163267.0,2023-06-27T18:41:07.000,-0.8570483003289553,1.6009748483258868,-2.0041524342762074
741163287.0,2023-06-27T18:41:27.000,-1.001184172833014,0.3453418153442911,-1.8042766149140022
741163307.0,2023-06-27T18:41:47.000,0.22532970292976628,-0.49167202172961666,-0.7185676749954517
741163327.0,2023-06-27T18:42:07.000,0.4009703825635924,0.6760003664174619,-1.4478921925076271
741163347.0,2023-06-27T18:42:27.000,-0.255379215974294,0.0644440145580738,-0.8021334370722499
741163367.0,2023-06-27T18:42:47.000,0.3297021307968606,2.0355340176414494,-1.26446060342289
741163387.0,2023-06-27T18:43:07.000,0.8204800830080572,-0.7963062135352139,-1.7794450611674506
741163407.0,2023-06-27T18:43:27.000,-0.8278832327679453,0.12216569569289959,-0.06321699067557418
741163427.0,2023-06-27T18:43:47.000,-0.6007288235854169,-0.43683744964662097,-1.9591390515216744
741163447.0,2023-06-27T18:44:07.000,-0.4646310442057988,1.6967580662163861,-0.44299177979212345
741163467.0,2023-06-27T18:44:27.000,-0.9857060542461937,0.060987077121765765,-0.2666469091527901
741163487.0,2023-06-27T18:44:47.000,0.7279152877792683,0.6334857918233183,-1.0962811121562055
741163507.0,2023-06-27T18:45:07.000,-0.23994045770248107,1.7140761432887786,-0.34288178716312956
741163527.0,2023-06-27T18:45:27.000,0.46284150948538993,0.8595295225566346,-0.9802702743866298
741163547.0,2023-06-27T18:45:47.000,-1.0429771211351024,0.35505581221784155,-1.9288812435958036
741163567.0,2023-06-27T18:46:07.000,-0.404783666385633,0.7965665699050106,-2.1027353204639
741163587.0,2023-06-27T18:46:27.000,0.17774392687686102,-0.04916140794453128,-1.298065139343496
741163607.0,2023-06-27T18:46:47.000,-0.6616144226812004,1.2770472230694274,-1.1059933255230803
741163627.0,2023-06-27T18:47:07.000,0.5451049717608569,1.4242289448462842,-1.2601201325734834
741163647.0,2023-06-27T18:47:27.000,-0.22888893090877716,0.6564794005736729,-1.4111227196411669
741163667.0,2023-06-27T18:47:47.000,-0.809455727812658,0.9514886403438894,-0.6524249211214972
741163687.0,2023-06-27T18:48:07.000,-0.11015024758975756,1.738607053525243,-0.8752667764566624
741163707.0,2023-06-27T18:48:27.000,-1.4321614981271935,-0.24587028816247525,-1.7159838384239734
741163727.0,2023-06-27T18:48:47.000,2.0154883212386565,0.9012252458640013,-0.964879819009834
741163747.0,2023-06-27T18:49:07.000,-0.17544653926337972,-0.4435140305347751,-1.1762841031215387
741163767.0,2023-06-27T18:49:27.000,-0.9529705570998637,0.9591252124185878,-1.2448888894400767
741163787.0,2023-06-27T18:49:47.000,0.05602212450606103,1.447514956931517,-0.02814116509819442
741163807.0,2023-06-27T18:50:07.000,-0.9537888271182737,0.5180238864532782,-1.0456177212070372
741163827.0,2023-06-27T18:50:27.000,0.8387954412714116,0.004136700682000338,-0.6686645862674645
741163847.0,2023-06-27T18:50:47.000,0.8957064697279193,1.2778671309110479,-0.9949924265839627
741163867.0,2023-06-27T18:51:07.000,0.6049860515888739,-0.48010377983187524,-2.178854861067947
741163887.0,2023-06-27T18:51:27.000,-1.0890615086744937,-0.3595563153879766,-1.462099508331427
741163907.0,2023-06-27T18:51:47.000,-0.29467493511958764,0.08301486221773402,-1.5321020051306533
741163927.0,2023-06-27T18:52:07.000,-0.8233429599102671,0.27278324545854105,-0.43770829973865943
741163947.0,2023-06-27T18:52:27.000,0.32149095632316715,1.712037337397998,-0.5841989764943101
741163967.0,2023-06-27T18:52:47.000,-0.323087083620166,-0.9891303107911753,-1.9816978804598762
741163987.0,2023-06-27T18:53:07.000,-0.43557606551614114,2.1897230393252975,-1.4391210640507524
741164007.0,2023-06-27T18:53:27.000,-0.4222758767991053,0.6087579318969638,-0.6874583620031238
741164027.0,2023-06-27T18:53:47.000,0.9477650582345731,0.6358107718318351,-0.6975245683049636
741164047.0,2023-06-27T18:54:07.000,0.3211118554724557,0.04299896418924476,-2.8081670841340056
741164067.0,2023-06-27T18:54:27.000,-0.6335941764579189,-0.11856017321232315,-0.6494656135891397
741164087.0,2023-06-27T18:54:47.000,0.9893498134405654,-0.522048638351702,-1.2681386104884673
741164107.0,2023-06-27T18:55:07.000,0.14920021768061176,0.9866705367400641,-1.0319923055446267
741164127.0,2023-06-27T18:55:27.000,-0.9602543140641018,1.2165525920315723,-1.641791373152568
741164147.0,2023-06-27T18:55:47.000,0.5817933302121325,0.7589467437507658,-2.3315605687468377
741164167.0,2023-06-27T18:56:07.000,-0.9061625835027343,-0.7272231123622852,0.4478223173620677
741164187.0,2023-06-27T18:56:27.000,-0.8984242491627548,-0.09269836711567336,-2.4883156845678656
741164207.0,2023-06-27T18:56:47.000,-0.1868715494346418,0.8772341949847551,0.6558039546411543
741164227.0,2023-06-27T18:57:07.000,0.027992302542578784,1.734250468998777,-0.770549911777163
741164247.0,2023-06-27T18:57:27.000,-0.2316940616697849,-0.11623314480901925,-1.6399612102313554
741164267.0,2023-06-27T18:57:47.000,0.28593898089290803,0.3983348768832329,-0.48149214931791917
741164287.0,2023-06-27T18:58:07.000,1.1910082269750433,0.5572487639993184,-1.0126167761970173
741164307.0,2023-06-27T18:58:27.000,-0.576607757873937,1.775412026994161,-0.9724931281596128
741164327.0,2023-06-27T18:58:47.000,0.04666237759520797,0.8420731614666721,-1.2687106123676628
741164347.0,2023-06-27T18:59:07.000,-0.09822079169996556,-0.5278438123257345,-1.209885580422121
741164367.0,2023-06-27T18:59:27.000,-0.3731003060170046,0.13026943853633455,-0.7159400605694088
741164387.0,2023-06-27T18:59:47.000,1.1330485928495726,0.804820800370809,-0.31838634678704736
741164407.0,2023-06-27T19:00:07.000,1.2222989637100667,0.6420274226925926,-1.0597682228441485
741164427.0,2023-06-27T19:00:27.000,-0.12448395297903758,-0.04884352069467468,-0.8964101951391967
741164447.0,2023-06-27T19:00:47.000,-0.4565534453160325,1.1687446484276443,-0.7673419133102932
741164467.0,2023-06-27T19:01:07.000,-1.6457575642281341,0.7782587984062062,-0.7352099547164315
741164487.0,2023-06-27T19:01:27.000,0.510015537535935,-0.15274671804066386,-0.6695520970323443
741164507.0,2023-06-27T19:01:47.000,-0.37610778804708644,-0.11598377122057357,0.8455484363012467
741164527.0,2023-06-27T19:02:07.000,-1.6065182032010128,0.17497030957436266,-2.009867647612129
741164547.0,2023-06-27T19:02:27.000,0.7199306396699079,1.061655066358913,-0.492075256974811
741164567.0,2023-06-27T19:02:47.000,-0.48948859389108534,-0.02435254234933737,-0.9103248428066202
741164587.0,2023-06-27T19:03:07.000,-0.690006183257097,0.09437436762071982,-1.1860248875672497
741164607.0,2023-06-27T19:03:27.000,0.14144476053745692,0.3723256661314345,-1.0141182678613525
741164627.0,2023-06-27T19:03:47.000,1.142712469215379,-0.339150415751277,-1.341932845477789
741164647.0,2023-06-27T19:04:07.000,0.2826308510894826,-0.13459718946062793,-0.4599597998145022
741164667.0,2023-06-27T19:04:27.000,-0.45693857824158357,-0.30723714449232276,-0.852436206322249
741164687.0,2023-06-27T19:04:47.000,-0.7223490821828271,-0.8136491949195523,-1.270319552848509
741164707.0,2023-06-27T19:05:07.000,-0.3562410869961674,0.8332597733473612,-1.1299742662562728
741164727.0,2023-06-27T19:05:27.000,-0.14422153841175955,1.7655218997769673,-0.6169637914887893
741164747.0,2023-06-27T19:05:47.000,-0.19037226048901346,-0.14869764026759213,-1.6809054327437956
741164767.0,2023-06-27T19:06:07.000,0.2076342253465313,0.9754005348416861,-2.523194190984235
741164787.0,2023-06-27T19:06:27.000,0.10886239409924059,0.1333719270690814,-0.6345447007172211
741164807.0,2023-06-27T19:06:47.000,0.792648004366292,-0.23650373432992922,-0.8098928733657473
741164827.0,2023-06-27T19:07:07.000,1.052864105099971,1.5552108461713843,-0.055381468044846116
741164847.0,2023-06-27T19:07:27.000,1.1714590056666196,2.335656390428653,-2.099287905976688
741164867.0,2023-06-27T19:07:47.000,0.49769859826742646,-1.9938893559223736,-1.2149180248832714
741164887.0,2023-06-27T19:08:07.000,0.31518301748523214,0.5619703100867568,-1.1454445575709293
741164907.0,2023-06-27T19:08:27.000,-0.5865911965829973,1.910408930116958,-0.39871265599122907
741164927.0,2023-06-27T19:08:47.000,0.7658251255149295,0.4534138921652442,-1.8521768738732902
741164947.0,2023-06-27T19:09:07.000,-0.04201430063854872,-0.24361009546280954,-1.362979061947378
741164967.0,2023-06-27T19:09:27.000,0.04149609339476612,1.1094108626430454,-0.26519129981972256
741164987.0,2023-06-27T19:09:47.000,0.30177587272417483,-0.3147684064730427,-0.44185441608890486
741165007.0,2023-06-27T19:10:07.000,-1.0672936072597672,0.29426929586406914,-1.2200694184949512
741165027.0,2023-06-27T19:10:27.000,-1.1644461034743259,-1.391266673300695,-2.0904461235704552
741165047.0,2023-06-27T19:10:47.000,1.1692219586190156,0.4229786121023871,0.20553354215246955
741165067.0,2023-06-27T19:11:07.000,0.29671512350448737,0.6277157450162996,-0.09263306425255635
741165087.0,2023-06-27T19:11:27.000,-0.42000445488188376,-0.15162105897470468,-1.784287911354987
741165107.0,2023-06-27T19:11:47.000,0.43097700298533326,-0.4451438814556674,-1.0942099333610678
741165127.0,2023-06-27T19:12:07.000,0.9736180792252469,0.048528481466636464,-1.997563493083554
741165147.0,2023-06-27T19:12:27.000,1.6474011747091843,0.42876498944632857,-1.3209078516651651
741165167.0,2023-06-27T19:12:47.000,0.497001595778368,-0.26051506658575363,-1.196006281412032
741165187.0,2023-06-27T19:13:07.000,-0.8017825346984253,-0.4745851581389182,-1.9076557805086658
741165207.0,2023-06-27T19:13:27.000,0.02892973620660655,0.31954737522710275,-0.9380567651651184
741165227.0,2023-06-27T19:13:47.000,1.0571065516273848,0.04808104101527988,-0.745702268167836
741165247.0,2023-06-27T19:14:07.000,0.2253433894816581,1.3770194684514792,-1.1830506375209993
741165267.0,2023-06-27T19:14:27.000,0.34268682072013945,1.078946074017928,-0.5555681280022817
741165287.0,2023-06-27T19:14:47.000,1.134127587076872,0.2998214872040883,-2.2156850973287234
741165307.0,2023-06-27T19:15:07.000,0.1722710029294916,-0.22910119724661726,-2.1364180421756807
741165327.0,2023-06-27T19:15:27.000,-0.1400460774347856,-1.8430074015585163,-0.4168783367841655
741165347.0,2023-06-27T19:15:47.000,0.27568114024933976,0.7183543376143575,-1.1936096001585739
741165367.0,2023-06-27T19:16:07.000,1.0749646155217008,-0.758209351903183,-1.463841412918665
741165387.0,2023-06-27T19:16:27.000,0.4330294433030346,0.1921612954425278,-0.987262364626762
741165407.0,2023-06-27T19:16:47.000,-0.8265136411944596,0.945525052520324,-0.589091064995273
741165427.0,2023-06-27T19:17:07.000,0.17731435523193895,-0.7859765087436799,-1.7659655470292357
741165447.0,2023-06-27T19:17:27.000,0.01434092095076167,0.704806442575201,-2.29692185075292
741165467.0,2023-06-27T19:17:47.000,0.6784328072662049,-0.6370200873795362,-0.37201916390783296
741165487.0,2023-06-27T19:18:07.000,0.21439021804514624,0.356777763299565,-1.8285583828436813
741165507.0,2023-06-27T19:18:27.000,0.1885570017456928,0.4664365056528119,-1.557972075416636
741165527.0,2023-06-27T19:18:47.000,1.1560541616328912,0.3501791295268397,-1.158877372231526
741165547.0,2023-06-27T19:19:07.000,1.12118836814723,0.043871654609173305,-1.0642335089183774
741165567.0,2023-06-27T19:19:27.000,0.38141073199771114,-0.3552312320298512,-0.4012798456853872
741165587.0,2023-06-27T19:19:47.000,0.4236599381646222,-0.6249246820688725,-0.9490309989201862
741165607.0,2023-06-27T19:20:07.000,-0.14923713365089242,-2.2439538397422965,-0.730779350666122
741165627.0,2023-06-27T19:20:27.000,-0.01852961803994191,-0.4099372384214206,0.05019288451535431
741165647.0,2023-06-27T19:20:47.000,0.9944455062749213,0.0763839394402055,-1.5528100723583016
741165667.0,2023-06-27T19:21:07.000,-0.17554155695709284,0.3058272652456395,-0.4229137851918807
741165687.0,2023-06-27T19:21:27.000,1.3625572290454357,-0.1324899816856906,-1.2636175566238528
741165707.0,2023-06-27T19:21:47.000,0.8795120892579611,-0.6664862450600495,-0.7346527792773117
741165727.0,2023-06-27T19:22:07.000,1.0140981398620852,0.3653096243838583,-0.07067729098642062
741165747.0,2023-06-27T19:22:27.000,-0.030920119498123455,0.506228253782659,-1.3180371302712324
741165767.0,2023-06-27T19:22:47.000,-0.2611560472876029,0.8780149685305716,-0.6908476419265064
741165787.0,2023-06-27T19:23:07.000,-0.6402766524971071,-0.9137729272246098,-0.15877644579109784
741165807.0,2023-06-27T19:23:27.000,1.3151456727644728,-0.16734378656124704,-0.4512112080301556
741165827.0,2023-06-27T19:23:47.000,-0.2560105957227776,0.5171265066827857,-1.588371985439263
741165847.0,2023-06-27T19:24:07.000,-0.24527985752476056,-1.1335493196762414,-0.6995306418455804
741165867.0,2023-06-27T19:24:27.000,1.6638692430182012,-0.7637054615039496,-0.8163580244135993
741165887.0,2023-06-27T19:24:47.000,0.6519261342763372,-0.4775264400902479,-1.0818750846852687
741165907.0,2023-06-27T19:25:07.000,-0.3202382869216258,0.44341464270347686,-0.45535755895942387
741165927.0,2023-06-27T19:25:27.000,0.8028906950618975,-0.3251412174498647,0.13164213272798264
741165947.0,2023-06-27T19:25:47.000,0.3347291220534565,0.774613326015583,-3.163521373461542
741165967.0,2023-06-27T19:26:07.000,1.3429565035028013,1.0111297431003585,-1.1569469189343096
741165987.0,2023-06-27T19:26:27.000,-0.21369826175288154,0.9614985057471159,-1.4772741080082419
741166007.0,2023-06-27T19:26:47.000,-0.08774399876676497,-0.17544761583554447,-3.154637324964682
741166027.0,2023-06-27T19:27:07.000,-0.9763510055771363,-0.7294065521579185,-1.7087660562187246
741166047.0,2023-06-27T19:27:27.000,0.44074404872418427,1.207411857895302,-1.613935377975384
741166067.0,2023-06-27T19:27:47.000,0.8246174137527262,-0.322038763256316,-0.9295338788350982
741166087.0,2023-06-27T19:28:07.000,0.848831447164411,0.6826880596833007,-1.4553358957947182
741166107.0,2023-06-27T19:28:27.000,0.5757248531579329,0.3417564024776887,-2.144868607922845
741166127.0,2023-06-27T19:28:47.000,-0.5476721698149944,0.09370663828223158,0.24067903283686576
741166147.0,2023-06-27T19:29:07.000,0.05367759923213811,-1.573927840592404,-0.2368170128663749
741166167.0,2023-06-27T19:29:27.000,0.8033577567512218,1.4143652908860105,-1.3269856471653796
741166187.0,2023-06-27T19:29:47.000,1.2985579020075022,-1.0470204852119913,0.207677297092701
741166207.0,2023-06-27T19:30:07.000,1.012321590387888,-0.11378348450108433,-0.43139980731021765
741166227.0,2023-06-27T19:30:27.000,-0.1376279986975426,-0.15988070314332248,-2.6107991436763456
741166247.0,2023-06-27T19:30:47.000,0.8113116359398376,1.107027466662469,-1.085587579963132
741166267.0,2023-06-27T19:31:07.000,1.268727590653107,0.12049365968325176,-1.7748771799941387
741166287.0,2023-06-27T19:31:27.000,-0.5234767257999984,0.6192188084952477,-0.5025214584120086
741166307.0,2023-06-27T19:31:47.000,0.04641279603978532,-1.2545399721064499,-1.027942176745622
741166327.0,2023-06-27T19:32:07.000,0.8170774721150131,0.2760415265701255,-1.3412366515752616
741166347.0,2023-06-27T19:32:27.000,1.5147388969127817,0.17383351098576583,-0.7046893052420344
741166367.0,2023-06-27T19:32:47.000,-0.14364372201702835,0.977022938086769,-0.9421061417325127
741166387.0,2023-06-27T19:33:07.000,-0.8772046245053566,-0.6207923472278942,-0.2413517751653771
741166407.0,2023-06-27T19:33:27.000,-0.2842857333207327,0.6164102305916686,-1.7610650652089
741166427.0,2023-06-27T19:33:47.000,0.5694277816936655,-0.3382688134934142,-1.0437370038918203
741166447.0,2023-06-27T19:34:07.000,-0.2701898141888037,-1.1659761307791783,-1.764100648427025
741166467.0,2023-06-27T19:34:27.000,0.7157950617564524,-0.8395039889919076,-0.9789177502939062
741166487.0,2023-06-27T19:34:47.000,1.233803028843905,-1.2978774619032407,-0.7428699749345569
741166507.0,2023-06-27T19:35:07.000,-0.4891743078272448,0.6691307381845313,-0.38941343333265266
741166527.0,2023-06-27T19:35:27.000,1.4670088426038674,-1.0172086350568321,-0.07210800366808101
741166547.0,2023-06-27T19:35:47.000,-0.09824194771024253,0.22518803561855094,-1.2507342779466413
741166567.0,2023-06-27T19:36:07.000,0.46937143308722895,-0.4506329275733023,-1.0121032816168274
741166587.0,2023-06-27T19:36:27.000,1.534047708262598,0.23947895233522587,-0.23124056156564876
741166607.0,2023-06-27T19:36:47.000,1.519572411234904,-0.7794242676273377,0.7175416971261228
741166627.0,2023-06-27T19:37:07.000,0.4714196480515298,0.10881032458387452,-0.8558843147876694
741166647.0,2023-06-27T19:37:27.000,0.39773733496728525,0.04742639271304583,-0.6580927108257306
741166667.0,2023-06-27T19:37:47.000,-0.0303492446174225,-0.028574324772989712,-1.1407810618146996
741166687.0,2023-06-27T19:38:07.000,-1.0488024573485077,-1.3724262346914706,-0.579929324728834
741166707.0,2023-06-27T19:38:27.000,1.4105730331448463,-0.6524709496025238,-1.6716724419385542
741166727.0,2023-06-27T19:38:47.000,1.7887036665831246,1.1020424434682319,-0.7948454863293541
741166747.0,2023-06-27T19:39:07.000,1.1656605205079273,0.4762230828680991,-0.5334430203562945
741166767.0,2023-06-27T19:39:27.000,0.13650492702854677,-0.2021373129212911,-0.9741375515237571
741166787.0,2023-06-27T19:39:47.000,1.4478048834476454,-0.1194514905655808,-0.10565805024231878
741166807.0,2023-06-27T19:40:07.000,0.36833404756242416,0.8976798486215465,-0.024113975816142386
741166827.0,2023-06-27T19:40:27.000,0.255396858028778,-1.1310147500886991,-1.2204740201471331
741166847.0,2023-06-27T19:40:47.000,0.5782376818364021,-1.4308079288705144,-0.6024986319519421
741166867.0,2023-06-27T19:41:07.000,-0.3754811265910263,0.4512868557182692,-1.2599121232970134
741166887.0,2023-06-27T19:41:27.000,-0.9801267028652916,0.03411536533270976,-0.10270671230161454
741166907.0,2023-06-27T19:41:47.000,-0.6459380588408337,-0.7851454863261331,-0.8059762937717707
741166927.0,2023-06-27T19:42:07.000,0.6443113721887883,-0.4763296157506147,-0.8921721288079887
741166947.0,2023-06-27T19:42:27.000,0.45038848887068994,-0.8247670906902371,-1.3623215270541777
741166967.0,2023-06-27T19:42:47.000,0.4196258514332918,0.5126263852406332,-0.004374417961194865
741166987.0,2023-06-27T19:43:07.000,0.763830560501777,-0.8360391045458826,-1.4884821179617092
741167007.0,2023-06-27T19:43:27.000,0.9164604178546476,-0.787681806047047,-1.679080160377211
741167027.0,2023-06-27T19:43:47.000,0.5102661161937583,-1.2401924336824521,-0.8748592199347982
741167047.0,2023-06-27T19:44:07.000,-0.9354656466120659,-1.8258074697796722,-2.100667133075884
741167067.0,2023-06-27T19:44:27.000,1.151720128034217,-0.6961352419510014,-1.1906235619418837
741167087.0,2023-06-27T19:44:47.000,-0.04389293954965012,1.1772319182146163,-1.8586001048870315
741167107.0,2023-06-27T19:45:07.000,0.7914248733364992,-0.4097839098049505,-1.5140671827951202
741167127.0,2023-06-27T19:45:27.000,-0.16825098710926412,-0.5075774381468889,-0.9811089581757138
741167147.0,2023-06-27T19:45:47.000,3.1319935413165467,-2.419085677507482,-0.9991343154491794
741167167.0,2023-06-27T19:46:07.000,1.410301641502354,0.38296615751942653,-0.7520751194145525
741167187.0,2023-06-27T19:46:27.000,-0.4593244499417892,-1.0269267022411377,-1.0640873735479062
741167207.0,2023-06-27T19:46:47.000,1.4480842630670843,-1.6592440610807557,-1.3841884149212724
741167227.0,2023-06-27T19:47:07.000,0.28910598125486686,0.9725777803115676,-2.0366957887874015
741167247.0,2023-06-27T19:47:27.000,1.8757311799122434,-0.16471376186322217,-1.8455922053961515
741167267.0,2023-06-27T19:47:47.000,1.2736254569323258,0.6570849084175379,-1.8603786157589397
741167287.0,2023-06-27T19:48:07.000,1.232108873594484,-0.6927937459377809,-0.35461006757664393
741167307.0,2023-06-27T19:48:27.000,1.1256893940325696,-1.7958065349099606,-1.5368551031458288
741167327.0,2023-06-27T19:48:47.000,0.7688296415842011,0.7799679857978248,-1.3813918137373093
741167347.0,2023-06-27T19:49:07.000,1.6742170118266841,0.690290812144223,-0.5439046677713222
741167367.0,2023-06-27T19:49:27.000,1.2165984367262794,-1.6097807969628342,-2.075696325554155
741167387.0,2023-06-27T19:49:47.000,-0.23929411968603986,-1.5551714716677267,-1.7572841917612436
741167407.0,2023-06-27T19:50:07.000,1.9663739701192284,-0.384476718262583,-1.972175632536377
741167427.0,2023-06-27T19:50:27.000,0.9845365038563259,-0.08954324118848334,-0.09436345475011265
741167447.0,2023-06-27T19:50:47.000,-0.7423202407430551,-1.5762408230313163,-0.37325524131492926
741167467.0,2023-06-27T19:51:07.000,0.5398363208453105,-0.7670264210779543,-2.448008453381778
741167487.0,2023-06-27T19:51:27.000,0.036890784327336945,0.008651400928982866,-0.5358228066576487
741167507.0,2023-06-27T19:51:47.000,-0.107780260949486,-1.7021113604576144,-2.377472130099534
741167527.0,2023-06-27T19:52:07.000,0.7090535063092318,-0.30205822946216543,-1.0790556959294761
741167547.0,2023-06-27T19:52:27.000,2.214823052160142,1.267948179217715,-1.423733934979854
741167567.0,2023-06-27T19:52:47.000,-0.28845723809567403,-0.005303361716446631,-1.4260399924248546
741167587.0,2023-06-27T19:53:07.000,1.5388338258648382,-0.04508481631360084,-1.8369396344697364
741167607.0,2023-06-27T19:53:27.000,1.9451638564205176,-0.6709383808867209,-1.6706438787705835
741167627.0,2023-06-27T19:53:47.000,-1.2957779166655747,-0.14347649461843304,-1.6346799026401015
741167647.0,2023-06-27T19:54:07.000,1.0910919536533115,0.546503378651142,-0.794666555625767
741167667.0,2023-06-27T19:54:27.000,0.7854411707364228,0.0829072224206584,-1.4157819090088175
741167687.0,2023-06-27T19:54:47.000,1.1564768950811377,0.005307654116215588,-1.2309413189415253
741167707.0,2023-06-27T19:55:07.000,-1.5965358275749075,-1.0215551828451908,-0.647548202825643
741167727.0,2023-06-27T19:55:27.000,-0.3001111369416165,0.04522818762842107,0.20427307055870259
741167747.0,2023-06-27T19:55:47.000,2.5783934644696416,-0.32850964032382635,-0.16167340636252803
741167767.0,2023-06-27T19:56:07.000,2.3736467318014043,-1.5858467230400741,-0.7056012414019541
741167787.0,2023-06-27T19:56:27.000,-0.13152114217707123,-0.7201296618686293,-1.2970220261143695
741167807.0,2023-06-27T19:56:47.000,-0.29450509924089374,0.013528690201436433,-0.6161076393396137
741167827.0,2023-06-27T19:57:07.000,0.02803436209841692,1.0448283474073783,-2.8046333146236613
741167847.0,2023-06-27T19:57:27.000,1.6985469011632226,-2.105698790133559,-1.0107690741723019
741167867.0,2023-06-27T19:57:47.000,0.01713794156588122,-0.4650346905221703,-0.9432289235999924
741167887.0,2023-06-27T19:58:07.000,0.12651778997785357,-0.5370849592734039,-1.0470113085192523
741167907.0,2023-06-27T19:58:27.000,1.2266972223340389,-0.44537406003186675,-0.9232530322922372
741167927.0,2023-06-27T19:58:47.000,2.155851433471856,-1.5188527386467143,-2.944869263776795
741167947.0,2023-06-27T19:59:07.000,0.4752453932721501,-1.1262481961371584,-1.6297206204218817
741167967.0,2023-06-27T19:59:27.000,-0.008393452932686785,0.8719638838639021,-1.6406799229873315
741167987.0,2023-06-27T19:59:47.000,0.09797670961209093,-0.5423770060741795,0.014495778843937046
741168007.0,2023-06-27T20:00:07.000,0.7080621095445494,-1.3541302549935352,-0.6536927334765963
741168027.0,2023-06-27T20:00:27.000,1.4289972898318126,-0.8402751915270734,-1.6434620984107084
741168047.0,2023-06-27T20:00:47.000,1.5068695319531145,-0.7137036071802605,1.032552819879573
741168067.0,2023-06-27T20:01:07.000,1.7463057756184064,-1.2146307499127929,-1.0582439055384363
741168087.0,2023-06-27T20:01:27.000,0.03213518607880772,-1.4655748867498097,-0.3437215364665569
741168107.0,2023-06-27T20:01:47.000,0.24001089589109625,-1.4393351710495494,-0.3383006138557576
741168127.0,2023-06-27T20:02:07.000,0.2526770928823474,-1.7170304464575459,-1.7719159978613064
741168147.0,2023-06-27T20:02:27.000,0.38269192238482574,-2.1238200045958777,-0.2979810383108017
741168167.0,2023-06-27T20:02:47.000,2.146199194630327,-0.8556549785709855,-0.17855931696564298
741168187.0,2023-06-27T20:03:07.000,1.003847437075489,-1.1740833646967097,-1.0280125218753433
741168207.0,2023-06-27T20:03:27.000,0.7398451915441306,-0.9444484564413713,-0.18395330195764004
741168227.0,2023-06-27T20:03:47.000,1.8333237104095623,-0.45370549713874553,0.5982225907308347
741168247.0,2023-06-27T20:04:07.000,0.03817776974557319,-1.1670086146109426,-0.9984083987557568
741168267.0,2023-06-27T20:04:27.000,1.7241130484957345,-1.4705212551646696,-0.08291164698137621
741168287.0,2023-06-27T20:04:47.000,-0.2447968817986812,-0.6653045499516175,-0.8808112560987347
741168307.0,2023-06-27T20:05:07.000,0.8112919597791368,-1.0923008193275408,-0.07467046381215425
741168327.0,2023-06-27T20:05:27.000,0.9129680355712821,-0.6374660132091314,-0.2298930406707811
741168347.0,2023-06-27T20:05:47.000,0.7130180272207909,0.8481847246555319,-0.6919100565827563
741168367.0,2023-06-27T20:06:07.000,1.9535720277130686,0.013579743729508209,-0.460439372895749
741168387.0,2023-06-27T20:06:27.000,1.709597754362413,-1.7619035415972206,-1.0036173860639153
741168407.0,2023-06-27T20:06:47.000,0.6566539278995975,-0.3097062512447124,-0.7012613265078294
741168427.0,2023-06-27T20:07:07.000,0.05331640419159456,-1.1748763646624028,0.07925932916652556
741168447.0,2023-06-27T20:07:27.000,0.3506444211320847,-3.0694459402513807,-0.5973177740092872
741168467.0,2023-06-27T20:07:47.000,0.5149651228109065,-0.31451417820127503,-1.4002319778660954
741168487.0,2023-06-27T20:08:07.000,1.1142294122690188,-1.3598056370911493,-0.276514614239165
741168507.0,2023-06-27T20:08:27.000,-0.30988823653821385,-0.25691612514089357,-0.7261400755687042
741168527.0,2023-06-27T20:08:47.000,2.612636984822281,-0.20688968508375538,-0.49525685456019986
741168547.0,2023-06-27T20:09:07.000,1.0273253225112633,-1.8407385914520624,-0.8428712063635047
741168567.0,2023-06-27T20:09:27.000,1.4488165352100069,-0.5034714328111534,-1.2818405735526284
741168587.0,2023-06-27T20:09:47.000,-0.09170943328085102,-0.0020534685951645315,0.030760675773233714
741168607.0,2023-06-27T20:10:07.000,0.4768470236005129,-2.1826904029520477,-0.0029992887506935517
741168627.0,2023-06-27T20:10:27.000,0.03335384471947478,-1.2750382549109318,-0.1760769886560709
741168647.0,2023-06-27T20:10:47.000,-0.3404083879110509,-1.3814986918769812,-1.2974727390147045
741168667.0,2023-06-27T20:11:07.000,0.6205428417449532,-1.74680528688409,-0.2552540738776088
741168687.0,2023-06-27T20:11:27.000,0.34170204918915204,-0.9316929371672167,-1.958878511931772
741168707.0,2023-06-27T20:11:47.000,0.2039833312261763,-1.602435049052886,-1.1249926747836092
741168727.0,2023-06-27T20:12:07.000,1.0129306761030854,-0.6398277549113374,-1.8531905944474403
741168747.0,2023-06-27T20:12:27.000,0.2993764301462143,-1.176579162065483,0.09980069973769545
741168767.0,2023-06-27T20:12:47.000,1.063659444289211,0.07441801931351577,-0.755782250150272
741168787.0,2023-06-27T20:13:07.000,1.2619549885406478,-0.3991347639398235,-1.7987453309498136
741168807.0,2023-06-27T20:13:27.000,0.5999977529147493,-0.4483677485289661,-0.9310967922337987
741168827.0,2023-06-27T20:13:47.000,0.23273201565920942,-0.5649420934394911,-1.120629835860143
741168847.0,2023-06-27T20:14:07.000,1.2371562112756251,-0.10711578227740048,-0.6931375549190655
741168867.0,2023-06-27T20:14:27.000,-0.8058988747672302,-0.675855363008182,-0.7757105620509464
741168887.0,2023-06-27T20:14:47.000,1.92861754330087,-0.5197356403918718,-1.2875706469683834
741168907.0,2023-06-27T20:15:07.000,0.3423233890686994,-1.0493526992005897,-1.3616489670797982
741168927.0,2023-06-27T20:15:27.000,0.9100177753018635,0.4506612524490805,-1.7591079658263453
741168947.0,2023-06-27T20:15:47.000,0.594364323791563,-1.0096611903209762,-0.46538810088980753
741168967.0,2023-06-27T20:16:07.000,0.606025055238657,-1.9015982212211568,-0.3484763953731651
741168987.0,2023-06-27T20:16:27.000,0.20049509186215175,-0.9762775055377482,-2.5357280343807354
741169007.0,2023-06-27T20:16:47.000,0.5176191216316184,-1.9302237801110955,-1.1239172493349159
741169027.0,2023-06-27T20:17:07.000,0.6120074783622087,-1.0454935780779273,-1.7120069475740074
741169047.0,2023-06-27T20:17:27.000,0.9011869013031415,-0.3245886488922878,-1.0496955833549926
741169067.0,2023-06-27T20:17:47.000,0.5992597156501134,-1.1670906657768043,-0.2135473366804419
741169087.0,2023-06-27T20:18:07.000,1.0096566518180694,0.027343208663932472,-0.027033108451757215
741169107.0,2023-06-27T20:18:27.000,1.6611204302074967,-0.9139609565167461,-2.0809961854051373
741169127.0,2023-06-27T20:18:47.000,0.5423794058212472,-0.9500365426018398,-0.5632343336725576
741169147.0,2023-06-27T20:19:07.000,0.4960890548022512,-1.4239935133719683,-1.5126135833543053
741169167.0,2023-06-27T20:19:27.000,1.3728967372617085,-0.644821038031651,-0.6816618516314321
741169187.0,2023-06-27T20:19:47.000,-0.36004794898847337,-0.8351089931912803,-0.2712285592121333
741169207.0,2023-06-27T20:20:07.000,1.2196758433224986,-0.437688481491616,0.05123682668140006
741169227.0,2023-06-27T20:20:27.000,0.7164418444172149,-1.0447725604989522,0.5267991019741736
741169247.0,2023-06-27T20:20:47.000,0.6159102066027877,-1.8700387983794364,-0.18564103827500844
741169267.0,2023-06-27T20:21:07.000,-0.5317773926871716,-0.8898505647336741,-0.4349785868829059
741169287.0,2023-06-27T20:21:27.000,1.4781788244766503,-1.3134320657415266,-1.8267120718062912
741169307.0,2023-06-27T20:21:47.000,1.7850303868693906,-0.1626036649660101,-1.9837179225268287
741169327.0,2023-06-27T20:22:07.000,0.39878634717771533,-2.984301729502814,-2.0507570165695377
741169347.0,2023-06-27T20:22:27.000,-0.24287917060883402,-0.6087383323083451,-1.4023685721342716
741169367.0,2023-06-27T20:22:47.000,0.7654308228910445,-0.33676702633211875,-0.41601266588253694
741169387.0,2023-06-27T20:23:07.000,0.2210550830716862,0.030272880935378055,-0.8883300352979795
741169407.0,2023-06-27T20:23:27.000,0.9669042067339539,-1.6541783717127778,-0.520270386905608
741169427.0,2023-06-27T20:23:47.000,0.21634736202535976,-1.6201962807049775,-0.6367612867652639
741169447.0,2023-06-27T20:24:07.000,-0.23701023144084843,-2.068884274863958,-0.25496377659139924
741169467.0,2023-06-27T20:24:27.000,0.3073332316971822,-1.5969621833589187,-0.7590014699743186
741169487.0,2023-06-27T20:24:47.000,0.6301863469726499,-1.1096844359403946,-0.09170042322148575
741169507.0,2023-06-27T20:25:07.000,0.20782513849848527,-0.38310710493982825,-1.1022658749415548
741169527.0,2023-06-27T20:25:27.000,1.1452322572935714,-1.8431736507396046,-0.4934018428492948
741169547.0,2023-06-27T20:25:47.000,1.1160709595503526,-1.981892089375492,-0.03376685517864075
741169567.0,2023-06-27T20:26:07.000,0.036674113412793474,-1.8132370107393214,-0.478419571992017
741169587.0,2023-06-27T20:26:27.000,1.3596084568856526,-2.1289144252145675,-1.2744202595893483
741169607.0,2023-06-27T20:26:47.000,0.5935582810256967,-0.3355013698524978,-0.29468900473172965
741169627.0,2023-06-27T20:27:07.000,1.1037854449114093,-0.20361020846015876,0.11347690687113499
741169647.0,2023-06-27T20:27:27.000,0.4116216649863169,-2.4375807338272715,-1.8308818957257778
741169667.0,2023-06-27T20:27:47.000,2.2071067103945907,-0.25634867465429423,-0.017320600986803214
741169687.0,2023-06-27T20:28:07.000,-0.5842995692950659,-1.3966385988051222,-0.5294762828178534
741169707.0,2023-06-27T20:28:27.000,0.23100399529907278,-1.4272703540374465,0.26449746806100904
741169727.0,2023-06-27T20:28:47.000,0.3828031354569106,-0.14899188786055007,-2.2882986888350665
741169747.0,2023-06-27T20:29:07.000,0.15678319279510688,-0.891907943467718,0.24170234373954713
741169767.0,2023-06-27T20:29:27.000,0.24474194564305662,-1.9029901434319818,-1.8489624695638973
741169787.0,2023-06-27T20:29:47.000,1.2138766980585025,-1.5844207288506773,0.1690751791572076
741169807.0,2023-06-27T20:30:07.000,1.13621758361937,-0.854961634355611,0.6232875776834845
741169827.0,2023-06-27T20:30:27.000,-1.0353793949868795,-0.8252172458034224,-1.1155837332244012
741169847.0,2023-06-27T20:30:47.000,-0.49768052838849997,-0.41109614122847304,-1.720706182306575
741169867.0,2023-06-27T20:31:07.000,0.4117550407634063,-0.6023376049268947,1.133247158180417
741169887.0,2023-06-27T20:31:27.000,1.0213436422601418,-0.464699764834986,0.8731657466065634
741169907.0,2023-06-27T20:31:47.000,-0.4053162943273847,-1.417787731450293,-1.619727278634464
741169927.0,2023-06-27T20:32:07.000,1.4055446962313312,-1.4255425118681053,-0.227989314327548
741169947.0,2023-06-27T20:32:27.000,0.3590660668462142,-0.86069602558414,-0.49731301333677536
741169967.0,2023-06-27T20:32:47.000,0.5956922972227829,-0.38509139393960723,-0.4776443228271532
741169987.0,2023-06-27T20:33:07.000,0.9028455216109066,-1.738589647648503,-0.6929727830562449
741170007.0,2023-06-27T20:33:27.000,1.0651696545127542,-1.6943180814021908,-0.34116532542372013
741170027.0,2023-06-27T20:33:47.000,0.4700333779861232,0.0018646247879061661,0.3509775473253818
741170047.0,2023-06-27T20:34:07.000,-0.12866814457224152,-0.48447658005379424,-1.3620642492551127
741170067.0,2023-06-27T20:34:27.000,1.090963462402339,-1.313712902661912,-0.0874256510852156
741170087.0,2023-06-27T20:34:47.000,1.0896689903727719,-1.3982443473059547,-1.362701733453875
741170107.0,2023-06-27T20:35:07.000,0.20663740215587367,0.011725924864425252,0.8498313601834617
741170127.0,2023-06-27T20:35:27.000,0.8866757051917418,-0.8234950595431556,-1.7891109765022506
741170147.0,2023-06-27T20:35:47.000,2.3230751818537065,-0.645120988096437,0.06571851516312677
741170167.0,2023-06-27T20:36:07.000,1.7368839822062832,-1.310170516877207,0.3426740620926516
741170187.0,2023-06-27T20:36:27.000,0.398349759278549,-0.7167974547916955,-0.4836152518450376
741170207.0,2023-06-27T20:36:47.000,0.19010697452914727,-1.2684805853035996,-0.6371594726495289
741170227.0,2023-06-27T20:37:07.000,0.3413077623526384,-1.0473411863110016,0.08724949852600972
741170247.0,2023-06-27T20:37:27.000,0.29458712376140284,-1.4381298649945862,0.47655929269474484
741170267.0,2023-06-27T20:37:47.000,-0.22258163469013326,-2.049373505730312,-0.6776554130505374
741170287.0,2023-06-27T20:38:07.000,0.028608221191994687,-0.8525229625910846,0.26119790826895084
741170307.0,2023-06-27T20:38:27.000,-0.2544961568484716,-0.3254364336013893,-1.34257331668719
741170327.0,2023-06-27T20:38:47.000,0.22572831031020257,-0.933622382537358,0.1749165255970908
741170347.0,2023-06-27T20:39:07.000,0.2520673451633648,-0.4224122158058563,0.4696736502052268
741170367.0,2023-06-27T20:39:27.000,0.8017909415070079,-0.7568601492202731,0.8447261688138141
741170387.0,2023-06-27T20:39:47.000,0.6907331114747173,-0.8552246875681568,-1.2805149883776679
741170407.0,2023-06-27T20:40:07.000,1.4049778621183506,-2.461403971809606,-0.9526650265323511
741170427.0,2023-06-27T20:40:27.000,0.6860017641274752,-1.4434086296200022,-0.3657780667021271
741170447.0,2023-06-27T20:40:47.000,0.365909117772123,-1.8143452903074397,-0.10909552837778946
741170467.0,2023-06-27T20:41:07.000,0.7916250368888988,-0.5518126553361036,0.35920939389644246
741170487.0,2023-06-27T20:41:27.000,2.196851424807189,-1.6106583172192934,0.7043697300423979
741170507.0,2023-06-27T20:41:47.000,0.22891501824107152,-2.4858827404217188,-0.016164211003033557
741170527.0,2023-06-27T20:42:07.000,0.36648404717620764,-2.3746786216083393,-0.679819358473388
741170547.0,2023-06-27T20:42:27.000,-0.08337545137626634,-2.374899616464088,-0.24152193598414584
741170567.0,2023-06-27T20:42:47.000,1.572994407161854,-1.7434446399899883,-0.11881791357470917
741170587.0,2023-06-27T20:43:07.000,0.6086872640920227,-1.1275482856731855,0.009874512507668243
741170607.0,2023-06-27T20:43:27.000,0.8427268045063663,-1.133952834364571,-0.6730497737805763
741170627.0,2023-06-27T20:43:47.000,0.8022510824323703,-1.1034210552596235,-1.5551326886242833
741170647.0,2023-06-27T20:44:07.000,0.2300668573651521,-0.9475440433281968,0.0777727790501892
741170667.0,2023-06-27T20:44:27.000,0.19422246337885696,-1.4240120149389135,-0.2813482150587632
741170687.0,2023-06-27T20:44:47.000,0.9959380222190894,-1.933544717103164,0.5174671146912502
741170707.0,2023-06-27T20:45:07.000,0.5308855964170078,-0.24171304164877228,-0.24765353887623576
741170727.0,2023-06-27T20:45:27.000,0.37312081624385485,-0.8350013724123251,-2.002783323018509
741170747.0,2023-06-27T20:45:47.000,-0.14093085868305266,-1.6273568308577957,0.3508995203738152
741170767.0,2023-06-27T20:46:07.000,0.16903336067519703,-2.208706854212039,-1.0310166464910786
741170787.0,2023-06-27T20:46:27.000,-1.0718542895582495,0.06153434918276801,-1.1565237947319673
741170807.0,2023-06-27T20:46:47.000,-0.135795084543755,-1.2597142879156031,-0.5904751393503993
741170827.0,2023-06-27T20:47:07.000,-0.4642208156213634,-1.6960789757991535,-0.26241221762202116
741170847.0,2023-06-27T20:47:27.000,-0.6146760380354443,-0.4076448507084329,-1.9785871780975128
741170867.0,2023-06-27T20:47:47.000,0.35997332837878204,-1.325337075752664,-0.17691418959797645
741170887.0,2023-06-27T20:48:07.000,0.5293383478210956,-0.27193432199368317,-0.09013888205844367
741170907.0,2023-06-27T20:48:27.000,1.6822662736171168,-0.637269577907773,1.5129669940217028
741170927.0,2023-06-27T20:48:47.000,-0.5176318949806635,-1.8076391265164915,0.5006755434910914
741170947.0,2023-06-27T20:49:07.000,0.5108990566604632,-2.372593099919662,-0.31716985408047904
741170967.0,2023-06-27T20:49:27.000,0.8110375364633882,-0.9461108538943996,-0.22422814964784266
741170987.0,2023-06-27T20:49:47.000,0.31749814300985335,-1.1966095866511317,-0.5758036303094016
741171007.0,2023-06-27T20:50:07.000,-0.2510366337804548,-0.9090257743205044,-0.3031267419073558
741171027.0,2023-06-27T20:50:27.000,0.18326706445748187,-2.854371017813051,0.8026431133401069
741171047.0,2023-06-27T20:50:47.000,0.09911078860946887,-0.42384480415380565,1.0538076886779102
741171067.0,2023-06-27T20:51:07.000,0.7218051690682792,-1.0355990904153956,-0.2869498135438242
741171087.0,2023-06-27T20:51:27.000,0.7504400786451093,-2.124943889247888,-0.8313200001053289
741171107.0,2023-06-27T20:51:47.000,-0.01475253755822692,-1.885209674767907,-0.04199643179880752
741171127.0,2023-06-27T20:52:07.000,1.7196135146169134,-2.341273984918235,1.3599295852428916
741171147.0,2023-06-27T20:52:27.000,0.2376088816036237,-0.836607510301679,0.9846992349182848
741171167.0,2023-06-27T20:52:47.000,0.054459692488961764,-1.656303925678948,-0.2022873549334392
741171187.0,2023-06-27T20:53:07.000,0.6461292612947034,-2.175901806600322,0.4985062968754228
741171207.0,2023-06-27T20:53:27.000,-0.16166475248491352,-2.0557304450719016,2.389296117188966
741171227.0,2023-06-27T20:53:47.000,-0.795690751853595,-0.8240873307419072,0.2956864748049348
741171247.0,2023-06-27T20:54:07.000,1.2875398907707947,-1.2957178108785605,-0.48055113321954224
741171267.0,2023-06-27T20:54:27.000,0.17454929368554417,-0.7535248471857159,-0.7429717904572364
741171287.0,2023-06-27T20:54:47.000,0.5164211557051601,-0.32275562329431295,1.308009823985934
741171307.0,2023-06-27T20:55:07.000,-0.8467093169928219,-0.24654501230569892,-0.7249631105099574
741171327.0,2023-06-27T20:55:27.000,-1.2807359911604088,-1.2698925499154967,-0.7667028446456392
741171347.0,2023-06-27T20:55:47.000,0.4074691261735097,-1.1825288367850462,-0.0401837021990481
741171367.0,2023-06-27T20:56:07.000,-0.6455090767576444,-0.5327927550480283,0.1478516962194476
741171387.0,2023-06-27T20:56:27.000,-0.09412711903244997,-1.7867061414711394,-0.6738869721911733
741171407.0,2023-06-27T20:56:47.000,0.18764040851104724,0.23486576913311907,-1.0081796826044709
741171427.0,2023-06-27T20:57:07.000,-0.5600483109935439,0.3752681646096434,-0.22196232745130828
741171447.0,2023-06-27T20:57:27.000,0.7556166611411008,-1.8065212937901087,0.6770076114048784
741171467.0,2023-06-27T20:57:47.000,-0.6760572488495598,-2.429278098048382,-1.3338424510234148
741171487.0,2023-06-27T20:58:07.000,-0.43126804307735966,-0.9051370317592067,0.17383947628069052
741171507.0,2023-06-27T20:58:27.000,-0.4465270798115206,-2.4958160468324664,-1.261247789074993
741171527.0,2023-06-27T20:58:47.000,0.014629234224017296,-1.876762240915486,-0.8501582273501285
741171547.0,2023-06-27T20:59:07.000,-0.6152648593937826,-2.4958977951072825,0.32357787512760083
741171567.0,2023-06-27T20:59:27.000,0.520476945176096,-2.1923138002644116,-1.0936210690037917
741171587.0,2023-06-27T20:59:47.000,-0.2599569262184964,-1.938896210984531,-0.7204629881019109
741171607.0,2023-06-27T21:00:07.000,-0.03391333873725699,-2.389916804224068,0.2422229750775884
741171627.0,2023-06-27T21:00:27.000,0.376177450556181,-1.177672545915609,-0.4019503944352465
741171647.0,2023-06-27T21:00:47.000,0.44752103962597545,-0.540911960922319,-0.23265007740302934
741171667.0,2023-06-27T21:01:07.000,0.25580821414461496,-1.1547887391327727,-0.7505411825037278
741171687.0,2023-06-27T21:01:27.000,-0.3406526797977705,-1.597309955869708,-1.0141060747481667
741171707.0,2023-06-27T21:01:47.000,-0.6107285043688293,-2.678503948805311,1.1948889326651724
741171727.0,2023-06-27T21:02:07.000,0.5822526924603721,-0.521762362548639,0.0685399162092537
741171747.0,2023-06-27T21:02:27.000,-0.9459540821987744,-1.2351758557960224,-1.1797125032186884
741171767.0,2023-06-27T21:02:47.000,0.02618225632966542,-0.6169240079789695,0.9417585735915779
741171787.0,2023-06-27T21:03:07.000,0.15272218806261506,-1.2297794840798737,1.1188988792487642
741171807.0,2023-06-27T21:03:27.000,1.4309621368502334,-2.6111791225580383,0.31402882314512937
741171827.0,2023-06-27T21:03:47.000,-0.020948679058108155,0.27479364317350985,-1.2043012142193277
741171847.0,2023-06-27T21:04:07.000,-0.2909395675043669,-1.2099206723514833,-0.29869575323138164
741171867.0,2023-06-27T21:04:27.000,-0.00456935269621539,-1.0940626092414973,0.7276188712879161
741171887.0,2023-06-27T21:04:47.000,0.4001732757497045,-1.7158287297647234,0.811809564171817
741171907.0,2023-06-27T21:05:07.000,-0.3588771106288746,-1.271642799094419,0.5869578374340101
741171927.0,2023-06-27T21:05:27.000,-1.1341556104271788,-0.26894174973701723,0.34105503284864724
741171947.0,2023-06-27T21:05:47.000,1.0529264564573815,-1.265027627783688,0.7801561240361465
741171967.0,2023-06-27T21:06:07.000,-1.2895292780590317,-1.1441797070799176,-0.5929669140369853
741171987.0,2023-06-27T21:06:27.000,-0.4325353132328402,-3.2809481851026057,0.6135024820164148
741172007.0,2023-06-27T21:06:47.000,-0.6506902602398945,0.12459161898847881,0.5735783037197351
741172027.0,2023-06-27T21:07:07.000,-0.8295158454796336,-0.8137146732423162,-0.326310161025134
741172047.0,2023-06-27T21:07:27.000,-0.5710587955842783,-0.21828418772518177,1.2968046379069342
741172067.0,2023-06-27T21:07:47.000,-1.1799433752068822,-1.1870637560917885,0.5180988925546082
741172087.0,2023-06-27T21:08:07.000,0.2959686017933727,-1.2025450631281132,-0.3666219299813811
741172107.0,2023-06-27T21:08:27.000,0.9160716604617036,-1.9711879910011554,0.6073830175479245
741172127.0,2023-06-27T21:08:47.000,0.764681083154084,-0.5915903778519471,0.28780711011089366
741172147.0,2023-06-27T21:09:07.000,0.8089016546919403,-1.999356534632124,1.6546025660257868
741172167.0,2023-06-27T21:09:27.000,-1.34402329812211,-0.9397630223006992,1.5416796812495193
741172187.0,2023-06-27T21:09:47.000,-0.06256118536551725,-1.4348896259841482,1.9138461862300282
741172207.0,2023-06-27T21:10:07.000,-0.22389451785898018,-1.8815288342355352,-0.3185095723501341
741172227.0,2023-06-27T21:10:27.000,-0.20245390607298575,-0.5063275304695303,-0.7081192153313154
741172247.0,2023-06-27T21:10:47.000,0.2678865984373502,-0.7844391693878627,-0.005619061149708671
741172267.0,2023-06-27T21:11:07.000,-1.1668382714047354,-0.7642853304901109,-0.7959982361915863
741172287.0,2023-06-27T21:11:27.000,-0.4422788440483494,-1.229430144522592,0.4342107490895586
741172307.0,2023-06-27T21:11:47.000,-0.5684861461241475,-0.5896934812787968,0.8470311992470059
741172327.0,2023-06-27T21:12:07.000,-0.645178920355427,0.3302002669292037,1.041384498168263
741172347.0,2023-06-27T21:12:27.000,0.7785807622617824,-0.7772752245172043,-0.15265827562060963
741172367.0,2023-06-27T21:12:47.000,-0.6093538342910598,-0.4550715838824715,0.49126488740336427
741172387.0,2023-06-27T21:13:07.000,-0.7236982278446824,-0.3502477638250845,0.9208997633125549
741172407.0,2023-06-27T21:13:27.000,1.3062262518626078,-1.5421134271553782,-0.28076028362189476
741172427.0,2023-06-27T21:13:47.000,-0.34140203114541023,-1.067307579416532,1.0211003704574395
741172447.0,2023-06-27T21:14:07.000,-0.9711937443923624,-1.0549872494269863,0.18477039195330391
741172467.0,2023-06-27T21:14:27.000,-1.9705957395532714,-1.8106972352160966,-0.2125143920173045
741172487.0,2023-06-27T21:14:47.000,-1.0578531828175919,-2.0268377815768623,0.11633875719452291
741172507.0,2023-06-27T21:15:07.000,-0.30124135775855265,-0.8862723719915699,1.6656048511753951
741172527.0,2023-06-27T21:15:27.000,-1.4275579833245011,-0.855361374529906,-0.870717369572116
741172547.0,2023-06-27T21:15:47.000,1.028457946639083,-1.392783067211134,-0.20511774525555637
741172567.0,2023-06-27T21:16:07.000,-0.5690968837845922,-1.9318945422730494,0.3515543833709778
741172587.0,2023-06-27T21:16:27.000,-0.5382373252427186,-0.7709509254327784,0.5786046296751834
741172607.0,2023-06-27T21:16:47.000,-1.1979472387402268,-2.2867358219325062,-0.09665578887263493
741172627.0,2023-06-27T21:17:07.000,-0.6629029177251944,-2.1436804730989856,0.5160750838006933
741172647.0,2023-06-27T21:17:27.000,-0.3701895405550104,-1.367135387764229,0.49951473091169873
741172667.0,2023-06-27T21:17:47.000,0.8967101398082988,-1.7983731740445208,0.12280724007718291
741172687.0,2023-06-27T21:18:07.000,-1.376991512214154,-1.0047818154834687,0.7890313587166631
741172707.0,2023-06-27T21:18:27.000,-0.8808014804850828,-0.8760022376819165,-0.9370665337016248
741172727.0,2023-06-27T21:18:47.000,0.05228492245823446,-1.2544150712501256,-0.5178790031812319
741172747.0,2023-06-27T21:19:07.000,-0.824969676005427,-1.0221098261764539,1.0503527094751774
741172767.0,2023-06-27T21:19:27.000,0.5397406732221555,-2.4210033243821094,0.6171432139656652
741172787.0,2023-06-27T21:19:47.000,-1.0294671426658297,-1.192679828965204,2.555510770763103
741172807.0,2023-06-27T21:20:07.000,0.6283825505271068,-1.401657345923013,0.42984083659103334
741172827.0,2023-06-27T21:20:27.000,-0.4272606431321435,-1.3655659155786815,1.4931045474675386
741172847.0,2023-06-27T21:20:47.000,-0.20900578581173335,-0.6585386042146091,0.23460412396092423
741172867.0,2023-06-27T21:21:07.000,-0.5968625418906193,-2.279450991260479,0.34788921290385133
741172887.0,2023-06-27T21:21:27.000,-0.7783732234423191,-1.6875575224895023,1.090429139449789
741172907.0,2023-06-27T21:21:47.000,-0.1272192279855311,-2.706331418433905,-0.33152085080478955
741172927.0,2023-06-27T21:22:07.000,-0.6744547638048992,-0.9596144806778284,0.24936486795468227
741172947.0,2023-06-27T21:22:27.000,-0.02828429297441204,-1.313584422468761,0.6219967009113425
741172967.0,2023-06-27T21:22:47.000,-0.5221120494613984,-1.0445107090917283,-0.47603015176367336
741172987.0,2023-06-27T21:23:07.000,-0.7101199192005581,-2.824716471394595,-0.31945157639157173
741173007.0,2023-06-27T21:23:27.000,-0.6041472305429174,-1.8380596648714942,0.8510886396639883
741173027.0,2023-06-27T21:23:47.000,-0.8688948886059755,-1.990417800545874,0.24750406700801975
741173047.0,2023-06-27T21:24:07.000,-0.020046737303491824,-2.4339220684566065,0.6488892345113406
741173067.0,2023-06-27T21:24:27.000,-0.5862636674458521,-1.1152801613567576,0.5060887531382896
741173087.0,2023-06-27T21:24:47.000,-0.9407519069082326,-0.37778901280649535,0.9640846747260845
741173107.0,2023-06-27T21:25:07.000,-1.440124919882546,-1.549421804691864,1.3467877425621388
741173127.0,2023-06-27T21:25:27.000,-0.06911258705333267,-0.769267843592214,-0.9873220519485137
741173147.0,2023-06-27T21:25:47.000,-0.41416045896136566,-2.1245706562700306,1.0041504259761247
741173167.0,2023-06-27T21:26:07.000,-0.1598282834081033,-0.49635852701346295,-0.9902276794870879
741173187.0,2023-06-27T21:26:27.000,-0.20625082798320094,-1.880542946830488,0.7510596309878714
741173207.0,2023-06-27T21:26:47.000,-1.3039942060810716,-1.3299610100214743,0.8287988289668036
741173227.0,2023-06-27T21:27:07.000,-0.2940351189528734,-1.712333411862943,1.4768702855993965
741173247.0,2023-06-27T21:27:27.000,-1.972478218625895,-1.7583473650106818,0.7241902802435085
741173267.0,2023-06-27T21:27:47.000,-0.06578752915764596,-1.5762897163873468,0.2410701521071701
741173287.0,2023-06-27T21:28:07.000,-0.6898505415908751,-0.9914023409551831,0.18731127006121895
741173307.0,2023-06-27T21:28:27.000,-0.650765568799283,-1.9060486856847803,0.9027531331140537
741173327.0,2023-06-27T21:28:47.000,0.3831794212261208,-1.6026185742812338,0.0501740903824377
741173347.0,2023-06-27T21:29:07.000,0.4336745467070635,-2.2035498997485803,-0.3555856894932319
741173367.0,2023-06-27T21:29:27.000,0.12392456431031817,-1.5787522380739105,-0.4371551339921176
741173387.0,2023-06-27T21:29:47.000,-0.7814449136778201,-1.4320384682742215,1.3906465666679857
741173407.0,2023-06-27T21:30:07.000,-0.7923705262591341,-0.6939260033256289,-0.33373019654447944
741173427.0,2023-06-27T21:30:27.000,-0.4842716697650573,-2.0423192913843202,2.245539289413845
741173447.0,2023-06-27T21:30:47.000,-0.9186538792338439,-0.8728553820391838,1.0852668559158118
741173467.0,2023-06-27T21:31:07.000,0.15112792733917857,-0.11322781968692297,2.010983879618955
741173487.0,2023-06-27T21:31:27.000,-0.427408366265869,0.17130981939672552,1.1639614408642807
741173507.0,2023-06-27T21:31:47.000,0.3661912503560849,-0.2081303319356742,0.1712136091902572
741173527.0,2023-06-27T21:32:07.000,-0.1146558252673735,-1.5115229915374506,2.5777911678570575
741173547.0,2023-06-27T21:32:27.000,-0.9635907186167358,-1.1272420078700662,0.7457993681625474
741173567.0,2023-06-27T21:32:47.000,-0.0074735937105607775,-1.0795086140324983,-0.6056250981378852
741173587.0,2023-06-27T21:33:07.000,-1.6560801982423712,-1.9924442506868978,-0.5326788232506985
741173607.0,2023-06-27T21:33:27.000,1.0542286354553454,-1.4460872354904453,1.1985819248105933
741173627.0,2023-06-27T21:33:47.000,-1.4712151143014829,-1.0282849662757165,0.17128363780649636
741173647.0,2023-06-27T21:34:07.000,-2.6476106144146527,-0.7881028736278495,0.46889048976872516
741173667.0,2023-06-27T21:34:27.000,-0.4420487807466067,-0.7365765995137608,-0.1292968396682248
741173687.0,2023-06-27T21:34:47.000,0.9769208822896225,-1.1550019505812692,-0.6090949090764575
741173707.0,2023-06-27T21:35:07.000,-0.7630964738769563,-2.485508606597797,2.097262092859431
741173727.0,2023-06-27T21:35:27.000,0.21330220779658404,-1.1709952257521472,-0.005804975733436635
741173747.0,2023-06-27T21:35:47.000,-0.9685812063064958,-1.2683627224840954,1.0601960428902046
741173767.0,2023-06-27T21:36:07.000,0.33440663381734126,-2.0138193533414395,0.4088776310529063
741173787.0,2023-06-27T21:36:27.000,-0.22305955719170711,-1.986812829857243,1.0194187815892874
741173807.0,2023-06-27T21:36:47.000,-1.0602996268649356,-1.4242515349427443,1.2510885858629806
741173827.0,2023-06-27T21:37:07.000,-1.964743452231854,-0.08249574113827762,2.0115701338974112
741173847.0,2023-06-27T21:37:27.000,-1.2002692282075955,-1.3534504015533244,-0.23415971774909394
741173867.0,2023-06-27T21:37:47.000,-0.8642195717056822,-0.06901845804874185,0.711746525550172
741173887.0,2023-06-27T21:38:07.000,-0.3759073855524875,-1.0703950523938133,0.5585656412065987
741173907.0,2023-06-27T21:38:27.000,-0.7553508150293098,-2.7571987998076253,0.36108809575718936
741173927.0,2023-06-27T21:38:47.000,-1.5896906184087456,-1.0230997616766935,0.8816213660112204
741173947.0,2023-06-27T21:39:07.000,0.538467614630278,-0.8848325453336692,1.2169463049604978
741173967.0,2023-06-27T21:39:27.000,-0.4002688819393363,-1.6920114997098779,-0.9473214078181691
741173987.0,2023-06-27T21:39:47.000,-0.5527169939734122,-1.7682137650409935,-0.44893279663726915
741174007.0,2023-06-27T21:40:07.000,-0.8643423320409127,-2.463068823732595,1.3316412115993437
741174027.0,2023-06-27T21:40:27.000,0.2906799874802246,-0.4869384958916534,0.6094789360200359
741174047.0,2023-06-27T21:40:47.000,-0.5734650849520406,-1.4852180838853535,2.5138389131318384
741174067.0,2023-06-27T21:41:07.000,0.61992116173748,-1.2169346605417353,-0.004711382717292878
741174087.0,2023-06-27T21:41:27.000,-0.3506781807605108,-0.25815291477826463,1.237835773182372
741174107.0,2023-06-27T21:41:47.000,-1.2992807309375465,-1.0921826122833878,1.3267608565792344
741174127.0,2023-06-27T21:42:07.000,-1.3915130179120716,-0.9638424070534946,0.24605349844275537
741174147.0,2023-06-27T21:42:27.000,0.1677166578950562,-1.1060637072901613,1.4107982291067245
741174167.0,2023-06-27T21:42:47.000,-0.18020601580959195,-1.2000094164688058,0.7219494462584741
741174187.0,2023-06-27T21:43:07.000,0.30970373615657465,-0.15351506479355237,0.919627875550777
741174207.0,2023-06-27T21:43:27.000,0.0778559885561414,-0.3161774184468058,0.9934718942172793
741174227.0,2023-06-27T21:43:47.000,-0.6607178577588968,-1.072604128915522,0.23961587617415958
741174247.0,2023-06-27T21:44:07.000,-0.4738233164491845,-1.0800020266432675,1.052523019173801
741174267.0,2023-06-27T21:44:27.000,-0.8465346989394718,-1.0405401684621118,-0.6352697132339102
741174287.0,2023-06-27T21:44:47.000,0.2891995868781194,-0.15621745030891532,0.0582298757212385
741174307.0,2023-06-27T21:45:07.000,-1.101014791438093,-2.5767874331950047,0.922680867010417
741174327.0,2023-06-27T21:45:27.000,-0.05316795540499797,-0.7474432598519876,-0.11594390194602511
741174347.0,2023-06-27T21:45:47.000,-0.8684881708798109,-0.09999914126757048,0.9792629740768
741174367.0,2023-06-27T21:46:07.000,-0.5817490409398829,-1.7450404911079076,0.3277826302716669
741174387.0,2023-06-27T21:46:27.000,-0.44003232084754984,-1.8720939544247805,0.21030632495477874
741174407.0,2023-06-27T21:46:47.000,-0.2508499907794004,-0.5285655663489486,2.1981695631390075
741174427.0,2023-06-27T21:47:07.000,-1.099235743995397,-2.4806516332742667,2.9452349912584275
741174447.0,2023-06-27T21:47:27.000,-0.8002674679929989,-0.15542265304757663,0.37415812474961285
741174467.0,2023-06-27T21:47:47.000,-1.8846223785562444,0.7110921081632249,0.9463550044941371
741174487.0,2023-06-27T21:48:07.000,-1.281123772034487,-2.118605659673367,0.9400444220042381
741174507.0,2023-06-27T21:48:27.000,-1.6984331847602618,-1.35874889609644,0.7149824077790079
741174527.0,2023-06-27T21:48:47.000,-1.6360443438667716,-2.11403611073413,1.1290879800784914
741174547.0,2023-06-27T21:49:07.000,-1.8528172957554823,-0.8489798438593432,1.041834662673935
741174567.0,2023-06-27T21:49:27.000,-0.3023307456384572,-2.1607069572548987,0.46286015723540075
741174587.0,2023-06-27T21:49:47.000,-1.4264396163921056,-1.0043061756892513,-0.11332773696137721
741174607.0,2023-06-27T21:50:07.000,-1.1665329964327675,-1.4435278216096137,0.6367218364888849
741174627.0,2023-06-27T21:50:27.000,-0.56545804482111,-1.0885366250712458,1.9542436870079172
741174647.0,2023-06-27T21:50:47.000,-1.2071237776356547,-1.2021749361323941,0.9217569333808129
741174667.0,2023-06-27T21:51:07.000,0.9053573013950711,0.14211258060337073,0.9764362619124611
741174687.0,2023-06-27T21:51:27.000,-2.6094521330732867,-1.3416263346610613,-0.9079643834786211
741174707.0,2023-06-27T21:51:47.000,-0.5887190896114447,-0.39947993906164214,1.758981571864382
741174727.0,2023-06-27T21:52:07.000,-2.0547091287070884,-1.2138240488068774,-0.22564032036154202
741174747.0,2023-06-27T21:52:27.000,0.26351301620763934,-2.0456884052721946,1.3425768769392832
741174767.0,2023-06-27T21:52:47.000,-0.5252513868514441,-0.8111816839573294,0.7137058796291562
741174787.0,2023-06-27T21:53:07.000,-0.5298771906581123,-0.4968766244117795,0.14676215662756675
741174807.0,2023-06-27T21:53:27.000,-0.8683600673187186,-1.1893644572880113,1.3565242001689626
741174827.0,2023-06-27T21:53:47.000,-1.551532661714372,-1.745465599189977,1.0167792886317528
741174847.0,2023-06-27T21:54:07.000,-0.1686266156042393,-0.5361445938545373,1.36290914091175
741174867.0,2023-06-27T21:54:27.000,0.37651794825288576,-1.1761914341157365,1.5477910584871246
741174887.0,2023-06-27T21:54:47.000,-1.4663976167006432,-0.6150468602750259,0.4090330591899338
741174907.0,2023-06-27T21:55:07.000,-1.7369222182539445,-0.1982601201877543,-0.3807593861870906
741174927.0,2023-06-27T21:55:27.000,-0.3321161946123752,-0.46533354849387365,2.377258027264073
741174947.0,2023-06-27T21:55:47.000,-0.9071385386860698,-2.2701945851855143,0.5106784288444466
741174967.0,2023-06-27T21:56:07.000,-1.5744027905717495,-0.5942676019277116,1.706029452874791
741174987.0,2023-06-27T21:56:27.000,-1.3072405379177532,-1.0464288330847005,1.5589531486726038
741175007.0,2023-06-27T21:56:47.000,-1.1409464637068822,-0.862145848712359,2.6921482434327793
741175027.0,2023-06-27T21:57:07.000,-0.2605255659204886,-0.8579984676737595,0.36278414842216833
741175047.0,2023-06-27T21:57:27.000,0.8261668352105289,-2.4729018508917733,0.30550484622082763
741175067.0,2023-06-27T21:57:47.000,-1.5557299638535582,-1.0669833568677234,0.6521984426521854
741175087.0,2023-06-27T21:58:07.000,-0.9092540345312372,0.10147012909911268,0.7722649441266327
741175107.0,2023-06-27T21:58:27.000,-0.9423072888314898,-0.06833690676666393,0.16936287305924225
741175127.0,2023-06-27T21:58:47.000,-1.9888030550085922,-0.3423140407132763,-0.03610917141960712
741175147.0,2023-06-27T21:59:07.000,-0.8734318128755802,-1.724124519753012,0.7789723823981021
741175167.0,2023-06-27T21:59:27.000,-1.4520068770673689,-1.1680308618311486,-0.07765867499065493
741175187.0,2023-06-27T21:59:47.000,-1.9509312146448465,-1.7437933455877186,0.6534663344437419
741175207.0,2023-06-27T22:00:07.000,-0.9958591805858674,-0.6796763053706911,0.3874449551521941
741175227.0,2023-06-27T22:00:27.000,0.17675882171275248,0.09863188455971894,0.259628125198752
741175247.0,2023-06-27T22:00:47.000,-1.4434896543735753,-2.476412534435646,0.17629407247365947
741175267.0,2023-06-27T22:01:07.000,-1.292983097189726,0.6904165837373633,0.7130279434552911
741175287.0,2023-06-27T22:01:27.000,-1.0844950213861893,-1.8971554496038934,0.8067041635695382
741175307.0,2023-06-27T22:01:47.000,-0.945565213927857,-1.1766983331717995,1.0382269466480132
741175327.0,2023-06-27T22:02:07.000,-0.7803899908287448,-3.4016279362947266,-0.7354497070011234
741175347.0,2023-06-27T22:02:27.000,-0.6079584686680128,-1.2077904608109868,-0.45332771256845206
741175367.0,2023-06-27T22:02:47.000,-0.3849288648494209,-0.7734691037319941,-0.43238255775790435
741175387.0,2023-06-27T22:03:07.000,-1.0767962913327267,-1.8926144072284323,0.6262403981049935
741175407.0,2023-06-27T22:03:27.000,-2.5345511235119744,0.23558339389273542,0.6224370101004517
741175427.0,2023-06-27T22:03:47.000,0.27581724817427045,-0.9937781277225,0.7007873348618965
741175447.0,2023-06-27T22:04:07.000,-0.31728400833319625,0.22124756430264014,0.5179991132031603
741175467.0,2023-06-27T22:04:27.000,-1.2627786345253966,-0.9906151038796551,0.7847527741300375
741175487.0,2023-06-27T22:04:47.000,-2.920466922962106,-0.6526425501696131,0.5845207908694583
741175507.0,2023-06-27T22:05:07.000,-1.2820308125771618,0.3778726483050221,1.4978162950596285
741175527.0,2023-06-27T22:05:27.000,-1.376268832531391,-1.5865164865513925,0.5863545428530514
741175547.0,2023-06-27T22:05:47.000,0.7772297385355564,-2.108241511600273,1.3529312725468756
741175567.0,2023-06-27T22:06:07.000,-1.5077658874429467,0.09391782714862629,1.2275145116036335
741175587.0,2023-06-27T22:06:27.000,-1.7926983901350724,-1.2741812741912106,0.6396422339127739
741175607.0,2023-06-27T22:06:47.000,-1.0865690530659222,-1.5227817306118219,1.0993147680160575
741175627.0,2023-06-27T22:07:07.000,-2.2400917012332933,-1.700843880603209,0.1320751058853098
741175647.0,2023-06-27T22:07:27.000,-1.9177296022854229,-1.6979258825933208,0.9925324778392586
741175667.0,2023-06-27T22:07:47.000,-1.6606071872260486,-0.27164527317546927,1.2117988318793849
741175687.0,2023-06-27T22:08:07.000,-0.8190584012690572,-0.5424915901497407,0.7299311029274058
741175707.0,2023-06-27T22:08:27.000,-0.20138670417946258,0.31531092457015575,0.001348538147816214
741175727.0,2023-06-27T22:08:47.000,-0.7728146594665475,0.048005737718348485,2.4974548134881758
741175747.0,2023-06-27T22:09:07.000,-1.0408677268092248,-1.71477226911243,0.5127382484593213
741175767.0,2023-06-27T22:09:27.000,-0.3399179210439307,-0.0036446170414983214,0.7150200659222783
741175787.0,2023-06-27T22:09:47.000,-1.8874598346263483,-0.08625649944304925,1.312188648872059
741175807.0,2023-06-27T22:10:07.000,-1.0165808178586033,-0.41244471328250043,1.1836412990406942
741175827.0,2023-06-27T22:10:27.000,-2.0254198053404338,-0.33768825649094225,1.1836615434468456
741175847.0,2023-06-27T22:10:47.000,-2.2632503480668476,-0.6552460838582519,0.1995398421827943
741175867.0,2023-06-27T22:11:07.000,-1.3120871666827405,-1.0199668188715094,0.2789853679074916
741175887.0,2023-06-27T22:11:27.000,-0.10556419371976489,0.09571379758765985,1.3471509078932797
741175907.0,2023-06-27T22:11:47.000,-0.5528661551901237,-0.3525496298895092,0.1877085940682477
741175927.0,2023-06-27T22:12:07.000,-1.6668186490709225,-0.34676377173026296,0.8878786649901826
741175947.0,2023-06-27T22:12:27.000,-2.152792504195311,-1.7831189365713485,1.9785335161559559
741175967.0,2023-06-27T22:12:47.000,-1.8775453386687957,-1.0385887486030754,1.0711549185971059
741175987.0,2023-06-27T22:13:07.000,-0.3871701792834692,-1.5061100945734651,1.2081571325706086
741176007.0,2023-06-27T22:13:27.000,-1.4373869335115863,-1.1412450698800036,0.6981532675642832
741176027.0,2023-06-27T22:13:47.000,-2.404176370851552,-1.0682148076757159,0.2916496525617873
741176047.0,2023-06-27T22:14:07.000,-0.12206280386450885,-0.8583373979242914,0.578743218215827
741176067.0,2023-06-27T22:14:27.000,-1.7968639030363498,0.013211129357149076,1.1432069649930376
741176087.0,2023-06-27T22:14:47.000,-1.5563587111744326,-0.5590032075564189,1.3563883084377615
741176107.0,2023-06-27T22:15:07.000,-0.5674927495258331,-0.29116725224209716,-0.03056761020969745
741176127.0,2023-06-27T22:15:27.000,-0.05976490842218851,0.46535970044114805,1.6494973284264525
741176147.0,2023-06-27T22:15:47.000,-1.8623238803083808,-0.8684387073132349,0.8347500696004317
741176167.0,2023-06-27T22:16:07.000,-2.064509061039388,-3.040142048538197,1.8985340173638399
741176187.0,2023-06-27T22:16:27.000,-1.1235872778514455,-0.9450953253664629,0.6605105050572213
741176207.0,2023-06-27T22:16:47.000,-0.423661774429096,-1.1403136697230032,-0.6530981656815982
741176227.0,2023-06-27T22:17:07.000,-0.780834723379531,-1.3914577947859996,-0.8632818245923879
741176247.0,2023-06-27T22:17:27.000,-1.686841317827259,1.5476438865791309,1.2716534184664674
741176267.0,2023-06-27T22:17:47.000,-0.08476965609460763,-0.10039523519189686,-0.4627419280089917
741176287.0,2023-06-27T22:18:07.000,-1.9187946067367179,-1.1535556565300809,-0.5204819674586858
741176307.0,2023-06-27T22:18:27.000,-1.7715558905173623,-0.19266522527372487,1.4788164229173617
741176327.0,2023-06-27T22:18:47.000,-1.2639960683458185,-1.890887036681832,0.45067934117959396
741176347.0,2023-06-27T22:19:07.000,-1.3209977613781732,-1.3685086088344178,0.623091108908902
741176367.0,2023-06-27T22:19:27.000,-0.4491367692427417,-0.7052366320259296,1.2800477727115123
741176387.0,2023-06-27T22:19:47.000,-1.880517231667156,-1.3962087467511708,1.1663220013446995
741176407.0,2023-06-27T22:20:07.000,-1.0550653113838848,-2.3696098947367794,-0.42403800800672187
741176427.0,2023-06-27T22:20:27.000,-1.0343154392633558,-0.5709717177393436,1.71675167984775
741176447.0,2023-06-27T22:20:47.000,-0.8947401412107148,0.5241887576334925,0.8114934270886387
741176467.0,2023-06-27T22:21:07.000,-1.0181448116930447,-1.6884840857489536,0.9443371756567842
741176487.0,2023-06-27T22:21:27.000,-1.4497103569932612,-1.1796096695437797,0.40517921451321826
741176507.0,2023-06-27T22:21:47.000,-1.1894159725800435,-1.346659091738811,0.7502730169473004
741176527.0,2023-06-27T22:22:07.000,-2.1135033406061154,-0.7437343952032549,2.34992790250077
741176547.0,2023-06-27T22:22:27.000,-1.1351084078015106,-0.7655159468655803,-0.09175867932142978
741176567.0,2023-06-27T22:22:47.000,-2.2170567718693412,-1.164028377453885,2.453172966165873
741176587.0,2023-06-27T22:23:07.000,-1.2106103090325782,-0.11357483270524327,1.256004925964671
741176607.0,2023-06-27T22:23:27.000,-1.2408409663433595,0.509323969632991,1.468115295599759
741176627.0,2023-06-27T22:23:47.000,-0.9591448193346785,-0.5908339126614592,1.8195647353502764
741176647.0,2023-06-27T22:24:07.000,-2.172512179321462,0.05363350756848462,0.688048181729517
741176667.0,2023-06-27T22:24:27.000,0.10082660633070617,-0.8165836341111898,0.25904260373410537
741176687.0,2023-06-27T22:24:47.000,-1.672200723190631,-1.216290087047156,0.9742421157810099
741176707.0,2023-06-27T22:25:07.000,-1.1849663839491598,-0.09089811976448203,0.25449495267837463
741176727.0,2023-06-27T22:25:27.000,-0.8072234209732798,-0.5584361835286877,-1.0537122155152012
741176747.0,2023-06-27T22:25:47.000,-2.8278651944102506,-1.829300489286645,1.4856198539692222
741176767.0,2023-06-27T22:26:07.000,-0.30953846409387253,1.0826364038263314,-0.01166196279545062
741176787.0,2023-06-27T22:26:27.000,-1.8883079225262556,-0.574538144926251,0.9533901949576595
741176807.0,2023-06-27T22:26:47.000,-1.0932888926173945,-0.3830325096765286,1.4455981258709727
741176827.0,2023-06-27T22:27:07.000,-1.1223095972900943,0.2162509027181514,0.9788787404318988
741176847.0,2023-06-27T22:27:27.000,-1.6891933499629808,0.3988885534877973,0.5783858071484183
741176867.0,2023-06-27T22:27:47.000,-1.094280995983521,-1.0710840805283617,1.33189403606071
741176887.0,2023-06-27T22:28:07.000,-1.9565857076186965,0.0741483579536073,-0.024753277128031215
741176907.0,2023-06-27T22:28:27.000,-1.459466591213765,-1.2315113138927636,0.02594400151378906
741176927.0,2023-06-27T22:28:47.000,-1.7068745722492729,-1.0983643422113332,1.1906058881128168
741176947.0,2023-06-27T22:29:07.000,-1.3326197312646393,0.48464953253946064,2.066329803063205
741176967.0,2023-06-27T22:29:27.000,-0.8038700176848934,-1.2178918391447802,-0.06652231009374177
741176987.0,2023-06-27T22:29:47.000,-1.4598803767196245,-0.4145747146577783,0.3833801788366564
741177007.0,2023-06-27T22:30:07.000,-1.153613493032335,-1.0810498756508302,-0.31097756519882225
741177027.0,2023-06-27T22:30:27.000,-0.36714436627560687,-0.5312440443216992,0.1677954768797285
741177047.0,2023-06-27T22:30:47.000,-1.8929801439027116,-0.27690253233680906,0.8292122654185441
741177067.0,2023-06-27T22:31:07.000,-1.4560596108492696,-0.8906723246937531,0.32808462783195935
741177087.0,2023-06-27T22:31:27.000,-1.2152338908499871,-0.9620651757913379,0.7790481030944818
741177107.0,2023-06-27T22:31:47.000,-2.3185409389392397,0.6270616629278081,0.9103804563204143
741177127.0,2023-06-27T22:32:07.000,-1.883811996128415,-1.0771725680758237,-0.367133224621341
741177147.0,2023-06-27T22:32:27.000,-1.293623095077745,-0.41785448384734636,1.491861713698306
741177167.0,2023-06-27T22:32:47.000,-1.258222211486526,-0.5977194914019712,-0.03798607155491851
741177187.0,2023-06-27T22:33:07.000,-1.4210204987041841,0.9662551107902928,1.040769530391561
741177207.0,2023-06-27T22:33:27.000,-1.3368647903022612,-0.6885171587533989,0.9136141140619891
741177227.0,2023-06-27T22:33:47.000,-2.0470975687914006,-2.104972161676155,-0.2967641974160884
741177247.0,2023-06-27T22:34:07.000,-0.7819316230506246,0.2480530519655133,1.5551882151410013
741177267.0,2023-06-27T22:34:27.000,-0.8940541593727147,-1.0935649871646191,1.6554903620624728
741177287.0,2023-06-27T22:34:47.000,-0.44241239208764327,-0.3139998875245631,0.048128754648324445
741177307.0,2023-06-27T22:35:07.000,-2.3763326889914005,0.10300425419274006,-0.26494348934757994
741177327.0,2023-06-27T22:35:27.000,-0.8043541814273247,0.057951073573203615,-0.25403495527154263
741177347.0,2023-06-27T22:35:47.000,-1.8063449377270224,0.1571206927231117,1.7516043511967005
741177367.0,2023-06-27T22:36:07.000,-1.131049619562674,-0.7046699193158368,1.1077473086151812
741177387.0,2023-06-27T22:36:27.000,-3.1615902262860374,0.29838739562526584,-0.605372886020028
741177407.0,2023-06-27T22:36:47.000,-2.3066625281509268,0.31915466006671167,0.40246433875568144
741177427.0,2023-06-27T22:37:07.000,-0.36142922418269663,0.0557999013994781,-0.38275947255028697
741177447.0,2023-06-27T22:37:27.000,-1.6388263736732966,-0.16391250680092284,1.859907578982689
741177467.0,2023-06-27T22:37:47.000,-1.9956134310383788,1.211889563534907,0.27851456514405015
741177487.0,2023-06-27T22:38:07.000,-2.0747756540151485,-0.8743398466237728,-0.2184937232474482
741177507.0,2023-06-27T22:38:27.000,-2.1377838161695806,-1.4898929518447623,-0.8804708299448016
741177527.0,2023-06-27T22:38:47.000,-0.9774220283476076,-0.2167627127125371,0.4676072249076846
741177547.0,2023-06-27T22:39:07.000,0.27351667567510063,0.6520279332122847,0.5284970062580108
741177567.0,2023-06-27T22:39:27.000,-2.688738175804506,-0.7325565134830292,1.2015616460137046
741177587.0,2023-06-27T22:39:47.000,-1.5404955637121631,-0.35113603494840717,0.6088774314072509
741177607.0,2023-06-27T22:40:07.000,-1.4411992783847083,-0.8708520777833684,1.184232314144218
741177627.0,2023-06-27T22:40:27.000,-2.4209924921470005,-0.1215563209089332,-0.5027241860799947
741177647.0,2023-06-27T22:40:47.000,-3.082572733970057,-0.683879507423768,1.010636429277234
741177667.0,2023-06-27T22:41:07.000,-1.8278784178260565,-0.19555137692472968,1.333536534064983
741177687.0,2023-06-27T22:41:27.000,-1.6692979874721736,0.26559208409215884,-0.2676608611418274
741177707.0,2023-06-27T22:41:47.000,-1.962139808830976,0.544132477275916,0.7265103192044542
741177727.0,2023-06-27T22:42:07.000,-1.866593753596657,1.167511933330978,1.3458885320893899
741177747.0,2023-06-27T22:42:27.000,-0.2872397682374128,-0.23862923590467489,-0.11125481759188816
741177767.0,2023-06-27T22:42:47.000,-0.3942497911801901,0.5562350047894071,1.8820140611941483
741177787.0,2023-06-27T22:43:07.000,-1.5680278066643183,0.2961976770521346,-0.8237704683722313
741177807.0,2023-06-27T22:43:27.000,0.15002925575213766,0.12930337577321538,0.8041337221431633
741177827.0,2023-06-27T22:43:47.000,-1.7527970026409712,0.33951276819932374,0.22987426568921165
741177847.0,2023-06-27T22:44:07.000,-2.114179889589618,0.26732639535342884,-0.20800785094365892
741177867.0,2023-06-27T22:44:27.000,-0.217285785164556,-1.7040556873570978,-0.5421194671839658
741177887.0,2023-06-27T22:44:47.000,-1.8936542503067422,0.2705282848070034,-0.461938711815435
741177907.0,2023-06-27T22:45:07.000,-2.0322926994609247,0.7696277719126954,1.053294402730831
741177927.0,2023-06-27T22:45:27.000,-1.5632101989182523,0.49376253935529135,0.501068781466607
741177947.0,2023-06-27T22:45:47.000,-0.3785535166334064,0.9838175826004658,-0.43306190999903293
741177967.0,2023-06-27T22:46:07.000,-1.4960678497044633,-1.7734462781970883,-1.0032252688918497
741177987.0,2023-06-27T22:46:27.000,-1.6013747813792278,-0.8324791811564758,-0.28309197832587785
741178007.0,2023-06-27T22:46:47.000,-0.8748325813434654,0.08209129149783223,0.7743402131166199
741178027.0,2023-06-27T22:47:07.000,-0.9957177441566323,-1.2273438266374725,0.07864456942341391
741178047.0,2023-06-27T22:47:27.000,-1.1390485736617606,-0.7110770387175336,0.3311912298742392
741178067.0,2023-06-27T22:47:47.000,-1.5456430067839477,0.426901537853297,-0.4458792331352157
741178087.0,2023-06-27T22:48:07.000,-1.3906619954262567,-0.5889085097909863,0.5986526162460315
741178107.0,2023-06-27T22:48:27.000,-1.708429830971081,-0.08027594975423824,0.4202396327590563
741178127.0,2023-06-27T22:48:47.000,-2.874034258948388,-0.14761891862224985,0.670136274638633
741178147.0,2023-06-27T22:49:07.000,-0.915087758068811,-0.18266572844316542,-0.9557153204498015
741178167.0,2023-06-27T22:49:27.000,-2.5950528022788966,-1.2483795652551422,0.7448408105958926
741178187.0,2023-06-27T22:49:47.000,-0.5172892356131165,-0.8171485960883906,0.007438209082000213
741178207.0,2023-06-27T22:50:07.000,-0.8810724200558617,-0.13387103146023094,1.5685807127518991
741178227.0,2023-06-27T22:50:27.000,-1.927102488086252,-0.24997977131624438,1.043415539969672
741178247.0,2023-06-27T22:50:47.000,-2.5315675687753725,-0.29977098603417573,1.4296644603506437
741178267.0,2023-06-27T22:51:07.000,-0.5389326599991584,-0.23589644038146673,0.5670779890332156
741178287.0,2023-06-27T22:51:27.000,-2.4386329280923214,0.9473035815776853,-0.7022004292367434
741178307.0,2023-06-27T22:51:47.000,-1.0620078625844798,0.7997823339933596,0.042360163576837806
741178327.0,2023-06-27T22:52:07.000,-0.9569233842321445,1.4139512255040287,-0.10279184963213339
741178347.0,2023-06-27T22:52:27.000,-1.2192443960112875,0.5955951920988412,0.09896000199294264
741178367.0,2023-06-27T22:52:47.000,-3.1422325167507204,0.9741424968678913,0.4890687480330058
741178387.0,2023-06-27T22:53:07.000,-1.5932496111425998,-0.2173546027495199,1.352871289794777
741178407.0,2023-06-27T22:53:27.000,-1.4951498703119626,1.1667886103960967,1.7057588953650615
741178427.0,2023-06-27T22:53:47.000,-1.959689148023358,0.2747482393261613,1.0611986448250121
741178447.0,2023-06-27T22:54:07.000,-2.118420226204787,0.4314511259928544,-0.11082179743882037
741178467.0,2023-06-27T22:54:27.000,-0.09634175600625738,0.8111964133417082,-1.2842246034261429
741178487.0,2023-06-27T22:54:47.000,-1.6534756922315097,0.6778320281064509,-0.23334473303604497
741178507.0,2023-06-27T22:55:07.000,-1.6461906264142456,0.011640028774184685,1.2385720036589554
741178527.0,2023-06-27T22:55:27.000,-1.584469902515817,-0.4545221042540071,-0.426313417467572
741178547.0,2023-06-27T22:55:47.000,-1.4417824772072763,-0.7005015545624715,0.011682568312743058
741178567.0,2023-06-27T22:56:07.000,-2.2372994822106307,-0.5923373538996302,1.2054253165305617
741178587.0,2023-06-27T22:56:27.000,-1.7529702226459776,1.0198573175634884,-0.12591308056197903
741178607.0,2023-06-27T22:56:47.000,-2.0709028131671303,-0.5202919195479438,0.6783569869828199
741178627.0,2023-06-27T22:57:07.000,-0.9691948035128739,0.06615862730985356,-0.4761881760573239
741178647.0,2023-06-27T22:57:27.000,-1.7195197475561308,1.173679462085353,0.13198139314773982
741178667.0,2023-06-27T22:57:47.000,-0.6321797076158653,-0.8182530448874736,-0.748664929350884
741178687.0,2023-06-27T22:58:07.000,-0.8145314311702734,-0.33495313712661456,0.5754388292200652
741178707.0,2023-06-27T22:58:27.000,-1.2263368939335884,-0.20312131140398648,-0.2797365228124349
741178727.0,2023-06-27T22:58:47.000,-0.623864495630233,0.08728524203416299,0.08139866587431044
741178747.0,2023-06-27T22:59:07.000,-2.5171767186304983,0.31967886864325834,-0.18937116641470908
741178767.0,2023-06-27T22:59:27.000,-0.7543694686917846,-0.4575350121105437,-0.6591141178180493
741178787.0,2023-06-27T22:59:47.000,-1.161374589198072,1.1723711912603463,1.1755090897680454
741178807.0,2023-06-27T23:00:07.000,-1.404723313536138,-0.9983084115705587,-0.33399572331171967
741178827.0,2023-06-27T23:00:27.000,-2.2674774111663965,-0.03363506553277773,-0.19945540445931442
741178847.0,2023-06-27T23:00:47.000,-1.6329077165422312,1.0987033766451937,1.738216035007678
741178867.0,2023-06-27T23:01:07.000,-2.1589023801338314,-0.20194045748933576,0.6967776183031127
741178887.0,2023-06-27T23:01:27.000,-1.353319186081503,0.568595113092929,-0.9680994443095337
741178907.0,2023-06-27T23:01:47.000,-0.007953162262097635,-1.1792621366746303,-0.62692978325396
741178927.0,2023-06-27T23:02:07.000,-0.9894908151841797,-0.20153184947524494,0.2664431981380666
741178947.0,2023-06-27T23:02:27.000,-1.538724998217944,0.8945979665053727,0.31399524587083505
741178967.0,2023-06-27T23:02:47.000,-1.172114791225809,1.1197605470192329,-0.5545688183339337
741178987.0,2023-06-27T23:03:07.000,-1.7400968040481857,0.930930650466788,0.40267648632186237
741179007.0,2023-06-27T23:03:27.000,-0.9079707924186664,0.6811225666147891,-0.5252863203408786
741179027.0,2023-06-27T23:03:47.000,-1.53500680140084,0.09026235971987262,0.2241698648708379
741179047.0,2023-06-27T23:04:07.000,-1.0949697443418671,-0.0253854391174535,-0.5390635739455085
741179067.0,2023-06-27T23:04:27.000,-2.1371148094195824,0.2707013544989145,-0.3938196924568871
741179087.0,2023-06-27T23:04:47.000,-1.436809442489917,0.20266980577110516,0.6950462583477091
741179107.0,2023-06-27T23:05:07.000,-2.2358188101923027,-0.5235955646054613,-0.35625833499919324
741179127.0,2023-06-27T23:05:27.000,-2.0819629531709793,0.48386018874913006,0.16275139309573916
741179147.0,2023-06-27T23:05:47.000,-0.7842154243320465,0.986607780073534,-0.0018683614988468378
741179167.0,2023-06-27T23:06:07.000,-1.2847895614398475,1.2779938849849515,-0.6543077519460816
741179187.0,2023-06-27T23:06:27.000,-2.1976822280000974,0.33097767017098434,0.3112482462430677
741179207.0,2023-06-27T23:06:47.000,-0.5991540818484076,-0.029701860104758282,-0.34988716643979956
741179227.0,2023-06-27T23:07:07.000,0.17689533384768197,1.1948676183148876,-1.5717573023432685
741179247.0,2023-06-27T23:07:27.000,-2.0832173843299273,0.6529434869451123,0.17637134436254698
741179267.0,2023-06-27T23:07:47.000,-1.195565552392086,1.582131522925856,-0.2944542728311461
741179287.0,2023-06-27T23:08:07.000,-2.235646729209506,0.21227531219469853,0.22633990705012152
741179307.0,2023-06-27T23:08:27.000,-0.7043257530869873,-0.7712548831584343,0.8937422380173032
741179327.0,2023-06-27T23:08:47.000,-1.9311449410586157,0.39375607987501837,-1.0006025656039697
741179347.0,2023-06-27T23:09:07.000,-0.7522681770844031,-0.6743081619742242,-0.8063611658726266
741179367.0,2023-06-27T23:09:27.000,-0.847364298728337,0.7347603148910586,-0.20301639009900896
741179387.0,2023-06-27T23:09:47.000,-0.9748807773379831,0.12242445107668587,-0.8038993179804166
741179407.0,2023-06-27T23:10:07.000,-0.2946224102351458,1.290381653729078,-0.6697688306300797
741179427.0,2023-06-27T23:10:27.000,-1.0144983963900067,1.3513235855633354,0.08478072094364464
741179447.0,2023-06-27T23:10:47.000,-0.6457962297257147,0.5375913585292658,-0.24151922498605316
741179467.0,2023-06-27T23:11:07.000,-2.483459539781574,-0.17965872229908086,-0.8915475063209222
741179487.0,2023-06-27T23:11:27.000,-1.4279793346116954,0.28681255866969124,0.536507876158776
741179507.0,2023-06-27T23:11:47.000,-2.149190391487199,1.7810883130353616,0.7046139935185103
741179527.0,2023-06-27T23:12:07.000,-1.5334568531977233,1.1624511493391054,-0.6183724425179449
741179547.0,2023-06-27T23:12:27.000,-1.078339393245642,0.8443014746672972,-0.18632204845658862
741179567.0,2023-06-27T23:12:47.000,-2.0981199357561486,-0.09933035124420897,0.637520486368448
741179587.0,2023-06-27T23:13:07.000,-1.122577918855061,0.28460536950492,0.6170129646543288
741179607.0,2023-06-27T23:13:27.000,-2.1458802793028475,1.2406580950918844,-0.21061381625386844
741179627.0,2023-06-27T23:13:47.000,-2.9346968751453595,0.5483661050242894,1.4232196169916556
741179647.0,2023-06-27T23:14:07.000,-1.1641799392503316,0.42007424285728234,0.34630844198968447
741179667.0,2023-06-27T23:14:27.000,-0.1337756527552969,1.4545911021013325,-0.06576912078282149
741179687.0,2023-06-27T23:14:47.000,-0.6317840155367627,0.9623633937083653,-0.12844028757230674
741179707.0,2023-06-27T23:15:07.000,-0.7612168963500032,1.5861116602788883,0.1423073889394999
741179727.0,2023-06-27T23:15:27.000,-1.4791854144879935,0.9689279881763824,0.4041667108989344
741179747.0,2023-06-27T23:15:47.000,-1.2670618406818157,1.2153551844584776,-0.21295305575597112
741179767.0,2023-06-27T23:16:07.000,-0.9463858516522983,0.9899214002850876,0.8622330294083547
741179787.0,2023-06-27T23:16:27.000,-0.1836669231702892,-0.9490756246566256,-1.353612810206517
741179807.0,2023-06-27T23:16:47.000,-1.6899922057778127,-1.6183532112079568,-0.09293693764567124
741179827.0,2023-06-27T23:17:07.000,-0.8957311014246017,-0.14821080749349846,0.09451918214775645
741179847.0,2023-06-27T23:17:27.000,-1.5476916140011454,1.7148355251794811,1.3337115213563067
741179867.0,2023-06-27T23:17:47.000,-1.1911280186183149,-0.29117954567503546,-1.7540051761355535
741179887.0,2023-06-27T23:18:07.000,-1.2621061071249606,0.3093422242028687,-1.6556613093188233
741179907.0,2023-06-27T23:18:27.000,-1.0551673637171355,1.3940520331767736,-0.37950960354304897
741179927.0,2023-06-27T23:18:47.000,-1.7668283415317454,1.1418200009161161,1.1998758510434193
741179947.0,2023-06-27T23:19:07.000,-1.5392241522693695,0.5568518805065814,-0.2506718549399878
741179967.0,2023-06-27T23:19:27.000,-0.714260881840012,0.8714348119442938,-1.0142285614023194
741179987.0,2023-06-27T23:19:47.000,-0.7635141103357057,0.6366812250413467,-0.16539092672074318
741180007.0,2023-06-27T23:20:07.000,-0.9381900643035124,1.113648384942767,0.017292062148843712
741180027.0,2023-06-27T23:20:27.000,-1.4319810393792487,-0.819616365810294,-0.7913895599842569
741180047.0,2023-06-27T23:20:47.000,-2.497882103225102,-0.3806840403908218,-0.5120156047477842
741180067.0,2023-06-27T23:21:07.000,-0.31599837856388646,0.2990509132994035,0.20562971505544425
741180087.0,2023-06-27T23:21:27.000,-0.02253802571239305,0.3066458056810717,-0.27131719650963504
741180107.0,2023-06-27T23:21:47.000,-1.6876905241325346,0.33330501139072766,-0.721387635660431
741180127.0,2023-06-27T23:22:07.000,-0.810318377530983,-1.0111595338702095,-1.5249841492592786
741180147.0,2023-06-27T23:22:27.000,-1.6328199505810659,-0.20606298360981157,-0.9841765876594799
741180167.0,2023-06-27T23:22:47.000,-0.28674090851721346,1.2144833636429375,-0.1909350950679567
741180187.0,2023-06-27T23:23:07.000,-1.65060795438432,1.167084881703584,-0.6724678427105779
741180207.0,2023-06-27T23:23:27.000,-0.7282264494756774,0.7512427291578305,0.6085532711419539
741180227.0,2023-06-27T23:23:47.000,-0.48979278149952066,1.0790068070698489,-1.0289901692051018
741180247.0,2023-06-27T23:24:07.000,-0.4566958090035378,-0.5088630252503279,-0.038636271115777276
741180267.0,2023-06-27T23:24:27.000,-0.11276207774191249,1.0497842086620857,-1.1131138535569463
741180287.0,2023-06-27T23:24:47.000,-1.004254560244,1.6354617017655393,-0.2743155038120726
741180307.0,2023-06-27T23:25:07.000,-1.3536085495147177,-1.0665312216717737,-0.5039041301890812
741180327.0,2023-06-27T23:25:27.000,-1.3667529548455626,0.337586351872865,0.2586486337441407
741180347.0,2023-06-27T23:25:47.000,0.2515086171994696,-0.024459221181771795,0.03850939660487995
741180367.0,2023-06-27T23:26:07.000,-0.45032957269874885,1.0866348506666235,0.14628617210910022
741180387.0,2023-06-27T23:26:27.000,-0.10090235846860196,-0.35079593703191136,-0.09291834018876344
741180407.0,2023-06-27T23:26:47.000,-1.0755527888317573,1.0115203036842324,-1.1543146353099054
741180427.0,2023-06-27T23:27:07.000,-0.9362288581060696,0.8732539093170288,-1.3235723286708634
741180447.0,2023-06-27T23:27:27.000,-0.3813165612598368,0.8583894976821327,-1.1005718769996342
741180467.0,2023-06-27T23:27:47.000,-1.4295085066340363,0.3099851331289649,0.4362677633817924
741180487.0,2023-06-27T23:28:07.000,-2.0793929732088046,1.186833431932044,-1.3461083619770164
741180507.0,2023-06-27T23:28:27.000,-0.6500833714673249,1.24725722283614,-0.74323462840864
741180527.0,2023-06-27T23:28:47.000,-0.3714645489538704,0.6955904312877514,-0.17669254499530496
741180547.0,2023-06-27T23:29:07.000,0.2699800523475737,1.2410844180688052,0.05992208799154852
741180567.0,2023-06-27T23:29:27.000,-2.7817492337933736,0.7418281009141658,-1.3683586614465781
741180587.0,2023-06-27T23:29:47.000,-2.36940238416139,-0.49924427268921434,-0.4233085135418868
741180607.0,2023-06-27T23:30:07.000,-0.9483724463077436,1.0739011513050123,-1.2220493076808836
741180627.0,2023-06-27T23:30:27.000,-1.4366663286358161,1.2937256349876414,0.7110526942577522
741180647.0,2023-06-27T23:30:47.000,-0.6522041376966214,2.024341669726315,-1.0399953189299538
741180667.0,2023-06-27T23:31:07.000,-1.5003592267248678,0.8352313564108371,0.6869562845235322
741180687.0,2023-06-27T23:31:27.000,-0.524278531055522,-0.6314658971051657,0.6079184117435688
741180707.0,2023-06-27T23:31:47.000,-0.8042650513906402,0.10464706737822738,-0.4184337946466776
741180727.0,2023-06-27T23:32:07.000,-0.9268235788173484,1.2920733103105597,-0.4581841150486099
741180747.0,2023-06-27T23:32:27.000,-0.4037483984808965,2.3194617950639262,-1.06697703838865
741180767.0,2023-06-27T23:32:47.000,-1.108625895551718,0.6221002914141849,-0.17416838108408328
741180787.0,2023-06-27T23:33:07.000,-1.3981543564911547,0.09136398431142112,-0.9226363516856573
741180807.0,2023-06-27T23:33:27.000,-1.3319263720945607,0.3047020026958336,-0.748115596904686
741180827.0,2023-06-27T23:33:47.000,-1.823866859607115,1.3072313087003629,1.1596351871423494
741180847.0,2023-06-27T23:34:07.000,-1.3400930055973426,-0.37950778739581637,0.14659855442911152
741180867.0,2023-06-27T23:34:27.000,-1.1418988313249834,-0.6205309197149234,-0.050379816785017795
741180887.0,2023-06-27T23:34:47.000,-0.5173299774230422,1.4455908950550267,-0.14301863623389366
741180907.0,2023-06-27T23:35:07.000,0.253207836231617,0.5725210465712394,-0.5543905885363465
741180927.0,2023-06-27T23:35:27.000,-0.5353115097861405,0.7805820806061625,-0.8710598020544857
741180947.0,2023-06-27T23:35:47.000,-1.4866359781873228,0.1501841906836887,-0.9419152634193573
741180967.0,2023-06-27T23:36:07.000,-2.03756728452964,1.0708833905304083,-0.5215442684058935
741180987.0,2023-06-27T23:36:27.000,-0.4510441666827347,1.274241140869492,-0.8801799365354412
741181007.0,2023-06-27T23:36:47.000,-1.14342295625125,0.8563400223260409,0.10387233579933763
741181027.0,2023-06-27T23:37:07.000,0.11490992317675364,2.067226114421672,-1.3332524573694826
741181047.0,2023-06-27T23:37:27.000,-1.147933579859206,-0.2749465141227425,-0.9304667333953631
741181067.0,2023-06-27T23:37:47.000,-1.0676494891503907,0.4054461331004511,-2.521555844592349
741181087.0,2023-06-27T23:38:07.000,-1.9322286444189984,1.7633602352296052,-0.5612257053089209
741181107.0,2023-06-27T23:38:27.000,-2.2207985557520793,0.9624357696136343,0.052835976993570455
741181127.0,2023-06-27T23:38:47.000,-1.3525491804888823,1.0618330166467516,0.39222626906365576
741181147.0,2023-06-27T23:39:07.000,-0.0565505879457362,1.5505009898331146,0.4347597799769787
741181167.0,2023-06-27T23:39:27.000,-0.6385766015637451,-0.4611413654598273,-1.0818250400834728
741181187.0,2023-06-27T23:39:47.000,-0.3710313497440332,1.186233799954639,-1.5153609445262006
741181207.0,2023-06-27T23:40:07.000,-0.12371888773454742,-0.6479927763702875,-0.16055820006855015
741181227.0,2023-06-27T23:40:27.000,-1.0012109613710685,0.45756197527557774,-0.5774858411466965
741181247.0,2023-06-27T23:40:47.000,-0.8771014405439814,0.5261775377740641,0.2982512910976176
741181267.0,2023-06-27T23:41:07.000,-0.7124206554021129,0.35935825118960096,-1.0567002536987502
741181287.0,2023-06-27T23:41:27.000,-0.9883443947256154,1.1746493394970692,-0.4713374884057764
741181307.0,2023-06-27T23:41:47.000,-0.43571819905441345,0.8758384995921631,-1.2845038839581768
741181327.0,2023-06-27T23:42:07.000,-1.200551586577614,-0.21015715327976636,-1.348160439551549
741181347.0,2023-06-27T23:42:27.000,-2.3836159459555972,0.8561792995909201,-1.0820403219091723
741181367.0,2023-06-27T23:42:47.000,-0.7210652417821706,0.4817667101586487,-0.7346871688684864
741181387.0,2023-06-27T23:43:07.000,-1.3111619083794324,-0.16502305135723816,-0.14128733093476953
741181407.0,2023-06-27T23:43:27.000,-1.2746202698310505,0.923079269787852,0.05196376818838999
741181427.0,2023-06-27T23:43:47.000,-1.549290758584565,2.388352886295575,-0.7287448546278164
741181447.0,2023-06-27T23:44:07.000,0.5760417350453295,0.5788757671210121,-0.2897861517747735
741181467.0,2023-06-27T23:44:27.000,-0.7847904978208753,0.30104194550517605,-0.6802957943974342
741181487.0,2023-06-27T23:44:47.000,-1.6479333786234562,0.5447051593776564,-0.04706201754967054
741181507.0,2023-06-27T23:45:07.000,0.13555929382347287,0.7398555539883667,-1.3951073057461016
741181527.0,2023-06-27T23:45:27.000,-0.6835105408997677,0.5105845718222923,-0.37504319503334216
741181547.0,2023-06-27T23:45:47.000,-1.2733448710111617,0.07763979619213046,-1.0628584261707097
741181567.0,2023-06-27T23:46:07.000,-1.1349354587464333,1.272107486949281,0.2142224034828999
741181587.0,2023-06-27T23:46:27.000,-1.4693150564570878,1.6345931848738005,-0.5628229730936241
741181607.0,2023-06-27T23:46:47.000,-1.2614823294954114,0.8417026365559188,-0.32677772967559804
741181627.0,2023-06-27T23:47:07.000,-1.5879279055996953,0.49760058157266585,-0.6579070354839622
741181647.0,2023-06-27T23:47:27.000,-1.5405371385224242,0.3726374319112935,-0.46986560778838893
741181667.0,2023-06-27T23:47:47.000,-2.073284236292494,1.1152923412471871,-0.395530559038626
741181687.0,2023-06-27T23:48:07.000,0.40394833561441246,0.5990827906754426,-0.3832323462238385
741181707.0,2023-06-27T23:48:27.000,-1.0033217620053492,1.630361706672634,-1.3451427834931806
741181727.0,2023-06-27T23:48:47.000,-0.7022415135060633,0.4001659346219988,-0.5405632796717796
741181747.0,2023-06-27T23:49:07.000,0.9161557179893087,-0.48708850229894907,-1.1024415506488694
741181767.0,2023-06-27T23:49:27.000,-2.74599974449119,2.0898277140468657,1.3372770094943753
741181787.0,2023-06-27T23:49:47.000,-1.0391780144058949,0.6583789735725709,-1.5658058839518318
741181807.0,2023-06-27T23:50:07.000,-0.6263101034464924,0.7192763621044485,0.2603334027018178
741181827.0,2023-06-27T23:50:27.000,-3.205657731164546,-0.6096312131442794,-1.0569127146475843
741181847.0,2023-06-27T23:50:47.000,-0.7210559503811886,1.2003396973381264,-1.5707651665031186
741181867.0,2023-06-27T23:51:07.000,-0.7937607468977426,0.47447446768211776,-1.6865427437284808
741181887.0,2023-06-27T23:51:27.000,-0.9684101169971093,0.836917689484018,-1.9740589824457366
741181907.0,2023-06-27T23:51:47.000,-0.1454682525436901,1.6343488228764969,-0.8095817652931103
741181927.0,2023-06-27T23:52:07.000,-0.9657241664351446,0.8962801339107429,-1.1011389556836448
741181947.0,2023-06-27T23:52:27.000,0.58240113831598,0.06974222279687581,-0.4428734539763113
741181967.0,2023-06-27T23:52:47.000,0.11416751117820922,1.306912630649748,-2.0670624301555307
741181987.0,2023-06-27T23:53:07.000,-0.11487154967237956,-0.1996450667118843,0.060093014497830666
741182007.0,2023-06-27T23:53:27.000,-1.2609349272718617,2.2064365441720746,-0.667096918238741
741182027.0,2023-06-27T23:53:47.000,-1.8079768214884773,1.247414792826529,-0.10205858888001629
741182047.0,2023-06-27T23:54:07.000,-1.920225356388805,-0.2247335573302145,0.9820037464192133
741182067.0,2023-06-27T23:54:27.000,-0.11974512494905554,-0.11647389459579216,-2.165521241526136
741182087.0,2023-06-27T23:54:47.000,-2.1388379164766214,1.0547222721535299,-0.04695788378139554
741182107.0,2023-06-27T23:55:07.000,-0.5498008801896326,1.7631189175637552,-1.0414914276668519
741182127.0,2023-06-27T23:55:27.000,-1.791357059888199,1.9746688317834327,-0.01494866913587245
741182147.0,2023-06-27T23:55:47.000,0.56021475082213,0.8022508892202573,-0.4357488166961687
741182167.0,2023-06-27T23:56:07.000,-0.9191959667087524,-0.21759808088717136,-1.207678386161426
741182187.0,2023-06-27T23:56:27.000,-1.672562135091038,1.5768087630929628,-0.2266959466479257
741182207.0,2023-06-27T23:56:47.000,-0.5779149427342922,0.979605114026505,-0.031220591611980097
741182227.0,2023-06-27T23:57:07.000,1.4713956807299589,1.038170898681745,-0.8473871406566857
741182247.0,2023-06-27T23:57:27.000,-1.0194674896601974,0.23448243919865774,-0.16078903931626698
741182267.0,2023-06-27T23:57:47.000,-0.8292554494082616,1.1358270637362722,-0.4875788183200669
741182287.0,2023-06-27T23:58:07.000,-0.7600453559852838,-0.9485762127114938,-0.38584459933765913
741182307.0,2023-06-27T23:58:27.000,-1.906317508582056,0.37273570879792217,-0.22578007190521276
741182327.0,2023-06-27T23:58:47.000,-0.8112918700176053,1.4302849192016076,0.8173149695367421
741182347.0,2023-06-27T23:59:07.000,-0.10322660786155069,1.2227756906679765,-0.9685113437907233
741182367.0,2023-06-27T23:59:27.000,-1.1595533386477008,0.04639161098607403,-0.644049029940863
741182387.0,2023-06-27T23:59:47.000,-0.40122629978434077,0.08362941725792439,-1.4173641023851324
741182407.0,2023-06-28T00:00:07.000,-0.9181524948331798,1.0280044467014804,-0.7871747091825476
741182427.0,2023-06-28T00:00:27.000,-1.1679812064846473,-0.46516114193817515,-1.1356609921131522
741182447.0,2023-06-28T00:00:47.000,-0.06454372786235396,0.20096803328151225,-2.007701891504343
741182467.0,2023-06-28T00:01:07.000,-1.153013657517743,1.0232790060960006,-1.2012426130469933
741182487.0,2023-06-28T00:01:27.000,-0.8003469248341055,0.6676520191040147,-0.6315710583182366
741182507.0,2023-06-28T00:01:47.000,-1.8458905650997615,0.5131578821870875,-1.355829117943852
741182527.0,2023-06-28T00:02:07.000,-0.43151932057616804,2.3760887735702063,-0.7139917830634168
741182547.0,2023-06-28T00:02:27.000,0.5145001615081135,1.1999371834159334,-2.3704970250726376
741182567.0,2023-06-28T00:02:47.000,-3.013274319396686,0.6079251209434311,-0.7087474094613633
741182587.0,2023-06-28T00:03:07.000,0.060746151941959425,1.2389493032172183,-0.9596483375284848
741182607.0,2023-06-28T00:03:27.000,-0.960433719487952,0.7206739861542744,-2.1338286959382557
741182627.0,2023-06-28T00:03:47.000,-1.1532526688617928,0.7508622876462034,-1.0972374475670676
741182647.0,2023-06-28T00:04:07.000,-0.9106369788236535,1.642457095463179,-1.6133089198899775
741182667.0,2023-06-28T00:04:27.000,0.28238042337758174,1.222129477185252,-1.6926670302730429
741182687.0,2023-06-28T00:04:47.000,-0.6979263814543835,0.193911200863095,-2.027755326317049
741182707.0,2023-06-28T00:05:07.000,0.31990566502493323,-0.014539226056431431,0.17475901389341075
741182727.0,2023-06-28T00:05:27.000,-1.1995823384958193,1.1118600881321328,-0.7080870408016082
741182747.0,2023-06-28T00:05:47.000,-0.3320741629675439,0.4837443266625385,-1.383721044145858
741182767.0,2023-06-28T00:06:07.000,-0.7322165495593502,1.1794197242509519,-0.9408887554407386
741182787.0,2023-06-28T00:06:27.000,-0.7993994867394605,1.1841287475222728,-2.065366745895858
741182807.0,2023-06-28T00:06:47.000,-0.3328081549014428,1.1634422635298236,-0.42283266578069245
741182827.0,2023-06-28T00:07:07.000,-0.9772380050843132,0.3867437483595637,-0.9311013276391833
741182847.0,2023-06-28T00:07:27.000,-0.7864059341389229,-0.5643685254130837,-0.8488152056562726
741182867.0,2023-06-28T00:07:47.000,-0.60284815985856,1.372637805285848,-0.304200435374824
741182887.0,2023-06-28T00:08:07.000,-0.18128261018990344,0.8619042585977787,-0.3349898852977873
741182907.0,2023-06-28T00:08:27.000,0.5763645021583663,0.2005821078898684,-2.0567157511752754
741182927.0,2023-06-28T00:08:47.000,-1.1307068132127007,1.6344583888328046,-0.37007796180876795
741182947.0,2023-06-28T00:09:07.000,-0.6845479514239194,0.6253105218623212,-2.901907035901541
741182967.0,2023-06-28T00:09:27.000,-1.0872631741598582,0.7160418554419401,0.06753965027250786
741182987.0,2023-06-28T00:09:47.000,0.25227734278265856,1.7270168201855007,-1.1818437909316692
741183007.0,2023-06-28T00:10:07.000,-0.1348251900123998,2.2444051544612265,-0.2571345345980802
741183027.0,2023-06-28T00:10:27.000,0.5962016867200326,1.744790454849543,-2.019604338465708
741183047.0,2023-06-28T00:10:47.000,-1.4461831504664069,0.7933893568123906,-0.938948736028955
741183067.0,2023-06-28T00:11:07.000,-0.3211298738592383,0.42301654042953274,-2.051399070346349
741183087.0,2023-06-28T00:11:27.000,-0.39706260016592054,0.7207068300485453,-1.1386794490975127
741183107.0,2023-06-28T00:11:47.000,0.8405158284041647,0.5134131902950756,-0.15565383941762434
741183127.0,2023-06-28T00:12:07.000,-0.06109242371987733,0.5461135952455898,-1.4190864108809542
741183147.0,2023-06-28T00:12:27.000,-1.542918082930722,1.7621782970822508,0.14614625173381413
741183167.0,2023-06-28T00:12:47.000,-0.8469535148214469,0.9135949233463059,-1.7466085881601146
741183187.0,2023-06-28T00:13:07.000,2.286697329656473,0.45701743149884066,0.5617690053805191
741183207.0,2023-06-28T00:13:27.000,-0.7832991285927626,0.5855534856991085,-0.8287023502417945
741183227.0,2023-06-28T00:13:47.000,-0.5319908319201261,-0.4913014254759318,-0.40572183026554853
741183247.0,2023-06-28T00:14:07.000,-0.03337099243605479,0.9680565490888249,-0.30839643299085395
741183267.0,2023-06-28T00:14:27.000,0.26296311461670996,1.3641513929463223,-1.5875978130464041
741183287.0,2023-06-28T00:14:47.000,-1.4610033215900486,2.659882395805724,-0.3999537459553615
741183307.0,2023-06-28T00:15:07.000,-0.16197122802985575,1.1301079181125218,-0.7348957428265912
741183327.0,2023-06-28T00:15:27.000,-1.0533553250979821,1.7935580580386024,-0.3059906687363778
741183347.0,2023-06-28T00:15:47.000,-1.545212322595635,0.8711776452896558,-1.0321572910698684
741183367.0,2023-06-28T00:16:07.000,-0.3983484779035429,0.6300079912091583,-1.863350813646747
741183387.0,2023-06-28T00:16:27.000,-0.06934591514351496,0.017153732667640753,-1.4319522505079618
741183407.0,2023-06-28T00:16:47.000,1.1639140391817016,0.8741359653119396,-0.9289363821496366
741183427.0,2023-06-28T00:17:07.000,-0.7448079271998864,1.2107313434484013,-1.3402245206628471
741183447.0,2023-06-28T00:17:27.000,-0.35584259352461345,0.8860161634705044,-0.6027969099875463
741183467.0,2023-06-28T00:17:47.000,-0.3184165350722523,-0.5960047084863085,-2.028432771050692
741183487.0,2023-06-28T00:18:07.000,-0.007434071158662903,0.5624477375842929,-1.4068371369857502
741183507.0,2023-06-28T00:18:27.000,-0.9619132475213732,0.45360966829388616,0.09698773560939955
741183527.0,2023-06-28T00:18:47.000,-0.4096338491743623,-0.431417129354017,-2.2331032867861644
741183547.0,2023-06-28T00:19:07.000,-0.9326922626895495,-0.2482552812987926,-1.0932241732208858
741183567.0,2023-06-28T00:19:27.000,0.9730860966672417,1.0285792365838375,0.12555129542679566
741183587.0,2023-06-28T00:19:47.000,-2.0596907287728783,0.2458253691939305,-0.28220658143673916
741183607.0,2023-06-28T00:20:07.000,-0.5267748409476525,2.2285858788717583,-0.682934304374605
741183627.0,2023-06-28T00:20:27.000,-0.9316372884482504,1.3285938865403857,-2.1117232390399643
741183647.0,2023-06-28T00:20:47.000,-0.8174615485190273,-0.45337634466680043,0.31800265494208446
741183667.0,2023-06-28T00:21:07.000,1.5384170993781865,0.6074346251327967,-2.5730999282602696
741183687.0,2023-06-28T00:21:27.000,-0.23517946483586627,-1.131503532370015,-1.6366551215951652
741183707.0,2023-06-28T00:21:47.000,-1.0775911057470111,1.228968227717786,-0.77777637590426
741183727.0,2023-06-28T00:22:07.000,-0.6873889130232236,1.1955988962530917,-0.7762823043377942
741183747.0,2023-06-28T00:22:27.000,-0.24446452835391597,0.9651588923409449,-0.08741192989436541
741183767.0,2023-06-28T00:22:47.000,-1.2145503240468258,1.1322070664343542,-1.9607674746846548
741183787.0,2023-06-28T00:23:07.000,-1.4561957232706035,0.4377722591430988,-1.6121106056421475
741183807.0,2023-06-28T00:23:27.000,-1.364364680200847,1.394765163165168,-1.7101775383498996
741183827.0,2023-06-28T00:23:47.000,0.48694626910705807,1.6217333825174762,-0.6082634219306549
741183847.0,2023-06-28T00:24:07.000,-0.5717070241550992,0.5512820118402928,-0.5430902449088393
741183867.0,2023-06-28T00:24:27.000,-1.2957632392396334,0.09401258581620553,-2.16574098971245
741183887.0,2023-06-28T00:24:47.000,0.7900354519585484,2.1259339380241826,-0.8269992194054332
741183907.0,2023-06-28T00:25:07.000,1.4863343438364929,1.181665653660069,0.13313079582077947
741183927.0,2023-06-28T00:25:27.000,-1.4189952736831657,-0.3748117327173617,-1.462790559081384
741183947.0,2023-06-28T00:25:47.000,0.1573175364311119,1.2978620427706034,-0.8705467558156599
741183967.0,2023-06-28T00:26:07.000,-0.8187737565279463,-0.13289104596747592,-0.4295290520928141
741183987.0,2023-06-28T00:26:27.000,-1.2345332408347787,-0.05299825911464495,-1.5667513066253136
741184007.0,2023-06-28T00:26:47.000,-0.09275342717218749,-0.25710532932654573,-2.057581318259949
741184027.0,2023-06-28T00:27:07.000,0.07167596606239002,0.4045890679482689,-2.137810672653284
741184047.0,2023-06-28T00:27:27.000,-0.9785716090116026,1.3433069852131219,-1.7491899197419336
741184067.0,2023-06-28T00:27:47.000,-0.4754742719215166,0.048175502720404495,-0.8661365507145469
741184087.0,2023-06-28T00:28:07.000,-1.09516618130856,0.5168758931195505,-1.4854294710930915
741184107.0,2023-06-28T00:28:27.000,0.7964859843667682,1.4608587874720413,-0.6523011144898838
741184127.0,2023-06-28T00:28:47.000,-0.7971343707446898,0.748881670209478,-1.2828359185590443
741184147.0,2023-06-28T00:29:07.000,-0.72078309730772,-0.219961607061947,-2.0928283708365747
741184167.0,2023-06-28T00:29:27.000,-0.21236138580960073,0.9193695540865576,-0.23276556468943
741184187.0,2023-06-28T00:29:47.000,-0.39338454020931835,-0.008284512176270908,-1.9886085806053444
741184207.0,2023-06-28T00:30:07.000,-0.029814498636593356,0.37727160762113243,-1.7109699444572968
741184227.0,2023-06-28T00:30:27.000,-1.5760157915711837,0.9876383655904597,-1.1006738509289349
741184247.0,2023-06-28T00:30:47.000,0.8352217601870215,1.543993696029311,-1.538544363843819
741184267.0,2023-06-28T00:31:07.000,0.2487697379094378,1.371631252078398,0.23472063422902423
741184287.0,2023-06-28T00:31:27.000,-0.7262869342938849,0.8914383912705937,-1.506128247019678
741184307.0,2023-06-28T00:31:47.000,0.12225336942783827,0.2740922785737787,-1.7315702154130364
741184327.0,2023-06-28T00:32:07.000,0.2567355008920025,0.5929277918648168,-1.3389798471985515
741184347.0,2023-06-28T00:32:27.000,0.2480689140771375,-0.03949282917359298,-1.771537778072485
741184367.0,2023-06-28T00:32:47.000,-0.5454446710295713,-0.13918655638045507,-2.026710168789858
741184387.0,2023-06-28T00:33:07.000,-0.9404584237371338,-0.5962570572282111,-0.6942233449103163
741184407.0,2023-06-28T00:33:27.000,0.7295277605345873,1.2815406860378076,-0.6859567716177573
741184427.0,2023-06-28T00:33:47.000,0.8313782318913887,-1.3866097763992613,0.14484959558469512
741184447.0,2023-06-28T00:34:07.000,-0.751966169998397,1.6573724029189663,-0.12505434188181397
741184467.0,2023-06-28T00:34:27.000,-0.003564024575464231,0.9080398832184144,-0.9985804506285056
741184487.0,2023-06-28T00:34:47.000,0.9343425157237739,1.2230224712972415,-0.8743710055325593
741184507.0,2023-06-28T00:35:07.000,-0.29622666936068853,0.5972421521338589,-2.7800095750429854
741184527.0,2023-06-28T00:35:27.000,-0.45402725619148043,0.5975133432034596,-1.2277417754780195
741184547.0,2023-06-28T00:35:47.000,1.0074530594095243,0.286134587723641,-0.6181536313820679
741184567.0,2023-06-28T00:36:07.000,-0.9054075524983496,1.1668860597446873,-1.002307040298689
741184587.0,2023-06-28T00:36:27.000,-0.427756106702315,0.5670861650597381,-0.3882889893946917
741184607.0,2023-06-28T00:36:47.000,0.31786383875020974,0.43908082303367735,-0.9873678053828883
741184627.0,2023-06-28T00:37:07.000,-0.0018757239095279488,0.36186662356607613,-2.4766943356513416
741184647.0,2023-06-28T00:37:27.000,-0.12813877272588314,1.4788783441854747,-1.0121838374455017
741184667.0,2023-06-28T00:37:47.000,0.37158813696036574,-0.1432717652516402,-0.32539771763762104
741184687.0,2023-06-28T00:38:07.000,1.6433272107096997,1.1575591655543782,-1.3505473636099552
741184707.0,2023-06-28T00:38:27.000,0.6537242199899929,-0.3271700320661708,-1.5417830076636108
741184727.0,2023-06-28T00:38:47.000,-0.8934275071759146,1.5550020348031879,-3.164136694588926
741184747.0,2023-06-28T00:39:07.000,0.6974864149578153,1.7792238000247096,-1.7788199677570837
741184767.0,2023-06-28T00:39:27.000,-0.6697075311978828,1.1727717157405948,-2.2008406817652926
741184787.0,2023-06-28T00:39:47.000,-0.5478626536770115,0.5232694564649698,-0.43052073925853307
741184807.0,2023-06-28T00:40:07.000,-0.027208748754059542,0.9690746663459926,-1.7667089156958582
741184827.0,2023-06-28T00:40:27.000,-1.393051072662299,0.4743758275527199,-1.2116688270058518
741184847.0,2023-06-28T00:40:47.000,1.181842292563573,0.8787093684348157,-2.091328229092415
741184867.0,2023-06-28T00:41:07.000,-1.6345475318590985,1.312474574888256,-1.023282466061648
741184887.0,2023-06-28T00:41:27.000,-0.47450535317627995,0.07901113643349333,-1.9967132888099037
741184907.0,2023-06-28T00:41:47.000,-0.24312436543993954,1.1526579358989153,-1.2117029189351314
741184927.0,2023-06-28T00:42:07.000,-0.3266316028316396,0.7164709443396866,-2.3621843742049897
741184947.0,2023-06-28T00:42:27.000,-1.3394798001775676,0.26491177778087405,-1.0053258691189448
741184967.0,2023-06-28T00:42:47.000,-0.5295550844497399,0.05605803414798771,-0.3481465290056107
741184987.0,2023-06-28T00:43:07.000,-0.16084550641393136,0.7525746147263312,-0.4792407012899069
741185007.0,2023-06-28T00:43:27.000,-0.4864534739357218,0.35747164278676635,-1.6590343374089933
741185027.0,2023-06-28T00:43:47.000,-0.03061370773549399,0.07569746816038503,-1.8335260820623311
741185047.0,2023-06-28T00:44:07.000,1.180435709813299,0.7348114815619589,-0.7400837465532106
741185067.0,2023-06-28T00:44:27.000,0.04799211454908914,-0.10074972869311694,-0.35470046426677726
741185087.0,2023-06-28T00:44:47.000,0.5728974301288936,1.0187435799613453,-1.990916668059839
741185107.0,2023-06-28T00:45:07.000,0.9872100666274974,0.5142534390656373,-2.1417848444449383
741185127.0,2023-06-28T00:45:27.000,-0.1589252650813222,-0.08344551579719806,-1.9004325280791434
741185147.0,2023-06-28T00:45:47.000,-0.9659673924411472,-0.43334374262293807,-1.4797668617116955
741185167.0,2023-06-28T00:46:07.000,-1.1914713720639902,-0.2046875161698658,-1.1281571916654798
741185187.0,2023-06-28T00:46:27.000,2.004062934801709,0.24892562614509117,-0.5831709690484743
741185207.0,2023-06-28T00:46:47.000,1.1308755462069442,0.302638279570111,-1.1881296431037747
741185227.0,2023-06-28T00:47:07.000,0.19128855206496098,0.9078025944297963,-0.8147820862336452
741185247.0,2023-06-28T00:47:27.000,1.3908376672699951,-0.29119572430014173,-1.2730150452111566
741185267.0,2023-06-28T00:47:47.000,0.10787179859361729,0.5770427997764394,-1.5138601885733571
741185287.0,2023-06-28T00:48:07.000,-0.37103644839886485,0.2996871646177013,-0.43168659080716765
741185307.0,2023-06-28T00:48:27.000,-1.2572653662834554,1.5302764265090474,-2.008317684287775
741185327.0,2023-06-28T00:48:47.000,-0.7919583733140279,1.5792748535914392,-1.2624356862889208
741185347.0,2023-06-28T00:49:07.000,0.263586153570472,0.5506823305356789,-0.825620272948413
741185367.0,2023-06-28T00:49:27.000,0.8658480925904932,0.6263235830639147,-2.0085035622008363
741185387.0,2023-06-28T00:49:47.000,-1.6730460822400595,0.6242863759942097,-0.8542818275447672
741185407.0,2023-06-28T00:50:07.000,-0.19746558634903266,-0.48847728618683917,-1.3107166207393384
741185427.0,2023-06-28T00:50:27.000,1.521667584603037,-0.15668697905812934,-1.4876498513061165
741185447.0,2023-06-28T00:50:47.000,-0.8166593724601157,0.6399767403353351,-2.0377977168029027
741185467.0,2023-06-28T00:51:07.000,-0.12713772364891796,0.8033411094676701,-1.2911951218885775
741185487.0,2023-06-28T00:51:27.000,0.02870691091505506,0.30889112581089506,-0.5434761670031207
741185507.0,2023-06-28T00:51:47.000,0.7252872527896415,-0.011745885830638514,-1.09302393646038
741185527.0,2023-06-28T00:52:07.000,-0.14293057101211204,1.3336558209453564,-1.43232319265163
741185547.0,2023-06-28T00:52:27.000,-0.17192817343136824,-0.8949368283106551,-1.9447127249216933
741185567.0,2023-06-28T00:52:47.000,0.24801907677618473,2.618200061055287,-1.364363722433648
741185587.0,2023-06-28T00:53:07.000,0.09256313135974636,-0.9178937231291151,-1.4185230273411342
741185607.0,2023-06-28T00:53:27.000,-0.10176792871741114,1.387064021607376,-1.9214851720739112
741185627.0,2023-06-28T00:53:47.000,-0.497788301578872,0.9951060361723663,-1.6344110122301636
741185647.0,2023-06-28T00:54:07.000,0.8003075582907471,0.39122379515976746,-0.17932014027000065
741185667.0,2023-06-28T00:54:27.000,-0.8554186493814342,1.4796464035682355,-1.7341867403097844
741185687.0,2023-06-28T00:54:47.000,1.185014947235885,-2.0003563979242855,-1.2246737672305663
741185707.0,2023-06-28T00:55:07.000,0.6688089701389899,1.319042166059159,-0.8247256738536102
741185727.0,2023-06-28T00:55:27.000,0.13581977159615732,-0.5063917776104709,-1.3273675087077663
741185747.0,2023-06-28T00:55:47.000,0.030390539385027893,-0.5398521022215164,-1.4982164527999053
741185767.0,2023-06-28T00:56:07.000,0.6901619080901256,-0.484015099999624,-1.679212963445753
741185787.0,2023-06-28T00:56:27.000,1.5782011632214932,-0.7003309539288516,-1.5297243769696323
741185807.0,2023-06-28T00:56:47.000,0.6462615902091962,-0.8824938216189793,-1.6840114605454204
741185827.0,2023-06-28T00:57:07.000,0.2549722018518885,-0.22556538710194474,-0.525546682672573
741185847.0,2023-06-28T00:57:27.000,0.7367876905250981,-0.6962653587683221,-1.0615749683640097
741185867.0,2023-06-28T00:57:47.000,0.657260337655341,2.3361379388298076,-1.3846753601054473
741185887.0,2023-06-28T00:58:07.000,-0.6876037658920531,-0.3865058025964707,-0.2950318120809037
741185907.0,2023-06-28T00:58:27.000,1.069216163041009,1.0094887927580842,-0.5257497884714191
741185927.0,2023-06-28T00:58:47.000,2.0589397243808705,-0.6095439642028744,-1.6949138173960598
741185947.0,2023-06-28T00:59:07.000,0.5337825375040239,0.6783168373658555,-1.9021503894989245
741185967.0,2023-06-28T00:59:27.000,0.004382988771922669,-1.0343124838607665,-1.3045347270423946
741185987.0,2023-06-28T00:59:47.000,-0.08003784958132698,0.7418290514538128,-0.8277466422956792
741186007.0,2023-06-28T01:00:07.000,0.3680181228093993,0.8159286483122585,0.05980952473283452
741186027.0,2023-06-28T01:00:27.000,1.4475603779984247,2.0006367982938755,-1.1665170460917196
741186047.0,2023-06-28T01:00:47.000,1.9443000348062789,1.0138294975536866,-1.1385167107413885
741186067.0,2023-06-28T01:01:07.000,0.33223982681684916,0.4447109721805731,-2.20693928155713
741186087.0,2023-06-28T01:01:27.000,1.3737345264330791,-0.21121222231190728,-1.264917765697593
741186107.0,2023-06-28T01:01:47.000,-0.8956163495499325,-0.22264307657504645,-1.419704525940091
741186127.0,2023-06-28T01:02:07.000,-1.0647758310722288,0.6906213575019748,-2.2768819011531605
741186147.0,2023-06-28T01:02:27.000,-0.7407880456056226,0.9004595388995007,-2.042261520696087
741186167.0,2023-06-28T01:02:47.000,1.0516339682076215,-0.39829101949884205,-1.8368291672010706
741186187.0,2023-06-28T01:03:07.000,0.6650967782850792,0.18624626034746683,-0.9133035837272097
741186207.0,2023-06-28T01:03:27.000,-0.9680977212545017,-1.5432782036306492,-0.2501118310793693
741186227.0,2023-06-28T01:03:47.000,0.16304142739231864,0.41346798624886105,-1.3952411899498252
741186247.0,2023-06-28T01:04:07.000,-0.1618064692898713,-0.4112130908451306,-2.743837526686388
741186267.0,2023-06-28T01:04:27.000,0.5566345294027997,-0.9046371857945879,-1.27019508834314
741186287.0,2023-06-28T01:04:47.000,-0.26410694028422554,1.1286975460600424,-2.2311171241851113
741186307.0,2023-06-28T01:05:07.000,0.06212260855731344,-0.14434097680426916,-2.242396665885771
741186327.0,2023-06-28T01:05:27.000,-0.19606823244977534,-0.2951992904454137,-1.8958849767769514
741186347.0,2023-06-28T01:05:47.000,-0.6846026397777649,-0.4122141232687504,-1.6003011956922109
741186367.0,2023-06-28T01:06:07.000,1.3520157173818603,0.9512113763987529,-1.8782376689618907
741186387.0,2023-06-28T01:06:27.000,0.36974020588553813,0.754819775317106,-1.3254624225522704
741186407.0,2023-06-28T01:06:47.000,1.422240723492063,-0.45258522616276053,-0.7772450915877194
741186427.0,2023-06-28T01:07:07.000,1.3728118618883123,0.24919853384153257,-2.3150178880215755
741186447.0,2023-06-28T01:07:27.000,1.2938026889175447,-0.04085015459232011,-2.026902086571525
741186467.0,2023-06-28T01:07:47.000,0.7533369110190868,0.23318195011556853,-2.089288753470697
741186487.0,2023-06-28T01:08:07.000,0.04397784609810884,-0.0528141379962932,-2.7050620729052177
741186507.0,2023-06-28T01:08:27.000,-0.07182005700157035,0.8616888382162458,-0.48240848032898853
741186527.0,2023-06-28T01:08:47.000,0.3350368622867528,-0.6764685833160478,-1.4554433808822154
741186547.0,2023-06-28T01:09:07.000,0.10729567334610834,0.09656695936222093,-0.8864796951502107
741186567.0,2023-06-28T01:09:27.000,1.2694547526836963,1.0607905922666028,-0.7296109355015012
741186587.0,2023-06-28T01:09:47.000,0.006705904931347817,-0.33176258890099675,-1.6514404646450487
741186607.0,2023-06-28T01:10:07.000,-0.30473233343375483,0.24878134056161016,0.1861287503790443
741186627.0,2023-06-28T01:10:27.000,-0.32431899705809286,0.7049182467411264,-2.072037122347048
741186647.0,2023-06-28T01:10:47.000,-0.48955619371682246,0.0430643942506137,-1.1293346633189927
741186667.0,2023-06-28T01:11:07.000,0.5977531933099023,-0.6472368066834377,-1.811339293422698
741186687.0,2023-06-28T01:11:27.000,1.223200244759859,-1.2351268222521306,-1.1141485472876411
741186707.0,2023-06-28T01:11:47.000,1.008621079756633,-0.24071442895623463,-2.585023103274242
741186727.0,2023-06-28T01:12:07.000,0.5291530998041694,0.7461695661681311,-2.5522962154078677
741186747.0,2023-06-28T01:12:27.000,-0.03069294128854594,1.1215324611679733,-0.933593105056918
741186767.0,2023-06-28T01:12:47.000,-0.993850096420168,-0.2535011200954784,-1.6142203816960077
741186787.0,2023-06-28T01:13:07.000,0.9383774684290636,-0.07832475225066915,-1.5941529582064184
741186807.0,2023-06-28T01:13:27.000,-0.013889663219579518,-0.24910488631846306,-0.8384674385464308
741186827.0,2023-06-28T01:13:47.000,0.7903115742835531,-1.3231772228561312,-2.0102261444110425
741186847.0,2023-06-28T01:14:07.000,1.9441622208460352,1.6623697180473407,-0.26786531183153883
741186867.0,2023-06-28T01:14:27.000,-1.1883379048116538,-0.41633554953568463,-1.6464298833951396
741186887.0,2023-06-28T01:14:47.000,-0.11952269244330793,-0.10192965325117598,-1.5451013963607707
741186907.0,2023-06-28T01:15:07.000,-0.5818400720891681,0.32111361716324893,-2.226694165052834
741186927.0,2023-06-28T01:15:27.000,0.17208077006669598,0.291341508684706,-1.290897933581281
741186947.0,2023-06-28T01:15:47.000,1.567670948354749,0.5212527519615762,-1.0625618352855248
741186967.0,2023-06-28T01:16:07.000,0.3612195839108878,0.9018044847541873,-1.6355683392643705
741186987.0,2023-06-28T01:16:27.000,-0.31877790530598915,0.20773520253980493,-0.5620967567065982
741187007.0,2023-06-28T01:16:47.000,1.0724249330906765,0.45075297907537504,-1.7640567313570443
741187027.0,2023-06-28T01:17:07.000,0.028610425695241304,0.4525553463308185,-1.157826674536011
741187047.0,2023-06-28T01:17:27.000,0.5469472952546184,0.6770025914204503,-1.9070020492395479
741187067.0,2023-06-28T01:17:47.000,0.21851706054620834,-0.5815200851522206,-2.153786446124073
741187087.0,2023-06-28T01:18:07.000,0.2883721833324415,0.16916132747901713,-2.0584798418821215
741187107.0,2023-06-28T01:18:27.000,0.8222294052950829,0.323579839622834,-1.0384493263959627
741187127.0,2023-06-28T01:18:47.000,0.8136926400004185,0.17704087186265483,-1.9728460920909185
741187147.0,2023-06-28T01:19:07.000,0.7887155055064099,-0.47278399488703826,-1.6721379206940945
741187167.0,2023-06-28T01:19:27.000,0.6433816068907028,-1.2332581107998841,-1.925955503145893
741187187.0,2023-06-28T01:19:47.000,1.029906217642207,0.9888267014868113,-2.4936674046016627
741187207.0,2023-06-28T01:20:07.000,0.15999276620215497,-1.4297907130589316,-1.8531530907472948
741187227.0,2023-06-28T01:20:27.000,-0.1653812272461863,-0.058190351837072996,-1.8022688312413493
741187247.0,2023-06-28T01:20:47.000,0.1938676418067331,0.021919487458443854,-1.65381551040511
741187267.0,2023-06-28T01:21:07.000,1.0319405717607033,0.3719406740598785,-1.2862220873377517
741187287.0,2023-06-28T01:21:27.000,1.5941557619969515,0.26082116639791764,-2.40761236507403
741187307.0,2023-06-28T01:21:47.000,-0.4707803749837147,0.6359362192509543,-0.5805571095196527
741187327.0,2023-06-28T01:22:07.000,1.8255249535359397,1.2475075993223506,-1.8936184578710602
741187347.0,2023-06-28T01:22:27.000,-0.2943216822259842,0.6481259554380614,-0.7602270944095935
741187367.0,2023-06-28T01:22:47.000,0.16927155670476424,0.8978849685759016,-0.15441786872516516
741187387.0,2023-06-28T01:23:07.000,0.5645266754061851,-0.36282346443927693,-1.751380137149372
741187407.0,2023-06-28T01:23:27.000,0.8903300887874721,-0.6587490699261345,-1.200742249329867
741187427.0,2023-06-28T01:23:47.000,0.8068280167305986,-0.6295921061494347,-0.8371709179555431
741187447.0,2023-06-28T01:24:07.000,0.86643254890717,0.38733393675771666,-1.1764503531352943
741187467.0,2023-06-28T01:24:27.000,0.0017548043684811887,-0.013060298342804089,-1.6061176050463644
741187487.0,2023-06-28T01:24:47.000,0.0896388996030062,-0.2557094449184838,-2.4224750270085416
741187507.0,2023-06-28T01:25:07.000,1.1754252046358715,-0.44995633332600704,-0.7290208671739684
741187527.0,2023-06-28T01:25:27.000,-0.08889824353319753,0.5636686266741187,-1.821805235768803
741187547.0,2023-06-28T01:25:47.000,0.6828174494821759,0.29900250758663205,-0.4796125946060492
741187567.0,2023-06-28T01:26:07.000,2.2755578462207993,-1.0246397716295874,-1.8622182856753433
741187587.0,2023-06-28T01:26:27.000,0.7034503968661454,-0.7075010515111835,-3.23279654809161
741187607.0,2023-06-28T01:26:47.000,0.325030322390063,0.2992008140911828,-0.6144723843415356
741187627.0,2023-06-28T01:27:07.000,1.288876008154194,-0.8264580191541526,0.14195625208657248
741187647.0,2023-06-28T01:27:27.000,1.274286687469317,-1.106193017885726,-1.0144419669289029
741187667.0,2023-06-28T01:27:47.000,0.8999636757822671,-0.36193859689337415,-1.8306170530779653
741187687.0,2023-06-28T01:28:07.000,0.46391527089850726,-0.9418221303514329,-1.8962426824420398
741187707.0,2023-06-28T01:28:27.000,-0.36885668905917157,0.44293485749191674,-1.5344368565428645
741187727.0,2023-06-28T01:28:47.000,-0.509128779169199,0.8570710738453613,-1.5201893520999654
741187747.0,2023-06-28T01:29:07.000,1.2612699622049917,-0.018997635864437257,-1.853466681134286
741187767.0,2023-06-28T01:29:27.000,0.7558415574759891,-0.7064907061038461,-1.4955202688571312
741187787.0,2023-06-28T01:29:47.000,0.7745000656478318,0.7554832568201775,-1.7344948380237923
741187807.0,2023-06-28T01:30:07.000,1.4249221651274624,0.1257060060377846,-1.9822611833308912
741187827.0,2023-06-28T01:30:27.000,0.3622934827807178,-1.1742607349818357,-1.6002928651892567
741187847.0,2023-06-28T01:30:47.000,0.7615987838716087,-0.13466975797848946,-0.8250130060116767
741187867.0,2023-06-28T01:31:07.000,1.2887373122327794,-1.2542197563192303,-0.7081475988268693
741187887.0,2023-06-28T01:31:27.000,1.0102749995910543,-0.04105784958685632,-0.4852064031224401
741187907.0,2023-06-28T01:31:47.000,-0.5356454954585921,0.27706415415273966,-0.8306125753865246
741187927.0,2023-06-28T01:32:07.000,0.33456539938470087,-0.048173551947527926,-2.3818098469852167
741187947.0,2023-06-28T01:32:27.000,0.4122530749772757,-0.10865090184219994,-1.6253084050954492
741187967.0,2023-06-28T01:32:47.000,0.05404448765178316,-1.3377002687220418,-2.9735733015567867
741187987.0,2023-06-28T01:33:07.000,0.2086854812288763,-0.01876409880807728,-0.8265929671735783
741188007.0,2023-06-28T01:33:27.000,0.516627195856767,0.30558330482710616,-1.382626874990578
741188027.0,2023-06-28T01:33:47.000,0.9517963936334084,-0.247865330360586,-0.5414783309398707
741188047.0,2023-06-28T01:34:07.000,0.698085374373214,0.14679647777349203,-3.140538211188204
741188067.0,2023-06-28T01:34:27.000,1.8963427856677484,-0.3941381672367683,-2.0033742677116884
741188087.0,2023-06-28T01:34:47.000,0.618809664343356,-0.9552270983870237,-1.167075155317221
741188107.0,2023-06-28T01:35:07.000,1.047613284221871,0.8057735170430291,-2.0078391107736238
741188127.0,2023-06-28T01:35:27.000,1.9504906479617112,-0.6192030007734495,-0.6107395124299586
741188147.0,2023-06-28T01:35:47.000,1.476409509149068,-0.17253481779944124,-0.9248572406250766
741188167.0,2023-06-28T01:36:07.000,0.7247022654310875,-0.3621635919492938,-1.9248335774268988
741188187.0,2023-06-28T01:36:27.000,0.2421574779365443,-0.8306876469021951,-0.4734592478072841
741188207.0,2023-06-28T01:36:47.000,0.98009395036458,-0.06081524760448431,-0.9818398681082918
741188227.0,2023-06-28T01:37:07.000,0.6372728843628828,0.6297403211896757,-1.3241550517739675
741188247.0,2023-06-28T01:37:27.000,0.6635093704132622,0.20078197647821483,-1.3252771372318506
741188267.0,2023-06-28T01:37:47.000,0.6716308711518515,-0.6004398099723751,-1.3960205443641627
741188287.0,2023-06-28T01:38:07.000,1.0570339638915627,-2.3468050769026583,-1.2374246727953064
741188307.0,2023-06-28T01:38:27.000,1.150713494491029,-0.5058240822530813,-1.833765795578035
741188327.0,2023-06-28T01:38:47.000,1.3344495870981632,-0.42788845233676653,-2.8113919888439476
741188347.0,2023-06-28T01:39:07.000,1.1066770343126642,0.6937792342620597,-0.9946340828292932
741188367.0,2023-06-28T01:39:27.000,0.03511365948005718,-1.2300622875272005,-1.1561483772681846
741188387.0,2023-06-28T01:39:47.000,0.3791391360863372,0.349682444367172,-1.458234506879208
741188407.0,2023-06-28T01:40:07.000,0.9061195351378615,-0.3024524471539891,-2.228568548301446
741188427.0,2023-06-28T01:40:27.000,0.3357877242926577,-0.9082322399822651,-1.1694600811407163
741188447.0,2023-06-28T01:40:47.000,0.9796327194777632,0.3211637461641992,-0.22999054407613073
741188467.0,2023-06-28T01:41:07.000,1.927659376588231,-0.8149478090024864,-1.6511891437143156
741188487.0,2023-06-28T01:41:27.000,1.5559233296436048,-0.7053477355856153,-0.9824550518122699
741188507.0,2023-06-28T01:41:47.000,0.9590241870971461,-0.6861932664081749,-2.562433225938854
741188527.0,2023-06-28T01:42:07.000,1.772129434163272,-0.31596057407101696,-1.3536200704988843
741188547.0,2023-06-28T01:42:27.000,0.8582657449740516,-0.9370211836112752,-0.9674040665874628
741188567.0,2023-06-28T01:42:47.000,0.5717968838081511,-1.1385427049814822,-3.0635559511216215
741188587.0,2023-06-28T01:43:07.000,1.3110374394775803,0.16057015047588052,-1.3163006958416545
741188607.0,2023-06-28T01:43:27.000,-0.9166844673003105,-1.2222512410842157,-1.1528166674934504
741188627.0,2023-06-28T01:43:47.000,1.0230672955136022,-0.8543584041897923,-2.766690442712605
741188647.0,2023-06-28T01:44:07.000,0.26356894486934124,-0.5307244683394607,-1.4530793387534935
741188667.0,2023-06-28T01:44:27.000,0.7010321213529735,0.4043461972580431,-2.0753975475851227
741188687.0,2023-06-28T01:44:47.000,1.0625298898392366,0.019157755382082087,-1.2691591750879638
741188707.0,2023-06-28T01:45:07.000,0.4449403236184146,-1.2552915569341572,-1.7972738486804474
741188727.0,2023-06-28T01:45:27.000,1.0495823367429047,-2.3380672840800365,0.22276903725026997
741188747.0,2023-06-28T01:45:47.000,0.5057624891224854,-2.9249603723080497,-0.06173462984149225
741188767.0,2023-06-28T01:46:07.000,1.6197559163266817,-1.468761717648981,-0.49032916790148207
741188787.0,2023-06-28T01:46:27.000,0.8853727836211078,-0.5234217097749294,-0.5471880706542365
741188807.0,2023-06-28T01:46:47.000,2.394498754143548,-0.9191540488728833,-2.6844328463115907
741188827.0,2023-06-28T01:47:07.000,1.0271950493190296,-1.7212240663755374,-2.0988675350719355
741188847.0,2023-06-28T01:47:27.000,0.6961135804783858,-0.5389722343762671,-1.1136521530952237
741188867.0,2023-06-28T01:47:47.000,1.4389901578648612,-0.16966554418074153,-2.004265517419057
741188887.0,2023-06-28T01:48:07.000,0.5923036358379541,-1.0418047185267731,-0.9935434588381753
741188907.0,2023-06-28T01:48:27.000,0.9912976589587785,-0.1477361385893161,-1.4576419907763594
741188927.0,2023-06-28T01:48:47.000,1.5828533758699415,-0.8527629001275905,-2.2223415134470237
741188947.0,2023-06-28T01:49:07.000,-0.5352877469944062,-0.5020493026308692,-1.0119537521280364
741188967.0,2023-06-28T01:49:27.000,-0.16372255441376993,-0.340516878893915,-1.445661987720115
741188987.0,2023-06-28T01:49:47.000,0.8949272481406645,-0.6693709526994773,-2.2030989463406314
741189007.0,2023-06-28T01:50:07.000,0.7254795002742398,-0.07569843192278825,-0.036911875922474024
741189027.0,2023-06-28T01:50:27.000,1.715976948735154,-0.531544237492021,-1.013444640707295
741189047.0,2023-06-28T01:50:47.000,1.0788128431249433,-0.40788249791035014,-0.74438686338274
741189067.0,2023-06-28T01:51:07.000,0.4758890839395846,-0.6597193277002589,-1.6664697386703509
741189087.0,2023-06-28T01:51:27.000,0.11338634104962608,-2.256772835540488,-2.087636265457604
741189107.0,2023-06-28T01:51:47.000,2.312036956086949,0.24018458408825438,-1.2480017434812751
741189127.0,2023-06-28T01:52:07.000,0.6070511198053019,0.1335887828024518,-1.9892973247004342
741189147.0,2023-06-28T01:52:27.000,1.6587195323936044,-1.2952853066128256,-1.61453224416519
741189167.0,2023-06-28T01:52:47.000,1.5361828086590812,-1.3378338559966174,-1.3686271487789448
741189187.0,2023-06-28T01:53:07.000,1.1684135595380063,0.07047774597257472,-2.359458769696232
741189207.0,2023-06-28T01:53:27.000,1.142722844682531,-0.45491251888796214,-0.1485444085069787
741189227.0,2023-06-28T01:53:47.000,-0.4205880626773073,-1.461800564495075,-1.001770305109062
741189247.0,2023-06-28T01:54:07.000,0.22814298253903686,-1.9757227781802555,-1.318466120947548
741189267.0,2023-06-28T01:54:27.000,0.17328913097802712,-1.0023111173373955,-1.660647065759857
741189287.0,2023-06-28T01:54:47.000,1.4822480033038765,-1.7420598676598509,-1.742980912933234
741189307.0,2023-06-28T01:55:07.000,0.0690713914730523,-1.484792635275678,-1.4074368717476027
741189327.0,2023-06-28T01:55:27.000,-0.9670999402300318,-0.39977776149502375,-2.044136962964238
741189347.0,2023-06-28T01:55:47.000,0.9789845575203238,-0.8212288529207967,-0.24127161232234684
741189367.0,2023-06-28T01:56:07.000,1.2712707541329138,-0.5400450934778256,-0.6326071696483027
741189387.0,2023-06-28T01:56:27.000,-0.35132564071282957,-0.4452912218622096,-2.0573674540336206
741189407.0,2023-06-28T01:56:47.000,1.944003690657059,-1.7194723871405415,-1.5721475330243706
741189427.0,2023-06-28T01:57:07.000,0.1320951914518531,-0.7632526896506064,-1.1261869860001994
741189447.0,2023-06-28T01:57:27.000,0.9579879004739666,0.19998019986644522,-1.6138061832871031
741189467.0,2023-06-28T01:57:47.000,2.476374653836988,0.5422785468001123,-1.6891264975726905
741189487.0,2023-06-28T01:58:07.000,0.1659563259148733,-1.1914841909432816,-0.7282491788607182
741189507.0,2023-06-28T01:58:27.000,1.54313294296049,-0.9688227702753238,-0.9710320885036872
741189527.0,2023-06-28T01:58:47.000,1.2171899383406348,-1.0229140858353247,-1.2816373893165256
741189547.0,2023-06-28T01:59:07.000,0.6738012141904726,-1.2695828243702856,-1.2895372931143179
741189567.0,2023-06-28T01:59:27.000,0.6355162997184749,1.223336324740476,-1.439396278068994
741189587.0,2023-06-28T01:59:47.000,1.7343169611105935,0.8700540731543249,-1.2901744930404746
741189607.0,2023-06-28T02:00:07.000,-0.7589228649185209,-1.3337316758343931,-0.8569247776701872
741189627.0,2023-06-28T02:00:27.000,-1.5349463133862429,-0.22531707366546527,1.342519408342735
741189647.0,2023-06-28T02:00:47.000,-0.0918402923377748,-0.9623475104802992,-1.1656553740246878
741189667.0,2023-06-28T02:01:07.000,-0.6942981423452288,1.4714502541424146,0.6685933088501628
741189687.0,2023-06-28T02:01:27.000,-0.19503143746657514,-1.1009658802962896,0.05510428983113158
741189707.0,2023-06-28T02:01:47.000,-0.194601919245585,-1.2810829995824058,-0.5913997463080634
741189727.0,2023-06-28T02:02:07.000,1.0802809234489175,0.09002936662838579,0.9857725802975281
741189747.0,2023-06-28T02:02:27.000,-0.2913258278613995,-0.49119139395870093,-0.1854730668382487
741189767.0,2023-06-28T02:02:47.000,-1.0197480869722497,-0.40576850149909305,1.9773157212910064
741189787.0,2023-06-28T02:03:07.000,-0.6257243770457777,-1.1703467676649204,-1.3876313536220763
741189807.0,2023-06-28T02:03:27.000,1.0358261899878762,0.18121558953421157,-0.23576263761260208
741189827.0,2023-06-28T02:03:47.000,-0.6415138280924104,0.3178843680284871,0.6885238189591192
741189847.0,2023-06-28T02:04:07.000,-1.0160435213513175,-0.041220714508405365,0.17868688145794565
741189867.0,2023-06-28T02:04:27.000,1.0595974498150973,0.3631303745699199,-0.16624857427371964
741189887.0,2023-06-28T02:04:47.000,0.0631390742023008,-0.4922245308347506,-1.0101264737993887
741189907.0,2023-06-28T02:05:07.000,-1.5528710328616135,-0.5577694182523629,-1.2123612652126248
741189927.0,2023-06-28T02:05:27.000,-0.2255693687835958,-0.021380254400238385,0.6458727904501416
741189947.0,2023-06-28T02:05:47.000,-0.8585453875498139,-0.2826990002091634,0.6016852544532547
741189967.0,2023-06-28T02:06:07.000,-0.4522170343856935,-1.0712672668944379,-0.2192181528637427
741189987.0,2023-06-28T02:06:27.000,-0.47731008598894675,-0.6297812576772088,-0.0668738317388673
741190007.0,2023-06-28T02:06:47.000,-0.4454624099925475,-0.6296305691821935,0.6304533606504847
741190027.0,2023-06-28T02:07:07.000,-0.18941484517531748,-0.0265413495514899,-0.18136272240676377
741190047.0,2023-06-28T02:07:27.000,-0.5525012154783404,-0.5423454766950719,-0.1452291354842039
741190067.0,2023-06-28T02:07:47.000,-0.8795770010006088,-0.22373400392350362,0.8184588466297882
741190087.0,2023-06-28T02:08:07.000,0.07757494993043679,0.5594256329843894,-0.2955544329608095
741190107.0,2023-06-28T02:08:27.000,0.003707188656054683,-1.143091014710329,0.16421502887498107
741190127.0,2023-06-28T02:08:47.000,-1.1195551381293356,1.0612841959911634,0.15005502207454668
741190147.0,2023-06-28T02:09:07.000,0.11571739576554663,-0.8812778395372867,0.3230428529676921
741190167.0,2023-06-28T02:09:27.000,0.5143745768654284,-0.4237013509711396,0.4365298122643857
741190187.0,2023-06-28T02:09:47.000,-0.46713622716687553,-0.49418136399692614,-0.3740495040038816
741190207.0,2023-06-28T02:10:07.000,0.060299707560496074,-0.11011221617840405,0.7797256795893936
741190227.0,2023-06-28T02:10:27.000,-0.24872708612733163,-1.4002787399269856,1.0754324425987782
741190247.0,2023-06-28T02:10:47.000,-0.3695568442596553,0.6348412410095428,-0.25229435544060763
741190267.0,2023-06-28T02:11:07.000,-0.03145520597325202,-1.1760408538008527,0.04245167724015175
741190287.0,2023-06-28T02:11:27.000,-1.1053060759325106,-0.8606547323819491,0.18059073250142887
741190307.0,2023-06-28T02:11:47.000,0.3824018933840101,-1.7975068398734528,1.075959309149166
741190327.0,2023-06-28T02:12:07.000,1.083516231037418,-0.2618811062005122,-0.5588817423851644
741190347.0,2023-06-28T02:12:27.000,-0.9684599429071739,-1.0618414371776908,-1.399801312063076
741190367.0,2023-06-28T02:12:47.000,-0.6381288206847024,-1.6623050829500663,0.550282887923359
741190387.0,2023-06-28T02:13:07.000,0.016633791477538296,0.1700038351093447,-0.12210590468741955
741190407.0,2023-06-28T02:13:27.000,0.24209883997539094,-0.8819219010747226,-0.6228538429020603
741190427.0,2023-06-28T02:13:47.000,-1.4421740621384238,-0.18969105433086497,1.5609129322746718
741190447.0,2023-06-28T02:14:07.000,2.0232998354074994,-0.7378663649415529,-0.6577273043206766
741190467.0,2023-06-28T02:14:27.000,-0.9153540722728337,-0.27374869741025876,-0.32335655429927
741190487.0,2023-06-28T02:14:47.000,-1.3690032450330847,0.04595682108199384,-0.2623259855338844
741190507.0,2023-06-28T02:15:07.000,-0.3288679604973588,-0.08866617590141956,-0.6215273249066122
741190527.0,2023-06-28T02:15:27.000,-0.6190159325125677,-0.2796394198201213,0.49608181869054135
741190547.0,2023-06-28T02:15:47.000,-0.5648342388142602,-0.9449306288100701,-0.06189352443897178
741190567.0,2023-06-28T02:16:07.000,-0.5140065750364187,-1.8072503727206701,-0.05724418552510713
741190587.0,2023-06-28T02:16:27.000,0.6664546827739315,-0.19725729439867834,-0.3645168395793874
741190607.0,2023-06-28T02:16:47.000,0.27093027651359236,-0.9787276072925621,-0.5099675845610108
741190627.0,2023-06-28T02:17:07.000,-0.10155877901985022,0.7226372185309415,0.14299801865957917
741190647.0,2023-06-28T02:17:27.000,0.4313064630445673,1.1896209453188256,-0.08667674797901981
741190667.0,2023-06-28T02:17:47.000,-0.8334879822657904,0.5487899708667143,-0.278933790631708
741190687.0,2023-06-28T02:18:07.000,0.15729066795699964,0.1797658438440486,-0.6588953561759148
741190707.0,2023-06-28T02:18:27.000,-1.049199626546038,0.24559703917237385,-0.1042684308560915
741190727.0,2023-06-28T02:18:47.000,0.05202217103761342,-0.3087526237344207,0.03206286629531263
741190747.0,2023-06-28T02:19:07.000,-0.22543310814748807,-0.8111544595346132,0.946697334758273
741190767.0,2023-06-28T02:19:27.000,0.014640402790089269,-0.32503300617658937,-0.4663915142422148
741190787.0,2023-06-28T02:19:47.000,-1.4590576718154225,-1.412253225963056,-2.097148438739982
741190807.0,2023-06-28T02:20:07.000,-1.6410039056946601,0.12968803411173013,-0.9800934769765846
741190827.0,2023-06-28T02:20:27.000,-1.8444634260594839,-0.40296096059933006,-0.6717480030560274
741190847.0,2023-06-28T02:20:47.000,-0.7542126582937847,0.027908695354739166,-0.6784003316773202
741190867.0,2023-06-28T02:21:07.000,-0.8049848821189975,-0.3781487411869122,-0.24725123988211806
741190887.0,2023-06-28T02:21:27.000,-0.7867148904328047,1.8045522593546082,-0.09923818656831784
741190907.0,2023-06-28T02:21:47.000,0.15678374092331637,-0.4555155977081782,-0.5580457280274231
741190927.0,2023-06-28T02:22:07.000,-0.232885655793158,0.060831744308487146,0.4279728631484403
741190947.0,2023-06-28T02:22:27.000,0.17106784022669075,-0.23758181235677966,0.671516880634826
741190967.0,2023-06-28T02:22:47.000,-0.559354716644922,-0.9640691148726788,-1.0606961863501851
741190987.0,2023-06-28T02:23:07.000,0.41627445144243325,0.8177628521344182,0.11974794762448226
741191007.0,2023-06-28T02:23:27.000,0.5215544265468885,-1.2733708281809086,-0.702032780541817
741191027.0,2023-06-28T02:23:47.000,-1.0173032484073197,-0.6149975709024424,0.1829101929584631
741191047.0,2023-06-28T02:24:07.000,-0.09799863637249828,-0.46883171025413617,0.6985613554610914
741191067.0,2023-06-28T02:24:27.000,-1.1480622840065458,-0.23891648353036032,-1.636290724449374
741191087.0,2023-06-28T02:24:47.000,0.446720977109738,-1.1861897954212886,-0.8073007652376063
741191107.0,2023-06-28T02:25:07.000,-0.6908321643073201,0.4510225214970909,-0.8475911590921648
741191127.0,2023-06-28T02:25:27.000,0.581673894717305,-0.5203340166404224,0.3385121088106402
741191147.0,2023-06-28T02:25:47.000,-1.4659140129102965,-0.3271084298428484,-0.7537779942223821
741191167.0,2023-06-28T02:26:07.000,-0.4039091769048042,0.36390199390501365,-0.5934290170261924
741191187.0,2023-06-28T02:26:27.000,0.3263557802668515,-1.3831366895811215,0.11990278476758931
741191207.0,2023-06-28T02:26:47.000,0.15298769101557141,-0.9606030101361185,-0.46478836039920424
741191227.0,2023-06-28T02:27:07.000,0.40814093025254294,-0.8668825614677189,0.49770783381308803
741191247.0,2023-06-28T02:27:27.000,0.25166191467418386,0.9790048493885095,0.17371763600948498
741191267.0,2023-06-28T02:27:47.000,-0.7418314997620357,0.4437903652565467,-0.5335864512567845
741191287.0,2023-06-28T02:28:07.000,-0.23696418360863447,-0.11520101229622881,-0.533887655518317
741191307.0,2023-06-28T02:28:27.000,-0.30337328735807745,-1.0705154188439536,0.14746085649219864
741191327.0,2023-06-28T02:28:47.000,-0.3624503503663057,-0.7998517574936415,0.13409305855693887
741191347.0,2023-06-28T02:29:07.000,0.5468755958748517,0.38364938039769925,-1.7660220751780642
741191367.0,2023-06-28T02:29:27.000,-0.9717529118713486,-0.6202789146980692,0.23297092488494542
741191387.0,2023-06-28T02:29:47.000,0.21125302950286695,0.46256305409331233,-1.238967593852891
741191407.0,2023-06-28T02:30:07.000,-0.8572911106674574,1.05573581307139,0.03745879753047632
741191427.0,2023-06-28T02:30:27.000,-0.1730242083275435,-0.4917290403194663,-0.5319713761831046
741191447.0,2023-06-28T02:30:47.000,-1.0898016676086364,0.19032212749126032,-0.8918927391632359
741191467.0,2023-06-28T02:31:07.000,0.6849098340810933,0.941669200416051,-1.5345705300484624
741191487.0,2023-06-28T02:31:27.000,-0.6671376689082464,-0.07032874209667028,-0.8288977339510062
741191507.0,2023-06-28T02:31:47.000,-0.24945617115301744,0.1745321853707793,-1.1180097760243868
741191527.0,2023-06-28T02:32:07.000,-0.1657836345536623,1.0439110021076559,-1.5775657140948418
741191547.0,2023-06-28T02:32:27.000,1.3997690835099164,-0.41190427042536726,-0.4576460882921296
741191567.0,2023-06-28T02:32:47.000,-0.9036690277741677,-0.5584686039616926,0.1084830368869305
741191587.0,2023-06-28T02:33:07.000,0.46825752731960435,-0.41819751821492446,-0.7615299952967725
741191607.0,2023-06-28T02:33:27.000,0.12334488114218445,-0.9728542974540844,-0.7541653874065801
741191627.0,2023-06-28T02:33:47.000,0.44673935224448513,-0.5167077167467227,-0.17695820772045678
741191647.0,2023-06-28T02:34:07.000,0.4854969147372046,-1.055853946341223,-0.7699513052794593
741191667.0,2023-06-28T02:34:27.000,1.0488730841529126,-0.2491860406683699,1.0751576793199824
741191687.0,2023-06-28T02:34:47.000,0.9817597014682988,-0.3956120551484865,-0.09721151204011846
741191707.0,2023-06-28T02:35:07.000,-0.07725450306139692,-1.088915369373833,-0.09291591952509393
741191727.0,2023-06-28T02:35:27.000,0.6670429105404274,-0.5849024017456905,0.0825673273086025
741191747.0,2023-06-28T02:35:47.000,-1.419434476690462,0.061884308377724295,-0.7153071600374261
741191767.0,2023-06-28T02:36:07.000,0.45590233495040877,0.34201031573477536,-1.3494779240397214
741191787.0,2023-06-28T02:36:27.000,-1.4398363831213956,-0.2745625054645373,0.3247499529956954
741191807.0,2023-06-28T02:36:47.000,1.4774137063411352,-0.33015513682954634,0.7558403480101283
741191827.0,2023-06-28T02:37:07.000,-0.41335168095013586,-0.9167596830339519,-0.4572842357775109
741191847.0,2023-06-28T02:37:27.000,-0.9915112782477031,-0.8499027554398353,-0.8024038637532982
741191867.0,2023-06-28T02:37:47.000,0.6980632563324818,0.8782456993650101,-1.4294828003968973
741191887.0,2023-06-28T02:38:07.000,1.2427434649686653,-1.2805350449673902,-0.16513175643551037
741191907.0,2023-06-28T02:38:27.000,-0.54267788486273,-0.02016325193476831,-1.377987182793472
741191927.0,2023-06-28T02:38:47.000,0.3701908172670798,0.1233628576624568,-0.9340986995232115
741191947.0,2023-06-28T02:39:07.000,-0.21458344464653223,-0.4361245772521727,-0.47402532632467853
741191967.0,2023-06-28T02:39:27.000,-1.2700159812140122,-0.3915109449970089,-0.866373464936121
741191987.0,2023-06-28T02:39:47.000,0.43075654306834466,0.4352243953897883,0.665657958787147
741192007.0,2023-06-28T02:40:07.000,0.4831671275407068,-0.38992255620984295,-0.6117841085062636
741192027.0,2023-06-28T02:40:27.000,0.6165926042744907,1.1748418352164336,-0.0617447138417937
741192047.0,2023-06-28T02:40:47.000,2.0322050146681647,-1.3868533197514132,-1.196615250120825
741192067.0,2023-06-28T02:41:07.000,0.8558343758013898,-0.7760973954495931,-0.5249534881790474
741192087.0,2023-06-28T02:41:27.000,-0.5007910024334983,-0.2637539883831863,0.7149493298719278
741192107.0,2023-06-28T02:41:47.000,0.798107269073256,-1.1391743437560997,-0.37090554727559066
741192127.0,2023-06-28T02:42:07.000,-0.7646395104088377,0.9268124685046786,-1.3308973359382748
741192147.0,2023-06-28T02:42:27.000,0.6382007328276096,-0.7960497238057584,-0.8655916163502475
741192167.0,2023-06-28T02:42:47.000,0.5092301201381488,-0.6181712874919754,-0.6130118177072319
741192187.0,2023-06-28T02:43:07.000,0.9994451114714309,-0.14237267198513592,-0.8720786337068631
741192207.0,2023-06-28T02:43:27.000,0.9454584092627449,-0.617279162917761,-0.8175300906909655
741192227.0,2023-06-28T02:43:47.000,-0.26291263836020207,-0.7072783846928665,-0.7915210865738764
741192247.0,2023-06-28T02:44:07.000,-0.3533709652892014,0.2276981713178472,-0.9987795265176125
741192267.0,2023-06-28T02:44:27.000,-0.4648266480056229,-0.6013092736734116,-0.33326603673389243
741192287.0,2023-06-28T02:44:47.000,0.1498946927247502,0.6061116097355601,-1.1620685842261835
741192307.0,2023-06-28T02:45:07.000,-0.5255846996621294,-0.46959844952620955,-1.313390267410064
741192327.0,2023-06-28T02:45:27.000,1.6142521124140607,0.16540929019814854,-0.8375163071394631
741192347.0,2023-06-28T02:45:47.000,-0.2942211576706377,0.20075238598149525,-0.19124704706552365
741192367.0,2023-06-28T02:46:07.000,-0.7702378936325083,0.23692156193577674,0.5971152073125374
741192387.0,2023-06-28T02:46:27.000,0.08650890360728525,-0.19381256026740346,-0.19448645750541615
741192407.0,2023-06-28T02:46:47.000,0.1765978809853408,-0.09422232777334116,0.9399689224642849
741192427.0,2023-06-28T02:47:07.000,0.16556772249876062,-1.5936506664315786,-1.6615037318978843
741192447.0,2023-06-28T02:47:27.000,-0.8320096430813884,-1.702169999251435,-1.0329178020240803
741192467.0,2023-06-28T02:47:47.000,-1.1627383649237544,-0.9494991947356368,0.9540843599165072
741192487.0,2023-06-28T02:48:07.000,-0.04176746941642051,-0.8332206614669602,0.33663042676712607
741192507.0,2023-06-28T02:48:27.000,0.6905137156731911,-0.8270793238951413,-0.04900146431952024
741192527.0,2023-06-28T02:48:47.000,-0.8196115918290836,0.3039667001436541,-0.35180356930952783
741192547.0,2023-06-28T02:49:07.000,-0.130441885159982,-1.192036938124641,-0.24202749331347917
741192567.0,2023-06-28T02:49:27.000,0.04587904199881976,-0.4894624375140211,-0.7027679337134884
741192587.0,2023-06-28T02:49:47.000,-0.014951691984510518,-0.36280970258095735,-0.9838552388119481
741192607.0,2023-06-28T02:50:07.000,-1.0636854533174755,0.10655171994722323,0.07735653168028378
741192627.0,2023-06-28T02:50:27.000,-0.9825723211065451,-0.43307607050513397,-2.1395286582404083
741192647.0,2023-06-28T02:50:47.000,0.5689312976397964,-1.7919162180746184,1.3965085349454398
741192667.0,2023-06-28T02:51:07.000,0.2537731959573186,-0.5524753216579192,-0.6697219433693391
741192687.0,2023-06-28T02:51:27.000,1.4768755940197664,-0.06711796648461998,-0.9839495479058158
741192707.0,2023-06-28T02:51:47.000,-1.2925716697975709,0.5210787413889584,-0.023289022410555305
741192727.0,2023-06-28T02:52:07.000,-0.43890983204564193,0.8452003824488408,-1.2259357070165677
741192747.0,2023-06-28T02:52:27.000,-0.5153456895889974,-0.4459553524127635,-0.8100937935129338
741192767.0,2023-06-28T02:52:47.000,-0.8972306337895475,-1.5443619030941491,-0.42796681065659925
741192787.0,2023-06-28T02:53:07.000,0.24709306837289446,-0.6672215427827588,-0.43240677701783525
741192807.0,2023-06-28T02:53:27.000,0.08645435537468771,0.2346113768592062,0.030047048282799693
741192827.0,2023-06-28T02:53:47.000,0.3126169875300455,-0.37068250952065895,-0.2109115946224982
741192847.0,2023-06-28T02:54:07.000,0.18739937478473578,-0.33256934399705784,0.16322692367731761
741192867.0,2023-06-28T02:54:27.000,-0.9088183547056872,-0.7660428969491484,-0.15995492184117666
741192887.0,2023-06-28T02:54:47.000,0.2853013045145403,0.8055269841156232,-0.7637548201877564
741192907.0,2023-06-28T02:55:07.000,0.37582618573894777,-1.2019828026899049,0.4740563122385133
741192927.0,2023-06-28T02:55:27.000,-0.9062815156668513,0.25243721856194057,0.6279388619745419
741192947.0,2023-06-28T02:55:47.000,0.9250070852284686,-0.808860105860898,0.22661990840555646
741192967.0,2023-06-28T02:56:07.000,1.1280886966891224,-0.09520754657987851,-0.5192749314542056
741192987.0,2023-06-28T02:56:27.000,-0.6837896200262428,-0.08534683693106615,1.356846123723443
741193007.0,2023-06-28T02:56:47.000,1.5116245986601662,0.04182619144366129,-0.16786565221194039
741193027.0,2023-06-28T02:57:07.000,0.743288097138084,-0.3900645331733621,1.5045040227978923
741193047.0,2023-06-28T02:57:27.000,0.009270902145974702,-1.6238731873507994,0.648338377018387
741193067.0,2023-06-28T02:57:47.000,-0.7132216602312447,0.16627978833838597,0.7514536543684613
741193087.0,2023-06-28T02:58:07.000,-0.21114043680103833,-0.8516773933098243,-0.13300363174151286
741193107.0,2023-06-28T02:58:27.000,-1.6861131096002069,-0.2073833409999004,0.5597934934931104
741193127.0,2023-06-28T02:58:47.000,-0.8105757466903007,0.5313173359611234,0.4270533603745186
741193147.0,2023-06-28T02:59:07.000,-0.33128696036444083,-1.0152417832420824,0.403312996566374
741193167.0,2023-06-28T02:59:27.000,-0.05619529271916335,0.19525884555893214,0.14290261723948205
741193187.0,2023-06-28T02:59:47.000,-0.4876277638010684,-1.2656065645488823,1.3859244573977136
741193207.0,2023-06-28T03:00:07.000,0.6431350048519135,0.6713693327609072,0.17905385144567632
741193227.0,2023-06-28T03:00:27.000,-0.8725716817425955,-0.46767536147074296,1.1298612782373318
741193247.0,2023-06-28T03:00:47.000,-1.6517648717462308,-1.081913679712443,-0.09025880063351366
741193267.0,2023-06-28T03:01:07.000,-0.12733008420973135,0.11818260636786704,0.1805945474497861
741193287.0,2023-06-28T03:01:27.000,1.1182023067823899,-1.493545315656153,-0.8409581035206948
741193307.0,2023-06-28T03:01:47.000,-0.7930207396422695,-0.5980596873400579,1.168777911719765
741193327.0,2023-06-28T03:02:07.000,0.5416075761877082,-1.900479310457115,0.21215723124967667
741193347.0,2023-06-28T03:02:27.000,0.10286886469312861,-1.7093357584707647,-0.09177225572809533
741193367.0,2023-06-28T03:02:47.000,-1.066728537635342,-0.7287636325736813,-0.24288847053632878
741193387.0,2023-06-28T03:03:07.000,-0.6999390104511782,-1.3242514521949467,-0.09825100419913468
741193407.0,2023-06-28T03:03:27.000,-1.7065750303579819,-1.1675720558712577,0.8209461372032933
741193427.0,2023-06-28T03:03:47.000,-0.16722747490094392,-0.7142340897048349,0.028620506831167347
741193447.0,2023-06-28T03:04:07.000,0.09124196215237745,-0.8216307089692343,0.9751647491507143
741193467.0,2023-06-28T03:04:27.000,-0.03244725398365844,-1.1703327165379918,0.8234236523962934
741193487.0,2023-06-28T03:04:47.000,-0.81341126857426,-0.41776091692646844,-0.8068382205350666
741193507.0,2023-06-28T03:05:07.000,-1.420342755942272,-0.6910025490469707,0.01281472451486465
741193527.0,2023-06-28T03:05:27.000,0.19242825932686003,-0.8118897221853771,0.5546360128172445
741193547.0,2023-06-28T03:05:47.000,-0.7828206854743058,0.692717258987674,0.2438655436920456
741193567.0,2023-06-28T03:06:07.000,-0.11519568475781838,-0.33757043313986657,0.30895143263709457
741193587.0,2023-06-28T03:06:27.000,0.17317610828682106,-0.8855402203522544,-0.281344338393108
741193607.0,2023-06-28T03:06:47.000,0.5419582055465888,1.1587694419668004,-0.42307111364214833
741193627.0,2023-06-28T03:07:07.000,-0.4712372515203178,-1.110277078508748,1.1586080131631427
741193647.0,2023-06-28T03:07:27.000,-0.6455517672754318,-0.26899189898843545,-0.4367209291866736
741193667.0,2023-06-28T03:07:47.000,-1.4292281660166495,-0.5003580804352481,0.0009265107014932994
741193687.0,2023-06-28T03:08:07.000,-0.5736247049026311,-1.5011038566492552,0.4895488998180042
741193707.0,2023-06-28T03:08:27.000,-0.19432031267418992,-0.12024302570301515,0.6911625261452059
741193727.0,2023-06-28T03:08:47.000,-0.8931479375084983,0.41065085438773963,1.264682460255795
741193747.0,2023-06-28T03:09:07.000,-0.7432775830151783,0.6443634236852347,0.6553988232460561
741193767.0,2023-06-28T03:09:27.000,-0.01753312834917864,-0.9661669876148693,1.3753991622955652
741193787.0,2023-06-28T03:09:47.000,-1.8787572682921194,0.6952237123991623,0.006960117548970857
741193807.0,2023-06-28T03:10:07.000,-0.7922051627362592,-2.104125056057171,0.2512392735187774
741193827.0,2023-06-28T03:10:27.000,0.3820194693249235,0.11470540454139311,0.0904914160937409
741193847.0,2023-06-28T03:10:47.000,-1.5754697708758592,-0.39350571737761797,-1.1903673916235924
741193867.0,2023-06-28T03:11:07.000,0.6514119690659292,-0.9741893994830164,1.0086994153946094
741193887.0,2023-06-28T03:11:27.000,-0.15081734304756012,-0.9354950923912142,-0.3289913181214743
741193907.0,2023-06-28T03:11:47.000,-0.6328028001933994,-1.2480248013369,1.1869097493844016
741193927.0,2023-06-28T03:12:07.000,-1.1831489854174926,-2.1946339704870255,0.4151972936461412
741193947.0,2023-06-28T03:12:27.000,1.006186012708632,-0.3434298814330994,-0.3095953729381762
741193967.0,2023-06-28T03:12:47.000,-0.562157617389758,0.20987581256237675,0.02733672804788867
741193987.0,2023-06-28T03:13:07.000,-1.1048644916966666,-1.2810105357474733,0.3129313762118002
741194007.0,2023-06-28T03:13:27.000,-0.19147751630921306,-1.6335845451687092,0.459253296858364
741194027.0,2023-06-28T03:13:47.000,-1.0725196955885252,-1.0447001531854738,0.9378219433364698
741194047.0,2023-06-28T03:14:07.000,-1.283699172294206,-0.5561575591728207,0.37710892668574303
741194067.0,2023-06-28T03:14:27.000,-0.16690410660213928,-0.16378975965514186,-0.4599419991868636
741194087.0,2023-06-28T03:14:47.000,0.19706284141163266,-0.7887370047754416,0.9521118369382187
741194107.0,2023-06-28T03:15:07.000,-1.7334258734069685,-0.7988004407932792,-0.999960128766908
741194127.0,2023-06-28T03:15:27.000,-0.8502262941023631,-0.7257507377733674,0.22159376154018418
741194147.0,2023-06-28T03:15:47.000,-0.788295936793304,0.20038882356798737,-0.2017066977777482
741194167.0,2023-06-28T03:16:07.000,-0.4376452381493756,-0.9320864033601772,0.4155126131832887
741194187.0,2023-06-28T03:16:27.000,-0.2661364003508915,-0.8604168987957905,0.3146063656589426
741194207.0,2023-06-28T03:16:47.000,-1.4395687115031919,-0.31049825996998237,0.006526064189049663
741194227.0,2023-06-28T03:17:07.000,-0.7278878659144894,-0.02447558142826267,-0.015942554609793547
741194247.0,2023-06-28T03:17:27.000,-0.2716607334418697,-0.6481602777164142,0.8846716257226994
741194267.0,2023-06-28T03:17:47.000,-1.4007573822527597,0.7557932652058064,-0.8107807084378749
741194287.0,2023-06-28T03:18:07.000,-0.8823008139091648,-0.4281913393522352,-0.24111435258378222
741194307.0,2023-06-28T03:18:27.000,-0.8731320982224844,-0.8265144805896796,0.17790059422262416
741194327.0,2023-06-28T03:18:47.000,-0.3380158287935586,-0.5707189131287649,1.3094505966537717
741194347.0,2023-06-28T03:19:07.000,-0.0042762058560796845,0.40599759337789365,0.004237437001286537
741194367.0,2023-06-28T03:19:27.000,-0.9792514157891397,-0.33246453583490876,0.493090849018607
741194387.0,2023-06-28T03:19:47.000,-1.8144436273459519,-0.16278703981464915,-0.09537915600654756
741194407.0,2023-06-28T03:20:07.000,-0.6286117292364501,-0.5301612531982691,0.40774310977598205
741194427.0,2023-06-28T03:20:27.000,-0.5246707589390276,-1.0179415987798812,0.5567687844099112
741194447.0,2023-06-28T03:20:47.000,-1.0023292769112402,0.06474312762572154,-1.0272822395740455
741194467.0,2023-06-28T03:21:07.000,-0.39549696211338414,-0.9106617866794231,-0.35082877426484416
741194487.0,2023-06-28T03:21:27.000,-0.8404469315492769,-0.8869646057285685,-1.079766093903256
741194507.0,2023-06-28T03:21:47.000,0.16794946280374035,0.5326362098045934,-0.7444102027465149
741194527.0,2023-06-28T03:22:07.000,-1.4806384440846365,-0.5306166438900917,0.7927350224590235
741194547.0,2023-06-28T03:22:27.000,-0.9424176604433399,-0.3804990945655007,0.5960118228953704
741194567.0,2023-06-28T03:22:47.000,-0.3175895855300759,-0.7262311443212432,-0.48476137004538344
741194587.0,2023-06-28T03:23:07.000,-0.7598622204452177,-1.0909904299638562,-1.5156190167897599
741194607.0,2023-06-28T03:23:27.000,0.26878561696364045,-0.1675722272942437,-2.208974693496124
741194627.0,2023-06-28T03:23:47.000,-0.3625998478473669,-0.8437953386009056,1.2184890286759398
741194647.0,2023-06-28T03:24:07.000,-0.3535449578762062,-2.6951033480937525,0.10281405879997152
741194667.0,2023-06-28T03:24:27.000,-0.8194913166059692,1.1625745614196603,-1.0908056399472343
741194687.0,2023-06-28T03:24:47.000,0.7906118286715724,-1.171416886724952,-0.9331270155232829
741194707.0,2023-06-28T03:25:07.000,-0.8633679413061479,-0.46302573895040666,-0.47629860858711126
741194727.0,2023-06-28T03:25:27.000,0.26982036918088426,0.48706004306398043,0.155432074178119
741194747.0,2023-06-28T03:25:47.000,-0.08936247675173092,-0.20949247736545829,-0.020548357948513285
741194767.0,2023-06-28T03:26:07.000,-0.9873117831626921,-0.47351367300496605,0.7900365181723323
741194787.0,2023-06-28T03:26:27.000,0.15925366542157704,0.17340054908610014,0.16351353251398137
741194807.0,2023-06-28T03:26:47.000,-0.973117596669848,0.8211058818541339,-0.920103001023076
741194827.0,2023-06-28T03:27:07.000,-0.09817137103240725,-0.2627973762270308,0.48428839295455717
741194847.0,2023-06-28T03:27:27.000,-0.24741271641426366,-0.9809828227069772,0.6714892141657103
741194867.0,2023-06-28T03:27:47.000,-1.1298028118056358,-0.6985877717968769,-0.5296467245452519
741194887.0,2023-06-28T03:28:07.000,-1.947216915343386,0.681846774008843,-0.07198376185124644
741194907.0,2023-06-28T03:28:27.000,-1.1067710550372034,-0.11957157121100792,-1.0174741643886875
741194927.0,2023-06-28T03:28:47.000,1.2822566137216107,0.7081925127994104,0.510658287089516
741194947.0,2023-06-28T03:29:07.000,-0.22642709480713563,-0.07397244327078667,-1.36044208162156
741194967.0,2023-06-28T03:29:27.000,-0.24384338578320452,-0.49480906678667225,-0.47155069102799985
741194987.0,2023-06-28T03:29:47.000,-0.20884695303147183,0.062567082481646,-0.6819359656295987
741195007.0,2023-06-28T03:30:07.000,-0.7936231359417789,-1.3272868991553999,-0.8478506191123003
741195027.0,2023-06-28T03:30:27.000,-0.3709316714783917,-0.41440140482462695,-0.6436052655822699
741195047.0,2023-06-28T03:30:47.000,0.4354079740087613,-0.03580933499724992,-0.8346685227311745
741195067.0,2023-06-28T03:31:07.000,-0.03062997119274158,-0.4441239379926465,0.16501655611955712
741195087.0,2023-06-28T03:31:27.000,0.1419220287957046,0.3372972962267795,-0.14083839477985194
741195107.0,2023-06-28T03:31:47.000,-0.15571243930923018,0.2792135633700177,-0.187952431718319
741195127.0,2023-06-28T03:32:07.000,-0.8173171954228842,0.28237012761334057,-1.3399657705748247
741195147.0,2023-06-28T03:32:27.000,0.41988181175289796,1.076865102622726,-0.8552054240440476
741195167.0,2023-06-28T03:32:47.000,-1.0194090872106543,-0.11436341433856967,0.519750858585244
741195187.0,2023-06-28T03:33:07.000,-0.951397387671804,-0.39021137994144084,-0.022778666719514007
741195207.0,2023-06-28T03:33:27.000,-0.647684496601908,-0.27360764996986475,-1.2358942692247687
741195227.0,2023-06-28T03:33:47.000,-0.9191262268948286,-0.8982227436837853,0.726501537995361
741195247.0,2023-06-28T03:34:07.000,0.50279210155324,0.4433579317342229,-0.3918162823857152
741195267.0,2023-06-28T03:34:27.000,-0.5975235302546622,-0.18420925601558835,0.047772385913802395
741195287.0,2023-06-28T03:34:47.000,-1.3546676419950998,0.7625637107100403,0.4338371079048997
741195307.0,2023-06-28T03:35:07.000,-0.39151374882084866,0.5291404052920612,-0.16648866302260146
741195327.0,2023-06-28T03:35:27.000,-1.1898693288991957,1.051743736435462,0.09634014069836994
741195347.0,2023-06-28T03:35:47.000,-1.8984747968686655,-0.21297553743915287,0.7156910625805146
741195367.0,2023-06-28T03:36:07.000,-1.3868099386860067,0.273729622635166,-0.23248307099432708
741195387.0,2023-06-28T03:36:27.000,-1.2992127835564915,-0.3992842829037002,0.8025913803222373
741195407.0,2023-06-28T03:36:47.000,-0.7676070261752876,-0.39064593060356145,-0.30154856848207956
741195427.0,2023-06-28T03:37:07.000,-0.4803681692755468,-0.8972891153757878,-0.5600520211257454
741195447.0,2023-06-28T03:37:27.000,-0.7684506891481035,0.2791718340500182,-0.1444670147177085
741195467.0,2023-06-28T03:37:47.000,-0.5482072489293444,-0.3039595575571319,0.3770566789129681
741195487.0,2023-06-28T03:38:07.000,-0.257963125094296,0.3094292887917405,-0.14695959772437206
741195507.0,2023-06-28T03:38:27.000,-0.210731336880432,1.747333121160377,0.5930113883945154
741195527.0,2023-06-28T03:38:47.000,-1.277021649992438,0.006949441322401384,-0.4183530523338419
741195547.0,2023-06-28T03:39:07.000,-0.08716950917753152,0.40824383054083313,0.03554673282391008
741195567.0,2023-06-28T03:39:27.000,-0.9717244115026169,-0.3153060049387868,-0.3114339470977612
741195587.0,2023-06-28T03:39:47.000,1.152609737820054,0.40910939882454755,0.30801969967964027
741195607.0,2023-06-28T03:40:07.000,-1.2148656195365426,0.6819514473122013,-0.49783287172644464
741195627.0,2023-06-28T03:40:27.000,-0.4606469604095942,0.36445445751320804,0.8725619987881572
741195647.0,2023-06-28T03:40:47.000,0.48405230334003235,-1.4106806091263024,-0.6209408413782036
741195667.0,2023-06-28T03:41:07.000,-1.105432565517983,-0.24644989942146367,0.3945288082563003
741195687.0,2023-06-28T03:41:27.000,1.665145005413926,0.21522207169777374,0.3035297850062513
741195707.0,2023-06-28T03:41:47.000,-0.32406717116462147,-0.14036622011381894,-0.6617712670187181
741195727.0,2023-06-28T03:42:07.000,-0.6489275279797369,-0.6802868746658142,1.394180470903894
741195747.0,2023-06-28T03:42:27.000,-0.36300170849212776,-0.8317378212829851,0.13322956884387338
741195767.0,2023-06-28T03:42:47.000,-0.14442710014606064,-0.7544967190686869,0.3856688737369218
741195787.0,2023-06-28T03:43:07.000,-0.6538269246347816,-0.12675346215962335,0.046906240758204376
741195807.0,2023-06-28T03:43:27.000,-0.470271357588814,0.4294982756780641,0.21978289841406706
741195827.0,2023-06-28T03:43:47.000,-0.23850155000948448,-0.257755224697398,-0.9057421332947513
741195847.0,2023-06-28T03:44:07.000,-0.7451958513593482,0.278055786029352,0.7279588920328095
741195867.0,2023-06-28T03:44:27.000,0.10490819289943332,1.2530317592851503,-0.8031317256906867
741195887.0,2023-06-28T03:44:47.000,-0.46815599223926085,-0.5241621571117072,-1.0163300523169383
741195907.0,2023-06-28T03:45:07.000,-1.1437855165330468,0.05760943262433926,-0.4057523048550671
741195927.0,2023-06-28T03:45:27.000,0.8488131370110175,-0.9989868644977307,0.1805892064887793
741195947.0,2023-06-28T03:45:47.000,1.1615070011128381,0.6412836791924725,0.4669545543567466
741195967.0,2023-06-28T03:46:07.000,0.47767300418444236,1.1721886105098278,0.01776802661668242
741195987.0,2023-06-28T03:46:27.000,-0.005524284729663265,1.9757204511416937,0.3238654550208331
741196007.0,2023-06-28T03:46:47.000,-1.9374229955348987,-0.6918374407693939,-1.0044993184910034
741196027.0,2023-06-28T03:47:07.000,-0.5591427112650038,0.529201970644877,0.9858125935569007
741196047.0,2023-06-28T03:47:27.000,-0.5190113973929655,-0.19328396939632952,-1.1444377956304486
741196067.0,2023-06-28T03:47:47.000,-0.8691637771840455,1.6508984847174446,-0.7550584080973088
741196087.0,2023-06-28T03:48:07.000,0.3658559678876294,-0.8274204606140145,-0.5057527557417174
741196107.0,2023-06-28T03:48:27.000,-0.19329215724672721,0.4959126587378293,-0.6907832166613836
741196127.0,2023-06-28T03:48:47.000,-0.053734796079396574,-1.513264647090562,-1.5937678218502782
741196147.0,2023-06-28T03:49:07.000,0.186785973121939,-0.4181529334124079,-0.18999080891868303
741196167.0,2023-06-28T03:49:27.000,-1.3731823800378073,0.721068882236775,-0.5732695820714895
741196187.0,2023-06-28T03:49:47.000,-0.48523436745329107,0.6511041619861047,-0.6292082820769096
741196207.0,2023-06-28T03:50:07.000,-0.5518727630549058,-0.06091859733325933,-1.0320991849499528
741196227.0,2023-06-28T03:50:27.000,-0.661735390916629,-0.4522018649200099,0.15498211863862466
741196247.0,2023-06-28T03:50:47.000,-1.697615434792521,-0.36099929362487515,-0.14048743282035758
741196267.0,2023-06-28T03:51:07.000,-1.4579989421448225,-0.7808163254630074,-0.4146708854291248
741196287.0,2023-06-28T03:51:27.000,-0.1866749667178702,-0.8230284255783538,1.0815766619320932
741196307.0,2023-06-28T03:51:47.000,-0.8208022562627981,0.2676692835379413,0.05521890817927755
741196327.0,2023-06-28T03:52:07.000,-0.16244438617585288,-0.33687862039943894,-0.8555273477650616
741196347.0,2023-06-28T03:52:27.000,-0.42063829059912905,0.6500967671851932,0.10899570339617526
741196367.0,2023-06-28T03:52:47.000,-0.8785731653859763,-0.9656924896073171,-0.7460768374101256
741196387.0,2023-06-28T03:53:07.000,-1.6533283202835314,0.020110786336235975,-0.1243233423875445
741196407.0,2023-06-28T03:53:27.000,-1.0925814977746917,0.07225369196284248,-0.02474420635056873
741196427.0,2023-06-28T03:53:47.000,-1.2247030006129478,-0.3770208254594287,1.2426177331437138
741196447.0,2023-06-28T03:54:07.000,-0.1024480035471953,-0.42018107526686777,-0.5787923660016681
741196467.0,2023-06-28T03:54:27.000,-0.7535553340654033,-0.9224783007799608,-1.7858742751286627
741196487.0,2023-06-28T03:54:47.000,-0.25039089548428706,-0.37654258577823896,-0.08416001175959309
741196507.0,2023-06-28T03:55:07.000,0.3183557588548602,-0.037919972362132626,-0.3797271115546508
741196527.0,2023-06-28T03:55:27.000,-0.0689054619695817,-0.07019839386446236,-1.986894170291631
741196547.0,2023-06-28T03:55:47.000,-1.4707920621748194,0.26761090656801656,-0.023085401457123567
741196567.0,2023-06-28T03:56:07.000,-0.8647247946025338,1.537205819901466,-0.8578524858471326
741196587.0,2023-06-28T03:56:27.000,-0.8935010633703833,-1.0986651250433077,-0.8260338074883578
741196607.0,2023-06-28T03:56:47.000,-0.10005360546738729,0.5115237318054078,-1.3690678747679819
741196627.0,2023-06-28T03:57:07.000,-1.7419247741234933,0.2716043131067991,0.2333320198055766
741196647.0,2023-06-28T03:57:27.000,-0.6824901241153647,0.30238992266840015,-0.018920105182562708
741196667.0,2023-06-28T03:57:47.000,0.8311839551300437,0.3886214403614474,-1.0370731162168134
741196687.0,2023-06-28T03:58:07.000,0.21559022946870954,0.7247700880785857,-0.21724130204736625
741196707.0,2023-06-28T03:58:27.000,1.2434385817328142,-0.37462476933924904,0.2665764795906078
741196727.0,2023-06-28T03:58:47.000,-0.05829531957157741,1.2910452175995957,0.1120040995949978
741196747.0,2023-06-28T03:59:07.000,1.3520229544927709,0.388669613859971,-0.968570570714089
741196767.0,2023-06-28T03:59:27.000,-1.3827703454594165,1.6927292803448069,-0.8985710186926177
741196787.0,2023-06-28T03:59:47.000,-0.5062950385936738,-0.213327015619047,-1.1507960167467246
741196807.0,2023-06-28T04:00:07.000,-0.5919390365871635,0.3655933846657966,-0.8714688242372759
741196827.0,2023-06-28T04:00:27.000,-0.9367938132887055,-1.0752150518267278,-0.3113397183396316
741196847.0,2023-06-28T04:00:47.000,-0.3586411069456119,0.25173123076038806,-0.916254947613826
741196867.0,2023-06-28T04:01:07.000,-1.0718484207861145,-1.9529606831047985,0.3008872846543831
741196887.0,2023-06-28T04:01:27.000,0.5359426466289285,1.1103243114596317,-1.0635508780998393
741196907.0,2023-06-28T04:01:47.000,0.2808269882303982,0.8789949572540756,1.1844840405172974
741196927.0,2023-06-28T04:02:07.000,0.3058799158295322,1.8353381343372277,0.8410485034748838
741196947.0,2023-06-28T04:02:27.000,-0.21276720741925104,-0.21913916634641595,0.8284922594303801
741196967.0,2023-06-28T04:02:47.000,0.5862019089142301,0.2014968221941693,0.08004580301923525
741196987.0,2023-06-28T04:03:07.000,0.370980969044421,0.789449651750207,0.14167531627862218
741197007.0,2023-06-28T04:03:27.000,0.5458648298706237,1.1750561055845488,-1.0157636028296224
741197027.0,2023-06-28T04:03:47.000,-1.235921742215318,-0.3361286774583583,-2.1187436592517983
741197047.0,2023-06-28T04:04:07.000,0.4604132414320894,-0.07195078935984256,-0.9717911947149105
741197067.0,2023-06-28T04:04:27.000,-0.20279348896812266,-0.1813164429931291,-1.2282612967040585
741197087.0,2023-06-28T04:04:47.000,-0.7087467238764411,-0.43567393549492905,-0.8552971969000289
741197107.0,2023-06-28T04:05:07.000,0.2976432451839983,0.16057609152353436,-0.7180277493912257
741197127.0,2023-06-28T04:05:27.000,0.725952711078115,0.47086223180503595,-0.9683188759157524
741197147.0,2023-06-28T04:05:47.000,-0.30357978088035864,0.9384268252810024,0.10177092838459245
741197167.0,2023-06-28T04:06:07.000,0.31047340848244787,-1.0300129167917227,0.6775789841872992
741197187.0,2023-06-28T04:06:27.000,0.37672724266801794,0.5228205384955054,0.1291874628273071
741197207.0,2023-06-28T04:06:47.000,0.8432993287676993,-0.9224852705380648,-0.46781521280125915
741197227.0,2023-06-28T04:07:07.000,-0.7524364367572645,-0.18109658719289712,-2.6570305672324324
741197247.0,2023-06-28T04:07:27.000,-1.108292267593125,-1.0198148982620836,-0.6513460044321739
741197267.0,2023-06-28T04:07:47.000,-0.39545951586728023,0.7159179530868975,-0.1180922888144309
741197287.0,2023-06-28T04:08:07.000,1.0174180014144163,0.3625440931798174,-0.9574260801836765
741197307.0,2023-06-28T04:08:27.000,-0.5948953213041897,0.5222855723907571,-0.49787909991438895
741197327.0,2023-06-28T04:08:47.000,-0.759669637728777,-0.9909547593500712,0.8463327109131669
741197347.0,2023-06-28T04:09:07.000,-1.0398025120594845,0.8754130398580529,-0.12767230985755162
741197367.0,2023-06-28T04:09:27.000,-0.12693049444845173,-1.6031658393811377,0.35402502669423797
741197387.0,2023-06-28T04:09:47.000,0.08190440382582764,-1.2716815083302357,-0.9376445398778799
741197407.0,2023-06-28T04:10:07.000,0.3078352958540975,-0.42947109392121874,-1.1041120677401928
741197427.0,2023-06-28T04:10:27.000,-0.1186035802902552,0.46015908883312306,-0.11956449597061436
741197447.0,2023-06-28T04:10:47.000,1.0156283892892581,0.3503918313829679,0.6625121096393016
741197467.0,2023-06-28T04:11:07.000,-0.21655717535873364,0.3188630267492165,-0.8339976842797192
741197487.0,2023-06-28T04:11:27.000,-0.4005852573318869,-0.26666463827096365,-0.3876282180903523
741197507.0,2023-06-28T04:11:47.000,0.5285019301526361,0.4281059659105857,-1.533609682247139
741197527.0,2023-06-28T04:12:07.000,-0.9134171198410534,-0.47823078936914953,-1.7263461271510572
741197547.0,2023-06-28T04:12:27.000,-0.5086574476287353,-0.3113632952134182,0.22342535122010787
741197567.0,2023-06-28T04:12:47.000,0.20757525435177726,0.2974851018855418,1.713049018070567
741197587.0,2023-06-28T04:13:07.000,-0.8937742320247466,2.273203588265549,-0.2721906556812925
741197607.0,2023-06-28T04:13:27.000,0.28306287523927054,-0.09377885125116947,0.25731573088938475
741197627.0,2023-06-28T04:13:47.000,-0.22496114191472572,0.16206792311512785,-0.21406787572564312
741197647.0,2023-06-28T04:14:07.000,-0.7976669253784152,-0.046292207167564214,-1.435253206483189
741197667.0,2023-06-28T04:14:27.000,-0.31084690508276225,1.349436196118603,0.29288299445706656
741197687.0,2023-06-28T04:14:47.000,-0.09710735862089592,0.04638488400043883,-1.6029009405116312
741197707.0,2023-06-28T04:15:07.000,0.34747088653031,1.6667339564180317,-0.08814345543450841
741197727.0,2023-06-28T04:15:27.000,-0.057227229455225626,0.7969974716526274,-0.63934545994071
741197747.0,2023-06-28T04:15:47.000,-0.6790253086808029,-0.0863794106575888,0.9601521631763532
741197767.0,2023-06-28T04:16:07.000,-0.742349541937859,0.42256227513748357,-1.1550359698686563
741197787.0,2023-06-28T04:16:27.000,-0.8426320455390268,-1.9659781912428897,-0.06770500403652235
741197807.0,2023-06-28T04:16:47.000,0.811093470087787,0.3434427005788443,-0.4475093772215999
741197827.0,2023-06-28T04:17:07.000,0.2221838316662783,0.1630627182946931,-1.3218135481163351
741197847.0,2023-06-28T04:17:27.000,-0.6080023143284485,-0.7533293998940316,-0.43608836285402575
741197867.0,2023-06-28T04:17:47.000,-0.7603515386311877,1.621222508674247,-0.7215675396854415
741197887.0,2023-06-28T04:18:07.000,0.12369788133792525,-0.27745965148762153,-0.7299795826143374
741197907.0,2023-06-28T04:18:27.000,-0.40516187431727246,-0.462854472715879,-0.2853519428080986
741197927.0,2023-06-28T04:18:47.000,1.1353930943425183,-0.5879370856831656,-1.5847129631874068
741197947.0,2023-06-28T04:19:07.000,-0.6838545138165841,0.16355933850631388,-0.9126646038914998
741197967.0,2023-06-28T04:19:27.000,-1.2026018427424567,0.280066538693724,-0.7355086273030942
741197987.0,2023-06-28T04:19:47.000,-0.21016165637766093,0.04297579335732493,-0.372640934509505
741198007.0,2023-06-28T04:20:07.000,-0.7510761134366106,0.46141857205084236,-0.5250435435089074
741198027.0,2023-06-28T04:20:27.000,1.2372630202373003,-0.5720233129835606,-0.8529500109877297
741198047.0,2023-06-28T04:20:47.000,0.7019239648187181,0.49912623177883475,-0.8494614070486683
741198067.0,2023-06-28T04:21:07.000,-0.9376462629329119,-0.30272804769637673,-0.3214718138688788
741198087.0,2023-06-28T04:21:27.000,-0.632727712190917,0.4265577683737476,-1.8476436813519292
741198107.0,2023-06-28T04:21:47.000,-0.05003706808892616,0.41385924087755654,-2.077710415882006
741198127.0,2023-06-28T04:22:07.000,-0.8407421979939045,0.5266263582548447,-3.245625898873339
741198147.0,2023-06-28T04:22:27.000,-0.6984530269815714,0.40130326964815666,-1.117350804613615
741198167.0,2023-06-28T04:22:47.000,0.7262842086408483,-0.0075921690600999625,-0.9703164963181798
741198187.0,2023-06-28T04:23:07.000,0.9017136084144006,-0.35185104569901426,-1.6384127535351567
741198207.0,2023-06-28T04:23:27.000,-0.3950554818277219,0.12761022165630465,1.0974709502842295
741198227.0,2023-06-28T04:23:47.000,0.2665727996009615,0.5724780775095972,-1.2165046940793012
741198247.0,2023-06-28T04:24:07.000,-1.7532121456942384,-0.10341423913873271,0.048677901876015284
741198267.0,2023-06-28T04:24:27.000,-0.39314312895166736,-1.4447316299293078,-0.34358823649549564
741198287.0,2023-06-28T04:24:47.000,-0.0837680839027577,-1.1971158989765307,-0.5827559497628698
741198307.0,2023-06-28T04:25:07.000,-0.3504239210472271,-0.1651521285728208,-1.101545748949384
741198327.0,2023-06-28T04:25:27.000,-0.34900003510474065,-0.519417725597382,-0.5509158579664053
741198347.0,2023-06-28T04:25:47.000,0.8707819829867347,-1.061129401114247,0.3963505950443924
741198367.0,2023-06-28T04:26:07.000,0.3559950733200701,0.10796010578850712,-0.8682861161068978
741198387.0,2023-06-28T04:26:27.000,-0.6624071145933108,0.7698452097804065,0.0548410030387636
741198407.0,2023-06-28T04:26:47.000,-0.39597098600019365,0.7983926098242833,-0.8732834745006635
741198427.0,2023-06-28T04:27:07.000,1.1152634424971275,0.11707647827874368,-1.3184541790667303
741198447.0,2023-06-28T04:27:27.000,-0.1082819062747653,-0.7485383617278352,-1.5220414042116381
741198467.0,2023-06-28T04:27:47.000,0.144378240296561,-0.16297202594106608,-1.1585244711898035
741198487.0,2023-06-28T04:28:07.000,1.133592947377693,-0.605655666185978,-1.6749824281570014
741198507.0,2023-06-28T04:28:27.000,0.8321629267671327,-0.5406682497044457,0.7553911299140736
741198527.0,2023-06-28T04:28:47.000,0.8729393944695296,-1.751806813243828,0.10835187067570473
741198547.0,2023-06-28T04:29:07.000,1.7940467525234816,-1.1486392087145525,-0.7668162058660499
741198567.0,2023-06-28T04:29:27.000,0.9048011959333913,-0.5654238128371958,-1.1895047467347375
741198587.0,2023-06-28T04:29:47.000,-0.996586340751282,-0.35469471193483315,-0.3920602598905809
741198607.0,2023-06-28T04:30:07.000,-0.625424013811493,0.16404315679174886,0.5248289646542226
741198627.0,2023-06-28T04:30:27.000,0.5045565148020792,0.1079270920967268,-0.9940510350858744
741198647.0,2023-06-28T04:30:47.000,0.790902202962851,-0.08028226137213323,-0.4032831381173274
741198667.0,2023-06-28T04:31:07.000,-0.054999557341783856,0.37433188505575643,0.7481544957221864
741198687.0,2023-06-28T04:31:27.000,1.0505820054240722,-0.5005311584871386,0.27730780371992836
741198707.0,2023-06-28T04:31:47.000,0.37355130192429087,-0.8263737838021257,-1.2004824791578272
741198727.0,2023-06-28T04:32:07.000,-0.06883851665362428,1.1141096574296405,-0.4953945726637876
741198747.0,2023-06-28T04:32:27.000,0.16406865782636615,-0.29169484427882253,-1.221026710740425
741198767.0,2023-06-28T04:32:47.000,0.7932713356861854,-0.7492594966462818,-1.8052671995616443
741198787.0,2023-06-28T04:33:07.000,0.40660269348125055,-0.9558014933519487,1.650701281563638
741198807.0,2023-06-28T04:33:27.000,-0.27235959424443124,-0.31837222185249203,-0.4067701275478619
741198827.0,2023-06-28T04:33:47.000,-0.7447892331868822,0.18127764855879747,0.6188698275511051
741198847.0,2023-06-28T04:34:07.000,0.15004645199656608,-0.5515521755650177,-1.2158645126714163
741198867.0,2023-06-28T04:34:27.000,-0.45098205683213877,-0.8958064100172969,0.05210685103396173
741198887.0,2023-06-28T04:34:47.000,2.001705446663671,0.6127059675953284,-1.6474888297590695
741198907.0,2023-06-28T04:35:07.000,-0.3420222086547575,-1.199561374432001,-1.5716221774986217
741198927.0,2023-06-28T04:35:27.000,-0.5942544619386148,-1.215492117589978,0.6512359725152628
741198947.0,2023-06-28T04:35:47.000,0.18016639290463488,-1.7843419838015073,-1.2263174793636367
741198967.0,2023-06-28T04:36:07.000,0.6926999446377202,-1.8528038217002774,-0.804157463785149
741198987.0,2023-06-28T04:36:27.000,-0.4683726111287534,-0.03419826711814622,-0.7093933407698039
741199007.0,2023-06-28T04:36:47.000,0.14973174876642403,0.21716429917661983,-1.1778785520943913
741199027.0,2023-06-28T04:37:07.000,0.6413214836520353,0.5342653668138908,-1.145869947694056
741199047.0,2023-06-28T04:37:27.000,0.6495002811579553,-0.324535902251899,-1.9779310687639828
741199067.0,2023-06-28T04:37:47.000,0.6965729869912174,-0.7994126908106303,-0.7934550698807108
741199087.0,2023-06-28T04:38:07.000,1.1048927617829385,-0.2988934236780594,-0.26198383612507925
741199107.0,2023-06-28T04:38:27.000,-0.2171114031224164,-0.7087336610922534,-1.001407473011362
741199127.0,2023-06-28T04:38:47.000,-0.636340633219934,-0.04995355279424629,-1.477106382041793
741199147.0,2023-06-28T04:39:07.000,0.08119282499663427,0.15806013504704453,0.34288897921008754
741199167.0,2023-06-28T04:39:27.000,0.768152472863104,0.2722550138334334,-0.7804230834573822
741199187.0,2023-06-28T04:39:47.000,0.9398928539794404,-0.9096416115017547,0.24974528075594193
741199207.0,2023-06-28T04:40:07.000,0.7896519969574634,-0.856264792203909,-0.5289876014225037
741199227.0,2023-06-28T04:40:27.000,-0.03942592902150821,1.6256061278085987,-1.8738969631004743
741199247.0,2023-06-28T04:40:47.000,-0.8920622566965797,0.46463001842633744,-1.0485748234367875
741199267.0,2023-06-28T04:41:07.000,0.7362127543597552,-0.3311782488246706,-0.2508182034066664
741199287.0,2023-06-28T04:41:27.000,0.7871663482039715,-0.9118393687446158,-1.0427642873178655
741199307.0,2023-06-28T04:41:47.000,-0.9037576936488101,0.7083963972087659,0.5566824520020219
741199327.0,2023-06-28T04:42:07.000,-0.3485358916810455,-1.1920770913720347,-0.7936342953152042
741199347.0,2023-06-28T04:42:27.000,0.2340934411315665,-0.40461172102768117,1.0918284276684176
741199367.0,2023-06-28T04:42:47.000,0.2104012450931947,-1.006837164507779,-0.2874327600266291
741199387.0,2023-06-28T04:43:07.000,0.1174799571623808,-0.8782546291885573,-0.5550087383676683
741199407.0,2023-06-28T04:43:27.000,-0.14024185116534582,-2.323815129057216,-0.43911256724094017
741199427.0,2023-06-28T04:43:47.000,-1.2384509376350827,0.40427837860734783,-0.36062692159166687
741199447.0,2023-06-28T04:44:07.000,-1.2154036225120457,0.12964323274911038,-0.27784595021396186
741199467.0,2023-06-28T04:44:27.000,-0.16825218388527574,-1.0716941925559276,-0.4289134989177157
741199487.0,2023-06-28T04:44:47.000,-0.23786557067362324,-0.2577747862164692,0.22991069578148782
741199507.0,2023-06-28T04:45:07.000,-0.07372955785900359,-0.5055164172595994,-0.924127473744818
741199527.0,2023-06-28T04:45:27.000,0.004606510572990885,-0.8199156526056406,-1.0187154078633576
741199547.0,2023-06-28T04:45:47.000,-0.22953564036143348,-0.7932655897824326,-0.1464991211341804
741199567.0,2023-06-28T04:46:07.000,-0.1936050239792486,-0.4650293181862608,-0.6384980864027057
741199587.0,2023-06-28T04:46:27.000,0.7199851002059887,-0.7961149561253045,0.4915700297147829
741199607.0,2023-06-28T04:46:47.000,0.6657335601456538,-0.41055317129279345,-1.1223875760468793
741199627.0,2023-06-28T04:47:07.000,-0.03779118374902524,-0.5725793548627678,0.0315158567243401
741199647.0,2023-06-28T04:47:27.000,-0.4236023398385136,-0.740527260378876,-0.09866121839507969
741199667.0,2023-06-28T04:47:47.000,-0.19479804149735713,-1.0711284448405856,-0.20081661387116867
741199687.0,2023-06-28T04:48:07.000,1.4398136871762723,-0.31763554876329536,-0.26647460964479563
741199707.0,2023-06-28T04:48:27.000,0.44004449474277507,-0.7753499957074972,-0.7882020567562265
741199727.0,2023-06-28T04:48:47.000,1.2108814764877351,-1.1888666970882866,-0.7129710579589776
741199747.0,2023-06-28T04:49:07.000,-0.821291216801523,-2.4603130638456427,-1.2387038962891062
741199767.0,2023-06-28T04:49:27.000,0.03615007876378584,-0.5230439646064511,-0.11733603485497568
741199787.0,2023-06-28T04:49:47.000,1.1491815339992328,-0.4247593557216156,-1.0457965640475742
741199807.0,2023-06-28T04:50:07.000,-0.049851360806041356,-1.5966926557586802,0.02313305097478846
741199827.0,2023-06-28T04:50:27.000,-0.25053804421082404,-0.8823891333609168,0.5222421566863922
741199847.0,2023-06-28T04:50:47.000,0.8298274411289164,-1.7866743491690151,-0.2753100772023842
741199867.0,2023-06-28T04:51:07.000,0.24881019737854615,0.23405343763105435,1.0780635624541013
741199887.0,2023-06-28T04:51:27.000,-0.40774172045399126,-0.5133329093798267,0.06472169040705467
741199907.0,2023-06-28T04:51:47.000,0.8780790195950239,-0.5387718621241433,-1.0932868536150941
741199927.0,2023-06-28T04:52:07.000,1.2379522575045598,-0.6109524325781379,-0.36729552459480175
741199947.0,2023-06-28T04:52:27.000,0.08395509367709053,-1.0356479565598598,0.04370073253268103
741199967.0,2023-06-28T04:52:47.000,-0.3038118268627876,0.31003159253195633,-0.06342732109532179
741199987.0,2023-06-28T04:53:07.000,1.1721986566737286,-0.2397930255693126,-0.6522152093402234
741200007.0,2023-06-28T04:53:27.000,0.1185486136590086,0.22634090525164297,-2.055854674098967
741200027.0,2023-06-28T04:53:47.000,-0.1636817484884645,-0.2070252193009381,0.7325286194626024
741200047.0,2023-06-28T04:54:07.000,-0.346423069863544,-0.07899407984401918,-0.0658001471642855
741200067.0,2023-06-28T04:54:27.000,0.012263592408245927,-2.1491383588756463,-1.5677238095368473
741200087.0,2023-06-28T04:54:47.000,-0.8368062574204416,-1.2031664590961277,-1.278221486555875
741200107.0,2023-06-28T04:55:07.000,-0.5309694720234681,-0.3406247015447228,-0.3910550444463645
741200127.0,2023-06-28T04:55:27.000,-0.613479209399248,-1.7876915759384993,-0.3082766677597881
741200147.0,2023-06-28T04:55:47.000,-0.09650084554779781,-1.035571061103191,-1.1248179005551862
741200167.0,2023-06-28T04:56:07.000,-0.13121354902612126,-1.224710031622056,-0.24534693300326538
741200187.0,2023-06-28T04:56:27.000,-1.737962218173461,-2.1963343264097546,0.3122856061743562
741200207.0,2023-06-28T04:56:47.000,-0.3480500095465189,0.4537824461192663,-1.7244330924537365
741200227.0,2023-06-28T04:57:07.000,0.3038159034352006,-0.576775928418094,-0.458789946933269
741200247.0,2023-06-28T04:57:27.000,0.5155832728753751,0.003698411477071062,-1.3120606755401276
741200267.0,2023-06-28T04:57:47.000,1.3621725946877383,-0.7233091355196564,-1.3589469563313195
741200287.0,2023-06-28T04:58:07.000,0.679167150052784,-0.603389593556436,0.9805497285464426
741200307.0,2023-06-28T04:58:27.000,0.11097966415851701,-1.7949757301516378,0.6032979905312708
741200327.0,2023-06-28T04:58:47.000,-0.9655886346493503,-1.370376002407525,0.2101919726604784
741200347.0,2023-06-28T04:59:07.000,0.027750496467415786,-1.8478646919617425,-0.5173641727362899
741200367.0,2023-06-28T04:59:27.000,-0.3742324241495787,-0.4315955785427761,0.9198457318504438
741200387.0,2023-06-28T04:59:47.000,1.1982893923789817,-1.641258388229705,0.4492604294248359
741200407.0,2023-06-28T05:00:07.000,0.31498051193956655,-0.8852546189097588,-0.1326769797360683
741200427.0,2023-06-28T05:00:27.000,-0.3808157694851211,-1.352406992227717,-0.5921742068037972
741200447.0,2023-06-28T05:00:47.000,0.19765928850334902,-1.7273525093286501,0.4134943110245537
741200467.0,2023-06-28T05:01:07.000,-0.838665284053075,-0.7965825617461952,-0.8807497402396613
741200487.0,2023-06-28T05:01:27.000,0.2277513753257132,-0.8409532895048422,-0.6765102596117956
741200507.0,2023-06-28T05:01:47.000,-0.048053659817970384,-1.3590868336743611,-0.44984228868560905
741200527.0,2023-06-28T05:02:07.000,-1.1384653805679434,-2.4277310630482773,-1.2505888217662076
741200547.0,2023-06-28T05:02:27.000,0.032344430334063645,-2.1120694687848385,-1.3206377777685852
741200567.0,2023-06-28T05:02:47.000,0.0867461500297928,-1.3173436541613626,1.5340254829077082
741200587.0,2023-06-28T05:03:07.000,-0.6743508023987488,-0.058442210570941455,-0.4534027282954156
741200607.0,2023-06-28T05:03:27.000,-0.548573887748649,-0.3206932811639085,0.23718728904276176
741200627.0,2023-06-28T05:03:47.000,-1.7583797079057106,-0.4219238208147402,0.13586173779334132
741200647.0,2023-06-28T05:04:07.000,-1.3219805313435806,-0.6038340891634242,0.24189444344235866
741200667.0,2023-06-28T05:04:27.000,1.9774045311837796,-1.9943127126054172,0.13262595185414838
741200687.0,2023-06-28T05:04:47.000,-0.29233268182826677,-1.0985287511311448,0.9822646860557782
741200707.0,2023-06-28T05:05:07.000,0.36842740568365784,-1.8969447541095086,0.07018644025968968
741200727.0,2023-06-28T05:05:27.000,-0.41010460770651846,-0.41195151133655017,1.3165542712023637
741200747.0,2023-06-28T05:05:47.000,-0.27044361400330175,-0.941690248179583,0.5801188435627935
741200767.0,2023-06-28T05:06:07.000,0.15552700280974108,-1.565806077463705,0.6853463786149483
741200787.0,2023-06-28T05:06:27.000,-0.8604663023437098,-1.40137257841344,0.3340300618770442
741200807.0,2023-06-28T05:06:47.000,-0.5203345709969831,-1.848446544827631,-0.3087026438808316
741200827.0,2023-06-28T05:07:07.000,-0.3402629463522544,-2.817831600454568,-0.15204747880748215
741200847.0,2023-06-28T05:07:27.000,-1.5239746974704538,-1.0305917277242393,-0.10057736007373919
741200867.0,2023-06-28T05:07:47.000,0.22132310844025227,-0.29843476819779724,0.9437728736849671
741200887.0,2023-06-28T05:08:07.000,0.8386467260645958,-2.4914789238050794,-0.8894690636362945
741200907.0,2023-06-28T05:08:27.000,0.08814283609659412,-1.212242426607002,-0.7006992833957781
741200927.0,2023-06-28T05:08:47.000,1.3718420304398293,-1.6774987674605946,-0.23593173927860533
741200947.0,2023-06-28T05:09:07.000,-0.3581198445457012,0.052562188967986145,0.22409404035750313
741200967.0,2023-06-28T05:09:27.000,-0.009537609135801262,-0.7784768341956294,-0.34209149556430063
741200987.0,2023-06-28T05:09:47.000,0.8073611288517135,-1.5891176597282453,0.32240008482897764
741201007.0,2023-06-28T05:10:07.000,-0.1974616945954466,-0.4408930286192714,0.9874145116217647
741201027.0,2023-06-28T05:10:27.000,-0.4425712029521023,-1.5967374345726704,0.9026481404994513
741201047.0,2023-06-28T05:10:47.000,-0.5568650134346598,-0.24207725434211014,0.40140392080223464
741201067.0,2023-06-28T05:11:07.000,0.08328675316082723,-1.3361545762813343,-0.2956400477094334
741201087.0,2023-06-28T05:11:27.000,0.35463107733724186,0.5952963979760639,-0.3648480873086335
741201107.0,2023-06-28T05:11:47.000,-0.05470315217470656,0.6687537051797143,-0.6983826966067141
741201127.0,2023-06-28T05:12:07.000,0.8700712976761338,-0.3639269420818714,0.17403232515089684
741201147.0,2023-06-28T05:12:27.000,1.0598844659259754,-0.6541334017451383,-0.2966271908100282
741201167.0,2023-06-28T05:12:47.000,0.42018663498621933,-1.9180709975308297,-1.4333345406902787
741201187.0,2023-06-28T05:13:07.000,0.3026447671139465,-0.7061092758831045,0.21237636316229214
741201207.0,2023-06-28T05:13:27.000,0.8800594744284851,-0.598158522913117,1.596362916789218
741201227.0,2023-06-28T05:13:47.000,0.6985417478455602,-1.2326530666850744,-0.2829761180378476
741201247.0,2023-06-28T05:14:07.000,-0.1520552920242224,-1.5227825991503963,-0.5259815848868143
741201267.0,2023-06-28T05:14:27.000,-0.09881514643206302,-0.7327433437676056,0.6181495965762451
741201287.0,2023-06-28T05:14:47.000,-1.4502758236001334,0.0239301184201679,0.42397121523540804
741201307.0,2023-06-28T05:15:07.000,-0.9235309880173403,-1.2284396228912087,-0.8091788999187166
741201327.0,2023-06-28T05:15:27.000,-0.5366891700386844,-0.3456551844083222,0.6763606213766593
741201347.0,2023-06-28T05:15:47.000,0.24709224066832292,0.07097120411359015,0.08265039109778272
741201367.0,2023-06-28T05:16:07.000,-0.16791626342715915,-2.3997901230865537,-1.0500426653514694
741201387.0,2023-06-28T05:16:27.000,0.11652173602660909,-0.7614950659373676,-0.8908147281827539
741201407.0,2023-06-28T05:16:47.000,0.5592620956007543,-0.31502613201395135,-0.01504342230784772
741201427.0,2023-06-28T05:17:07.000,1.0257540913660712,-2.4476677628726407,-1.0987678745855156
741201447.0,2023-06-28T05:17:27.000,-0.2783863209288029,-0.9899171132476958,0.7414999437127534
741201467.0,2023-06-28T05:17:47.000,0.3730258058776137,-0.9001005181197286,0.3975431627556425
741201487.0,2023-06-28T05:18:07.000,0.09509188992895545,-1.8316907312243558,0.37452273615734555
741201507.0,2023-06-28T05:18:27.000,-0.45912966385452947,-0.7865885503943737,-0.24732256206361214
741201527.0,2023-06-28T05:18:47.000,-2.1943241496180654,-0.1357625487030667,-0.8553376740216834
741201547.0,2023-06-28T05:19:07.000,-0.5960195535115176,0.3773203062662489,0.6410876190576786
741201567.0,2023-06-28T05:19:27.000,-1.146648980898668,-0.20641353466466228,0.10723822813085704
741201587.0,2023-06-28T05:19:47.000,0.005172829831145975,-1.175900519823081,-1.3533819888444931
741201607.0,2023-06-28T05:20:07.000,-0.9273542265098023,-0.6950166896335652,0.4137001486048675
741201627.0,2023-06-28T05:20:27.000,-0.6062788298399902,-0.8237521539222747,0.3494494623668132
741201647.0,2023-06-28T05:20:47.000,0.8823406725255722,-0.7400796024015222,1.4643225541788318
741201667.0,2023-06-28T05:21:07.000,2.488962049063126,-1.118227394480975,-0.593905889834101
741201687.0,2023-06-28T05:21:27.000,-1.0360771689921222,-0.9824932155511057,-0.6525697651582618
741201707.0,2023-06-28T05:21:47.000,-0.23417933182612316,-0.9469344183110628,0.09425819215147513
741201727.0,2023-06-28T05:22:07.000,-0.8087942849788199,-1.0355507303994038,0.2501456274450753
741201747.0,2023-06-28T05:22:27.000,-0.06439909499000862,-0.3080357289242386,-0.22661930968448374
741201767.0,2023-06-28T05:22:47.000,-0.3875757851656836,-0.5424313363810995,0.8843988165807559
741201787.0,2023-06-28T05:23:07.000,-0.7247916999908455,0.6118968316370932,0.6250700903875916
741201807.0,2023-06-28T05:23:27.000,0.28704669834400676,-1.7051719846117308,0.9997369439629367
741201827.0,2023-06-28T05:23:47.000,-1.8832147256953036,-1.0323242995102788,0.4763985852140884
741201847.0,2023-06-28T05:24:07.000,-0.520758581157299,-0.3930147422837038,0.21613182437096867
741201867.0,2023-06-28T05:24:27.000,1.2079248231988693,-1.5495343321125787,0.2658123535281831
741201887.0,2023-06-28T05:24:47.000,0.5276336720538843,0.5991963676565959,0.7730131156513664
741201907.0,2023-06-28T05:25:07.000,-0.9795281340707618,-0.9465811349751441,-0.22741216942900877
741201927.0,2023-06-28T05:25:27.000,0.3056762019504333,-1.3981857912459539,-0.3430449225683141
741201947.0,2023-06-28T05:25:47.000,-1.2047175650065078,-1.0922929281731442,0.6062331000866727
741201967.0,2023-06-28T05:26:07.000,-0.22462915644227976,0.5982786933200757,0.38844050809228037
741201987.0,2023-06-28T05:26:27.000,0.25436532323785954,-0.31393284168901303,-0.08927133572367296
741202007.0,2023-06-28T05:26:47.000,0.21252512403258095,-1.189722037653329,0.30107871995532776
741202027.0,2023-06-28T05:27:07.000,1.309140240612905,-0.7544860686548027,1.3639136264398388
741202047.0,2023-06-28T05:27:27.000,-0.33879034604389346,-0.6179382448734394,0.4978266228250483
741202067.0,2023-06-28T05:27:47.000,-0.10839984839750016,-0.05431173970560366,-0.1605114091973725
741202087.0,2023-06-28T05:28:07.000,-1.3406241907931715,0.18867046308601587,0.010697318131303035
741202107.0,2023-06-28T05:28:27.000,-1.0531438364713708,-0.5148377412056426,0.10528339103865747
741202127.0,2023-06-28T05:28:47.000,-1.863557693593254,-1.672859816936878,0.7145152583931669
741202147.0,2023-06-28T05:29:07.000,-0.978877192803207,-0.29850380690588096,0.22875626722873577
741202167.0,2023-06-28T05:29:27.000,-1.7004312314883308,-0.3014199145945362,0.8740697107434414
741202187.0,2023-06-28T05:29:47.000,-0.5228302594195711,0.14478554242192132,-0.32445448141515953
741202207.0,2023-06-28T05:30:07.000,-0.2679848993381029,-1.68394528581306,-0.18771022223251776
741202227.0,2023-06-28T05:30:27.000,-0.1980508974153139,-1.371812400707828,0.42558518629221
741202247.0,2023-06-28T05:30:47.000,0.15636579571154385,-0.11917358966329061,0.6554929257052144
741202267.0,2023-06-28T05:31:07.000,-0.25700928611982476,-1.1718145113248646,0.9556461787241233
741202287.0,2023-06-28T05:31:27.000,0.051841560311238766,-0.7545219411264625,-0.6904475936320154
741202307.0,2023-06-28T05:31:47.000,-1.4592158925186283,-0.838941081970912,0.35455160560804444
741202327.0,2023-06-28T05:32:07.000,0.10313204154011046,-1.3621547904296705,1.6081087717112474
741202347.0,2023-06-28T05:32:27.000,-0.662450295385586,-0.45850841550176824,1.3963450868903493
741202367.0,2023-06-28T05:32:47.000,-0.8519222511105262,-0.8754556954038151,1.294916762517584
741202387.0,2023-06-28T05:33:07.000,1.2225975917323773,-1.3118731768568814,0.6719219712958413
741202407.0,2023-06-28T05:33:27.000,-1.0599253020271426,-1.1291799499102417,1.949984477289668
741202427.0,2023-06-28T05:33:47.000,-1.586876918668878,-0.0968851653238012,0.6046400668813234
741202447.0,2023-06-28T05:34:07.000,-1.1582020121303493,-1.0017415311924793,0.9511038579046449
741202467.0,2023-06-28T05:34:27.000,-0.4116149570521088,-0.6434842960478804,0.5530007191500985
741202487.0,2023-06-28T05:34:47.000,0.6713463600038772,-0.5665747241034857,1.5132468282108569
741202507.0,2023-06-28T05:35:07.000,0.19464963730841944,-0.5191310388563686,-0.7927847045507974
741202527.0,2023-06-28T05:35:27.000,0.6316181471510696,-1.0136254093406905,0.329775907914609
741202547.0,2023-06-28T05:35:47.000,-1.0742922013307066,0.09107964346055653,1.0054214473309564
741202567.0,2023-06-28T05:36:07.000,-1.0248029167936323,-0.27530662926045224,0.9099448384120024
741202587.0,2023-06-28T05:36:27.000,-1.086320392706952,-0.5496963569995295,0.22711601722624764
741202607.0,2023-06-28T05:36:47.000,-0.8857070675882817,-0.944740575203884,1.226900271811271
741202627.0,2023-06-28T05:37:07.000,-0.5640464742939777,0.6844680185968954,0.12747503193022425
741202647.0,2023-06-28T05:37:27.000,-0.5631602667532931,-1.2102121631829554,0.7872924070007059
741202667.0,2023-06-28T05:37:47.000,-0.519759340733561,-0.46612858559669235,-0.5582572361051419
741202687.0,2023-06-28T05:38:07.000,-0.2106616745045642,-0.8315152701054984,-0.38578081545947995
741202707.0,2023-06-28T05:38:27.000,-0.9468788273458983,-0.10047428375958845,1.078546570021377
741202727.0,2023-06-28T05:38:47.000,-0.2647499397046005,-1.6460430074638488,-1.001575703873936
741202747.0,2023-06-28T05:39:07.000,-1.176756858456418,-0.7910764001861637,1.234573496533553
741202767.0,2023-06-28T05:39:27.000,-0.21363709701294198,-1.3190804325491357,1.5875712162216615
741202787.0,2023-06-28T05:39:47.000,-1.5776273274759056,-0.7427546731997303,1.7278392519748387
741202807.0,2023-06-28T05:40:07.000,-0.6742514711888248,-0.07078880964739298,-1.018972537747409
741202827.0,2023-06-28T05:40:27.000,0.14837067854323038,-0.6854581943049887,0.7990671518798287
741202847.0,2023-06-28T05:40:47.000,-1.7797580565304116,-0.31045949827612773,0.8672708132650975
741202867.0,2023-06-28T05:41:07.000,-0.9853817460658831,-0.893956377356897,-0.4403209277192843
741202887.0,2023-06-28T05:41:27.000,-1.6064363804191295,-1.3582578597515216,1.3627860489417998
741202907.0,2023-06-28T05:41:47.000,-0.6875079502699499,-1.3713674839710421,0.8424976305598797
741202927.0,2023-06-28T05:42:07.000,-0.5767310879201126,-1.1374229973548644,2.3187274806546476
741202947.0,2023-06-28T05:42:27.000,0.33042623510670666,-0.6724638485389178,1.1315257970601067
741202967.0,2023-06-28T05:42:47.000,0.5332682351366635,0.44831530990885327,-1.093702732180013
741202987.0,2023-06-28T05:43:07.000,-0.3461773596113993,-1.7209127860740026,-0.058359790866546746
741203007.0,2023-06-28T05:43:27.000,-0.7235316230480571,0.5204041802153725,0.27428103145377136
741203027.0,2023-06-28T05:43:47.000,-0.9114394569076367,0.44025129788405337,0.46993275480966545
741203047.0,2023-06-28T05:44:07.000,0.1807874427495193,-0.27468944495678826,0.12260210480175004
741203067.0,2023-06-28T05:44:27.000,-1.390856736749324,-2.3427262248132408,1.190808269424526
741203087.0,2023-06-28T05:44:47.000,-0.23906581008148464,0.11557772818804324,0.8464365870208823
741203107.0,2023-06-28T05:45:07.000,-0.45897817729789736,-0.5905391219696021,-0.9374628712977007
741203127.0,2023-06-28T05:45:27.000,-1.5584203792107232,-0.7517937344325709,0.11938446558001914
741203147.0,2023-06-28T05:45:47.000,-0.04748215467476058,-0.5575789309264501,-0.8481373410251791
741203167.0,2023-06-28T05:46:07.000,-0.24493120361901433,1.0101210109692005,0.9499178079797055
741203187.0,2023-06-28T05:46:27.000,-1.0811177402980654,-1.5369326056169363,-0.5655521709613254
741203207.0,2023-06-28T05:46:47.000,1.6212269769000365,-0.9173661653649745,-0.3869286268054495
741203227.0,2023-06-28T05:47:07.000,-1.354947572673737,-0.3420559695488379,-0.1799666018875712
741203247.0,2023-06-28T05:47:27.000,-1.6634697260320408,-0.44484305632419563,1.5835090004578944
741203267.0,2023-06-28T05:47:47.000,-0.4544535520234483,-0.5134438596288149,1.650615636339392
741203287.0,2023-06-28T05:48:07.000,-0.6718450065612558,-1.7503437863775062,0.1693573851491159
741203307.0,2023-06-28T05:48:27.000,-1.441366557641821,-1.0328553307958899,-0.9913927948246304
741203327.0,2023-06-28T05:48:47.000,0.2990776392208794,-1.1370404867316886,1.6553907808192214
741203347.0,2023-06-28T05:49:07.000,-0.6049496175664082,-0.341314851048935,-0.3099132821038353
741203367.0,2023-06-28T05:49:27.000,-0.39349456726345267,-0.9971972969369247,-0.7253443430554896
741203387.0,2023-06-28T05:49:47.000,-0.8573430347658118,-0.2503103507467408,2.0231136808823713
741203407.0,2023-06-28T05:50:07.000,-0.5495656876242094,0.21514184866955333,0.7646561180907341
741203427.0,2023-06-28T05:50:27.000,0.181726415848793,-0.4487293331911779,0.04974093986698236
741203447.0,2023-06-28T05:50:47.000,1.5415676951291424,-0.4025229548010323,1.389537053253509
741203467.0,2023-06-28T05:51:07.000,-1.2938377493720843,-0.5402332840742652,0.2666633595271861
741203487.0,2023-06-28T05:51:27.000,-0.3296033875499482,-0.46120093923907035,0.7575086462097147
741203507.0,2023-06-28T05:51:47.000,-0.7899613961637186,0.2720888700014079,0.38375538277124477
741203527.0,2023-06-28T05:52:07.000,-1.1539736672228074,-1.0539416181454264,0.4179780374147235
741203547.0,2023-06-28T05:52:27.000,0.12557382810252093,-0.5979716153237113,-0.5208745867624209
741203567.0,2023-06-28T05:52:47.000,-0.6528054819043838,-1.1846821030170318,-0.4207603224504197
741203587.0,2023-06-28T05:53:07.000,-0.4902725895594706,0.574169577716166,0.17946783839040137
741203607.0,2023-06-28T05:53:27.000,-0.9520687556996421,-0.9639601878386195,1.163554690730706
741203627.0,2023-06-28T05:53:47.000,-0.6776671315766869,-1.2294426339654052,0.0006635932803256139
741203647.0,2023-06-28T05:54:07.000,0.2052678273689601,-0.4714969501495858,-0.25709694586595333
741203667.0,2023-06-28T05:54:27.000,-1.7044475355110222,-0.2279558405704485,1.1121172959205339
741203687.0,2023-06-28T05:54:47.000,-1.7214819326372144,-1.290049675251037,-0.7176278582710083
741203707.0,2023-06-28T05:55:07.000,-0.9103393808440607,-0.4898095586458595,-0.2668648975800991
741203727.0,2023-06-28T05:55:27.000,-0.9603654220202706,-0.4935668497907386,-0.561102544160974
741203747.0,2023-06-28T05:55:47.000,-1.0847155187398982,0.5552832277322395,0.3638221108381856
741203767.0,2023-06-28T05:56:07.000,-1.8614105287140248,1.343816939425313,1.7494639131698797
741203787.0,2023-06-28T05:56:27.000,-1.7536311092580803,-0.2556277587273392,0.782072660432398
741203807.0,2023-06-28T05:56:47.000,-0.27661420930469305,0.2970350890252327,-1.0501792251482733
741203827.0,2023-06-28T05:57:07.000,0.33204538898434777,-1.0611505324109594,-0.8588952460586441
741203847.0,2023-06-28T05:57:27.000,-0.31798048384379385,-0.10289638444627158,-0.5633463985632581
741203867.0,2023-06-28T05:57:47.000,0.6605346822508018,-1.9792452969569219,0.3108231204085321
741203887.0,2023-06-28T05:58:07.000,-1.1723057000478931,0.31308189284429133,0.21412761787020784
741203907.0,2023-06-28T05:58:27.000,-0.5048768588533648,-1.381459598748247,0.39617885655429674
741203927.0,2023-06-28T05:58:47.000,-0.8884387455387888,0.37705271135335394,0.7853261667967182
741203947.0,2023-06-28T05:59:07.000,-0.8995459791050209,-0.17466906041541108,1.0298299049193993
741203967.0,2023-06-28T05:59:27.000,0.17386889394899185,-1.352900849982408,1.3314708817158127
741203987.0,2023-06-28T05:59:47.000,0.3674027071243202,-0.05445054963582052,1.190851992383113
741204007.0,2023-06-28T06:00:07.000,-1.6826254933377527,-0.1811826083497614,-1.2662104816985043
741204027.0,2023-06-28T06:00:27.000,-0.3014926972078058,-0.7221678632429729,0.688470928367213
741204047.0,2023-06-28T06:00:47.000,-0.5408755061830917,-0.7402302413694883,0.051020916591593135
741204067.0,2023-06-28T06:01:07.000,0.47355267367432674,-0.5718666970966346,0.15422955192967436
741204087.0,2023-06-28T06:01:27.000,-1.3708055700556443,0.6898861617976593,-0.30839103124513656
741204107.0,2023-06-28T06:01:47.000,-1.7252319344462919,0.03382426881914924,-0.2313974885703729
741204127.0,2023-06-28T06:02:07.000,-0.07915442178374477,-0.04865383762542308,0.8387828993372537
741204147.0,2023-06-28T06:02:27.000,-0.8806527590832225,-0.7919932130118212,-0.5278345146630947
741204167.0,2023-06-28T06:02:47.000,-0.09415883792662783,-0.4664166362466915,0.5258794848250758
741204187.0,2023-06-28T06:03:07.000,-0.6719701580837345,-1.1465520433406873,0.12381381117032575
741204207.0,2023-06-28T06:03:27.000,0.05006564006704295,0.22465198065146907,0.6129505363272614
741204227.0,2023-06-28T06:03:47.000,-0.3785111631460225,-1.2768316997369134,1.0303963440150277
741204247.0,2023-06-28T06:04:07.000,1.4526862757380243,0.7142441177165892,0.16962937058329075
741204267.0,2023-06-28T06:04:27.000,-1.2293171515742607,-0.9849237399328636,1.833572449339016
741204287.0,2023-06-28T06:04:47.000,-1.163568941164872,0.01675590816097028,0.5507098061574567
741204307.0,2023-06-28T06:05:07.000,-0.574210301074185,-0.7312716551299836,-0.5481538725260471
741204327.0,2023-06-28T06:05:27.000,-2.21485217929418,-0.3914378984948286,0.1784005145943901
741204347.0,2023-06-28T06:05:47.000,0.14361268970697338,-0.1720744710054234,0.8127783189482152
741204367.0,2023-06-28T06:06:07.000,-0.5009144759648976,-0.04108301808747328,-0.4405985805200352
741204387.0,2023-06-28T06:06:27.000,-0.08510368939562696,-0.22771256340536894,-0.03383874007667487
741204407.0,2023-06-28T06:06:47.000,-0.4584097735738091,0.6549287102308732,0.4926295601448416
741204427.0,2023-06-28T06:07:07.000,-0.6239297570265201,-0.09312745854472837,1.3761848360216433
741204447.0,2023-06-28T06:07:27.000,-1.2658186143266192,0.2983112637910956,-0.5203382749008334
741204467.0,2023-06-28T06:07:47.000,0.7055868971095336,0.25722334282551884,0.282412324126291
741204487.0,2023-06-28T06:08:07.000,-0.6005885423654433,-1.3699023851954095,0.32385251437228035
741204507.0,2023-06-28T06:08:27.000,-0.8836760945984956,-0.04661226351565517,-0.36126564803007355
741204527.0,2023-06-28T06:08:47.000,-1.7060751552833153,0.30453585146972273,0.8127627971976636
741204547.0,2023-06-28T06:09:07.000,-1.462032766852417,0.0015297750732834459,1.6840735600709422
741204567.0,2023-06-28T06:09:27.000,-0.18182236020125586,-0.28724275634717245,1.1408517032740484
741204587.0,2023-06-28T06:09:47.000,-0.7620677239583706,-0.3444353845805104,-0.6223933880944443
741204607.0,2023-06-28T06:10:07.000,-1.0426285525277912,1.4824469889318515,1.3252784232364867
741204627.0,2023-06-28T06:10:27.000,-0.33298629563693893,-0.04767441534880845,0.4290486845803798
741204647.0,2023-06-28T06:10:47.000,-0.6919448122477689,0.9421734224468459,-0.9698415606274047
741204667.0,2023-06-28T06:11:07.000,-0.21113998116550903,-0.22670465261720452,-0.033286021072775895
741204687.0,2023-06-28T06:11:27.000,-0.8127997558338151,0.24450306033152458,-1.3539475182011707
741204707.0,2023-06-28T06:11:47.000,-0.6818428056165615,0.6961244718328707,0.07627508025187524
741204727.0,2023-06-28T06:12:07.000,-2.218981943724607,-1.1923307023042895,-0.5000180002046051
741204747.0,2023-06-28T06:12:27.000,-1.4952978876103806,0.47230185082902665,0.4595613284585909
741204767.0,2023-06-28T06:12:47.000,-0.48998944288669577,-0.5804747979620828,0.5418301490478505
741204787.0,2023-06-28T06:13:07.000,-1.735697760252286,0.4533860028743675,-0.17310315897356432
741204807.0,2023-06-28T06:13:27.000,-1.3807989434844181,0.45879616139554713,0.0007831420845150205
741204827.0,2023-06-28T06:13:47.000,-1.4619113951397367,-0.004341874793034606,1.2781645768455974
741204847.0,2023-06-28T06:14:07.000,-0.9923301742986723,0.37648357075203975,-0.6014976678736517
741204867.0,2023-06-28T06:14:27.000,-1.0798980463522234,1.0110715659372715,-0.492550476038911
741204887.0,2023-06-28T06:14:47.000,-1.3644431062331819,0.4758819175054718,0.16035299841288264
741204907.0,2023-06-28T06:15:07.000,0.16309674257808382,0.31388311932945,0.033889204409387474
741204927.0,2023-06-28T06:15:27.000,-1.2937010691715933,0.7962515757742317,0.0806289152111006
741204947.0,2023-06-28T06:15:47.000,-1.837924524772383,0.673950981322502,1.5269750901381052
741204967.0,2023-06-28T06:16:07.000,-0.7026865569081941,0.762533937526122,0.681962257165214
741204987.0,2023-06-28T06:16:27.000,-1.3209565340566165,-0.23934756803178914,0.5841367525682983
741205007.0,2023-06-28T06:16:47.000,0.7034590870480528,-0.04110428973858049,0.22414018328031915
741205027.0,2023-06-28T06:17:07.000,-1.75841363356799,-0.7538672644136213,-0.4537073604815589
741205047.0,2023-06-28T06:17:27.000,-1.333778267664787,-0.1824297061081559,1.7288831143380534
741205067.0,2023-06-28T06:17:47.000,-1.327779600435175,-0.5330343870957321,1.6294956407536532
741205087.0,2023-06-28T06:18:07.000,-0.14684838778311615,0.6799736664397926,-0.18118509942377514
741205107.0,2023-06-28T06:18:27.000,-1.0731404727848393,0.897539040323192,-0.7937839188620899
741205127.0,2023-06-28T06:18:47.000,-0.3137495796834422,0.9528608414965944,0.7639601960707232
741205147.0,2023-06-28T06:19:07.000,-1.4386131644283928,0.5190571853663783,-0.3989558853279007
741205167.0,2023-06-28T06:19:27.000,-0.9035671244217447,1.032157520086674,0.8631906405986989
741205187.0,2023-06-28T06:19:47.000,-0.6700475827847718,0.48330349738945344,0.652410312174112
741205207.0,2023-06-28T06:20:07.000,-1.3286529384370915,1.1623266299443102,-0.4523726358507396
741205227.0,2023-06-28T06:20:27.000,-0.8290242961783711,-1.2584691365002953,-0.6969603713491423
741205247.0,2023-06-28T06:20:47.000,0.12964158886408228,0.1696656342087266,0.7174125335129844
741205267.0,2023-06-28T06:21:07.000,-0.18115911860627776,-0.332793791790742,-8.214705582432202e-05
741205287.0,2023-06-28T06:21:27.000,-1.2399598647516719,0.9436583399025089,-0.7580857002142949
741205307.0,2023-06-28T06:21:47.000,-1.2607232658501388,-0.6277087146400184,-0.4640508103115337
741205327.0,2023-06-28T06:22:07.000,0.642701761410791,0.1485977276227679,-0.05287285352872928
741205347.0,2023-06-28T06:22:27.000,-0.5907308774144582,0.27810391646232446,0.6547351860675121
741205367.0,2023-06-28T06:22:47.000,-0.27329559348920895,0.3513161203283488,-0.7679853848530094
741205387.0,2023-06-28T06:23:07.000,-2.180071493262936,0.26004750662833587,-0.0023693557116288844
741205407.0,2023-06-28T06:23:27.000,-1.7456691040362848,-0.7837211642325315,-1.3363335389926512
741205427.0,2023-06-28T06:23:47.000,-0.5598084807045822,0.7453904366072628,1.209477660490954
741205447.0,2023-06-28T06:24:07.000,0.9706144370902337,0.15171049846385287,-0.4056511927030826
741205467.0,2023-06-28T06:24:27.000,-0.40481111762691313,-1.2505116349093015,0.38303512934767525
741205487.0,2023-06-28T06:24:47.000,-2.6452472647320313,2.064141490032423,0.7636178236070101
741205507.0,2023-06-28T06:25:07.000,-0.4042695698203147,0.8082681312249207,-0.04355848162163056
741205527.0,2023-06-28T06:25:27.000,-0.32476810304382653,-1.894750150943647,-1.003351486561499
741205547.0,2023-06-28T06:25:47.000,-1.13800476782,-0.31254915372480596,0.4977143149953456
741205567.0,2023-06-28T06:26:07.000,-0.1795499609991147,0.3185676948569416,0.4823594934477704
741205587.0,2023-06-28T06:26:27.000,1.3697376563648334,-1.0618582007348998,-0.16939870070009633
741205607.0,2023-06-28T06:26:47.000,-2.103773030981415,0.154350841208295,-0.24167188070745027
741205627.0,2023-06-28T06:27:07.000,0.2810082022408622,-0.1424983616438169,-0.3860319387150035
741205647.0,2023-06-28T06:27:27.000,-0.08366118028346747,-0.3067386630362101,-0.05502052923267442
741205667.0,2023-06-28T06:27:47.000,0.13993441329018808,-0.8722843662045676,-0.44067213404996863
741205687.0,2023-06-28T06:28:07.000,-0.4546442343933421,0.3249971055607759,0.2812167963495149
741205707.0,2023-06-28T06:28:27.000,-0.39944600457308965,-1.2060079993991835,-0.333714751898917
741205727.0,2023-06-28T06:28:47.000,-1.246489808903739,0.24848125567134005,-0.2905020205723474
741205747.0,2023-06-28T06:29:07.000,-1.146370055982171,-0.2224275992057656,-0.6304277466062658
741205767.0,2023-06-28T06:29:27.000,-2.32626416063475,-1.405224482342593,0.3412240856870419
741205787.0,2023-06-28T06:29:47.000,-0.445338531751549,-0.8814422548852896,-0.2239177113394497
741205807.0,2023-06-28T06:30:07.000,-0.7205635959239842,0.19750176923905016,0.809804913759482
741205827.0,2023-06-28T06:30:27.000,-1.2379692679642673,-0.489607102527323,0.05990214984041842
741205847.0,2023-06-28T06:30:47.000,0.4038421338670162,0.943430099409337,1.4428762717955124
741205867.0,2023-06-28T06:31:07.000,-1.321652961538966,2.497331348716436,0.1870630000899709
741205887.0,2023-06-28T06:31:27.000,-0.6327748158452273,1.6941734526265684,0.5331213135617574
741205907.0,2023-06-28T06:31:47.000,-0.8611687478121688,-0.3137430793165308,1.715474883878798
741205927.0,2023-06-28T06:32:07.000,-1.033457432031426,0.28132493954391435,0.740751532313233
741205947.0,2023-06-28T06:32:27.000,0.08170585278355347,-0.45594764360723516,-0.0041910212966733695
741205967.0,2023-06-28T06:32:47.000,-1.3469130276111407,1.0281664472477914,-0.9686579315326682
741205987.0,2023-06-28T06:33:07.000,-0.9968194632392624,0.19578944875364712,-0.6443696078717309
741206007.0,2023-06-28T06:33:27.000,1.6159789909209188,0.7896044338706609,0.636052742475357
741206027.0,2023-06-28T06:33:47.000,-0.9677182175926724,0.7541955603374007,-0.6699170044033309
741206047.0,2023-06-28T06:34:07.000,-0.5650412648439129,0.3559127035424048,-0.46288340940225936
741206067.0,2023-06-28T06:34:27.000,-1.328070021522354,0.601655816900859,0.6198510418609082
741206087.0,2023-06-28T06:34:47.000,-2.7089941659896866,1.9418212462318785,1.1865930849896955
741206107.0,2023-06-28T06:35:07.000,-0.7387961695082268,-0.688282886551761,-0.02531174999598207
741206127.0,2023-06-28T06:35:27.000,-1.6098122513019675,0.9394956995367743,0.31562733040502167
741206147.0,2023-06-28T06:35:47.000,-1.6354577748067811,0.02777438309342628,-0.2187294691369246
741206167.0,2023-06-28T06:36:07.000,-0.8064228226523085,0.3634100236404869,-0.5753284405884962
741206187.0,2023-06-28T06:36:27.000,-0.28920578631908,-0.6479120721936127,1.1268600072722457
741206207.0,2023-06-28T06:36:47.000,-0.6066264861104287,-0.2895934956503865,-0.08240477350485165
741206227.0,2023-06-28T06:37:07.000,-0.5149621849609431,0.7671826564692452,-0.49497015882637996
741206247.0,2023-06-28T06:37:27.000,-0.4811164855511585,-0.5605904818350993,-0.005742911846073895
741206267.0,2023-06-28T06:37:47.000,-0.9775074433560071,0.2825927848726373,-0.5337755864642801
741206287.0,2023-06-28T06:38:07.000,0.7720087960905175,0.582617740452207,0.5505798890470537
741206307.0,2023-06-28T06:38:27.000,-0.6305275067730598,1.0250535691258555,1.1417553214876364
741206327.0,2023-06-28T06:38:47.000,-1.4012083242365136,-0.677915508162652,-0.41894296558542266
741206347.0,2023-06-28T06:39:07.000,-0.863549199681124,1.5295932630166043,-1.1857982268770328
741206367.0,2023-06-28T06:39:27.000,-1.2312525032198707,-0.058811360881261265,-0.36589332986780576
741206387.0,2023-06-28T06:39:47.000,-0.7372984632492141,1.2851365604027443,-0.5531657420787539
741206407.0,2023-06-28T06:40:07.000,0.028699941856391575,1.0237870911700142,-0.6965666704106255
741206427.0,2023-06-28T06:40:27.000,-0.06516766493103177,0.91689851308141,-0.8733001453320455
741206447.0,2023-06-28T06:40:47.000,-0.6423263903765353,0.8129610507445761,-0.9339168774324946
741206467.0,2023-06-28T06:41:07.000,0.09978962333123675,-0.42561150810360715,-1.3247181848141665
741206487.0,2023-06-28T06:41:27.000,1.9533905574742327,1.7823805498196066,-1.1309419318705771
741206507.0,2023-06-28T06:41:47.000,0.19603230998477272,1.4827413790774457,1.0983214597803936
741206527.0,2023-06-28T06:42:07.000,-1.6380306628427377,-0.46784624614382153,-0.918389326021174
741206547.0,2023-06-28T06:42:27.000,-0.8708884490560287,0.41658499200236676,1.231178113325626
741206567.0,2023-06-28T06:42:47.000,-0.8357384878476815,-0.5062397052224554,-1.1471164339083018
741206587.0,2023-06-28T06:43:07.000,-0.5871486629893674,0.809359575826285,0.1604205930760827
741206607.0,2023-06-28T06:43:27.000,-0.41601980530492355,-0.38880577447608644,-1.6759259806597981
741206627.0,2023-06-28T06:43:47.000,-0.3700357070757221,-0.49913683852764734,-1.1155538688800704
741206647.0,2023-06-28T06:44:07.000,-0.32328756751631715,0.6993329209392662,-0.8511679841283204
741206667.0,2023-06-28T06:44:27.000,0.38458190642076673,0.8599980889090197,0.07081084781868086
741206687.0,2023-06-28T06:44:47.000,0.7239593776464659,1.1767471154500164,0.1972560487950581
741206707.0,2023-06-28T06:45:07.000,-0.11477464408882199,1.3543111947567077,-0.15714639892694393
741206727.0,2023-06-28T06:45:27.000,-0.08575589238724035,-0.7374426832185144,-0.946415938085643
741206747.0,2023-06-28T06:45:47.000,-1.3787487578631463,0.529843788177331,-1.7408363877424726
741206767.0,2023-06-28T06:46:07.000,-0.2255921095262181,-0.24879132490829292,-1.0973739689279505
741206787.0,2023-06-28T06:46:27.000,-0.0911739341025175,0.3050384613900725,0.06367442363375275
741206807.0,2023-06-28T06:46:47.000,-0.9244235035787973,-0.31213218453229885,-0.12675925709082492
741206827.0,2023-06-28T06:47:07.000,-1.5148534709297223,-0.5690994204887723,0.6290665141794882
741206847.0,2023-06-28T06:47:27.000,-1.6092476961993007,0.0776133459834405,-1.1524768987802858
741206867.0,2023-06-28T06:47:47.000,1.0770768090084815,0.2541467627348304,-0.009419771862528847
741206887.0,2023-06-28T06:48:07.000,-0.87931503671701,0.48488110906408366,-1.868048062869665
741206907.0,2023-06-28T06:48:27.000,0.5091120527489501,-0.829019636872097,0.9370768362271242
741206927.0,2023-06-28T06:48:47.000,0.24725214718968047,0.5861215810032405,-1.0109426350046746
741206947.0,2023-06-28T06:49:07.000,-0.9475111081069798,-0.11549903100593895,0.3573879594931384
741206967.0,2023-06-28T06:49:27.000,-0.7040571362582071,0.509815173810324,-0.30648707615155146
741206987.0,2023-06-28T06:49:47.000,-0.5099702339750323,0.22246229914868465,-1.2284193983025382
741207007.0,2023-06-28T06:50:07.000,-1.0885955396444658,0.7883179013234987,-0.9434482688419621
741207027.0,2023-06-28T06:50:27.000,-0.4443715572510776,0.1833387835215028,-0.3407390866461135
741207047.0,2023-06-28T06:50:47.000,-0.19470416072753238,1.9181229889086993,-0.681796258017453
741207067.0,2023-06-28T06:51:07.000,-1.7611741328971142,0.583716681923363,-1.5443166042627965
741207087.0,2023-06-28T06:51:27.000,-0.3499663724149116,0.056082265664780806,0.8998441600849283
741207107.0,2023-06-28T06:51:47.000,0.656516448105382,-0.08581124967266263,0.026532529839862207
741207127.0,2023-06-28T06:52:07.000,-1.02836754108937,0.5112309950039418,-0.6232829084185099
741207147.0,2023-06-28T06:52:27.000,-0.5349647295149751,0.06684693878433734,1.1687785603009537
741207167.0,2023-06-28T06:52:47.000,-0.8105319172835301,1.1136299363001534,-1.0058717260785777
741207187.0,2023-06-28T06:53:07.000,-0.7687729323135883,0.24376949825377636,-1.3179147937303348
741207207.0,2023-06-28T06:53:27.000,0.32059453205501853,-0.10620503203551124,0.44497798049603077
741207227.0,2023-06-28T06:53:47.000,-0.19177993673125115,-0.039625050041181,-1.7873304994031614
741207247.0,2023-06-28T06:54:07.000,-0.3427290894753021,0.019045770160985853,-1.1673911934795278
741207267.0,2023-06-28T06:54:27.000,0.25765180482473227,0.07335924517848369,-0.7270103882239809
741207287.0,2023-06-28T06:54:47.000,-0.40238421025184934,0.4490890039177131,-0.29366779847883606
741207307.0,2023-06-28T06:55:07.000,0.5822598927673894,0.8506706116184759,-0.965050337142781
741207327.0,2023-06-28T06:55:27.000,-1.3619826386701561,1.2477036560265553,-1.1615179824620014
741207347.0,2023-06-28T06:55:47.000,-0.15947802348703632,0.7712287215189129,-1.3409392347507598
741207367.0,2023-06-28T06:56:07.000,-0.8755296289963965,0.26835390986024166,-1.2848107615814897
741207387.0,2023-06-28T06:56:27.000,-1.033235426384227,0.40508482861412176,-0.21418861487765284
741207407.0,2023-06-28T06:56:47.000,-0.4617804831852368,1.2180793326654893,-1.4963278891610976
741207427.0,2023-06-28T06:57:07.000,-0.09673818766042785,-0.16212529798664832,-1.2145442261246586
741207447.0,2023-06-28T06:57:27.000,-0.48396006735451635,0.7689102348162891,-0.7664821478514661
741207467.0,2023-06-28T06:57:47.000,-0.2539779748511606,0.3659498794994498,-1.0000282693933826
741207487.0,2023-06-28T06:58:07.000,-1.1106485318101988,1.0561896273242333,-1.7267744224169768
741207507.0,2023-06-28T06:58:27.000,1.2180573386588733,0.782137436550201,0.17795572535561632
741207527.0,2023-06-28T06:58:47.000,1.0697558886052505,-0.14465951103659336,-2.249687716449067
741207547.0,2023-06-28T06:59:07.000,0.35941209581835665,-0.09230823998507276,-0.5922669561786442
741207567.0,2023-06-28T06:59:27.000,-0.8539362234993852,0.4302828585101004,-1.274544126406152
741207587.0,2023-06-28T06:59:47.000,-1.3366239330014906,1.4015616030094158,-1.2340821148981718
741207607.0,2023-06-28T07:00:07.000,-0.8198426686534255,-1.4377001859688932,-1.7791679087331147
741207627.0,2023-06-28T07:00:27.000,-0.0210004695966326,0.29855510310650146,-0.554866342372673
741207647.0,2023-06-28T07:00:47.000,-0.4418577009279723,-0.10441459756815874,-1.8293037679639745
741207667.0,2023-06-28T07:01:07.000,0.2887973879373007,-0.5647090670746202,-0.3940201748542371
741207687.0,2023-06-28T07:01:27.000,-0.6489100039974716,0.06295717527304845,-1.3107635890685643
741207707.0,2023-06-28T07:01:47.000,-0.9452046569768946,-0.3124582094060635,-1.2216266526032804
741207727.0,2023-06-28T07:02:07.000,-0.01529485591511559,-0.18167897456455862,-1.4934013275014202
741207747.0,2023-06-28T07:02:27.000,0.04034477585346252,-0.5124619921748064,-2.3115672333595683
741207767.0,2023-06-28T07:02:47.000,-0.8191304492033424,1.593341856154229,0.8454856950557144
741207787.0,2023-06-28T07:03:07.000,-0.0786722984091881,2.300240083275007,0.08703038393287343
741207807.0,2023-06-28T07:03:27.000,-0.6600252560828856,1.043394121402752,-0.6637159507660861
741207827.0,2023-06-28T07:03:47.000,-0.2986414240568891,-0.04846204817443578,-1.833854966382109
741207847.0,2023-06-28T07:04:07.000,1.2309105108521123,1.5010725749053933,0.024998585401725393
741207867.0,2023-06-28T07:04:27.000,-2.1616467129947914,0.9770544587728303,-1.778387690176686
741207887.0,2023-06-28T07:04:47.000,-1.324819278014644,0.8196365502977088,-1.480534737940964
741207907.0,2023-06-28T07:05:07.000,-0.8525127417668976,0.7410560099896379,-0.5378747316209243
741207927.0,2023-06-28T07:05:27.000,-0.4118646892536937,0.0460387385547989,-1.212586073684463
741207947.0,2023-06-28T07:05:47.000,0.7181135522227322,-0.044405221533150296,-0.8554017245532286
741207967.0,2023-06-28T07:06:07.000,0.09098618315439566,0.11368083527862893,-0.7583477228179092
741207987.0,2023-06-28T07:06:27.000,-0.6717393474797717,-0.3957357167627684,-1.5825986023676464
741208007.0,2023-06-28T07:06:47.000,-1.1983965285455866,-0.40653391036871156,-0.40935827494426036
741208027.0,2023-06-28T07:07:07.000,0.2536545688824887,0.7083139921260084,-1.400390132688667
741208047.0,2023-06-28T07:07:27.000,-0.1876930851074654,-0.6558978573933949,-1.721225389583747
741208067.0,2023-06-28T07:07:47.000,-0.300699868238663,-0.25364022222529314,-1.2735046617584622
741208087.0,2023-06-28T07:08:07.000,0.3496503436117848,1.5889047757844388,-0.8332458962478917
741208107.0,2023-06-28T07:08:27.000,-0.05348247551495433,0.5352879826392432,-0.6777471658891976
741208127.0,2023-06-28T07:08:47.000,-0.44355929585959686,-0.01161512456215874,-2.246476992395774
741208147.0,2023-06-28T07:09:07.000,0.5876317168862499,-0.3015007544293624,-1.9281351972710858
741208167.0,2023-06-28T07:09:27.000,1.6164456505318725,0.6040732419276829,-0.3500747246421021
741208187.0,2023-06-28T07:09:47.000,-0.2991302260890727,-0.7699266655891712,-0.8011973759769475
741208207.0,2023-06-28T07:10:07.000,-0.5523194904766271,0.32015684343633666,0.39285223557561366
741208227.0,2023-06-28T07:10:27.000,0.5086594018655077,0.8726470204778458,-0.0981137781685959
741208247.0,2023-06-28T07:10:47.000,-0.4273216264172319,-0.8820731212111355,-0.4072750894201782
741208267.0,2023-06-28T07:11:07.000,-1.2646365763924194,0.36476574470922785,-0.017073481528573353
741208287.0,2023-06-28T07:11:27.000,-0.3531707058135325,-1.2384144385979567,-0.4140496530635751
741208307.0,2023-06-28T07:11:47.000,-1.2303497328280955,0.6459205723952088,0.16423858806291491
741208327.0,2023-06-28T07:12:07.000,0.5718938116072714,1.6911587385148863,-0.29776674023151983
741208347.0,2023-06-28T07:12:27.000,-0.6627264936831523,-0.9794969037191237,0.5737441328701465
741208367.0,2023-06-28T07:12:47.000,0.41892452213865283,0.1681431444411352,0.5259369714405437
741208387.0,2023-06-28T07:13:07.000,-0.07990168137128606,0.6970265900463346,-0.43924878984080706
741208407.0,2023-06-28T07:13:27.000,0.5838506065614091,0.10551453963891788,-1.337223640751617
741208427.0,2023-06-28T07:13:47.000,0.42836932790946136,-0.6831760174574875,0.4666213114901119
741208447.0,2023-06-28T07:14:07.000,0.5946096901854325,0.7230131542135254,-1.1267504177014942
741208467.0,2023-06-28T07:14:27.000,-0.3446191306655244,0.9857131631929583,-0.5815581615276066
741208487.0,2023-06-28T07:14:47.000,1.8879933943227734,0.4877815475534675,0.25219251926777986
741208507.0,2023-06-28T07:15:07.000,0.07378828235093948,-1.4747538241599578,-1.6921780949807896
741208527.0,2023-06-28T07:15:27.000,0.21376778217563341,0.3523192095733485,-1.2000537190637317
741208547.0,2023-06-28T07:15:47.000,1.165737146846535,-0.5446880317117042,-0.5000522557363496
741208567.0,2023-06-28T07:16:07.000,0.06435533459470122,1.0980821835149257,-0.8047144308909182
741208587.0,2023-06-28T07:16:27.000,1.0061076548217862,-0.6345247095085327,-0.3012135710522834
741208607.0,2023-06-28T07:16:47.000,0.20936051539077738,-0.6193543054089368,-0.854581733478188
741208627.0,2023-06-28T07:17:07.000,0.3873104211016276,-0.10462186230686399,-0.701964542593192
741208647.0,2023-06-28T07:17:27.000,-0.26177267786753333,1.1161806402149033,-1.0332165763626833
741208667.0,2023-06-28T07:17:47.000,-0.44423235513457726,-0.013930280029494924,-1.2216165615419605
741208687.0,2023-06-28T07:18:07.000,1.0195031175941338,1.1410614255802365,0.35429928444408176
741208707.0,2023-06-28T07:18:27.000,-0.41613199462942063,0.2869848333975078,-2.3176234593136336
741208727.0,2023-06-28T07:18:47.000,-1.4186765704526927,0.8589416677251549,-0.2635013440110967
741208747.0,2023-06-28T07:19:07.000,-0.5512168310461973,-0.8484933186725385,-0.605195191027974
741208767.0,2023-06-28T07:19:27.000,0.14715344403004593,0.9741150437281298,-1.1726676913181855
741208787.0,2023-06-28T07:19:47.000,-0.15289041462862585,-0.8956966312312353,-0.2159526285461233
741208807.0,2023-06-28T07:20:07.000,0.24451755383791962,0.7521533906040823,-1.5472861602638943
741208827.0,2023-06-28T07:20:27.000,0.8610906882866587,0.5080130809020922,-1.3912938148896714
741208847.0,2023-06-28T07:20:47.000,-0.9493979638119932,0.5520648134971218,0.5863227693025941
741208867.0,2023-06-28T07:21:07.000,-0.038161601745301255,1.0870657649042492,-1.4367208887255956
741208887.0,2023-06-28T07:21:27.000,-0.4721349785130613,0.6411776917403245,-1.6980344577088857
741208907.0,2023-06-28T07:21:47.000,-1.3540706942372083,-0.013997180847713508,-0.9614104393929068
741208927.0,2023-06-28T07:22:07.000,-1.048013511939505,-0.22657613012455613,-2.5661820717060024
741208947.0,2023-06-28T07:22:27.000,-0.053570153712989566,0.4856413648890445,-0.947755113456239
741208967.0,2023-06-28T07:22:47.000,-0.917195742489163,0.55384820856208,-0.7700628511853047
741208987.0,2023-06-28T07:23:07.000,-0.43120716877176335,0.6132793572311002,-1.9820041023743684
741209007.0,2023-06-28T07:23:27.000,1.1766253200429233,0.0780832750457705,-0.5360254303088396
741209027.0,2023-06-28T07:23:47.000,0.6663329489842162,0.014266649595029435,-1.0918903581291772
741209047.0,2023-06-28T07:24:07.000,-0.4168266565907075,0.2822163737370431,-1.3867441519432866
741209067.0,2023-06-28T07:24:27.000,-0.08255069517959512,-0.11423136963006897,-0.5254576347035744
741209087.0,2023-06-28T07:24:47.000,0.7581702078152119,0.759866776767204,-0.3764134801520491
741209107.0,2023-06-28T07:25:07.000,0.47882941714982863,1.0418182415428134,-0.06809424677456377
741209127.0,2023-06-28T07:25:27.000,-0.6471596702528615,0.8730128360889822,-1.7478429098383153
741209147.0,2023-06-28T07:25:47.000,0.06313435234606146,0.7860610166110504,-1.7204577283158606
741209167.0,2023-06-28T07:26:07.000,-0.4532883340679916,0.06679141070220496,-0.12754023404060177
741209187.0,2023-06-28T07:26:27.000,-1.1616486860432929,-0.8674026482413666,-0.7284086179892846
741209207.0,2023-06-28T07:26:47.000,0.9211358373728551,-0.5347580132042395,-1.1024458125397096
741209227.0,2023-06-28T07:27:07.000,0.9955441281683797,-0.17386368834637622,-0.07946709077444325
741209247.0,2023-06-28T07:27:27.000,-0.24966191154440764,-0.8385707703562062,0.5197951808977308
741209267.0,2023-06-28T07:27:47.000,0.5126772601116159,0.014207696952261983,-0.7428298236855646
741209287.0,2023-06-28T07:28:07.000,0.5106109484231958,-0.044245955865829245,-1.6004251723211738
741209307.0,2023-06-28T07:28:27.000,1.6256696486305344,0.9524309006136988,-1.16241743680634
741209327.0,2023-06-28T07:28:47.000,0.19062982186124344,0.9201191086050109,-0.8197159479195193
741209347.0,2023-06-28T07:29:07.000,-0.5036209853481743,-0.6684511003385296,0.4899753335729784
741209367.0,2023-06-28T07:29:27.000,0.8477085836622322,-1.5364385109517542,-0.20110410776652543
741209387.0,2023-06-28T07:29:47.000,-0.6220437411830204,-1.2174931682817913,-0.5330391377289523
741209407.0,2023-06-28T07:30:07.000,-0.3816964633696074,0.3996535606787255,-0.8735813600169173
741209427.0,2023-06-28T07:30:27.000,-1.0042438818524957,-0.9558780225016328,0.007417222902539322
741209447.0,2023-06-28T07:30:47.000,0.5373056540358689,-0.2567561833477505,-1.4577337763554965
741209467.0,2023-06-28T07:31:07.000,0.040165279835413514,-0.2981059218809534,-0.2889798196070714
741209487.0,2023-06-28T07:31:27.000,-0.32248497625619876,-0.6285420927731877,-0.38630110180681854
741209507.0,2023-06-28T07:31:47.000,0.035516863117202035,-0.909265380821811,-0.21235853302492558
741209527.0,2023-06-28T07:32:07.000,0.9165391798515721,-0.8684951522286433,-0.2737655436346742
741209547.0,2023-06-28T07:32:27.000,0.8848522206950094,-0.05957836217707069,-1.3131514446818038
741209567.0,2023-06-28T07:32:47.000,-0.5174017845832601,0.1781115949062162,-0.5700496084171114
741209587.0,2023-06-28T07:33:07.000,0.07097467503713872,0.4073218595745942,-1.1299046495105713
741209607.0,2023-06-28T07:33:27.000,-0.006998786417078406,0.6919495532220488,0.20059713773390442
741209627.0,2023-06-28T07:33:47.000,0.734689826242807,0.6000979429710007,0.19016143193439916
741209647.0,2023-06-28T07:34:07.000,-1.0811327884607813,0.22819059262157992,-0.5925189886735183
741209667.0,2023-06-28T07:34:27.000,0.07596952940058799,0.2782780263888007,-0.5658188961366051
741209687.0,2023-06-28T07:34:47.000,-0.031846222592335494,-0.7339123331728814,-0.3097119242068125
741209707.0,2023-06-28T07:35:07.000,-0.782433861667986,0.34525707646171355,-0.9748703944101322
741209727.0,2023-06-28T07:35:27.000,0.3449910841002435,-0.7178576574173867,-0.8546640983597698
741209747.0,2023-06-28T07:35:47.000,0.2733553567502156,0.9525898871709515,-2.2739448128805684
741209767.0,2023-06-28T07:36:07.000,0.6255569526714133,-1.3915352544247028,-0.5365301149029555
741209787.0,2023-06-28T07:36:27.000,0.9630967348628339,-0.8327425751297746,-1.0938051596465215
741209807.0,2023-06-28T07:36:47.000,0.05782839650469995,0.1752309862879109,-0.631847356336035
741209827.0,2023-06-28T07:37:07.000,-0.6912218088572786,0.7333130827902323,-0.7697542787843403
741209847.0,2023-06-28T07:37:27.000,1.051393178419513,-0.41512398948340135,-1.3933539759980462
741209867.0,2023-06-28T07:37:47.000,0.31596218308393986,-1.1976925668233385,-0.7271383718476798
741209887.0,2023-06-28T07:38:07.000,1.2863944528596072,-0.11111637736593849,-1.8263068226720414
741209907.0,2023-06-28T07:38:27.000,1.7364309810363743,-0.9252046473284814,-1.554386071456193
741209927.0,2023-06-28T07:38:47.000,0.2656386080768236,0.16723772839899453,-0.13259382408703502
741209947.0,2023-06-28T07:39:07.000,0.8587053739073092,-1.9511278176453928,-1.6799656940236218
741209967.0,2023-06-28T07:39:27.000,0.23907960101654524,0.04990595570131262,-1.1100983662304387
741209987.0,2023-06-28T07:39:47.000,-0.145849424804112,-0.7633803576934106,-1.3192665878403176
741210007.0,2023-06-28T07:40:07.000,2.0299777780063977,1.625946452910032,-0.9059066865324539
741210027.0,2023-06-28T07:40:27.000,0.7982467273848215,-0.11182957486699507,-0.9046342121732387
741210047.0,2023-06-28T07:40:47.000,-0.46918042947430294,-0.6036177092494377,-1.4901823685353754
741210067.0,2023-06-28T07:41:07.000,0.6047797496799845,-0.009597612304901304,-1.3713217641098119
741210087.0,2023-06-28T07:41:27.000,0.293602702616802,-0.6136495663944252,-0.8934766177248754
741210107.0,2023-06-28T07:41:47.000,-0.022602122273784886,-0.534195264922932,-0.7099434193191811
741210127.0,2023-06-28T07:42:07.000,-0.13870693623685426,0.14627782631837505,-0.6350802958854374
741210147.0,2023-06-28T07:42:27.000,0.9758999945486124,-0.9247492378516853,-0.7680455021641386
741210167.0,2023-06-28T07:42:47.000,-0.4197497060931532,0.05916696829144641,-0.9537325622588355
741210187.0,2023-06-28T07:43:07.000,0.6799702953697029,0.09039248386466525,-1.381026116598072
741210207.0,2023-06-28T07:43:27.000,-0.30562836927927606,-0.7099237011920501,-2.2430797464112473
741210227.0,2023-06-28T07:43:47.000,-0.17330866202147632,-0.26710686039654874,0.42001812288194884
741210247.0,2023-06-28T07:44:07.000,0.9384484030539042,-0.02717859004519596,0.37927777961632714
741210267.0,2023-06-28T07:44:27.000,0.32826029011667757,0.32994376227835076,-0.5786489091219593
741210287.0,2023-06-28T07:44:47.000,-0.07999173919914782,-1.520118419506833,-1.1487947916943853
741210307.0,2023-06-28T07:45:07.000,-0.9490337565809526,-0.9834461863866828,-1.513216420001573
741210327.0,2023-06-28T07:45:27.000,0.23183691036932075,-0.9083908467100166,-1.997852492141572
741210347.0,2023-06-28T07:45:47.000,0.716653408783241,-1.0434430608219358,1.0039785184545735
741210367.0,2023-06-28T07:46:07.000,2.419914204987439,-0.37366957764684017,-0.14506361065702578
741210387.0,2023-06-28T07:46:27.000,0.0831307784610047,-1.2709589571779922,-0.4401622115790538
741210407.0,2023-06-28T07:46:47.000,0.8368854368834278,0.9615882054281322,-0.7589692485154842
741210427.0,2023-06-28T07:47:07.000,0.18979452063305757,0.9790905766804414,-0.7220022035903106
741210447.0,2023-06-28T07:47:27.000,0.4956896251795406,-0.728137283667607,-0.7564846065899467
741210467.0,2023-06-28T07:47:47.000,0.5817081989434314,0.06654260789051847,-0.8459897978485564
741210487.0,2023-06-28T07:48:07.000,0.2678726755411809,1.6863063084238128,0.27019188346688594
741210507.0,2023-06-28T07:48:27.000,1.1121102525213367,1.4234876361651772,0.45568293415287897
741210527.0,2023-06-28T07:48:47.000,0.7401498550385632,-0.6402009666728325,0.5646854430385595
741210547.0,2023-06-28T07:49:07.000,-0.058522798007665244,0.316140677070198,-1.5513875931572052
741210567.0,2023-06-28T07:49:27.000,-0.2762801351363642,-0.7542044901609479,-0.5918807132077042
741210587.0,2023-06-28T07:49:47.000,0.7069951608151825,-0.2647812023970353,-0.7362135996169528
741210607.0,2023-06-28T07:50:07.000,0.8264411986091957,0.2704640371997691,-0.5275988256281394
741210627.0,2023-06-28T07:50:27.000,0.7068367493312522,-0.2598174748014159,-0.7262624939441409
741210647.0,2023-06-28T07:50:47.000,0.6639432110766563,-1.0044137595310865,-1.6811529170768225
741210667.0,2023-06-28T07:51:07.000,1.1370309578540017,-0.3684360694200528,-1.2187055258294777
741210687.0,2023-06-28T07:51:27.000,1.1355340879259934,-0.32102296367853,-2.1568549354533673
741210707.0,2023-06-28T07:51:47.000,0.2351696035240991,-0.9939212792131613,-0.6444553485196458
741210727.0,2023-06-28T07:52:07.000,0.8776497603002476,-0.48454930358099446,-2.0639845985992444
741210747.0,2023-06-28T07:52:27.000,1.1847843539580794,-0.1512237624790025,-0.5444472088833585
741210767.0,2023-06-28T07:52:47.000,1.6691116073608292,2.0326266087278277,-0.5757750320856125
741210787.0,2023-06-28T07:53:07.000,-0.22538634372182287,-1.011828231933798,-0.9150645031708038
741210807.0,2023-06-28T07:53:27.000,0.23032649131282668,-1.0067246189682244,-1.1527398084409946
741210827.0,2023-06-28T07:53:47.000,0.17532077969395488,0.04031094088530196,-0.22901976255429446
741210847.0,2023-06-28T07:54:07.000,1.3809786411411729,-1.4947228025641301,-1.4586395585047818
741210867.0,2023-06-28T07:54:27.000,0.5203367111517032,-1.0349258655395488,-1.6164155884457188
741210887.0,2023-06-28T07:54:47.000,-0.08644235141019863,-0.26700697852710675,-1.359696189240367
741210907.0,2023-06-28T07:55:07.000,-0.37759010148574745,-0.30661947730825645,-1.1031800148386672
741210927.0,2023-06-28T07:55:27.000,1.024927816317689,-0.6137482863599608,-0.25474363202215855
741210947.0,2023-06-28T07:55:47.000,-0.3706604773778821,-0.23514693875403836,-1.3610369345551376
741210967.0,2023-06-28T07:56:07.000,1.2217000138536882,-0.3712360486685107,-2.6403535897001618
741210987.0,2023-06-28T07:56:27.000,1.544021080523983,0.11800157457830807,0.3445037533245099
741211007.0,2023-06-28T07:56:47.000,0.9868794649481316,-0.7678076287431779,-2.2053173162284168
741211027.0,2023-06-28T07:57:07.000,0.5655366070111967,0.0791297909530364,-0.4992257583658066
741211047.0,2023-06-28T07:57:27.000,1.168712668941918,-1.4091967111551362,-0.8832416977466728
741211067.0,2023-06-28T07:57:47.000,0.8446273953577332,-1.4672630223477867,-1.5640737114130943
741211087.0,2023-06-28T07:58:07.000,-1.142587733959921,-0.02932312602732523,-1.2230305464377977
741211107.0,2023-06-28T07:58:27.000,0.40443016362523565,-0.7749475502305536,-0.9362445158811461
741211127.0,2023-06-28T07:58:47.000,-0.700287143473588,-0.33440577896781676,-1.2333761011840139
741211147.0,2023-06-28T07:59:07.000,0.0912104248462775,-0.6464419585627823,-1.2482357681808942
741211167.0,2023-06-28T07:59:27.000,-0.06011905476777102,-0.24903689367361537,0.00643578783598997
741211187.0,2023-06-28T07:59:47.000,0.9693003213406826,-1.2398544846137227,0.3829997569093635
741211207.0,2023-06-28T08:00:07.000,0.6806273419535103,-0.24814842700671136,-0.6678294706241594
741211227.0,2023-06-28T08:00:27.000,0.30845364262788166,-1.3961561449948867,-1.7889104991675175
741211247.0,2023-06-28T08:00:47.000,-0.2572978403669879,-1.988753975834534,-0.7345718865181539
741211267.0,2023-06-28T08:01:07.000,1.9039182475921734,-0.0319003685134156,-1.3600932305402047
741211287.0,2023-06-28T08:01:27.000,0.8563188367727292,0.12883853947043278,-0.7315856209832994
741211307.0,2023-06-28T08:01:47.000,0.19561784991850573,-1.0875045823866003,-1.1292435200593864
741211327.0,2023-06-28T08:02:07.000,0.3159076853442855,-0.40294141733232536,-0.3207079054323714
741211347.0,2023-06-28T08:02:27.000,-0.3997658454601982,-1.6252360546031852,-0.03578099097012455
741211367.0,2023-06-28T08:02:47.000,-0.5785596507212887,-0.25315040736995087,-2.122606912069447
741211387.0,2023-06-28T08:03:07.000,0.23366980980155105,-0.15774552890590599,-0.9234768970523
741211407.0,2023-06-28T08:03:27.000,0.18721424617229587,-1.3820736289416047,-1.1553788300755485
741211427.0,2023-06-28T08:03:47.000,0.509646258761709,-1.7875050278948201,-0.3736432248602206
741211447.0,2023-06-28T08:04:07.000,1.0580986413044613,-0.2795860201354472,-1.0376116708177285
741211467.0,2023-06-28T08:04:27.000,0.5993226119049844,0.2125304745193013,-0.7415006073152597
741211487.0,2023-06-28T08:04:47.000,0.9406067222439418,-0.19204573504794098,-1.3442664732021825
741211507.0,2023-06-28T08:05:07.000,0.26879005561308844,-1.8850606035125672,-0.782383346975557
741211527.0,2023-06-28T08:05:27.000,-0.5807929674528367,-1.2749287406133014,-0.6362413502380981
741211547.0,2023-06-28T08:05:47.000,1.148872706935311,-1.342097283640875,-1.3343474758453766
741211567.0,2023-06-28T08:06:07.000,0.3880008026202475,-0.9750377111705788,-0.08889468391393152
741211587.0,2023-06-28T08:06:27.000,1.796819626920243,-1.9873185599483811,-1.5337101846535361
741211607.0,2023-06-28T08:06:47.000,0.16856635077777682,0.4221031194906466,-0.5177344239326587
741211627.0,2023-06-28T08:07:07.000,1.4613543483310565,-1.550288930329824,-1.213870176275389
741211647.0,2023-06-28T08:07:27.000,-0.8029073955695409,0.6021957417057244,-0.01588387081863374
741211667.0,2023-06-28T08:07:47.000,1.5623503910600078,-0.7085916066573716,-1.4815993728212185
741211687.0,2023-06-28T08:08:07.000,1.4141499535713642,-1.5504035141722383,-0.8261031655409923
741211707.0,2023-06-28T08:08:27.000,-0.47087025591974196,-1.1551388667929707,-1.930827933271928
741211727.0,2023-06-28T08:08:47.000,0.7256371897024216,-1.7202585534725756,-0.39004556214861097
741211747.0,2023-06-28T08:09:07.000,1.3796698108969885,0.24598324660507487,-0.907004602923589
741211767.0,2023-06-28T08:09:27.000,-0.5937208214401579,-0.17682476882718845,-0.7043555604102636
741211787.0,2023-06-28T08:09:47.000,-0.03580482154097453,-1.3175094418782507,-1.101928842739408
741211807.0,2023-06-28T08:10:07.000,-0.07888345879836223,0.5499075528936359,-1.2272472462271367
741211827.0,2023-06-28T08:10:27.000,1.2714539863623031,0.7641389868195958,-0.4585055327410714
741211847.0,2023-06-28T08:10:47.000,0.8067470549266709,-0.40978107607170244,0.36578110217400095
741211867.0,2023-06-28T08:11:07.000,-0.8127331064144983,-1.4397629143236834,-1.8130827530660198
741211887.0,2023-06-28T08:11:27.000,0.9705634971379773,-0.06804123091619374,0.9089917778482004
741211907.0,2023-06-28T08:11:47.000,1.2304107411598153,-1.6733750081265875,-0.23957509446281833
741211927.0,2023-06-28T08:12:07.000,1.382625003087945,-0.708037249863569,-0.43568190725151723
741211947.0,2023-06-28T08:12:27.000,1.3463237602096,-0.15151355000631028,-1.6282690415647672
741211967.0,2023-06-28T08:12:47.000,0.6669639146306139,0.10112327112343777,-0.8395526246540719
741211987.0,2023-06-28T08:13:07.000,-0.20660535912098155,-0.49716841517000177,-0.13915980617840162
741212007.0,2023-06-28T08:13:27.000,0.13294762584159514,-0.6629609407116099,-0.23734872920400107
741212027.0,2023-06-28T08:13:47.000,0.817627349858352,0.3637636781461673,-0.8476821714897831
741212047.0,2023-06-28T08:14:07.000,0.7720551695289402,0.652245453447442,-0.34972667748434105
741212067.0,2023-06-28T08:14:27.000,0.803986039910054,0.05203959200228425,-0.34102913296640835
741212087.0,2023-06-28T08:14:47.000,0.7765716624086316,-0.8172424022512281,-0.04659085707237054
741212107.0,2023-06-28T08:15:07.000,1.4521070606621223,-0.8215744536022029,-0.03605585257027144
741212127.0,2023-06-28T08:15:27.000,-0.20717321681518186,-0.7223170205628016,-0.26362471992058545
741212147.0,2023-06-28T08:15:47.000,1.6663735630029208,-1.6673853745041711,0.44955069083973953
741212167.0,2023-06-28T08:16:07.000,1.6328726660463921,-0.4562967934162998,-2.0943338898127273
741212187.0,2023-06-28T08:16:27.000,-0.170125076393024,-0.9655459928592514,1.0278896614535071
741212207.0,2023-06-28T08:16:47.000,-0.06877442771946463,-0.7251266668117928,-1.032043460691412
741212227.0,2023-06-28T08:17:07.000,0.02322302510293639,-2.7007794198063984,-0.39394419023564
741212247.0,2023-06-28T08:17:27.000,0.622804008132416,-1.1849559469312432,-0.8637971314229276
741212267.0,2023-06-28T08:17:47.000,0.119255766328763,-2.0195612488338455,0.4387334674893495
741212287.0,2023-06-28T08:18:07.000,0.6450055041073988,-2.577731211383938,-1.7594679722843232
741212307.0,2023-06-28T08:18:27.000,0.17802709689762608,-1.2660156885169194,-0.7354704613660168
741212327.0,2023-06-28T08:18:47.000,1.1342767710420532,-0.6021779728193621,-0.3082486324856859
741212347.0,2023-06-28T08:19:07.000,0.8696013801379188,-1.6493383545923557,-0.5568434272684719
741212367.0,2023-06-28T08:19:27.000,0.1416412875654416,-0.4559912179513681,-1.8549829143399421
741212387.0,2023-06-28T08:19:47.000,1.2716241659993521,-0.8346634724709645,-0.7468905558027927
741212407.0,2023-06-28T08:20:07.000,-0.09591166640898763,-1.4068531533739659,0.6633508860209858
741212427.0,2023-06-28T08:20:27.000,0.3884640992213306,-1.6788156562919099,-0.44448331608659686
741212447.0,2023-06-28T08:20:47.000,-0.18131052189618302,-0.5942042836770689,-0.2970532437029938
741212467.0,2023-06-28T08:21:07.000,0.32872397557337507,-0.2594893259266762,-0.04033652565293977
741212487.0,2023-06-28T08:21:27.000,1.6533494871850962,-1.4962668756668407,-1.6526272659023178
741212507.0,2023-06-28T08:21:47.000,-0.7354545923599076,-1.0635871546482711,-0.3279520245369483
741212527.0,2023-06-28T08:22:07.000,1.0494017511963882,-0.12449441357809121,-1.8446767847568601
741212547.0,2023-06-28T08:22:27.000,-0.26008770677155013,-0.29639106865486653,0.6507131261490606
741212567.0,2023-06-28T08:22:47.000,-1.6177808397910276,-1.7057305179979387,0.7847852184772464
741212587.0,2023-06-28T08:23:07.000,0.9085628347671459,-2.428727718573054,-0.4675124955166865
741212607.0,2023-06-28T08:23:27.000,-0.13451592036917148,-1.1478357913485837,-1.6317002832888505
741212627.0,2023-06-28T08:23:47.000,0.525344475488243,0.1979391749507009,-0.00395582280265927
741212647.0,2023-06-28T08:24:07.000,-0.280905911631546,-0.2989540818898462,-0.0594234072281985
741212667.0,2023-06-28T08:24:27.000,0.5984755274357489,-1.5710897145582159,-0.8493617911997653
741212687.0,2023-06-28T08:24:47.000,1.6620938160460952,-0.3786258235272122,-0.8688447630356144
741212707.0,2023-06-28T08:25:07.000,0.22065639545543192,-0.45447599270609373,-0.9191620007120704
741212727.0,2023-06-28T08:25:27.000,0.15238059617450617,-0.07098289219742426,-0.9228876705180689
741212747.0,2023-06-28T08:25:47.000,-0.3175139926314685,-1.408420253556919,-0.4312263295114249
741212767.0,2023-06-28T08:26:07.000,0.35863409215686204,-0.9174472807460532,-1.1670631195448422
741212787.0,2023-06-28T08:26:27.000,0.027543831648824124,-1.024536776816909,-0.6310050161384417
741212807.0,2023-06-28T08:26:47.000,1.0080196003903197,-1.2423274980077892,-1.444012589002508
741212827.0,2023-06-28T08:27:07.000,-0.5438935965274005,-2.409720931695336,-0.1571780365194897
741212847.0,2023-06-28T08:27:27.000,2.1438048554034417,-0.6716707143472611,-1.5946887356288464
741212867.0,2023-06-28T08:27:47.000,0.6534483672826497,-2.904107563961311,-0.5299491187216177
741212887.0,2023-06-28T08:28:07.000,0.18115699683685094,0.016399936941802196,0.0613200793475599
741212907.0,2023-06-28T08:28:27.000,-0.27437429561683047,-0.2100960763362636,0.1066948605799034
741212927.0,2023-06-28T08:28:47.000,0.6587592603746195,-1.3784120047377613,-0.7933940185500532
741212947.0,2023-06-28T08:29:07.000,-0.09831937141102642,-1.0684162603635805,-0.014228789213532878
741212967.0,2023-06-28T08:29:27.000,0.2699453106713712,-0.8286014365976868,0.22323560093795436
741212987.0,2023-06-28T08:29:47.000,-0.21774343977876143,-2.2840274078061995,-0.2587358017502872
741213007.0,2023-06-28T08:30:07.000,0.37591335627640277,-0.23849542271081603,1.0409836846525522
741213027.0,2023-06-28T08:30:27.000,0.10957037470671338,-1.7824963867596466,0.6239249161654747
741213047.0,2023-06-28T08:30:47.000,-1.3489956473544673,-2.3509848111946674,-0.7833298946491318
741213067.0,2023-06-28T08:31:07.000,0.4468523515210876,-1.6886442275487745,-0.5808053759270848
741213087.0,2023-06-28T08:31:27.000,0.9846797423773701,-1.1990071169254435,0.5079610648439647
741213107.0,2023-06-28T08:31:47.000,-0.8427728204307705,-1.823699800407308,-0.5178691245166789
741213127.0,2023-06-28T08:32:07.000,0.5808493391601388,-1.1441914513188323,-0.20623611048931068
741213147.0,2023-06-28T08:32:27.000,-0.9592140197467458,-0.9631863025827414,-0.9092125457521583
741213167.0,2023-06-28T08:32:47.000,0.7364340088411581,-0.916624651248199,0.5795150090470713
741213187.0,2023-06-28T08:33:07.000,-0.39222959863360884,-1.198012963865569,-0.34466901552843154
741213207.0,2023-06-28T08:33:27.000,0.01948397230222554,-1.643084161762065,-0.20492664785098924
741213227.0,2023-06-28T08:33:47.000,-0.3079915023018742,-1.2294784424216054,0.4757542457323183
741213247.0,2023-06-28T08:34:07.000,0.2248561881690314,-2.029462933839099,-0.6768200642270905
741213267.0,2023-06-28T08:34:27.000,-0.12177904095134195,-0.38182708195222403,-0.065971637752682
741213287.0,2023-06-28T08:34:47.000,0.014099289602498288,-1.3154161918382812,-1.0858353103326834
741213307.0,2023-06-28T08:35:07.000,-0.20165287956119826,-0.28968692761255355,0.6862043905098147
741213327.0,2023-06-28T08:35:27.000,-1.3062602535640622,-0.8827678236733583,0.6270455049195434
741213347.0,2023-06-28T08:35:47.000,-0.564885563625328,-1.5476979675854707,-0.062479181295316266
741213367.0,2023-06-28T08:36:07.000,-0.10330253236157105,-2.3177344687153045,-0.9860510058135041
741213387.0,2023-06-28T08:36:27.000,-0.3563317384824849,-0.2883399256359276,0.5618521426775658
741213407.0,2023-06-28T08:36:47.000,0.533393920332248,-0.9312667220373605,-0.3970983591949917
741213427.0,2023-06-28T08:37:07.000,-0.43248411478735704,-1.5829885623652729,-0.584053817276331
741213447.0,2023-06-28T08:37:27.000,1.1170636648683008,-1.2374615857346782,-0.625137707099821
741213467.0,2023-06-28T08:37:47.000,-0.38566381328486443,-0.07715028559340809,1.0803008625992483
741213487.0,2023-06-28T08:38:07.000,-0.11976814526803992,-2.4210319381934298,-1.0440143361822862
741213507.0,2023-06-28T08:38:27.000,0.8281869544490839,-0.268410572001887,-0.5170977552482192
741213527.0,2023-06-28T08:38:47.000,1.5223153470134143,1.563399135950938,0.6248505842743057
741213547.0,2023-06-28T08:39:07.000,-0.5338320031689214,-0.9425225447112773,-0.6559737982803071
741213567.0,2023-06-28T08:39:27.000,-0.01793848586340019,-2.109385438020528,-0.23755462863483956
741213587.0,2023-06-28T08:39:47.000,0.7694758391796341,-1.3235777739151189,-0.5982530775439088
741213607.0,2023-06-28T08:40:07.000,0.15223902012362345,-0.48950499790256785,-0.5577145663626659
741213627.0,2023-06-28T08:40:27.000,-0.7347794718337575,-1.0360587920921205,0.9786118344345951
741213647.0,2023-06-28T08:40:47.000,-0.6085280471856969,-0.16781592785397592,-0.13298725604071748
741213667.0,2023-06-28T08:41:07.000,0.742500266437407,-0.4530638495370276,0.2802152824110671
741213687.0,2023-06-28T08:41:27.000,0.9389039548501898,-1.9353859324833245,0.3166465204706981
741213707.0,2023-06-28T08:41:47.000,-0.9314919407810152,-1.8486341353374236,0.07927279616071203
741213727.0,2023-06-28T08:42:07.000,1.5769793385134179,-0.3671768835977751,-0.6601403608752499
741213747.0,2023-06-28T08:42:27.000,1.5671157650554157,-2.8500865743463777,0.7780211691232886
741213767.0,2023-06-28T08:42:47.000,-0.49588779875708866,-1.7460898430465832,0.38972890817889905
741213787.0,2023-06-28T08:43:07.000,-0.1336941914842349,0.5734268765822392,-0.9967856659076624
741213807.0,2023-06-28T08:43:27.000,-0.18029550226117408,-1.5421195520892717,1.8198041828121347
741213827.0,2023-06-28T08:43:47.000,-0.2545869366987752,-0.310614498988393,0.010699774066758039
741213847.0,2023-06-28T08:44:07.000,0.43993411170673014,0.4469720747524164,-0.7233491476132947
741213867.0,2023-06-28T08:44:27.000,-1.7351939938237138,-0.2685498699417366,1.417849173568353
741213887.0,2023-06-28T08:44:47.000,-1.2619583553141744,-1.4914516574426884,-1.5367519967557364
741213907.0,2023-06-28T08:45:07.000,1.2910469432525495,-2.101222991901519,1.1353497909150079
741213927.0,2023-06-28T08:45:27.000,-0.7576126957786755,-0.6983555618456094,0.28094081048202213
741213947.0,2023-06-28T08:45:47.000,0.06761030755253472,-0.9419206211003228,0.23132340140064045
741213967.0,2023-06-28T08:46:07.000,0.9542071112922379,-0.33517440876096316,0.8025051927984528
741213987.0,2023-06-28T08:46:27.000,0.5920172363338416,-0.17547326978117894,-0.07349814197255
741214007.0,2023-06-28T08:46:47.000,0.13230236736161416,-2.1742132939039926,0.5046324733748442
741214027.0,2023-06-28T08:47:07.000,-0.143330480384396,-0.8891348307615843,-0.28806767401468036
741214047.0,2023-06-28T08:47:27.000,0.005121499790927686,-0.3190398709551623,1.2682357457549642
741214067.0,2023-06-28T08:47:47.000,0.2843097874460909,-2.807789245207193,0.30083372030142996
741214087.0,2023-06-28T08:48:07.000,-1.2604177674901962,-1.0620016851592418,1.8302044288764918
741214107.0,2023-06-28T08:48:27.000,0.08625445138132903,0.18581008938145516,0.31629864903903737
741214127.0,2023-06-28T08:48:47.000,0.6609149527991853,-0.707263970822769,0.4718275964932239
741214147.0,2023-06-28T08:49:07.000,-0.5960765849244432,-1.0484875851535236,-0.6931037139557006
741214167.0,2023-06-28T08:49:27.000,-0.9030480321525758,-1.2310965921025208,-0.550721324377168
741214187.0,2023-06-28T08:49:47.000,-0.5545112197413715,-1.6051919694781702,0.35742338269084684
741214207.0,2023-06-28T08:50:07.000,-1.4368708896039806,0.13531129766652938,0.14502302342345175
741214227.0,2023-06-28T08:50:27.000,0.522518387557902,-0.8393617402790987,1.1319468982140535
741214247.0,2023-06-28T08:50:47.000,-0.09131504482562391,-1.142246785790224,0.5500748809450506
741214267.0,2023-06-28T08:51:07.000,0.4699629244098169,-1.481528735425286,-0.962670835580326
741214287.0,2023-06-28T08:51:27.000,-0.25862185549785366,-0.8666906594068102,0.17276013969391713
741214307.0,2023-06-28T08:51:47.000,-0.26488356261733514,-0.1620542820268689,0.5413295115497263
741214327.0,2023-06-28T08:52:07.000,-0.05653764786339721,-0.42976863441346325,0.8985409766570918
741214347.0,2023-06-28T08:52:27.000,-0.39401722784493387,-1.8369669841256098,0.2590327507490109
741214367.0,2023-06-28T08:52:47.000,0.01991653775235136,-1.4884156153249783,-0.03229468106269451
741214387.0,2023-06-28T08:53:07.000,-0.19851052485142517,-0.5934511002281262,1.6534936524648103
741214407.0,2023-06-28T08:53:27.000,0.3357352060362473,-2.517405793056593,0.3848313314680496
741214427.0,2023-06-28T08:53:47.000,0.012659313064489197,-1.655997120764141,-0.9559420776295013
741214447.0,2023-06-28T08:54:07.000,-0.3065637229071605,-1.2131711236595955,-0.6789931537687366
741214467.0,2023-06-28T08:54:27.000,-0.417636400895649,-1.1586850723221964,1.5178107602431545
741214487.0,2023-06-28T08:54:47.000,-0.4724495097141457,-0.6027025598598357,0.5731804894382186
741214507.0,2023-06-28T08:55:07.000,-0.14693623178185788,-1.889766573359708,0.04187827691293222
741214527.0,2023-06-28T08:55:27.000,-0.5064336538795899,-1.417632657563228,0.7346626115789512
741214547.0,2023-06-28T08:55:47.000,-1.5637951837454978,-1.0900487185550034,0.5479921205142624
741214567.0,2023-06-28T08:56:07.000,-0.13466294159769632,-0.5437336942692994,1.1824979027963423
741214587.0,2023-06-28T08:56:27.000,0.30284389049839433,-1.0691287552933026,0.3936510374669133
741214607.0,2023-06-28T08:56:47.000,0.5217200939933164,-1.8831544831177105,0.042432721902851966
741214627.0,2023-06-28T08:57:07.000,0.5807341428742951,-0.7099016034350925,0.5955013888669924
741214647.0,2023-06-28T08:57:27.000,-1.1531367585804198,-2.374650824876756,0.3829003112909568
741214667.0,2023-06-28T08:57:47.000,0.25358729606184127,-1.376314090295594,-0.5783714642881854
741214687.0,2023-06-28T08:58:07.000,-0.6655809504541033,-1.943069319176871,0.7063509514959598
741214707.0,2023-06-28T08:58:27.000,-0.6102947024744232,-1.503673008840245,0.0029202759543878187
741214727.0,2023-06-28T08:58:47.000,-0.5491701059567866,-1.5095638085549368,0.06948164570363957
741214747.0,2023-06-28T08:59:07.000,-0.40682890756205126,0.5795401929686861,0.13326762087206845
741214767.0,2023-06-28T08:59:27.000,0.10192894185356849,-0.6761930790966098,-1.1055066751031184
741214787.0,2023-06-28T08:59:47.000,-0.4930619556309246,-0.5249720044342432,-0.3345524006492795
741214807.0,2023-06-28T09:00:07.000,-0.8712179013214971,-0.802740984051642,0.9093627119649561
741214827.0,2023-06-28T09:00:27.000,-0.042922688436863865,-0.9232864781383299,-0.9848410025492527
741214847.0,2023-06-28T09:00:47.000,-0.02577305842077493,-0.8469476773242945,0.6954740990106067
741214867.0,2023-06-28T09:01:07.000,-0.2270805361415107,-1.3623334808587906,0.5842605918404686
741214887.0,2023-06-28T09:01:27.000,0.4844835962747318,0.0651716103750033,0.8615677503764907
741214907.0,2023-06-28T09:01:47.000,-0.43983921808044,-1.2334673040625965,1.333486224308622
741214927.0,2023-06-28T09:02:07.000,1.0341401437186093,-1.9232708309280255,0.9252019043892723
741214947.0,2023-06-28T09:02:27.000,-0.3969224655286929,-0.9935263287408347,0.43655565442612954
741214967.0,2023-06-28T09:02:47.000,-1.1301822716691667,-0.6218457309414838,-0.2004652003062546
741214987.0,2023-06-28T09:03:07.000,0.39016862181107115,-1.6702325455031364,0.03056682400526256
741215007.0,2023-06-28T09:03:27.000,-0.8439417221395296,-0.05658596587965192,-0.2948166303751165
741215027.0,2023-06-28T09:03:47.000,-0.5642793117432987,-0.7149333372646893,-0.21085613431948147
741215047.0,2023-06-28T09:04:07.000,0.25204433840020357,-1.1001673666410916,1.301808940412652
741215067.0,2023-06-28T09:04:27.000,-1.3039087215283018,-1.0711884115055526,0.9605046823901731
741215087.0,2023-06-28T09:04:47.000,-0.8149542750968131,-0.17720935329146315,2.0058886070484228
741215107.0,2023-06-28T09:05:07.000,-0.8400825141530177,-2.082659194102554,1.0250685782864366
741215127.0,2023-06-28T09:05:27.000,-0.29833573361726096,-0.08586433787316494,-0.24517017885861137
741215147.0,2023-06-28T09:05:47.000,-0.8031636160144018,-0.6470060547991707,-1.7529616117006874
741215167.0,2023-06-28T09:06:07.000,-0.7416628389100843,-0.22933428289739766,1.771394330585263
741215187.0,2023-06-28T09:06:27.000,0.14887412109754194,-0.5022064291759776,0.6835543798655586
741215207.0,2023-06-28T09:06:47.000,-0.18945101670775344,-1.6751494675393275,2.7787656296296426
741215227.0,2023-06-28T09:07:07.000,-1.0409946175071738,0.41468359476271033,0.7708667815742309
741215247.0,2023-06-28T09:07:27.000,-0.42216373730141754,-0.8687599038825766,-0.08216426725660142
741215267.0,2023-06-28T09:07:47.000,-0.09236632781961518,0.2124933633718129,2.1583058596341687
741215287.0,2023-06-28T09:08:07.000,0.8836202849749064,-1.8616367909563003,1.1793896916745261
741215307.0,2023-06-28T09:08:27.000,-1.9410963836286044,-0.6852727255979296,0.05538210170463742
741215327.0,2023-06-28T09:08:47.000,-1.0544950695967614,-0.7017654936491979,1.223575924313991
741215347.0,2023-06-28T09:09:07.000,0.08216275113603899,-0.8497115796313182,0.12223919743092893
741215367.0,2023-06-28T09:09:27.000,-1.2797464538083503,-1.088412871463884,0.07893353211052556
741215387.0,2023-06-28T09:09:47.000,-0.9016317711774136,-0.8456386440758301,-0.022187849257893077
741215407.0,2023-06-28T09:10:07.000,-0.0961681949740445,-0.1751653614490145,-0.4393189711349166
741215427.0,2023-06-28T09:10:27.000,-0.6052326789074414,-0.9260767223739919,0.4319065406654943
741215447.0,2023-06-28T09:10:47.000,0.49549774073787134,0.12766222369231528,-0.11011012968076273
741215467.0,2023-06-28T09:11:07.000,-0.23346793714962288,-0.7079457670755573,0.19633439104493888
741215487.0,2023-06-28T09:11:27.000,-0.3964792200217282,-1.3252576383626646,0.7460720795493536
741215507.0,2023-06-28T09:11:47.000,1.1981709441277744,-0.05996330845192688,0.6275373440889354
741215527.0,2023-06-28T09:12:07.000,-1.7987409328346082,-0.7074115031091566,-0.20243761310601016
741215547.0,2023-06-28T09:12:27.000,-0.41212716439531505,-1.2784700148538164,0.0752193804909318
741215567.0,2023-06-28T09:12:47.000,-0.5457808179065715,-0.5268860192142455,-0.7159714138893492
741215587.0,2023-06-28T09:13:07.000,0.26017907268638396,-1.3597638118811872,0.28257969614253753
741215607.0,2023-06-28T09:13:27.000,-0.3031666976460734,0.9240089758666414,0.3384183095422877
741215627.0,2023-06-28T09:13:47.000,-0.5206923484712966,-1.2370780960946348,0.09161795975209941
741215647.0,2023-06-28T09:14:07.000,-0.7668857543330354,0.5582884656907261,0.38813933600501116
741215667.0,2023-06-28T09:14:27.000,-0.346643189952367,-1.5184915293509071,0.37978095438484516
741215687.0,2023-06-28T09:14:47.000,-0.1883553964132645,-0.5321570943572773,0.4826079552322504
741215707.0,2023-06-28T09:15:07.000,-0.4783159532451009,-0.9611854435043199,1.7901707232925723
741215727.0,2023-06-28T09:15:27.000,-0.22700446918877404,-0.4669818829627914,0.6320716549490513
741215747.0,2023-06-28T09:15:47.000,0.7851058329788607,-1.7059860143886496,0.14133238409597126
741215767.0,2023-06-28T09:16:07.000,-0.4655482807258693,-1.2610700009907383,0.8388987586926966
741215787.0,2023-06-28T09:16:27.000,-0.5497899430384479,-0.38451020983876205,1.126254965955198
741215807.0,2023-06-28T09:16:47.000,2.066309836867841,-1.075482892709534,1.16529567202317
741215827.0,2023-06-28T09:17:07.000,0.6771017466045137,-1.2616569349255258,1.423431189284674
741215847.0,2023-06-28T09:17:27.000,0.7249467283143574,-0.9288186615163951,0.7998909062445492
741215867.0,2023-06-28T09:17:47.000,-0.6148910171699384,-0.38470492678133184,0.28512506938804805
741215887.0,2023-06-28T09:18:07.000,-0.8248359909424074,-0.36521769668507176,0.2782774301324231
741215907.0,2023-06-28T09:18:27.000,-1.4182360890679924,-0.6978019890913068,0.7665728123940063
741215927.0,2023-06-28T09:18:47.000,-0.2180456549649712,-0.9386915224784964,-0.37174922393745646
741215947.0,2023-06-28T09:19:07.000,-0.9868600842843911,-0.01778271839780743,0.8451329398306839
741215967.0,2023-06-28T09:19:27.000,-0.09310163000542104,-0.8354621560568987,1.3566193061254062
741215987.0,2023-06-28T09:19:47.000,0.17941074685889902,-1.3141472145483668,0.9204317882871571
741216007.0,2023-06-28T09:20:07.000,-0.4235110596551017,-2.568488969612037,0.27261441833958955
741216027.0,2023-06-28T09:20:27.000,-0.2967482835458668,-0.2639017812611222,-0.671020329900962
741216047.0,2023-06-28T09:20:47.000,-1.6742841673078601,-1.1710076723292495,0.4391291329230995
741216067.0,2023-06-28T09:21:07.000,-0.047648503842534495,-2.453026181781226,0.2583125874866532
741216087.0,2023-06-28T09:21:27.000,-1.5591884648058496,-0.8944751166750642,-0.45144320904855206
741216107.0,2023-06-28T09:21:47.000,-0.5065989397978754,-2.7263682609190987,-0.0617121747703564
741216127.0,2023-06-28T09:22:07.000,-0.44116593311827046,-0.6324294447135337,-0.677142920868512
741216147.0,2023-06-28T09:22:27.000,-0.43337253512465423,-1.4044236412491529,0.21391672053727717
741216167.0,2023-06-28T09:22:47.000,-0.5737466821309489,-0.8276615989233349,0.4625178021244736
741216187.0,2023-06-28T09:23:07.000,-1.0740025245148388,-1.8392601193739644,-0.03445946291646962
741216207.0,2023-06-28T09:23:27.000,-1.33526014588492,-0.7628334813158943,1.1971199151639134
741216227.0,2023-06-28T09:23:47.000,0.21631829307811046,-1.9470324465697963,2.281359384037618
741216247.0,2023-06-28T09:24:07.000,-0.23214918910552385,-1.213240814612604,1.727427505637813
741216267.0,2023-06-28T09:24:27.000,-1.054991391080673,0.5779755408608089,0.2436126191773802
741216287.0,2023-06-28T09:24:47.000,0.7753981683067401,-0.8880003736999598,0.15451290377166416
741216307.0,2023-06-28T09:25:07.000,-0.7018778215295285,-0.841237884285917,-0.7511823110539773
741216327.0,2023-06-28T09:25:27.000,-1.2249017375065563,-1.2342702919054815,1.0705489923545919
741216347.0,2023-06-28T09:25:47.000,0.06108836609897139,-2.4624903853021074,-0.056173207751974985
741216367.0,2023-06-28T09:26:07.000,-1.4051092821598665,-2.0614009774821973,1.6928658151615927
741216387.0,2023-06-28T09:26:27.000,-1.420552290865018,-0.7934221555094823,0.2367703911931862
741216407.0,2023-06-28T09:26:47.000,-0.2906815831371645,-0.593351753530591,-0.5199130060806745
741216427.0,2023-06-28T09:27:07.000,-1.1626482806836869,-0.34903010458497974,-0.2834912186999716
741216447.0,2023-06-28T09:27:27.000,-0.7127168062726064,-0.454493529078448,0.11148042275976877
741216467.0,2023-06-28T09:27:47.000,-1.8171463748384298,-0.5133399393897342,-0.15201554185440003
741216487.0,2023-06-28T09:28:07.000,0.1266582910552927,0.04882652379079033,0.3216222922985956
741216507.0,2023-06-28T09:28:27.000,-1.525410629410473,-0.44137891122009165,0.5008663597205754
741216527.0,2023-06-28T09:28:47.000,0.038157838921915044,-2.583255110988336,0.18670756524175047
741216547.0,2023-06-28T09:29:07.000,-1.2269611606385844,-0.7006463786152217,1.6471608692003592
741216567.0,2023-06-28T09:29:27.000,-1.3988040879930885,-1.5665056320446347,1.0678963926813445
741216587.0,2023-06-28T09:29:47.000,0.05664279968398134,-1.1465445059033463,0.8780339709635321
741216607.0,2023-06-28T09:30:07.000,-1.3210866357193929,-1.1148383339487644,0.49747729535809526
741216627.0,2023-06-28T09:30:27.000,0.08113925568098423,-0.7286698555208915,-1.6077319114349287
741216647.0,2023-06-28T09:30:47.000,0.601250445331214,-1.8599847553812943,1.3251664428448606
741216667.0,2023-06-28T09:31:07.000,-1.736099014548742,-0.3762012083852184,0.34131627457689717
741216687.0,2023-06-28T09:31:27.000,-0.5271257665695472,-0.7085348673441239,2.0315353361222144
741216707.0,2023-06-28T09:31:47.000,0.007003305502184531,-0.3813726833667985,1.8459146705174234
741216727.0,2023-06-28T09:32:07.000,-0.10114434263464034,-0.017348352554513724,0.0674108518339267
741216747.0,2023-06-28T09:32:27.000,-0.4301223735514448,-0.867334842979961,1.3998020342187445
741216767.0,2023-06-28T09:32:47.000,0.5561913018148346,-1.5356750277084608,0.40569817671975983
741216787.0,2023-06-28T09:33:07.000,0.1772076462902561,-0.6966835721655684,0.7308923387183697
741216807.0,2023-06-28T09:33:27.000,-2.3724023764826185,-0.09974337765727981,0.7713686790644658
741216827.0,2023-06-28T09:33:47.000,0.23137919337168356,-0.6111013182152902,0.8763065662109604
741216847.0,2023-06-28T09:34:07.000,-0.5013507212381363,-0.9427493427582867,-0.16652841569042565
741216867.0,2023-06-28T09:34:27.000,0.283759041996845,-0.4816925666339955,-0.3028458541276535
741216887.0,2023-06-28T09:34:47.000,-1.6462395221350512,-1.1326173884440571,0.01741769888319311
741216907.0,2023-06-28T09:35:07.000,-1.4100877197886774,-1.1080419919262674,0.9035191821715749
741216927.0,2023-06-28T09:35:27.000,-0.4203614268338818,-1.2435434344593155,0.7176973915168361
741216947.0,2023-06-28T09:35:47.000,-0.7209647954642406,-1.2941470636462782,1.043166381275995
741216967.0,2023-06-28T09:36:07.000,-0.3348112774359535,-1.4463824622001908,0.8503216457289575
741216987.0,2023-06-28T09:36:27.000,0.3587665966975351,-0.03181402061791516,1.1847337388792845
741217007.0,2023-06-28T09:36:47.000,-0.8350698170955795,-0.9409757205092184,0.05437321662915551
741217027.0,2023-06-28T09:37:07.000,-0.5958944859885129,-1.4860202261046673,1.5458375164922877
741217047.0,2023-06-28T09:37:27.000,-1.3704834424643764,0.16970249009373717,0.7905501596350284
741217067.0,2023-06-28T09:37:47.000,-0.29744138442255874,-1.0759729797138462,0.792252557990647
741217087.0,2023-06-28T09:38:07.000,-0.24448907385288265,-0.33672925238148466,1.268044418201164
741217107.0,2023-06-28T09:38:27.000,0.4975098034543102,-1.784889730116479,0.8605005134776356
741217127.0,2023-06-28T09:38:47.000,-1.3691037906382597,-0.3397075388988924,-0.5159981325220109
741217147.0,2023-06-28T09:39:07.000,-1.795463773290873,-0.33662299178116584,0.5044985087354625
741217167.0,2023-06-28T09:39:27.000,-0.9255659023876817,-1.4122232734559148,2.245925708876939
741217187.0,2023-06-28T09:39:47.000,-2.0455877128844335,-0.35337163765136737,0.5824565675771609
741217207.0,2023-06-28T09:40:07.000,-0.4354086588276296,0.5231187854226604,0.4850469064732188
741217227.0,2023-06-28T09:40:27.000,-1.4515012372706693,0.49270886570695893,1.567006319935782
741217247.0,2023-06-28T09:40:47.000,-1.2058903139378074,-0.04931768536886594,0.8328228766951717
741217267.0,2023-06-28T09:41:07.000,-1.7892784644257809,-0.37131203531881596,0.8287084392377686
741217287.0,2023-06-28T09:41:27.000,0.0904349774399904,-0.9848359934228057,0.4893840019892792
741217307.0,2023-06-28T09:41:47.000,-1.459544556614567,0.0315749098867002,-0.28599806356499613
741217327.0,2023-06-28T09:42:07.000,-1.4679101972281394,-0.7977443077789026,2.1367490733448236
741217347.0,2023-06-28T09:42:27.000,-0.910524075936614,-1.2209236601390394,0.5723208829855331
741217367.0,2023-06-28T09:42:47.000,-0.4409022190676737,-2.4636666162813903,-0.0697548744099663
741217387.0,2023-06-28T09:43:07.000,-1.2310073171151181,0.17728138667072457,1.254286387120107
741217407.0,2023-06-28T09:43:27.000,-1.5030941124094532,0.42773098249959673,0.017620980974353273
741217427.0,2023-06-28T09:43:47.000,-1.273663243905876,-0.5741377556711669,0.04632679330152101
741217447.0,2023-06-28T09:44:07.000,-1.2423127981997517,-0.10164647836763407,-0.05710131011360531
741217467.0,2023-06-28T09:44:27.000,0.590104421227533,-0.012773053481573982,-0.14089613925571953
741217487.0,2023-06-28T09:44:47.000,-1.2710300960061538,0.7790340024071973,0.858847024798326
741217507.0,2023-06-28T09:45:07.000,-1.2068797029085587,-0.28530537132809286,-0.11842305629450323
741217527.0,2023-06-28T09:45:27.000,-1.661367618543963,-1.5029905175101277,0.6176704633098495
741217547.0,2023-06-28T09:45:47.000,-2.9592709816284035,0.6026779673651284,1.594594342935185
741217567.0,2023-06-28T09:46:07.000,-0.15180108300372197,-1.0174283183617128,2.6631893403905593
741217587.0,2023-06-28T09:46:27.000,-0.26280116885990523,-0.5457031372113619,1.4526569659500943
741217607.0,2023-06-28T09:46:47.000,-1.2751539901323383,-0.7415390214871032,1.0798088168617603
741217627.0,2023-06-28T09:47:07.000,-2.061501249039921,-1.536607868546369,1.600233648724192
741217647.0,2023-06-28T09:47:27.000,-2.347174784000927,-1.4794308272447765,-0.4841406605615717
741217667.0,2023-06-28T09:47:47.000,-1.610006144703302,-1.1536968576142392,0.0683810747359459
741217687.0,2023-06-28T09:48:07.000,-1.4369558677618244,-0.12037955059440719,1.2216268753251214
741217707.0,2023-06-28T09:48:27.000,-0.24626974629571308,-0.08430353485300301,0.4596112978871858
741217727.0,2023-06-28T09:48:47.000,-1.0573172381955764,0.07259880310250821,1.5997947209300811
741217747.0,2023-06-28T09:49:07.000,-0.839227621096672,-0.3359567027572119,1.0069234660403659
741217767.0,2023-06-28T09:49:27.000,-1.4062260039415797,1.110678674198784,1.6526179698383991
741217787.0,2023-06-28T09:49:47.000,-0.15637351816755185,-0.012482301059435486,1.149170752590134
741217807.0,2023-06-28T09:50:07.000,-0.36521797406319223,-1.986805814868653,-0.3085315204653938
741217827.0,2023-06-28T09:50:27.000,-0.9464111041523893,-0.5825122107339098,1.0341191340246247
741217847.0,2023-06-28T09:50:47.000,-1.6445062886449868,-0.5374756200771102,1.015868760312344
741217867.0,2023-06-28T09:51:07.000,-1.01396738961812,-1.3721533644650563,0.2044801476475122
741217887.0,2023-06-28T09:51:27.000,-1.1271861779293957,-0.3140351827912724,1.2848675056575942
741217907.0,2023-06-28T09:51:47.000,-0.6667770551360697,-2.001885451208274,1.070026376004396
741217927.0,2023-06-28T09:52:07.000,-1.5858422573789,-0.8574720084641996,0.10134122204741303
741217947.0,2023-06-28T09:52:27.000,-0.7483367548966058,0.27278904741745436,0.6077677051630204
741217967.0,2023-06-28T09:52:47.000,0.4481010456691692,0.3055353933523186,0.7453813828495193
741217987.0,2023-06-28T09:53:07.000,-0.8502956987177512,-0.45080364231564474,0.6110587498331377
741218007.0,2023-06-28T09:53:27.000,-0.4728322649416583,0.4381015215937367,1.2261332202223585
741218027.0,2023-06-28T09:53:47.000,0.349077759664862,-1.6469782110117848,0.149131687632309
741218047.0,2023-06-28T09:54:07.000,-1.476524591992323,0.3550490444648169,0.8292097208872917
741218067.0,2023-06-28T09:54:27.000,-1.939046133558886,-0.7754791378045134,0.8118603110118805
741218087.0,2023-06-28T09:54:47.000,-0.4266071656933157,0.8575749872896665,0.40356875917746393
741218107.0,2023-06-28T09:55:07.000,-0.23644634826736066,0.6982751953321653,1.1033363769619164
741218127.0,2023-06-28T09:55:27.000,-1.572209949662895,-0.24767219178878364,0.41571443554211385
741218147.0,2023-06-28T09:55:47.000,-2.171396637529188,-1.1573334576353567,0.015042350831606655
741218167.0,2023-06-28T09:56:07.000,0.8523592831544136,-0.84983114562176,-0.9023485103454298
741218187.0,2023-06-28T09:56:27.000,-0.3287265220364155,1.4293473466153728,-0.35633925640210506
741218207.0,2023-06-28T09:56:47.000,-1.5120306309013287,0.06858901749895452,0.879222065153229
741218227.0,2023-06-28T09:57:07.000,-1.2366300236155148,-0.17286167887098358,-0.019165617093364062
741218247.0,2023-06-28T09:57:27.000,-1.8649977129303608,0.44621596577698597,-0.4499987690143037
741218267.0,2023-06-28T09:57:47.000,-1.710970387402977,-0.29005738131360204,-0.6116082285956281
741218287.0,2023-06-28T09:58:07.000,-0.5629642522486655,0.4924914872250774,0.7445267779959686
741218307.0,2023-06-28T09:58:27.000,-1.044394105598201,0.010251545878858792,1.5743662983291884
741218327.0,2023-06-28T09:58:47.000,-0.7744819923050095,-0.8924404117705009,-0.4282042786019069
741218347.0,2023-06-28T09:59:07.000,0.0031379934983810642,0.07186595831765175,0.44219275221468735
741218367.0,2023-06-28T09:59:27.000,-0.914998143120016,-0.9937223176992305,-0.285314415326976
741218387.0,2023-06-28T09:59:47.000,-1.7405276588666752,-0.4740183138340903,-1.0081446635501479
741218407.0,2023-06-28T10:00:07.000,-1.8870795777004012,-0.9446640106491877,0.2654699330695287
741218427.0,2023-06-28T10:00:27.000,-2.1064690885919113,0.6212542514094643,0.7728495048930917
741218447.0,2023-06-28T10:00:47.000,-0.008840630227879842,0.6124512514471547,-0.36889738107559467
741218467.0,2023-06-28T10:01:07.000,0.089712762185723,-0.9766427398139044,-1.5259943271672682
741218487.0,2023-06-28T10:01:27.000,-1.382473371014381,0.9350880591507682,0.424585531233479
741218507.0,2023-06-28T10:01:47.000,-0.9407119880733283,-0.3849347557371985,1.1870502244493153
741218527.0,2023-06-28T10:02:07.000,-1.6811929438254047,0.29484508241583995,-0.4650805945694003
741218547.0,2023-06-28T10:02:27.000,-0.22329440066970463,-0.45657084313255325,0.5734614853647457
741218567.0,2023-06-28T10:02:47.000,-1.2252220252029211,-0.4738036019857894,0.2714503889000852
741218587.0,2023-06-28T10:03:07.000,-1.2156386884787374,0.7013768333785642,0.8123647791125066
741218607.0,2023-06-28T10:03:27.000,-1.6120908598371564,-1.1746425073289046,-0.026396947394591308
741218627.0,2023-06-28T10:03:47.000,-1.0483448718789923,0.4598327550731085,1.8755060566921777
741218647.0,2023-06-28T10:04:07.000,-0.9457327491135814,1.3344641669688073,0.9989054953196685
741218667.0,2023-06-28T10:04:27.000,-1.5808266091821288,-0.6816245967988799,0.8193813680223982
741218687.0,2023-06-28T10:04:47.000,-0.37312757660279416,-0.4246303336952195,0.5422628319040612
741218707.0,2023-06-28T10:05:07.000,0.4308106614447915,-0.16803375201268622,1.087312833636389
741218727.0,2023-06-28T10:05:27.000,-0.4961616809406877,-1.179575421572654,0.5625868442105109
741218747.0,2023-06-28T10:05:47.000,-2.0994188937639713,0.6321239799933487,0.4668508622351908
741218767.0,2023-06-28T10:06:07.000,-0.9307736984154324,-0.5733075097325013,-0.22777333749113282
741218787.0,2023-06-28T10:06:27.000,-0.7424902155439561,-0.7330021174034584,0.542318312557466
741218807.0,2023-06-28T10:06:47.000,-1.368145121161124,-0.5358622527373846,0.06653602332429287
741218827.0,2023-06-28T10:07:07.000,-0.21664192826342799,-0.7729754251339926,0.17559607331518734
741218847.0,2023-06-28T10:07:27.000,-1.9498530906547629,1.5599907362218168,1.4753522052712853
741218867.0,2023-06-28T10:07:47.000,-1.0191324214536834,-0.5770847812947011,0.6881636449018735
741218887.0,2023-06-28T10:08:07.000,-0.13985153188844635,-0.13471734754411102,0.7154691976540839
741218907.0,2023-06-28T10:08:27.000,-1.0531901321386705,-0.28902222658500065,-0.13647785438442028
741218927.0,2023-06-28T10:08:47.000,-0.7000740389728755,0.17017815243658418,1.654839882592185
741218947.0,2023-06-28T10:09:07.000,-0.6241847024579528,-0.9929170022848766,-1.1347424771490644
741218967.0,2023-06-28T10:09:27.000,-1.112719320384148,-0.36896526124374773,0.7521707226065821
741218987.0,2023-06-28T10:09:47.000,-0.9637559133746088,0.2816024931906469,1.1614285048033857
741219007.0,2023-06-28T10:10:07.000,-0.2983560204894431,-0.042555654866660575,1.1993914646124537
741219027.0,2023-06-28T10:10:27.000,-1.202413412970671,0.25525853081243,-1.1653113569431994
741219047.0,2023-06-28T10:10:47.000,-1.5011408621812272,0.8261061214098753,0.48168420179184324
741219067.0,2023-06-28T10:11:07.000,-0.0985720658763789,-0.7428862605074471,-0.272089349351301
741219087.0,2023-06-28T10:11:27.000,-0.8809266634823842,0.1960872048067941,1.090985406115852
741219107.0,2023-06-28T10:11:47.000,-0.7731278117040219,-0.1957251744677535,0.48229806801636244
741219127.0,2023-06-28T10:12:07.000,-0.584392066971251,-0.4413002524406018,0.8117289839959518
741219147.0,2023-06-28T10:12:27.000,-1.3210306713529185,-0.5701582761252766,0.33355067311502395
741219167.0,2023-06-28T10:12:47.000,0.4073593087183802,-1.3686183594097123,-0.33308982229085515
741219187.0,2023-06-28T10:13:07.000,-0.2882890727473608,0.2882124769509886,0.04499006490688018
741219207.0,2023-06-28T10:13:27.000,-0.3640697067819332,-0.15336571769219987,-0.03974501214809578
741219227.0,2023-06-28T10:13:47.000,-1.4243237178357404,-0.3541830596809348,1.007773814631907
741219247.0,2023-06-28T10:14:07.000,-0.3645170197352776,-1.5300410812990606,-0.12952501761143154
741219267.0,2023-06-28T10:14:27.000,-0.45352834051604063,0.2710210821765813,1.0588583349457892
741219287.0,2023-06-28T10:14:47.000,-0.9723398401773053,0.7204291388118733,-0.5348761312862216
741219307.0,2023-06-28T10:15:07.000,-0.49490272077123976,0.7181445228821026,-0.612974954961043
741219327.0,2023-06-28T10:15:27.000,-1.465336019390584,0.18923944981041885,0.8560100340226917
741219347.0,2023-06-28T10:15:47.000,-2.1156706966340977,-0.2812312821287577,-0.7741234483105153
741219367.0,2023-06-28T10:16:07.000,-1.6188605774569709,0.0807967763694073,-0.5630426938019184
741219387.0,2023-06-28T10:16:27.000,-0.2893933958136863,-0.19933318302634007,0.7847756861689703
741219407.0,2023-06-28T10:16:47.000,-1.2333560722721515,-1.0372317262086206,-1.6346355705354476
741219427.0,2023-06-28T10:17:07.000,-0.8935999729509092,-0.7817427348788542,1.9815107944132215
741219447.0,2023-06-28T10:17:27.000,-0.5769018641466062,-0.5610241080034051,-0.19200337036950899
741219467.0,2023-06-28T10:17:47.000,-1.1959499999658618,0.4129562939603204,0.18360988159882297
741219487.0,2023-06-28T10:18:07.000,-0.6805896772155151,1.1272008463625305,-0.45131460901792764
741219507.0,2023-06-28T10:18:27.000,-1.6557127185956588,0.8159152326103758,0.10639513839949544
741219527.0,2023-06-28T10:18:47.000,-0.7907969114206992,0.35444112997939925,0.2172884028706079
741219547.0,2023-06-28T10:19:07.000,-1.3557933007612988,-1.1082535199880006,-0.23326311568983016
741219567.0,2023-06-28T10:19:27.000,0.552158805577907,0.9393058894024975,-0.29930629468211123
741219587.0,2023-06-28T10:19:47.000,-0.636710930812523,-0.056191500952262885,0.15348403404891187
741219607.0,2023-06-28T10:20:07.000,-0.759399409622219,-1.5792339058795513,-0.6095140232198482
741219627.0,2023-06-28T10:20:27.000,-1.5771248695672924,0.16559053588327544,-0.005241178857584572
741219647.0,2023-06-28T10:20:47.000,-1.4026737404582157,1.6057264109026193,-0.8392548849545101
741219667.0,2023-06-28T10:21:07.000,0.013937021170473685,-1.1028135807888972,0.7659268640991534
741219687.0,2023-06-28T10:21:27.000,0.27562859827856556,-0.7947486452608565,-1.173608942561799
741219707.0,2023-06-28T10:21:47.000,-1.8587823930382719,0.11735488034680941,0.022769698260205473
741219727.0,2023-06-28T10:22:07.000,-1.2654459257133155,-0.47173291922719685,-0.8706600324037694
741219747.0,2023-06-28T10:22:27.000,-2.242287093368045,0.8157485544058041,0.32403533772873416
741219767.0,2023-06-28T10:22:47.000,1.0767817262502533,-0.5479524534446334,-0.48430036491131645
741219787.0,2023-06-28T10:23:07.000,-1.2589975977084222,0.48433076845766365,0.0964535754932605
741219807.0,2023-06-28T10:23:27.000,-0.8113437165779835,1.0786892655101354,-0.284996669097648
741219827.0,2023-06-28T10:23:47.000,-0.30035907794268013,0.528755739026554,0.47865884146292004
741219847.0,2023-06-28T10:24:07.000,-2.3747743693847134,0.8489258774946329,-0.20545112211500793
741219867.0,2023-06-28T10:24:27.000,-1.5327828792877085,0.6363914955009875,0.5040003160816653
741219887.0,2023-06-28T10:24:47.000,-0.5000028244439569,-0.5087209122289771,-0.30719820507396634
741219907.0,2023-06-28T10:25:07.000,-1.9331616439299815,1.1872555014114106,-0.2221415329017873
741219927.0,2023-06-28T10:25:27.000,-1.2411229410536073,-0.37882329819716176,-0.7816568736940255
741219947.0,2023-06-28T10:25:47.000,-0.3373075907586731,0.9598077906458613,-0.41157463570584696
741219967.0,2023-06-28T10:26:07.000,-0.5813752718242249,-0.7181061584038417,-0.5443683522954323
741219987.0,2023-06-28T10:26:27.000,-2.1548143042227075,-0.8690459702531683,-0.21138643099272159
741220007.0,2023-06-28T10:26:47.000,-2.4257617803113973,0.36208151583672077,-0.7442986960426445
741220027.0,2023-06-28T10:27:07.000,-0.8039248619140515,-0.7940380522764023,0.6420092817038814
741220047.0,2023-06-28T10:27:27.000,-1.5039709185038497,0.9056014938946255,1.4743765010871712
741220067.0,2023-06-28T10:27:47.000,-1.6141734564656396,0.5231399745064813,0.8495914873951627
741220087.0,2023-06-28T10:28:07.000,0.2002015467406082,0.3337150564219904,-0.5155560317660068
741220107.0,2023-06-28T10:28:27.000,-1.9820799499026265,1.1015173618900143,0.4012201624936651
741220127.0,2023-06-28T10:28:47.000,-0.9305111663193699,1.0594995998203238,1.013945069505695
741220147.0,2023-06-28T10:29:07.000,-1.644431339398178,0.3042027811983594,1.1625174079044065
741220167.0,2023-06-28T10:29:27.000,-1.486788513271886,2.4019811790898515,0.9403587548639791
741220187.0,2023-06-28T10:29:47.000,-1.347872342472023,-0.0238394436191669,1.2027820215809726
741220207.0,2023-06-28T10:30:07.000,-0.3144192802451151,1.007453741064257,-0.3617791703880435
741220227.0,2023-06-28T10:30:27.000,-0.8612262883844757,-0.04458778529725649,-0.07239882123810659
741220247.0,2023-06-28T10:30:47.000,-1.762411733752245,-0.16964578798406293,0.3301723548565505
741220267.0,2023-06-28T10:31:07.000,-1.6920726654823248,0.6190869644928654,-0.2620144077702946
741220287.0,2023-06-28T10:31:27.000,-2.1455980230844496,1.1249934184887067,-0.031953971102449685
741220307.0,2023-06-28T10:31:47.000,-0.6302100392874266,0.5981466622673182,1.3464070973467912
741220327.0,2023-06-28T10:32:07.000,-0.1867205447259046,0.43711723687334114,-0.2656610456286401
741220347.0,2023-06-28T10:32:27.000,-0.6732901869033192,-0.3026415137830085,-1.09936792083154
741220367.0,2023-06-28T10:32:47.000,-0.9927619718630432,0.1530374225011677,-0.8802240519467652
741220387.0,2023-06-28T10:33:07.000,-0.9655103848760227,-0.7229512535289473,-0.18168276723073973
741220407.0,2023-06-28T10:33:27.000,-1.7602852893650045,0.6543631252853288,-0.4741741707614544
741220427.0,2023-06-28T10:33:47.000,-0.05291019252728901,-0.44670662705526,0.11640042436589226
741220447.0,2023-06-28T10:34:07.000,-2.0541170692722766,0.709531562637089,-1.6415545598502668
741220467.0,2023-06-28T10:34:27.000,-0.8960397951285337,0.8785620780882297,-1.1319994800529365
741220487.0,2023-06-28T10:34:47.000,-1.4864474188858168,-1.416337358295383,-0.21579101792124078
741220507.0,2023-06-28T10:35:07.000,-1.2278111911845357,0.5327855946757332,0.27232226400553117
741220527.0,2023-06-28T10:35:27.000,-0.40742447672270643,0.4911607203617052,0.9814750856040888
741220547.0,2023-06-28T10:35:47.000,-1.0445393004210324,1.2140368900515064,-0.8004776503978128
741220567.0,2023-06-28T10:36:07.000,0.36444236395372087,0.7662956273191135,-0.6612486867063616
741220587.0,2023-06-28T10:36:27.000,-1.344029557848181,0.29896145842256416,-1.301929998209772
741220607.0,2023-06-28T10:36:47.000,-0.6189250815191727,0.48546016396811,-0.09724859850734902
741220627.0,2023-06-28T10:37:07.000,-0.09642971431356173,-0.5340464030667569,-0.27498946986170836
741220647.0,2023-06-28T10:37:27.000,-1.5453252809716211,0.8266426731129428,-0.14118719190436835
741220667.0,2023-06-28T10:37:47.000,-1.4181373033217426,1.9303777874180028,0.3478084530050829
741220687.0,2023-06-28T10:38:07.000,-0.32482130735145276,0.8730518622046546,0.5928513573394412
741220707.0,2023-06-28T10:38:27.000,-2.2511426014948377,-0.38934152608582906,-0.7286566812259032
741220727.0,2023-06-28T10:38:47.000,-1.0344506179649215,-1.3408977081352802,0.181040433144819
741220747.0,2023-06-28T10:39:07.000,-0.9373019517533443,0.7446433749613846,-0.4283548239780721
741220767.0,2023-06-28T10:39:27.000,-1.4164389657511656,0.3195308001191499,-1.3913282980393404
741220787.0,2023-06-28T10:39:47.000,-0.5667894307226362,0.19672600888309688,-0.08855693465203984
741220807.0,2023-06-28T10:40:07.000,0.4064154020988475,0.9284650194008037,-0.7293654718520948
741220827.0,2023-06-28T10:40:27.000,-1.3282583781859536,0.11464280331718868,-0.7387471074871144
741220847.0,2023-06-28T10:40:47.000,-1.3557932165619846,0.7987781177165587,-0.20736946566568548
741220867.0,2023-06-28T10:41:07.000,-0.4141169235860609,0.08423155046788366,0.2803734366341182
741220887.0,2023-06-28T10:41:27.000,-0.42337049502849666,0.6369211019929821,-1.3657419908996715
741220907.0,2023-06-28T10:41:47.000,-0.48746788902098714,-0.3411198702507612,-0.15859653297312093
741220927.0,2023-06-28T10:42:07.000,-1.2629847079836942,-0.6268322238600632,-0.33485886313799895
741220947.0,2023-06-28T10:42:27.000,-1.3427484572559045,-0.3446129820838806,-0.41760153455250304
741220967.0,2023-06-28T10:42:47.000,-0.5675145696715234,1.6473223065305298,-0.025084443089351538
741220987.0,2023-06-28T10:43:07.000,-0.7030105940053488,0.8250569542567199,-0.8038687203892891
741221007.0,2023-06-28T10:43:27.000,-0.4205508523758006,-0.5858112456791353,0.33365719637190594
741221027.0,2023-06-28T10:43:47.000,-0.5322645338812215,1.9817354901086048,0.13313867794906287
741221047.0,2023-06-28T10:44:07.000,-2.248837701490647,0.5826896619209876,-0.10148605329440841
741221067.0,2023-06-28T10:44:27.000,-0.3298518275185458,-0.03996355716351374,0.0028964358578242866
741221087.0,2023-06-28T10:44:47.000,-0.866548647771026,-0.6874338323914486,-0.8681047194758484
741221107.0,2023-06-28T10:45:07.000,-1.8505204393171049,-0.23714151046183574,0.26097140342074
741221127.0,2023-06-28T10:45:27.000,-1.6527372039276678,1.0615695219873267,0.702634115956613
741221147.0,2023-06-28T10:45:47.000,-0.5794559793326215,0.48619957673246006,-0.4660115565102707
741221167.0,2023-06-28T10:46:07.000,0.2821621171378297,0.125344709012154,-1.7129358890644042
741221187.0,2023-06-28T10:46:27.000,-0.1563056587494671,0.25398524103881215,-2.2996184244172824
741221207.0,2023-06-28T10:46:47.000,-1.5084826133882068,2.050449389046083,0.6249651988587956
741221227.0,2023-06-28T10:47:07.000,-1.4660877668548622,0.7874027652565729,-0.6135068414958589
741221247.0,2023-06-28T10:47:27.000,-1.7374429519767531,1.3815585695797772,-1.0199969643576168
741221267.0,2023-06-28T10:47:47.000,-1.2948761207276505,1.3669437881946855,0.9120521095029588
741221287.0,2023-06-28T10:48:07.000,-0.9208943150706972,1.7077751078620196,-0.5759555454565302
741221307.0,2023-06-28T10:48:27.000,-0.4899555134607603,1.3304686341975014,-1.030948393421216
741221327.0,2023-06-28T10:48:47.000,-1.2937235093879451,1.7331687590105282,-2.3519844940311785
741221347.0,2023-06-28T10:49:07.000,-1.0766854220856104,0.8141628915381283,-0.7302163189115696
741221367.0,2023-06-28T10:49:27.000,-1.032555701108162,1.7761202058763637,-0.7246377816128025
741221387.0,2023-06-28T10:49:47.000,-0.4423776468809315,0.3852203663390341,-1.0263730231052648
741221407.0,2023-06-28T10:50:07.000,-2.4587086225658084,1.1212814776340174,-0.9098147858432881
741221427.0,2023-06-28T10:50:27.000,-0.9479727874350807,1.1292455989631023,-0.4135714124831047
741221447.0,2023-06-28T10:50:47.000,-0.12241711820903944,0.4853283665284813,-0.087929712810908
741221467.0,2023-06-28T10:51:07.000,-1.5473480737382417,0.035774490902973355,-1.5607397134353995
741221487.0,2023-06-28T10:51:27.000,-1.7840195447593743,0.5049235765497428,0.02148426376802348
741221507.0,2023-06-28T10:51:47.000,-2.8704560182113426,0.16829120450534418,0.1330682939504335
741221527.0,2023-06-28T10:52:07.000,-1.1341163218214767,0.0971494133472639,-1.542919129760012
741221547.0,2023-06-28T10:52:27.000,-0.5277502683864732,1.4677692893427796,0.1320212202893245
741221567.0,2023-06-28T10:52:47.000,-0.31184081900059724,0.17634435481861388,-0.7649982366242369
741221587.0,2023-06-28T10:53:07.000,-0.3895282081556317,0.6476517427356221,-0.5394689635673799
741221607.0,2023-06-28T10:53:27.000,-1.2786428983613263,0.7569675108731744,-0.6142884756532574
741221627.0,2023-06-28T10:53:47.000,-0.6589403873547006,-0.7715464527935367,0.8263143135733841
741221647.0,2023-06-28T10:54:07.000,-0.010663164051738505,1.7563055220493062,-0.6918564193547638
741221667.0,2023-06-28T10:54:27.000,0.984569639050914,1.871036712564056,-0.8558385446999495
741221687.0,2023-06-28T10:54:47.000,-0.9447409806462304,0.5701685235615095,-0.3704642396851199
741221707.0,2023-06-28T10:55:07.000,-0.2918231351567435,0.17292634917343008,-1.1213007295673982
741221727.0,2023-06-28T10:55:27.000,-1.678875305244354,0.7586672664761096,-0.8717937623470284
741221747.0,2023-06-28T10:55:47.000,0.3619615389083286,0.9484973906959127,-2.567321995827765
741221767.0,2023-06-28T10:56:07.000,-1.0959414752376162,-0.48204785439986964,0.4957985656028896
741221787.0,2023-06-28T10:56:27.000,-0.8125280429815973,0.4417009998092247,-0.04732367181459196
741221807.0,2023-06-28T10:56:47.000,-0.2217981161733995,0.5445636724887848,0.05427751048614482
741221827.0,2023-06-28T10:57:07.000,-1.456038990477193,1.3234176029719436,-1.7913676745973106
741221847.0,2023-06-28T10:57:27.000,-1.3668972309699434,0.7778110687861606,-0.6595640179019036
741221867.0,2023-06-28T10:57:47.000,0.1114980580863012,-0.13900323329041342,0.35618131873915715
741221887.0,2023-06-28T10:58:07.000,-1.3925922761282017,0.6913835630006915,-1.3934073793464563
741221907.0,2023-06-28T10:58:27.000,0.7449644989554471,0.8494296178440663,-0.6355567391369554
741221927.0,2023-06-28T10:58:47.000,-1.460927089003139,0.9575096575287212,1.138292000091301
741221947.0,2023-06-28T10:59:07.000,-1.1918114696807258,0.9869119981575913,-0.5184755843656852
741221967.0,2023-06-28T10:59:27.000,0.26823085675919955,-0.4589483882266876,-0.05778231866315764
741221987.0,2023-06-28T10:59:47.000,-0.5010246538983409,1.7434543628791488,-0.3604315954031101
741222007.0,2023-06-28T11:00:07.000,-0.19839636443697017,1.8186162728084376,-0.6773444982233201
741222027.0,2023-06-28T11:00:27.000,-1.822737275281039,2.5410082757582053,-1.9844801207979934
741222047.0,2023-06-28T11:00:47.000,-1.676959572105563,1.009343532853979,-0.9201107160849986
741222067.0,2023-06-28T11:01:07.000,-1.1696906677904906,1.00104275632118,0.9430830271717205
741222087.0,2023-06-28T11:01:27.000,-1.1788880359575593,-1.5100662396849707,-0.008063663536894694
741222107.0,2023-06-28T11:01:47.000,-1.3494904228084081,1.4762031354309535,1.1127275078015586
741222127.0,2023-06-28T11:02:07.000,-1.0842092332929987,0.13244566946513103,0.04971367311146224
741222147.0,2023-06-28T11:02:27.000,-1.245540551164659,0.5106864476966955,0.4680351168295793
741222167.0,2023-06-28T11:02:47.000,-0.30777874925336235,-0.438141435366024,-0.6656432354645858
741222187.0,2023-06-28T11:03:07.000,-0.6136276441970345,0.7562852562870148,-0.24767817666804248
741222207.0,2023-06-28T11:03:27.000,-0.8237171235103702,0.6999028672294294,-0.5235614638499086
741222227.0,2023-06-28T11:03:47.000,-0.38176322120220263,-0.9846329211971039,-1.7544037373529164
741222247.0,2023-06-28T11:04:07.000,-1.3240307539352791,0.9528477779463529,0.16474717356995683
741222267.0,2023-06-28T11:04:27.000,-0.436474293907807,1.160667300903473,0.10915558530388836
741222287.0,2023-06-28T11:04:47.000,-1.76173417157921,0.6415073957044548,-1.0000585180303112
741222307.0,2023-06-28T11:05:07.000,-0.4806212129948584,1.5206183722527022,-0.7387544458836715
741222327.0,2023-06-28T11:05:27.000,-0.9427853422283583,1.2199726832085034,-1.7377884867442184
741222347.0,2023-06-28T11:05:47.000,-0.7941043341230802,0.2704048125079517,-0.08273396501223829
741222367.0,2023-06-28T11:06:07.000,-0.7868340230698934,0.06962001265486961,-0.8426422042795423
741222387.0,2023-06-28T11:06:27.000,-0.96899709689513,1.6627394093249315,-0.28400990279564553
741222407.0,2023-06-28T11:06:47.000,-2.000858281259177,1.2346332681878458,-1.8077451892750673
741222427.0,2023-06-28T11:07:07.000,-0.9751387775591702,1.355140325287607,0.763656906643817
741222447.0,2023-06-28T11:07:27.000,-0.8755771596091755,0.4767042035780378,-0.29291922301055706
741222467.0,2023-06-28T11:07:47.000,0.17955057687313314,-0.5779871997346753,-1.1680712502903923
741222487.0,2023-06-28T11:08:07.000,-0.9072046504021714,1.7963054115832655,-1.268213022564968
741222507.0,2023-06-28T11:08:27.000,-0.3119898670411736,-0.2000642103316963,-0.04847157342169339
741222527.0,2023-06-28T11:08:47.000,-0.9931169565713382,1.255091785135054,-0.6725393105422306
741222547.0,2023-06-28T11:09:07.000,-1.149792318688725,-0.2132872089943838,-0.8166434156908764
741222567.0,2023-06-28T11:09:27.000,-0.3716201044223766,0.023182969111079643,-1.594180122377331
741222587.0,2023-06-28T11:09:47.000,-1.823468828698882,0.1675332975348276,-0.4216151130886914
741222607.0,2023-06-28T11:10:07.000,-0.15001465206720965,2.2703719625649654,0.3643821616439169
741222627.0,2023-06-28T11:10:27.000,-0.7411710876703559,0.4787712944764877,-0.043437760122166935
741222647.0,2023-06-28T11:10:47.000,-2.1901627279774516,-0.3888457096312692,-0.7940825475838409
741222667.0,2023-06-28T11:11:07.000,-2.1058778564619907,0.8874674331083021,-0.8450610246901746
741222687.0,2023-06-28T11:11:27.000,-1.195077130589084,0.6982633707575125,-0.41928987721817634
741222707.0,2023-06-28T11:11:47.000,-0.9182639875482401,0.4157687599537496,-0.784878249959764
741222727.0,2023-06-28T11:12:07.000,-0.980364075420237,0.47887797144374744,-1.9538343626668286
741222747.0,2023-06-28T11:12:27.000,-1.8389858260192682,1.9207566950618649,-0.9405846300492016
741222767.0,2023-06-28T11:12:47.000,-0.18957315157663857,-0.36939603496044526,-1.8072063118323989
741222787.0,2023-06-28T11:13:07.000,-1.0974900308213797,1.1593512480034818,-0.6971778825248798
741222807.0,2023-06-28T11:13:27.000,-0.13185334311049957,0.4040786021786147,-0.5612383246811348
741222827.0,2023-06-28T11:13:47.000,0.5233031021512069,1.0400189958570394,-0.6502975363531505
741222847.0,2023-06-28T11:14:07.000,-0.5564495069720898,0.8175337166238528,0.15947346113653893
741222867.0,2023-06-28T11:14:27.000,-0.6050256265988097,1.498445821557226,-0.2676710794347059
741222887.0,2023-06-28T11:14:47.000,-1.8406041914609261,-1.0515800766164318,-0.03338061250746094
741222907.0,2023-06-28T11:15:07.000,-1.1623644142533252,1.8201042746635032,-0.712342253583742
741222927.0,2023-06-28T11:15:27.000,0.06737888803565184,-0.2772210268675579,-0.3488124964201589
741222947.0,2023-06-28T11:15:47.000,-0.48800901896184357,0.8461512950974637,-1.1272525457406424
741222967.0,2023-06-28T11:16:07.000,-0.5184728227414226,0.13075044620336485,-0.5740565693801436
741222987.0,2023-06-28T11:16:27.000,-0.1217360863114969,0.06563513692547929,-0.4980297615642115
741223007.0,2023-06-28T11:16:47.000,-1.478103600316416,3.6570904036081764,-0.16883831766012491
741223027.0,2023-06-28T11:17:07.000,1.862156950738214,1.4527413785603294,-0.9602450770196391
741223047.0,2023-06-28T11:17:27.000,-0.9553996394684461,0.49024404332742577,-0.626072410714329
741223067.0,2023-06-28T11:17:47.000,-1.795929605097335,1.1345676073637456,-0.7827768486734499
741223087.0,2023-06-28T11:18:07.000,-0.6179203344003348,1.5225319439871043,-0.4910661209667211
741223107.0,2023-06-28T11:18:27.000,-1.094309171612018,0.8694630849293006,-0.8842460591407253
741223127.0,2023-06-28T11:18:47.000,-0.1901021412953341,0.46536576605582525,-1.0639501607734303
741223147.0,2023-06-28T11:19:07.000,-0.20970054269708882,0.8731518281734907,-1.1487130040843674
741223167.0,2023-06-28T11:19:27.000,-0.947658707739496,-0.7932561467693944,-0.9472105413688148
741223187.0,2023-06-28T11:19:47.000,-0.3235246348154419,0.7687344351081649,-0.953254024449457
741223207.0,2023-06-28T11:20:07.000,-1.012553766033264,0.2647365918151401,-1.2674698340542356
741223227.0,2023-06-28T11:20:27.000,-0.844465415628104,0.20087738479279693,-2.0408979529706883
741223247.0,2023-06-28T11:20:47.000,0.25422494795979134,0.43703102720060727,0.06624969742796694
741223267.0,2023-06-28T11:21:07.000,-0.18204830033452524,0.40097484832468666,-0.5791524342768639
741223287.0,2023-06-28T11:21:27.000,-1.376184172852124,0.3453418153442911,-0.3792766149146587
741223307.0,2023-06-28T11:21:47.000,-0.8996702970942572,1.3083279782555302,-0.6435676749849684
741223327.0,2023-06-28T11:22:07.000,1.0759703825580225,0.6010003664069785,0.12710780751268302
741223347.0,2023-06-28T11:22:27.000,-0.030379215976150675,-0.6105559854363563,-0.4271334370864466
741223367.0,2023-06-28T11:22:47.000,0.10470213079871726,0.7605340176297659,-1.78946060342966
741223387.0,2023-06-28T11:23:07.000,-0.5295199169808029,0.17869378646784284,0.02055493881769621
741223407.0,2023-06-28T11:23:27.000,-0.22788323278399858,-0.027834304328067105,-1.863216990660721
741223427.0,2023-06-28T11:23:47.000,0.07427117640901315,0.3881625503687758,-0.7591390514871676
741223447.0,2023-06-28T11:24:07.000,1.185368955791688,-0.9282419337841574,-0.8929917797884102
741223467.0,2023-06-28T11:24:27.000,0.9642939457599198,-0.6890129228831476,-1.3166469090997168
741223487.0,2023-06-28T11:24:47.000,0.05291528778483823,1.083485791819605,-0.9462811121352388
741223507.0,2023-06-28T11:25:07.000,-0.5399404577111078,0.2890761432894351,-1.3928817871766697
741223527.0,2023-06-28T11:25:27.000,1.4378415094884467,1.1595295225652613,-0.15527027440453978
741223547.0,2023-06-28T11:25:47.000,-0.3679771211406724,1.480055812241865,-0.35388124357549344
741223567.0,2023-06-28T11:26:07.000,0.1952163336316204,-0.10343343008756278,-0.30273532047875307
741223587.0,2023-06-28T11:26:27.000,-1.7722560731292525,-0.7991614079494447,-1.1480651393225294
741223607.0,2023-06-28T11:26:47.000,-0.7366144226916838,0.677047223052174,0.24400667446577984
741223627.0,2023-06-28T11:27:07.000,-0.3548950282317165,1.4242289448462842,-0.5101201326018767
741223647.0,2023-06-28T11:27:27.000,-0.5288889309174039,1.2564794005576196,-0.5111227196485935
741223667.0,2023-06-28T11:27:47.000,0.015544272202738796,0.426488640370426,-0.42742492115666053
741223687.0,2023-06-28T11:28:07.000,-0.1851502476002409,-0.5113929464561906,-1.9252667764702025
741223707.0,2023-06-28T11:28:27.000,-0.9071614981204235,0.8041297118510649,-0.8159838384314
741223727.0,2023-06-28T11:28:47.000,-0.30951167875326036,0.22622524586957127,-0.43987981900306394
741223747.0,2023-06-28T11:29:07.000,0.274553460732907,1.3564859694836784,-0.6512841031813821
741223767.0,2023-06-28T11:29:27.000,0.4720294428994798,1.2591252123939078,-1.01988888947524
741223787.0,2023-06-28T11:29:47.000,0.9560221245319411,0.6975149569266037,0.04685883491228893
741223807.0,2023-06-28T11:30:07.000,0.17121117290574972,0.5180238864532782,-0.4456177211897838
741223827.0,2023-06-28T11:30:27.000,0.08879544126649819,0.6041367006992537,-1.268664586284718
741223847.0,2023-06-28T11:30:47.000,-1.1292935302553708,-0.522132869074099,-2.2699924265623395
741223867.0,2023-06-28T11:31:07.000,-0.2200139483932162,-0.5551037798423586,-1.353854861085857
741223887.0,2023-06-28T11:31:27.000,-0.26406150869240363,-0.3595563153879766,-1.3120995083770737
741223907.0,2023-06-28T11:31:47.000,0.2303250648871824,-1.1919851377939494,-1.3071020050992033
741223927.0,2023-06-28T11:32:07.000,-0.298342959903497,0.8727832454757944,-0.6627082997701095
741223947.0,2023-06-28T11:32:27.000,-1.1035090436761763,0.28703733739865456,-1.3341989765325302
741223967.0,2023-06-28T11:32:47.000,0.9519129163915174,0.13586968923284815,-1.6816978804845562
741223987.0,2023-06-28T11:33:07.000,0.2394239344782889,1.4397230393203841,-0.9141210640439823
741224007.0,2023-06-28T11:33:27.000,0.027724123197181427,-1.041242068100523,-1.1374583619994105
741224027.0,2023-06-28T11:33:47.000,-0.252234941766627,0.7858107718194951,-1.6725245683080203
741224047.0,2023-06-28T11:34:07.000,0.546111855470599,0.04299896418924476,-1.0081670841488588
741224067.0,2023-06-28T11:34:27.000,0.19140582352417113,0.781439826813557,-1.1744656135959097
741224087.0,2023-06-28T11:34:47.000,-0.2856501865378114,-0.29704863835355866,-1.3431386104989507
741224107.0,2023-06-28T11:35:07.000,0.7492002176978652,1.2116705367382075,-2.0069923055476835
741224127.0,2023-06-28T11:35:27.000,-0.21025431405918837,0.4665525920266589,-0.9667913731248312
741224147.0,2023-06-28T11:35:47.000,-1.0682066697853543,1.7339467437538225,-1.131560568712331
741224167.0,2023-06-28T11:36:07.000,-1.6561625835076477,0.022776887642628196,-1.1271776826582425
741224187.0,2023-06-28T11:36:27.000,-0.5984242491541281,-1.2926983671168735,0.13668431539937131
741224207.0,2023-06-28T11:36:47.000,-0.5618715494537518,1.1772341949933818,-0.7691960453581892
741224227.0,2023-06-28T11:37:07.000,0.7779923025474922,-0.3657495309949965,-2.120549911766023
741224247.0,2023-06-28T11:37:27.000,-0.30669406164696156,1.0087668551816975,-0.06496121027765867
741224267.0,2023-06-28T11:37:47.000,-0.9890610191187754,0.6233348768813762,-1.3814921493104926
741224287.0,2023-06-28T11:38:07.000,0.06600822698432651,1.1572487639832651,-2.662616776227811
741224307.0,2023-06-28T11:38:27.000,-1.7016077578646538,0.5754120269929608,-0.1474931281775227
741224327.0,2023-06-28T11:38:47.000,-0.3283376223905954,-1.3329268385375848,-0.9687106123257294
741224347.0,2023-06-28T11:39:07.000,0.051779208287694445,-0.45284381231525117,-0.009885580454227494
741224367.0,2023-06-28T11:39:27.000,-0.29810030603982796,0.6552694385431046,-1.6909400605724656
741224387.0,2023-06-28T11:39:47.000,-1.9419514071472577,-0.6951791996390178,0.056613653198756
741224407.0,2023-06-28T11:40:07.000,1.2222989637100667,-0.03297257730183745,-1.1347682228546319
741224427.0,2023-06-28T11:40:27.000,0.4755160470049091,1.076156479296042,-0.22141019517807337
741224447.0,2023-06-28T11:40:47.000,-0.0065534453197457765,1.4687446484029643,-1.2923419133170633
741224467.0,2023-06-28T11:41:07.000,0.9792424357724094,0.6282587984185461,-0.7352099547164315
741224487.0,2023-06-28T11:41:27.000,0.06001553753964828,1.1972532819481962,-2.0945520970316878
741224507.0,2023-06-28T11:41:47.000,-0.8261077880766798,-0.6409837712273436,-0.9544515636839002
741224527.0,2023-06-28T11:42:07.000,-0.03151820321400933,-0.42502969040958405,0.46513235240075446
741224547.0,2023-06-28T11:42:27.000,-0.25506936033314886,1.3616550663675397,-1.6920752569427044
741224567.0,2023-06-28T11:42:47.000,0.26051140611382806,-0.3993525423684474,-2.0353248428306436
741224587.0,2023-06-28T11:43:07.000,-0.09000618323984355,0.019374367643543167,-0.5110248876061263
741224607.0,2023-06-28T11:43:27.000,-0.5335552394569731,1.1223256661363479,-1.0141182678613525
741224627.0,2023-06-28T11:43:47.000,0.4677124692209489,0.18584958425549303,-0.7419328454605356
741224647.0,2023-06-28T11:44:07.000,-0.1673691489068041,-0.20959718947111128,-1.5099597998280423
741224667.0,2023-06-28T11:44:27.000,-1.4319385782446403,0.8927628555088774,-1.6024362063604691
741224687.0,2023-06-28T11:44:47.000,1.152650917812803,1.2113508050637378,-1.045319552817059
741224707.0,2023-06-28T11:45:07.000,-0.8062410869924541,-0.3667402266538389,-1.1299742662562728
741224727.0,2023-06-28T11:45:27.000,0.0807784615863838,-0.4094781002272896,-0.39196379152395266
741224747.0,2023-06-28T11:45:47.000,-0.6403722604853002,-0.22369764027807548,-1.6809054327437956
741224767.0,2023-06-28T11:46:07.000,0.28263422535701466,0.600400534822576,-1.1731941909287613
741224787.0,2023-06-28T11:46:27.000,-0.26613760591986946,0.5833719270653681,-0.40954470075238447
741224807.0,2023-06-28T11:46:47.000,0.19264800434903862,0.13849626568918083,-1.9348928733231574
741224827.0,2023-06-28T11:47:07.000,1.1278641051104543,0.6552108461788109,-0.13038146798871608
741224847.0,2023-06-28T11:47:27.000,0.1964590056635629,-0.7393436095681771,-1.8742879059452378
741224867.0,2023-06-28T11:47:47.000,-0.1773014017270036,0.10611064407139992,-2.189918024886328
741224887.0,2023-06-28T11:48:07.000,0.31518301748523214,1.5369703100898136,-0.9204445576060927
741224907.0,2023-06-28T11:48:27.000,0.38840880342005946,1.0854089301015613,-0.9987126560084825
741224927.0,2023-06-28T11:48:47.000,1.0658251254902495,0.5284138921424208,0.17282312614330664
741224947.0,2023-06-28T11:49:07.000,0.18298569935959463,-0.6936100954590962,-1.2129790619930247
741224967.0,2023-06-28T11:49:27.000,0.26649609339290947,0.6594108626467587,-0.7151912998160093
741224987.0,2023-06-28T11:49:47.000,-0.29822412729307857,1.185231593536784,-1.5668544161129283
741225007.0,2023-06-28T11:50:07.000,-0.017293607246227083,0.5192692958622125,-1.2950694185054346
741225027.0,2023-06-28T11:50:27.000,1.4605538965262177,0.4087333266844517,-2.9904461235630286
741225047.0,2023-06-28T11:50:47.000,1.5442219586381256,-0.32702138790252633,-1.5944664578992906
741225067.0,2023-06-28T11:51:07.000,-0.228284876468976,1.227715745033553,-2.7176330642864066
741225087.0,2023-06-28T11:51:27.000,0.2549955451125463,-0.07662105896422133,-1.7092879113445036
741225107.0,2023-06-28T11:51:47.000,0.5809770029729933,0.07985611855110264,-1.0942099333610678
741225127.0,2023-06-28T11:52:07.000,-0.3763819207969199,-1.0014715185469036,-1.2475634930453339
741225147.0,2023-06-28T11:52:27.000,0.29740117468701754,0.27876498945866857,-0.8709078516688784
741225167.0,2023-06-28T11:52:47.000,0.497001595778368,1.4644849333889098,-2.0960062814046054
741225187.0,2023-06-28T11:53:07.000,-0.42678253467931526,-0.6245851581265782,-1.0076557805160924
741225207.0,2023-06-28T11:53:27.000,0.7039297362010366,1.2195473752196762,-0.863056765154635
741225227.0,2023-06-28T11:53:47.000,-0.14289344837381535,-0.17691895898286347,0.5292977318105407
741225247.0,2023-06-28T11:54:07.000,0.2253433894816581,1.6770194684601059,-1.633050637517286
741225267.0,2023-06-28T11:54:27.000,0.7926868207164262,-0.8710539259881855,-0.25556812796034833
741225287.0,2023-06-28T11:54:47.000,-1.3408724129360117,-0.3001785128131651,-0.9406850972837333
741225307.0,2023-06-28T11:55:07.000,0.24727100290666826,0.2958988027268461,-1.2364180421831072
741225327.0,2023-06-28T11:55:27.000,0.6849539225806112,-0.49300740156965617,-0.9418783367243222
741225347.0,2023-06-28T11:55:47.000,-0.6243188597765403,0.6433543376371809,-0.5936096001413205
741225367.0,2023-06-28T11:56:07.000,-0.3500353844776427,-0.3832093519173796,-0.33884141289464154
741225387.0,2023-06-28T11:56:27.000,0.658029443301178,-0.782838704560529,-0.012262364623705224
741225407.0,2023-06-28T11:56:47.000,0.3734863588067405,-0.9294749474753061,-2.0890910650051
741225427.0,2023-06-28T11:57:07.000,0.47731435524056565,0.1890234912593769,-1.315965547032949
741225447.0,2023-06-28T11:57:27.000,-0.21065907904738168,0.554806442587541,-1.9219218507005031
741225467.0,2023-06-28T11:57:47.000,-0.29656719270354515,0.18797991260255387,-0.9720191639250864
741225487.0,2023-06-28T11:58:07.000,0.36439021806611294,0.7317777632853684,-0.7035583828196579
741225507.0,2023-06-28T11:58:27.000,0.3385570017333528,-1.4085634943428182,-0.6579720754240626
741225527.0,2023-06-28T11:58:47.000,1.0060541616119245,1.0251791295212698,-0.7088773722352393
741225547.0,2023-06-28T11:59:07.000,0.29618836813183336,-0.10612834541179339,-1.3642335088936974
741225567.0,2023-06-28T11:59:27.000,-0.8935892679806656,0.6947687679836889,-2.1262798456600507
741225587.0,2023-06-28T11:59:47.000,0.9486599381713923,-0.3999246820707292,0.25096900104770725
741225607.0,2023-06-28T12:00:07.000,0.5257628663435376,1.2060461602403372,-1.1807793506624087
741225627.0,2023-06-28T12:00:27.000,0.05647038197054144,-1.2349372384368174,-0.2498071154599657
741225647.0,2023-06-28T12:00:47.000,2.119445506265638,0.0013839394630288382,-0.3528100723237948
741225667.0,2023-06-28T12:01:07.000,-0.5505415569428962,0.8308272652191029,-0.3479137851813974
741225687.0,2023-06-28T12:01:27.000,-0.28744277095205106,0.09251001831245276,-0.6636175566065994
741225707.0,2023-06-28T12:01:47.000,1.8545120892610178,-0.5914862450495662,-1.934652779245205
741225727.0,2023-06-28T12:02:07.000,0.7890981398639418,0.21530962439619827,-0.670677291003674
741225747.0,2023-06-28T12:02:27.000,1.3190798804907367,0.43122825377217566,-2.368037130218159
741225767.0,2023-06-28T12:02:47.000,-0.7111560472838896,-0.4719850314582885,-1.0658476419123097
741225787.0,2023-06-28T12:03:07.000,0.7847233475022364,-0.08877292724251973,-1.508776445779958
741225807.0,2023-06-28T12:03:27.000,-0.7848543272293007,-1.5923437865605905,-1.351211208022729
741225827.0,2023-06-28T12:03:47.000,-0.4060105957104376,-0.6078734933079311,-1.063371985432493
741225847.0,2023-06-28T12:04:07.000,0.5797201424573295,0.9664506803175321,-0.9245306418104171
741225867.0,2023-06-28T12:04:27.000,0.01386924302071435,0.8112945385163606,-2.0913580244585894
741225887.0,2023-06-28T12:04:47.000,0.20192613428005046,0.6474735599004688,-1.9068750847339722
741225907.0,2023-06-28T12:05:07.000,0.9547617130900576,0.3684146426929935,-1.6553575589273173
741225927.0,2023-06-28T12:05:27.000,-0.022109304953499276,0.5748587825427087,-1.7433578672676475
741225947.0,2023-06-28T12:05:47.000,-2.5152708779452304,-1.1753866739905305,-0.9885213734905918
741225967.0,2023-06-28T12:06:07.000,0.29295650348926117,-0.26387025691132493,-1.1569469189343096
741225987.0,2023-06-28T12:06:27.000,0.9113017382378352,-1.363501494244801,-1.6272741079625952
741226007.0,2023-06-28T12:06:47.000,-0.012743998756281627,-0.5504476158213478,-1.2796373249690518
741226027.0,2023-06-28T12:07:07.000,1.8736489944215506,-0.6544065521474351,-0.20876605627551115
741226047.0,2023-06-28T12:07:27.000,0.21574404872604092,0.23241185789224517,-1.5389353779649007
741226067.0,2023-06-28T12:07:47.000,1.0496174137508696,-0.322038763256316,-0.10453387885300813
741226087.0,2023-06-28T12:08:07.000,0.6238314471662676,-1.1923119403123295,-1.4553358957947182
741226107.0,2023-06-28T12:08:27.000,0.5757248531579329,0.6417564024530087,0.25513139207955504
741226127.0,2023-06-28T12:08:47.000,0.6523278301862057,0.16870663829271493,-0.734320967166191
741226147.0,2023-06-28T12:09:07.000,0.6536775992160848,-1.4989278405819206,-1.3618170128903984
741226167.0,2023-06-28T12:09:27.000,0.12835775675679173,-0.6106347090972797,-2.1519856471474696
741226187.0,2023-06-28T12:09:47.000,1.6735579020266123,-1.5720204852187614,-0.5423227029455191
741226207.0,2023-06-28T12:10:07.000,1.3873215903736913,0.03621651548657567,-1.7063998072885944
741226227.0,2023-06-28T12:10:27.000,0.3123720012987441,-1.1348807031463792,-1.4857991436523221
741226247.0,2023-06-28T12:10:47.000,0.36131163594355087,-0.31797253333687436,-1.2355875799174854
741226267.0,2023-06-28T12:11:07.000,0.8937275906673037,-0.2545063403025516,-1.0248771799559186
741226287.0,2023-06-28T12:11:27.000,1.6515232742042585,-0.5807811915059524,-1.1775214584397453
741226307.0,2023-06-28T12:11:47.000,1.2464127960409854,-0.7295399720996798,-2.752942176786899
741226327.0,2023-06-28T12:12:07.000,0.8170774721150131,0.5010415265682688,-1.0412366515999416
741226347.0,2023-06-28T12:12:27.000,-0.7352611030686518,-0.6511664890296309,-1.0046893052839678
741226367.0,2023-06-28T12:12:47.000,0.6063562779545784,-0.44797706191257447,-0.792106141711546
741226387.0,2023-06-28T12:13:07.000,1.2227953755217236,-1.3707923472328076,-1.8163517751190739
741226407.0,2023-06-28T12:13:27.000,1.5157142666644141,-1.1835897693934783,-1.68606506526503
741226427.0,2023-06-28T12:13:47.000,1.5444277816967222,-0.5632688134915576,-1.268737003856657
741226447.0,2023-06-28T12:14:07.000,1.7548101858277931,-0.7909761307600682,-1.3891006484412216
741226467.0,2023-06-28T12:14:27.000,-0.1092049382256377,-0.9895039889795676,-0.6039177503081028
741226487.0,2023-06-28T12:14:47.000,0.4838030288389916,-0.2478774619230073,-1.267869974941327
741226507.0,2023-06-28T12:15:07.000,0.33582569215484526,1.119130738180818,-0.08941343329071927
741226527.0,2023-06-28T12:15:27.000,0.11700884261500732,0.4827913649529947,-1.6471080036883912
741226547.0,2023-06-28T12:15:47.000,0.5767580522841875,-0.2998119643549124,-0.8007342779503546
741226567.0,2023-06-28T12:16:07.000,1.7443714330656057,-1.5006329275868424,-0.937103281606344
741226587.0,2023-06-28T12:16:27.000,0.03404770828607795,-1.4855210476394376,-1.4312405616001556
741226607.0,2023-06-28T12:16:47.000,0.16957241121273725,0.5705757323615224,-1.382458302834344
741226627.0,2023-06-28T12:17:07.000,0.1714196480762098,-0.041189675403785486,-1.1558843147629894
741226647.0,2023-06-28T12:17:27.000,0.09773733495865855,-1.5275736072739576,-0.5830927108818607
741226667.0,2023-06-28T12:17:47.000,0.1196507553702375,0.34642567524612033,-2.1907810618282397
741226687.0,2023-06-28T12:18:07.000,0.3761975426508357,0.20257376532883953,-1.8549293247072107
741226707.0,2023-06-28T12:18:27.000,1.7105730331201663,-1.5524709495950972,-0.8466724419564642
741226727.0,2023-06-28T12:18:47.000,0.7387036665695845,-0.9229575565150583,-0.8698454863398375
741226747.0,2023-06-28T12:19:07.000,0.4906605205134973,-0.34877691711399095,-1.0584430203630646
741226767.0,2023-06-28T12:19:27.000,1.9365049270136936,0.6228626870941056,-1.6491375514848805
741226787.0,2023-06-28T12:19:47.000,0.9978048834513586,-0.8694514905704942,-1.8306580502169822
741226807.0,2023-06-28T12:20:07.000,-0.9816659524597426,-0.15232015135868693,-0.7741139758543625
741226827.0,2023-06-28T12:20:27.000,1.3803968580194947,-0.5310147500714457,-1.2204740201471331
741226847.0,2023-06-28T12:20:47.000,0.5782376818364021,-0.530807928877941,-0.15249863195565538
741226867.0,2023-06-28T12:21:07.000,0.6745188734225138,-0.37371314429712754,-1.3349121232408834
741226887.0,2023-06-28T12:21:27.000,0.3698732971568752,-0.7158846346722036,-1.4527067122904747
741226907.0,2023-06-28T12:21:47.000,1.7540619411615666,-0.3351454863298464,-1.3309762937119274
741226927.0,2023-06-28T12:22:07.000,1.769311372179505,-1.1513296157450448,-0.21717212884686532
741226947.0,2023-06-28T12:22:27.000,-0.22461151112374012,-1.0497670906883805,-0.9873215270683744
741226967.0,2023-06-28T12:22:47.000,-0.03037414859630161,0.8876263852597432,-1.2793744179395716
741226987.0,2023-06-28T12:23:07.000,1.8888305604924938,-1.0610391045773326,0.2365178820795677
741227007.0,2023-06-28T12:23:27.000,0.3164604178373942,-0.7126818060365636,-1.8290801603981777
741227027.0,2023-06-28T12:23:47.000,0.21026611621843827,-0.04019243368125203,-1.5498592198959216
741227047.0,2023-06-28T12:24:07.000,1.3145343533693676,-1.0008074697642755,-3.1506671330894243
741227067.0,2023-06-28T12:24:27.000,0.5517201280502704,0.27886475805205535,-1.3406235619628504
741227087.0,2023-06-28T12:24:47.000,1.0811070604410666,-0.2477680817847272,-1.4086001048907448
741227107.0,2023-06-28T12:25:07.000,-0.25857512667704086,-0.7097839098135772,-1.664067182816087
741227127.0,2023-06-28T12:25:27.000,0.13174901289936258,0.24242256182471777,-1.4311089581720005
741227147.0,2023-06-28T12:25:47.000,0.6569935413036632,-0.8440856775204786,-0.9241343154386961
741227167.0,2023-06-28T12:26:07.000,0.5103016415097805,0.15796615752128318,0.4479248805533409
741227187.0,2023-06-28T12:26:27.000,-0.3093244499541292,-1.626926702258391,-0.8390873735830695
741227207.0,2023-06-28T12:26:47.000,0.6230842630516875,0.06575593892721443,-3.034188414952066
741227227.0,2023-06-28T12:27:07.000,-0.16089401877472653,-0.9024222196840626,-0.9866957887738614
741227247.0,2023-06-28T12:27:27.000,1.5757311799036167,-1.514713761885389,-0.5705922054177748
741227267.0,2023-06-28T12:27:47.000,1.6486254569514358,-0.6929150915713223,-1.185378615731203
741227287.0,2023-06-28T12:28:07.000,1.232108873594484,0.20720625405479254,-0.9546100675938973
741227307.0,2023-06-28T12:28:27.000,0.15068939402951287,-1.1208065349155305,-1.8368551031211489
741227327.0,2023-06-28T12:28:47.000,1.5938296415995978,-0.5700320141910353,-0.5563918137552193
741227347.0,2023-06-28T12:29:07.000,-0.9507829881738594,-1.6347091878476938,-0.6939046677922889
741227367.0,2023-06-28T12:29:27.000,-0.8834015632674941,-0.1847807969634907,-2.2256963255751216
741227387.0,2023-06-28T12:29:47.000,1.2607058802904803,-0.58017147166467,-0.9322841917791536
741227407.0,2023-06-28T12:30:07.000,0.691373970107545,-1.6594767182409598,-1.8971756325258937
741227427.0,2023-06-28T12:30:27.000,0.5345365038600391,-2.6395432412118502,-0.5443634547463994
741227447.0,2023-06-28T12:30:47.000,1.7326797592698284,0.2237591769871372,-1.7232552413037894
741227467.0,2023-06-28T12:31:07.000,-0.5101636791682296,-0.8420264210551309,0.6269915466483589
741227487.0,2023-06-28T12:31:27.000,-0.11310921566032306,-1.0413485990512505,-0.6858228066786154
741227507.0,2023-06-28T12:31:47.000,1.4672197390708241,-0.05211136046012754,-1.7774721300822804
741227527.0,2023-06-28T12:32:07.000,-0.3409464937043083,-1.4270582294528822,-0.7790556958875428
741227547.0,2023-06-28T12:32:27.000,-0.11017694786508159,-0.9070518207865419,-0.14873393500147714
741227567.0,2023-06-28T12:32:47.000,0.536542761886416,-1.8803033617120768,-0.37603999241131447
741227587.0,2023-06-28T12:33:07.000,0.5638338258617814,-0.6450848162975475,-1.8369396344697364
741227607.0,2023-06-28T12:33:27.000,0.8951638564069775,-0.22093838085712747,-1.2956438787847802
741227627.0,2023-06-28T12:33:47.000,0.8792220833386821,-0.29347649460609304,-1.709679902650585
741227647.0,2023-06-28T12:34:07.000,0.34109195364839806,-0.35349662134143145,-0.9446665556467337
741227667.0,2023-06-28T12:34:27.000,0.8604411707469062,-0.8920927775823984,-2.1657819090470376
741227687.0,2023-06-28T12:34:47.000,1.1564768950811377,-1.5696923458707879,-1.680941318937812
741227707.0,2023-06-28T12:35:07.000,1.1034641724028127,-2.296555182856874,-1.922548202870633
741227727.0,2023-06-28T12:35:27.000,0.1498888630546702,-1.154771812372779,-1.1457269294301575
741227747.0,2023-06-28T12:35:47.000,0.17839346446724136,0.8714903596773738,-0.8366734063236514
741227767.0,2023-06-28T12:36:07.000,0.6486467317934341,0.06415327695741269,-0.7806012414124375
741227787.0,2023-06-28T12:36:27.000,2.118478857837669,-0.870129661889596,-0.7720220261075994
741227807.0,2023-06-28T12:36:47.000,1.8804949007633631,0.6135286901853831,-1.216107639356867
741227827.0,2023-06-28T12:37:07.000,2.6530343620989605,-0.4551716525691418,-0.4796333146317444
741227847.0,2023-06-28T12:37:27.000,-0.1014530988552309,0.369301209846018,-2.060769074185842
741227867.0,2023-06-28T12:37:47.000,1.5921379415861914,-1.965034690531997,-0.043228923607419034
741227887.0,2023-06-28T12:38:07.000,0.12651778997785357,-0.8370849592820306,-1.6470113085365057
741227907.0,2023-06-28T12:38:27.000,1.3016972223445222,0.52962593997119,-1.898253032295294
741227927.0,2023-06-28T12:38:47.000,0.8808514334601725,0.056147261373595825,0.5051307362391455
741227947.0,2023-06-28T12:39:07.000,1.0752453932894035,-0.30124819615506837,-1.704720620432365
741227967.0,2023-06-28T12:39:27.000,1.7166065470419767,-1.3030361161403547,-0.215679922987988
741227987.0,2023-06-28T12:39:47.000,0.622976709618861,0.05762299394307391,0.7644957788155438
741228007.0,2023-06-28T12:40:07.000,1.8330621095352662,-2.2541302549861086,-0.8786927335080463
741228027.0,2023-06-28T12:40:27.000,0.6039972898497226,-0.46527519154127006,-0.9684620984495851
741228047.0,2023-06-28T12:40:47.000,-0.14313046804437235,-1.2387036071870305,-0.8424471801160571
741228067.0,2023-06-28T12:41:07.000,0.6213057756276896,-1.1396307499356162,-0.9082439055174696
741228087.0,2023-06-28T12:41:27.000,1.0821351860923478,-0.04057488675046628,-1.0187215364942936
741228107.0,2023-06-28T12:41:47.000,0.9900108958960097,-0.6143351710341527,-1.3883006138692977
741228127.0,2023-06-28T12:42:07.000,1.6776770928816909,-1.9420304464556892,-0.27191599791809296
741228147.0,2023-06-28T12:42:27.000,0.3076919223743424,1.1011799954219192,-0.8979810382947484
741228167.0,2023-06-28T12:42:47.000,1.5461991946463804,-1.1556549785796122,-0.703559316972413
741228187.0,2023-06-28T12:43:07.000,-0.49615256293433774,-0.6490833646899397,-1.7780125218802567
741228207.0,2023-06-28T12:43:27.000,-0.31015480846940946,-1.244448456449998,0.7160466980349334
741228227.0,2023-06-28T12:43:47.000,0.7833237103960222,-0.22870549714060218,-0.9767774092561687
741228247.0,2023-06-28T12:44:07.000,1.3881777697344333,-0.34200861462885257,-0.5484083987594701
741228267.0,2023-06-28T12:44:27.000,0.14911304850873108,-0.3455212551739528,-0.007911647004199551
741228287.0,2023-06-28T12:44:47.000,1.4802031181759823,0.38469545002861594,-1.4058112561055047
741228307.0,2023-06-28T12:45:07.000,-1.1387080402269767,-0.5673008193207707,-0.1496704638226376
741228327.0,2023-06-28T12:45:27.000,1.2879680355903922,-1.0874660132054181,-0.07989304068312109
741228347.0,2023-06-28T12:45:47.000,0.18801802724732752,-1.476815275336385,-0.46691005658461293
741228367.0,2023-06-28T12:46:07.000,2.703572027717982,-1.486420256247012,-0.9104393728920357
741228387.0,2023-06-28T12:46:27.000,1.2595977543661263,-0.5619035415960205,-0.40361738607996855
741228407.0,2023-06-28T12:46:47.000,0.4316539279014542,-0.009706251236085706,-0.7012613265078294
741228427.0,2023-06-28T12:47:07.000,0.7283164041860246,-0.724876364666116,-0.6707406708383878
741228447.0,2023-06-28T12:47:27.000,0.9506444211160314,-0.8944459402471239,-2.4723177740049174
741228467.0,2023-06-28T12:47:47.000,1.78996512282259,-1.2895141782043318,-0.7252319778716654
741228487.0,2023-06-28T12:48:07.000,-0.910770587747578,0.36519436291682084,0.09848538574663834
741228507.0,2023-06-28T12:48:27.000,0.44011176346669956,-0.7069161251371803,-0.8011400755458808
741228527.0,2023-06-28T12:48:47.000,0.8126369848038273,-0.43188968508189873,-0.7952568545688266
741228547.0,2023-06-28T12:49:07.000,0.7273253225359433,-1.0907385914804557,-0.24287120634625126
741228567.0,2023-06-28T12:49:27.000,1.2238165352118635,-0.20347143280252666,-0.9818405735440017
741228587.0,2023-06-28T12:49:47.000,1.408290566695669,-0.07705346857234119,-1.244239324205143
741228607.0,2023-06-28T12:50:07.000,-0.8731529764216539,-0.832690402929881,-0.15299928873835356
741228627.0,2023-06-28T12:50:27.000,1.0083538447225315,-1.7250382549072185,0.12392301135255579
741228647.0,2023-06-28T12:50:47.000,0.48459161210434587,-1.8314986918732679,-0.2474727390011644
741228667.0,2023-06-28T12:51:07.000,0.17054284174866652,-0.09680528688660317,-0.18025407390043213
741228687.0,2023-06-28T12:51:27.000,0.11670204919100868,-0.18169293716230328,-0.9088785119182319
741228707.0,2023-06-28T12:51:47.000,1.3289833312501997,-1.8274350490510294,-0.2249926747910358
741228727.0,2023-06-28T12:52:07.000,1.7629306761079988,-0.6398277549113374,-2.6031905944523537
741228747.0,2023-06-28T12:52:27.000,0.22437643013573094,0.24842083793386038,-0.7251993002443946
741228767.0,2023-06-28T12:52:47.000,0.9886594443120345,-1.050581980677201,-1.130782250169382
741228787.0,2023-06-28T12:53:07.000,-0.31304501144635566,-2.3491347639126303,-0.37374533095047013
741228807.0,2023-06-28T12:53:27.000,1.6499977528949827,-0.7483677485375928,-0.781096792212832
741228827.0,2023-06-28T12:53:47.000,-1.567267984359244,-1.3149420934444045,-0.6706298358638563
741228847.0,2023-06-28T12:54:07.000,1.0121562112774818,-0.03211578226691714,-1.2181375549258355
741228867.0,2023-06-28T12:54:27.000,-0.05589887476231681,-2.250855363028492,-1.3757105620681997
741228887.0,2023-06-28T12:54:47.000,1.1786175432959567,-0.8197356403671918,-1.36257064694556
741228907.0,2023-06-28T12:55:07.000,1.0923233890736128,-0.6743526991814797,-0.5366489670644015
741228927.0,2023-06-28T12:55:27.000,0.3850177752950934,-1.9493387475533197,-0.2591079658165185
741228947.0,2023-06-28T12:55:47.000,0.36936432379341966,-1.3846611903400863,-0.9153881009194009
741228967.0,2023-06-28T12:56:07.000,-0.14397494476625639,-1.3015982212372101,-0.8734763953799352
741228987.0,2023-06-28T12:56:27.000,0.7254950918689218,-1.6512775055321782,-0.28572803439930183
741229007.0,2023-06-28T12:56:47.000,-0.007380878341844976,-1.2552237801166655,-0.8239172493262892
741229027.0,2023-06-28T12:57:07.000,0.837007478360352,-0.07049357807487056,-0.7370069476042573
741229047.0,2023-06-28T12:57:27.000,0.1511869012982281,-1.2995886488953445,0.7503044166301542
741229067.0,2023-06-28T12:57:47.000,0.2992597156414867,-1.2420906657872877,-1.0385473366958387
741229087.0,2023-06-28T12:58:07.000,-0.3403433482040974,-1.0226567913496076,0.49796689152170615
741229107.0,2023-06-28T12:58:27.000,0.8361204302254066,-0.9889609565272295,0.5440038145954063
741229127.0,2023-06-28T12:58:47.000,-0.9576205941885796,-1.8500365426277199,-0.48823433366207425
741229147.0,2023-06-28T12:59:07.000,1.471089054805308,-1.6489935133701117,-0.3126135833531052
741229167.0,2023-06-28T12:59:27.000,1.5978967372598518,-1.319821038026081,-0.3816618516228054
741229187.0,2023-06-28T12:59:47.000,0.6899520510250667,-1.2101089932103903,-0.9462285592065633
741229207.0,2023-06-28T13:00:07.000,2.9446758433304687,-1.0376884815088694,0.5762368266881701
741229227.0,2023-06-28T13:00:27.000,-0.03355815558769848,-1.9447725604915256,-2.5482008980559634
741229247.0,2023-06-28T13:00:47.000,0.6159102066027877,0.004961201616193733,-1.985641038293462
741229267.0,2023-06-28T13:01:07.000,1.4182226072856352,-0.8148505647231907,0.09002141312386414
741229287.0,2023-06-28T13:01:27.000,-0.17182117552083653,-1.9884320657692633,-1.1517120718118612
741229307.0,2023-06-28T13:01:47.000,1.335030386873104,-1.2126036649795502,-0.6337179225046619
741229327.0,2023-06-28T13:02:07.000,0.02378634715860528,-1.3343017295053272,-0.7007570165806776
741229347.0,2023-06-28T13:02:27.000,0.5071208293627727,-1.5087383323342252,0.5476314278718419
741229367.0,2023-06-28T13:02:47.000,0.5404308228929011,-0.7117670263179221,0.7089873341414865
741229387.0,2023-06-28T13:03:07.000,0.2210550830716862,-0.494727119071392,-1.3383300352942662
741229407.0,2023-06-28T13:03:27.000,2.166904206735154,-1.5041783717251178,-0.520270386905608
741229427.0,2023-06-28T13:03:47.000,0.5163473620339865,-1.7701962806926375,-1.5367612867578373
741229447.0,2023-06-28T13:04:07.000,0.8129897685726917,-0.7188842748750979,-0.7799637765981693
741229467.0,2023-06-28T13:04:27.000,0.9823332316916122,-2.8719621833372955,-0.9090014699952853
741229487.0,2023-06-28T13:04:47.000,-0.7948136530266936,-2.534684435939738,-0.8417004232263992
741229507.0,2023-06-28T13:05:07.000,-0.3171748614749781,-2.3331071049459418,0.8477341250645587
741229527.0,2023-06-28T13:05:27.000,1.9702322573089681,-0.7181736507155811,-0.26840184285115143
741229547.0,2023-06-28T13:05:47.000,0.8160709595417259,-1.306892089381062,-0.4087668551644441
741229567.0,2023-06-28T13:06:07.000,0.2616741134109368,-0.08823701073135126,-1.003419571998787
741229587.0,2023-06-28T13:06:27.000,-0.06539154311369089,-1.5289144251973141,-0.8994202595702383
741229607.0,2023-06-28T13:06:47.000,0.6685582810028734,1.314498630144989,-0.0696890047335863
741229627.0,2023-06-28T13:07:07.000,1.7787854449058393,-1.7036102084699856,-0.3365230931251517
741229647.0,2023-06-28T13:07:27.000,-0.3383783350185965,-0.8625807338069613,-0.18088189572829094
741229667.0,2023-06-28T13:07:47.000,2.0571067104069307,-1.1563486746468676,-0.8423206009688933
741229687.0,2023-06-28T13:08:07.000,0.9157004307147609,-0.4966385988125488,-0.45447628280737007
741229707.0,2023-06-28T13:08:27.000,0.15600399532189613,-0.3772703540239064,-0.260502531945761
741229727.0,2023-06-28T13:08:47.000,1.0578031354513406,-1.1239918878636068,0.03670131115685038
741229747.0,2023-06-28T13:09:07.000,0.7567831927790536,-1.1919079434763447,-0.6582976562530263
741229767.0,2023-06-28T13:09:27.000,1.29474194562329,-1.602990143423355,0.2510375304631829
741229787.0,2023-06-28T13:09:47.000,0.6138766980745558,-0.30942072887230054,-0.9559248208335092
741229807.0,2023-06-28T13:10:07.000,0.3112175836372799,-0.854961634355611,-0.9517124223035189
741229827.0,2023-06-28T13:10:27.000,0.764620605031574,-2.925217245797196,-0.14058373322134443
741229847.0,2023-06-28T13:10:47.000,1.2273194716194702,-1.3110961412210465,-1.1207061823226283
741229867.0,2023-06-28T13:11:07.000,0.861755040759693,-0.7523376049478614,-1.266752841821983
741229887.0,2023-06-28T13:11:27.000,0.1963436422780518,0.2853002351699274,-0.40183425340512
741229907.0,2023-06-28T13:11:47.000,-0.105316294318758,-1.417787731450293,-0.269727278645604
741229927.0,2023-06-28T13:12:07.000,1.5555446962189912,-1.6505425118662487,-0.15298931431706464
741229947.0,2023-06-28T13:12:27.000,-0.5409339331463592,-0.86069602558414,-1.097313013320722
741229967.0,2023-06-28T13:12:47.000,0.22069229723697958,-1.2100913939216973,-0.3276443228394932
741229987.0,2023-06-28T13:13:07.000,-1.1221544784056903,-1.063589647654073,0.6570272169326152
741230007.0,2023-06-28T13:13:27.000,0.9151696544917876,-1.919318081400334,-1.0161653254181502
741230027.0,2023-06-28T13:13:47.000,1.44503337798918,0.15186462480887286,0.7259775473444918
741230047.0,2023-06-28T13:14:07.000,1.2213318554166186,-2.284476580038941,-0.6120642492501993
741230067.0,2023-06-28T13:14:27.000,0.19096346240976558,-2.438712902652629,0.2125743488901044
741230087.0,2023-06-28T13:14:47.000,0.8646689903746285,-1.6982443473145814,-0.4627017334613015
741230107.0,2023-06-28T13:15:07.000,0.5816374021749837,-1.2632740751472582,-1.3251686398207951
741230127.0,2023-06-28T13:15:27.000,-0.013324294800831638,-0.5234950595345289,-0.2891109764924238
741230147.0,2023-06-28T13:15:47.000,1.2730751818401664,-1.3951209881013504,1.1907185151538435
741230167.0,2023-06-28T13:16:07.000,0.08688398220879634,-2.135170516892604,-0.9323259379190318
741230187.0,2023-06-28T13:16:27.000,0.24834975929088898,-1.2417974547984656,-1.608615251869061
741230207.0,2023-06-28T13:16:47.000,-0.25989302546713944,-1.343480585314083,-2.2871594726803224
741230227.0,2023-06-28T13:17:07.000,0.3413077623526384,-1.0473411863110016,-0.06275050146165029
741230247.0,2023-06-28T13:17:27.000,0.5945871237700295,-0.9881298649982995,0.17655929268611814
741230267.0,2023-06-28T13:17:47.000,0.5274183652814735,-1.8243735057321686,-0.9026554130819875
741230287.0,2023-06-28T13:18:07.000,0.1786082211796547,-1.602522962595998,-0.03880209173967586
741230307.0,2023-06-28T13:18:27.000,0.6455038431441018,-1.1504364335834794,-0.9675733167013867
741230327.0,2023-06-28T13:18:47.000,0.675728310339796,-0.33362238252010457,0.1749165255970908
741230347.0,2023-06-28T13:19:07.000,-0.7229326548396919,-0.7974122158249664,0.8446736502243368
741230367.0,2023-06-28T13:19:27.000,0.05179094150209451,-2.0318601492319566,0.09472616880890072
741230387.0,2023-06-28T13:19:47.000,0.3907331114660906,-1.530224687562587,-0.8305149883813812
741230407.0,2023-06-28T13:20:07.000,0.05497786212949052,-1.9364039718028359,-0.6526650265237244
741230427.0,2023-06-28T13:20:27.000,-0.5889982358842083,-0.9934086296237155,0.009221933316982955
741230447.0,2023-06-28T13:20:47.000,-0.3840908822327904,-1.7393452902969564,-0.25909552836544947
741230467.0,2023-06-28T13:21:07.000,-0.25837496312464125,-0.5518126553361036,-1.2907906061010443
741230487.0,2023-06-28T13:21:27.000,-0.05314857517424443,0.1893416827658534,0.5543697300547379
741230507.0,2023-06-28T13:21:47.000,0.15391501823058817,-1.2858827404205186,-1.141164211027057
741230527.0,2023-06-28T13:22:07.000,-0.6085159527935424,-0.7246786216108525,-0.00481935847895798
741230547.0,2023-06-28T13:22:27.000,0.5916245486181637,-0.9498996164647444,-0.6165219360032559
741230567.0,2023-06-28T13:22:47.000,-0.6020055928424028,-1.518444639991845,0.03118208644625753
741230587.0,2023-06-28T13:23:07.000,0.30868726411670266,-2.252548285697209,-0.44012548752192515
741230607.0,2023-06-28T13:23:27.000,-0.8072731954911205,-1.4339528343731978,-0.14804977377380624
741230627.0,2023-06-28T13:23:47.000,1.1772510824514804,-2.1534210552731636,1.1448673113867436
741230647.0,2023-06-28T13:24:07.000,0.005066857367008737,-0.49754404333191005,-0.2222272209251308
741230667.0,2023-06-28T13:24:27.000,1.394222463380057,-1.7240120149142335,-1.5563482150704466
741230687.0,2023-06-28T13:24:47.000,-0.054061977761143964,-0.5085447171038204,0.5924671147017335
741230707.0,2023-06-28T13:25:07.000,0.23088559640838113,-0.3917130416031256,-0.9226535388706658
741230727.0,2023-06-28T13:25:27.000,0.1481208162457115,-1.2850013724086118,-0.5027833230419887
741230747.0,2023-06-28T13:25:47.000,0.8340691413200041,-1.477356830836829,-1.0741004796255282
741230767.0,2023-06-28T13:26:07.000,-0.35596663929826633,-0.25870685420592565,-0.20601664647568185
741230787.0,2023-06-28T13:26:27.000,0.27814571046391734,-0.013465650827715336,-0.6315237947251973
741230807.0,2023-06-28T13:26:47.000,1.4392049154432485,-0.6597142878983497,-1.3404751393553127
741230827.0,2023-06-28T13:27:07.000,0.06077918438540664,-0.79607897580658,-1.3124122176355613
741230847.0,2023-06-28T13:27:27.000,1.0353239619620425,-1.3076448507676197,2.221412821890034
741230867.0,2023-06-28T13:27:47.000,0.4349733283559587,-1.1003370757878272,0.8730858104155637
741230887.0,2023-06-28T13:28:07.000,0.37933834780012887,-0.9469343220214199,-0.7651388820528737
741230907.0,2023-06-28T13:28:27.000,0.03226627361962997,-0.8622695779392231,1.1379669940025927
741230927.0,2023-06-28T13:28:47.000,0.4573681050223932,-0.6076391265485981,0.05067554349480474
741230947.0,2023-06-28T13:29:07.000,0.7358990566586066,-0.1975930998820985,-0.31716985408047904
741230967.0,2023-06-28T13:29:27.000,-0.1639624635396686,-0.7961108539400463,-1.1992281496508994
741230987.0,2023-06-28T13:29:47.000,1.3674981430233935,-0.07160958662710826,1.6741963697053386
741231007.0,2023-06-28T13:30:07.000,0.19896336621583188,-0.15902577428228426,-0.9031267418913025
741231027.0,2023-06-28T13:30:27.000,1.5332670644796487,-0.9793710178174209,0.9526431133277669
741231047.0,2023-06-28T13:30:47.000,1.5241107886088123,-1.8488448041531491,0.3038076886729968
741231067.0,2023-06-28T13:31:07.000,0.12180516908433248,-1.8605990903974856,0.6130501864820559
741231087.0,2023-06-28T13:31:27.000,-0.5245599213332675,-1.2249438892553144,1.5686799998970713
741231107.0,2023-06-28T13:31:47.000,0.4352474624380598,-0.6852096747334002,1.3080035681900526
741231127.0,2023-06-28T13:32:07.000,0.21961351464039325,-0.6912739848874416,1.4349295852200683
741231147.0,2023-06-28T13:32:27.000,0.6126088815894271,-1.586607510339899,-0.3653007650705753
741231167.0,2023-06-28T13:32:47.000,0.20445969247662177,-1.0563039256616946,0.8477126450801009
741231187.0,2023-06-28T13:33:07.000,-0.17887073872069337,-3.0009018065824122,1.3235062968908196
741231207.0,2023-06-28T13:33:27.000,0.5883352475199999,-1.1557304450793282,-1.5107038827899544
741231227.0,2023-06-28T13:33:47.000,0.40430924814760516,0.15091266926114955,-0.15431352519135189
741231247.0,2023-06-28T13:34:07.000,0.38753989077822126,-0.5457178109069538,1.919448866782858
741231267.0,2023-06-28T13:34:27.000,0.3995492936836875,-2.4785248472269927,-1.7179717904602931
741231287.0,2023-06-28T13:34:47.000,-0.23357884429975329,-0.6977556232801163,-0.6419901760201796
741231307.0,2023-06-28T13:35:07.000,1.478290682999095,-1.6715450123050424,-0.7999631105204408
741231327.0,2023-06-28T13:35:27.000,1.4942640088611014,-1.4948925498803334,0.7332971553308809
741231347.0,2023-06-28T13:35:47.000,-1.4675308738221204,-0.3575288368029561,0.859816297826832
741231367.0,2023-06-28T13:36:07.000,0.029490923236785704,-1.507792755051085,0.37285169621759096
741231387.0,2023-06-28T13:36:27.000,-1.14412711904599,0.08829385852449079,0.45111302779954343
741231407.0,2023-06-28T13:36:47.000,1.3876404085122473,-0.9651342308347743,-0.03317968260141413
741231427.0,2023-06-28T13:37:07.000,0.5649516890304795,-0.52473183538293,-0.5219623274266283
741231447.0,2023-06-28T13:37:27.000,0.0056166611361874175,-1.356521293793822,-0.8229923886049484
741231467.0,2023-06-28T13:37:47.000,-0.1510572488427897,-0.6292780980632351,-0.8838424510271281
741231487.0,2023-06-28T13:38:07.000,-0.3562680430668763,-0.75513703173824,-0.6511605237347062
741231507.0,2023-06-28T13:38:27.000,0.6034729202020195,-2.8708160468182697,0.013752210903383855
741231527.0,2023-06-28T13:38:47.000,0.08962923420119395,-1.4267622409191993,-0.02515822733473172
741231547.0,2023-06-28T13:39:07.000,-0.5402648593832993,-2.720897795072119,0.32357787512760083
741231567.0,2023-06-28T13:39:27.000,0.29547694517795264,-1.5923138002471582,-0.19362106897791165
741231587.0,2023-06-28T13:39:47.000,0.790043073761737,-0.7388962110166375,0.1795370119239692
741231607.0,2023-06-28T13:40:07.000,-0.3339133387458837,-2.1649168042592315,-0.8827770249464351
741231627.0,2023-06-28T13:40:27.000,-0.07382254944010569,-1.0276725459612557,-0.9269503944420165
741231647.0,2023-06-28T13:40:47.000,-1.5774789603573147,-1.9659119609216624,-0.007650077404885991
741231667.0,2023-06-28T13:41:07.000,0.40580821413227497,-0.7797887391469693,0.5994588174851323
741231687.0,2023-06-28T13:41:27.000,-0.5656526797959138,-0.7723099558210045,-0.2641060747432533
741231707.0,2023-06-28T13:41:47.000,-0.1607285043725426,-1.2535039488059674,1.4198889326633157
741231727.0,2023-06-28T13:42:07.000,0.43225269243940545,-1.046762362555409,0.14353991618643036
741231747.0,2023-06-28T13:42:27.000,0.02904591780428234,-1.6101758557818258,-0.42971250321377497
741231767.0,2023-06-28T13:42:47.000,-0.5738177436542813,-1.2919240080067063,0.7167585735934345
741231787.0,2023-06-28T13:43:07.000,-1.872277811920675,-1.604779484065677,0.21889887925619078
741231807.0,2023-06-28T13:43:27.000,-0.7440378631540234,-0.13617912254515474,1.4390288231691528
741231827.0,2023-06-28T13:43:47.000,0.2040513209400352,-1.6752063567659903,-0.004301214218127569
741231847.0,2023-06-28T13:44:07.000,0.23406043250240316,-1.35992067237245,-0.2236957532208983
741231867.0,2023-06-28T13:44:27.000,0.895430647296358,-0.49406260922424394,0.5776188712669494
741231887.0,2023-06-28T13:44:47.000,-0.7998267242514956,-1.4158287297894034,0.136809564177387
741231907.0,2023-06-28T13:45:07.000,-0.05887711065355461,-1.9466427990555424,0.5119578374235267
741231927.0,2023-06-28T13:45:27.000,-0.5341556104099254,-0.643941749789434,0.791055032844934
741231947.0,2023-06-28T13:45:47.000,0.4529264564401281,-1.3400276277941714,1.30515612400961
741231967.0,2023-06-28T13:46:07.000,-0.5395292780541183,-1.744179707097171,-0.2929669140283586
741231987.0,2023-06-28T13:46:27.000,0.39246468674924984,-0.6559481850687554,0.46350248202875477
741232007.0,2023-06-28T13:46:47.000,0.17430973974219555,-1.2254083810003813,0.3485783037215917
741232027.0,2023-06-28T13:47:07.000,-0.00451584549754358,-1.1887146732281195,0.49868983899026276
741232047.0,2023-06-28T13:47:27.000,-1.1710587956015317,-0.8932841877529185,3.0218046378815977
741232067.0,2023-06-28T13:47:47.000,-0.5049433752124521,-0.6620637560850184,0.9680988925508949
741232087.0,2023-06-28T13:48:07.000,0.8209686018001427,-1.3525450631490799,1.658378070001909
741232107.0,2023-06-28T13:48:27.000,1.516071660478957,-1.371187990983902,0.15738301755163775
741232127.0,2023-06-28T13:48:47.000,-0.6603189168452595,-0.6665903778624305,0.13780711012323366
741232147.0,2023-06-28T13:49:07.000,-0.7660983452950632,-2.449356534695024,-0.7453974339766134
741232167.0,2023-06-28T13:49:27.000,-2.1690232981042,-1.7647630222827893,-0.0333203187374842
741232187.0,2023-06-28T13:49:47.000,1.4374388146110029,-0.4598896259810914,-0.1861538137637453
741232207.0,2023-06-28T13:50:07.000,0.5261054821459332,-0.7565288342781251,0.1314904276461526
741232227.0,2023-06-28T13:50:27.000,-3.1274539060488493,-1.3313275304516203,-0.633119215320832
741232247.0,2023-06-28T13:50:47.000,-0.7071134015657066,-2.4344391694186562,0.44438093884657803
741232267.0,2023-06-28T13:51:07.000,0.10816172860694806,-2.2642853304999377,0.1790017637781638
741232287.0,2023-06-28T13:51:27.000,-0.14227884407302938,-0.5544301445614686,-0.4657892509030148
741232307.0,2023-06-28T13:51:47.000,-1.5434861461272043,-0.3646934812473468,-1.8529688007307143
741232327.0,2023-06-28T13:52:07.000,-1.020178920374537,-1.4697997330559431,1.3413844981768897
741232347.0,2023-06-28T13:52:27.000,-0.7214192377480444,-0.702275224506721,-0.9776582756026997
741232367.0,2023-06-28T13:52:47.000,-1.1343538342978299,-0.3050715838615048,-0.03373511260340578
741232387.0,2023-06-28T13:53:07.000,-1.0986982278304858,-1.5502477638595913,1.8208997633051283
741232407.0,2023-06-28T13:53:27.000,0.7062262518453544,-1.5421134271553782,0.09423971639721529
741232427.0,2023-06-28T13:53:47.000,-0.9414020311626636,-1.067307579416532,1.8461003704395296
741232447.0,2023-06-28T13:54:07.000,0.6788062556384311,-2.629987249380683,-1.6902296080423262
741232467.0,2023-06-28T13:54:27.000,-1.2955957395588413,-2.0356972352475466,1.2874856079925223
741232487.0,2023-06-28T13:54:47.000,0.6671468171570716,-2.851837781625566,0.8663387571994363
741232507.0,2023-06-28T13:55:07.000,0.9737586422198241,-0.8862723719915699,0.9156048511704817
741232527.0,2023-06-28T13:55:27.000,-0.45255798332144437,-2.580361374571183,1.0792826304339975
741232547.0,2023-06-28T13:55:47.000,-3.021542053360804,-1.6177830671759708,-0.4301177452536997
741232567.0,2023-06-28T13:56:07.000,0.7059031161937845,-1.331894542255796,0.12655438337283442
741232587.0,2023-06-28T13:56:27.000,-0.613237325253202,-0.9209509253871317,-0.84639537032416
741232607.0,2023-06-28T13:56:47.000,0.07705276127145666,-1.8367358219362195,1.2533442111162252
741232627.0,2023-06-28T13:57:07.000,-0.9629029177338211,-0.7186804730996421,0.21607508379206664
741232647.0,2023-06-28T13:57:27.000,0.3798104594165963,0.2828646121999512,0.2745147309135554
741232667.0,2023-06-28T13:57:47.000,0.44671013981201213,-1.4983731740692008,-0.7771927599153905
741232687.0,2023-06-28T13:58:07.000,-0.7769915121969007,-1.1547818155044354,-0.260968641296877
741232707.0,2023-06-28T13:58:27.000,0.46919851950377733,-1.0260022377028832,1.537933466277952
741232727.0,2023-06-28T13:58:47.000,-0.022715077518942195,-0.4294150712680356,0.45712099682182483
741232747.0,2023-06-28T13:59:07.000,0.6750303239710931,-0.9471098261659705,-0.074647290548846
741232767.0,2023-06-28T13:59:27.000,-0.5852593267685613,-1.9710033243858227,0.8421432139638085
741232787.0,2023-06-28T13:59:47.000,-1.1794671426534897,-2.0926798289577775,1.355510770761903
741232807.0,2023-06-28T14:00:07.000,-0.49661744946361,-1.3266573459125297,1.1798408365959467
741232827.0,2023-06-28T14:00:27.000,-0.12726064312351681,-0.6905659155509447,-1.281895452520665
741232847.0,2023-06-28T14:00:47.000,0.7659942141580167,-0.5835386042041257,1.4346041239621243
741232867.0,2023-06-28T14:01:07.000,0.2281374580914708,-0.9294509912716187,-0.25211078711340207
741232887.0,2023-06-28T14:01:27.000,-0.02837322343740567,-1.5375575224685356,0.7154291394639856
741232907.0,2023-06-28T14:01:47.000,0.4727807720317223,-2.481331418402455,0.7934791491859272
741232927.0,2023-06-28T14:02:07.000,-1.124454763801186,-1.409614480674115,1.0743648679367723
741232947.0,2023-06-28T14:02:27.000,-0.6282842929583587,-1.538584422500211,1.1469967009181126
741232967.0,2023-06-28T14:02:47.000,-0.7471120494595418,-1.1945107090460816,-1.1510301517581034
741232987.0,2023-06-28T14:03:07.000,0.4148800808234654,-0.49971647140267805,0.280548423592375
741233007.0,2023-06-28T14:03:27.000,0.5958527694582827,-0.26305966485118404,0.6260886396658449
741233027.0,2023-06-28T14:03:47.000,0.031105111386597883,-0.11541780055024375,2.1975040670141333
741233047.0,2023-06-28T14:04:07.000,-1.220046737304692,-1.9089220685164499,1.3238892345057707
741233067.0,2023-06-28T14:04:27.000,-1.0362636674421388,-0.5902801613499875,0.3560887531173229
741233087.0,2023-06-28T14:04:47.000,-1.7657519068903227,-2.402789012823092,0.7390846747279411
741233107.0,2023-06-28T14:05:07.000,-0.6151249198671493,0.025578195328446185,-0.07821225743720461
741233127.0,2023-06-28T14:05:27.000,-0.6691125870705861,-1.819267843605754,0.06267794803171967
741233147.0,2023-06-28T14:05:47.000,0.03583954103492104,-0.9245706562355238,0.554150425979838
741233167.0,2023-06-28T14:06:07.000,-1.2848282834321267,-1.3213585270288597,0.5097723205227389
741233187.0,2023-06-28T14:06:27.000,-0.881250827977631,-2.7805429468230614,0.15105963100392472
741233207.0,2023-06-28T14:06:47.000,-2.353994206061305,-2.0799610100263877,2.1037988289451803
741233227.0,2023-06-28T14:07:07.000,-0.14403511896521337,-1.337333411843833,-0.17312971439809033
741233247.0,2023-06-28T14:07:27.000,-0.5474782186265514,-0.7083473649971417,0.6491902802663319
741233267.0,2023-06-28T14:07:47.000,-0.5157875291539327,-0.3012897163756634,1.0660701521225668
741233287.0,2023-06-28T14:08:07.000,-0.31485054157176506,-0.5414023409255897,0.7873112700784723
741233307.0,2023-06-28T14:08:27.000,0.5492344312019171,-0.7810486856607568,1.4277531331208237
741233327.0,2023-06-28T14:08:47.000,0.15817942122797746,-1.152618574284947,0.5751740903892077
741233347.0,2023-06-28T14:09:07.000,-0.7663254532941366,-1.4535498997436669,0.8444143105079682
741233367.0,2023-06-28T14:09:27.000,0.19892456432080152,-0.6037522381041605,1.362844866026336
741233387.0,2023-06-28T14:09:47.000,-1.1564449136636235,-2.032038468291475,0.41564656666492894
741233407.0,2023-06-28T14:10:07.000,-1.0173705262572774,-3.243926003348996,0.3412698034832573
741233427.0,2023-06-28T14:10:27.000,-1.2342716697699707,-1.0673192913812635,0.44553928939539134
741233447.0,2023-06-28T14:10:47.000,-0.09365387925175384,-0.4228553820428971,0.03526685590227174
741233467.0,2023-06-28T14:11:07.000,-1.273872072660165,-1.463227819675783,0.21098387960050147
741233487.0,2023-06-28T14:11:27.000,-0.6524083662640123,-2.1536901805951914,-0.036038559136919446
741233507.0,2023-06-28T14:11:47.000,-1.9588087496691386,-1.9331303319103377,0.24621360920074054
741233527.0,2023-06-28T14:12:07.000,-0.18965582527785685,-2.786522991549134,-0.34720883215211273
741233547.0,2023-06-28T14:12:27.000,0.9114092813788943,-1.427242007878693,0.7457993681625474
741233567.0,2023-06-28T14:12:47.000,-0.15747359373152747,-1.3795086140078183,0.06937490185654482
741233587.0,2023-06-28T14:13:07.000,-0.5310801982516544,-0.11744425069126763,0.5173211767295349
741233607.0,2023-06-28T14:13:27.000,-0.37077136454399806,-0.6960872354855319,-0.6014180752078602
741233627.0,2023-06-28T14:13:47.000,-2.146215114295913,-0.5782849662794298,0.7712836378237498
741233647.0,2023-06-28T14:14:07.000,-0.17261061443507586,-2.363102873614853,-0.5811095102448149
741233667.0,2023-06-28T14:14:27.000,-0.06704878076080334,-1.4865765995186742,-0.20429683964540146
741233687.0,2023-06-28T14:14:47.000,-0.8230791176955243,0.04499804941993091,1.4159050909401394
741233707.0,2023-06-28T14:15:07.000,-0.46309647390163633,-1.2855086066299037,1.3472620928545176
741233727.0,2023-06-28T14:15:27.000,-1.1366977922255828,-1.1709952257521472,1.1191950242572801
741233747.0,2023-06-28T14:15:47.000,-0.8935812063293191,-1.1183627224964354,1.3601960428988313
741233767.0,2023-06-28T14:16:07.000,-0.7905933661733755,-0.4388193533211293,0.6338776310510497
741233787.0,2023-06-28T14:16:27.000,-0.07305955720404711,-1.2368128298523295,1.3194187815979141
741233807.0,2023-06-28T14:16:47.000,-0.5352996268581656,-2.8492515349420877,-0.848911414130793
741233827.0,2023-06-28T14:17:07.000,0.3602565477600628,-0.832495741143191,1.1865701339153212
741233847.0,2023-06-28T14:17:27.000,-0.5252692282131655,-0.753450401536071,0.5908402822329961
741233867.0,2023-06-28T14:17:47.000,-0.33921957173221884,-1.569018458025262,1.0117465255587987
741233887.0,2023-06-28T14:18:07.000,-1.2009073855678842,-1.14539505237099,1.2335656412343354
741233907.0,2023-06-28T14:18:27.000,0.2946491849509236,0.017801200213884982,0.6610880957658161
741233927.0,2023-06-28T14:18:47.000,0.06030938158874122,-1.6980997616711235,1.3316213660075071
741233947.0,2023-06-28T14:19:07.000,-0.8115323853585821,-1.4098325453071325,1.0669463049395311
741233967.0,2023-06-28T14:19:27.000,-1.1502688819442497,-0.49201149970867775,1.9776785921576945
741233987.0,2023-06-28T14:19:47.000,-0.7027169939610722,-0.41821376505213337,1.2010672033602177
741234007.0,2023-06-28T14:20:07.000,-0.9393423320180894,-2.313068823744935,0.43164121160677027
741234027.0,2023-06-28T14:20:27.000,-1.1343200125191188,-1.0119384958984234,0.38447893602189254
741234047.0,2023-06-28T14:20:47.000,-0.9484650849711507,-1.1102180838662434,0.6388389131362082
741234067.0,2023-06-28T14:21:07.000,-0.5050788382532367,-0.8419346605226252,0.07028861729319047
741234087.0,2023-06-28T14:21:27.000,0.32432181923391923,-1.683152914777608,2.3628357731730887
741234107.0,2023-06-28T14:21:47.000,-0.24928073095731307,-1.317182612281531,1.776760856575521
741234127.0,2023-06-28T14:22:07.000,-0.11651301790038815,-0.5138424070572079,-0.35394650154119134
741234147.0,2023-06-28T14:22:27.000,-0.6572833421203406,-0.20606370726428125,1.1107982290980978
741234167.0,2023-06-28T14:22:47.000,-2.055206015805222,-0.6000094164848591,1.0219494462671008
741234187.0,2023-06-28T14:23:07.000,-0.44029626384833875,-0.22851506480403572,1.594627875545207
741234207.0,2023-06-28T14:23:27.000,0.0778559885561414,-1.516177418448006,0.9934718942172793
741234227.0,2023-06-28T14:23:47.000,-2.010717857747757,-1.8226041289204353,0.46461587617230293
741234247.0,2023-06-28T14:24:07.000,-1.373823316441758,-1.980002026635841,0.22752301915840434
741234267.0,2023-06-28T14:24:27.000,-1.3715346989462418,-0.5905401684658251,0.11473028673769647
741234287.0,2023-06-28T14:24:47.000,-1.7358004131051707,-0.38121745030705867,0.8832298757033286
741234307.0,2023-06-28T14:25:07.000,-1.101014791438093,-2.0517874331882346,1.2226808670190437
741234327.0,2023-06-28T14:25:27.000,-0.5781679553784613,-1.2724432598587576,-1.0909439019490819
741234347.0,2023-06-28T14:25:47.000,-1.3184881708760976,-1.524999141266914,1.50426297408357
741234367.0,2023-06-28T14:26:07.000,-1.8567490409182597,-1.5950404911202476,0.5527826303031169
741234387.0,2023-06-28T14:26:27.000,-1.26503232082964,-0.7470939544340638,0.5103063249634054
741234407.0,2023-06-28T14:26:47.000,-1.2258499907824572,-0.7535655663470919,0.1731695631557173
741234427.0,2023-06-28T14:27:07.000,0.4007642560144298,-2.18065163326564,-0.35476500873654615
741234447.0,2023-06-28T14:27:27.000,-0.1252674679985688,-1.2804226530382934,0.1491581247514695
741234467.0,2023-06-28T14:27:47.000,-0.3096223785692409,-0.48890789183797523,0.7213550044959938
741234487.0,2023-06-28T14:28:07.000,-0.08112377203328691,-0.9936056596826504,1.1650444220023815
741234507.0,2023-06-28T14:28:27.000,0.17656681523536832,0.21625110389056346,0.8649824077666679
741234527.0,2023-06-28T14:28:47.000,-1.1860443438371782,-1.8890361107359865,1.054087980068008
741234547.0,2023-06-28T14:29:07.000,0.39718270422595126,-0.4739798438402332,0.5168346626671649
741234567.0,2023-06-28T14:29:27.000,-0.0023307456631371792,-1.0357069572308752,0.3878601572249174
741234587.0,2023-06-28T14:29:47.000,-2.176439616397019,-0.6293061756701412,1.086672263039823
741234607.0,2023-06-28T14:30:07.000,-1.0915329964222842,0.5814721783736765,0.4867218365012249
741234627.0,2023-06-28T14:30:27.000,-1.24045804481554,-1.0135366250940692,-0.29575631300682304
741234647.0,2023-06-28T14:30:47.000,-0.7571237776060613,-1.3521749361533608,1.1467569333789562
741234667.0,2023-06-28T14:31:07.000,-0.21964269859564567,0.29211258059103073,1.3514362619315712
741234687.0,2023-06-28T14:31:27.000,-1.48445213308257,-0.4416263346684879,0.8170356165293491
741234707.0,2023-06-28T14:31:47.000,-0.21371908962564135,0.500520060964238,0.8589815718385019
741234727.0,2023-06-28T14:32:07.000,-1.0047091286935483,-1.2888240488173608,0.14935967962426133
741234747.0,2023-06-28T14:32:27.000,-1.5364869837775075,-0.1706884052432578,0.4425768769467098
741234767.0,2023-06-28T14:32:47.000,-2.550251386868041,-1.7861816839603861,0.48870587963101286
741234787.0,2023-06-28T14:33:07.000,-2.104877190645116,-0.8718766244308895,2.3217621566318236
741234807.0,2023-06-28T14:33:27.000,-1.2433600673378287,-1.4143644572861547,0.7565242001850159
741234827.0,2023-06-28T14:33:47.000,0.47346733830222476,-1.8204655992004604,0.041779288628696065
741234847.0,2023-06-28T14:34:07.000,-0.468626615612866,-0.7611445938526806,1.73790914093086
741234867.0,2023-06-28T14:34:27.000,-0.37348205171872095,0.09880856586264031,-0.17720894152084554
741234887.0,2023-06-28T14:34:47.000,-0.19139761668895972,0.43495313970520755,2.134033059197904
741234907.0,2023-06-28T14:35:07.000,-2.1869222182502313,-0.1982601201877543,0.7442406138036262
741234927.0,2023-06-28T14:35:27.000,-1.157116194627772,-0.015333548497586946,1.2522580272400496
741234947.0,2023-06-28T14:35:47.000,-0.5321385386669597,-0.8451945851861709,1.26067842884936
741234967.0,2023-06-28T14:36:07.000,-2.7744027905729496,-0.29426760191908485,0.6560294528612509
741234987.0,2023-06-28T14:36:27.000,-0.9322405379319498,-0.3714288330569637,0.7339531486905138
741235007.0,2023-06-28T14:36:47.000,-2.265946463697599,-0.48714584872655564,2.467148243434636
741235027.0,2023-06-28T14:37:07.000,-1.010525565925402,-1.7579984676996396,0.13778414842402498
741235047.0,2023-06-28T14:37:27.000,-1.4238331647709046,-0.9729018508819465,1.055504846225741
741235067.0,2023-06-28T14:37:47.000,-0.43072996386284146,-1.8919833568831201,1.4771984426342755
741235087.0,2023-06-28T14:38:07.000,-0.7592540345435772,-1.2485298709230541,1.5972649441420295
741235107.0,2023-06-28T14:38:27.000,-0.7923072888105231,-1.3433369067783474,0.5443628730450456
741235127.0,2023-06-28T14:38:47.000,-0.7138030550302155,-0.26731404073609966,1.6138908285778797
741235147.0,2023-06-28T14:39:07.000,-2.2234318128644404,-0.7491245197832619,0.5539723823999587
741235167.0,2023-06-28T14:39:27.000,-0.4770068770643121,-0.7180308618015552,-0.3026586749887983
741235187.0,2023-06-28T14:39:47.000,-0.3009312146473597,-1.0687933455932885,0.053466334426488515
741235207.0,2023-06-28T14:40:07.000,-0.3208591805581307,-0.07967630538674442,0.3874449551521941
741235227.0,2023-06-28T14:40:27.000,-0.5732411782588542,-1.0263681154309978,1.8346281251857555
741235247.0,2023-06-28T14:40:47.000,-1.5184896543840587,-0.9014125344153356,0.17629407247365947
741235267.0,2023-06-28T14:41:07.000,-0.917983097170616,-1.559583416277377,-0.5619720565230857
741235287.0,2023-06-28T14:41:27.000,-0.6344950213899025,-0.02215544960826321,0.3567041635732515
741235307.0,2023-06-28T14:41:47.000,-2.0705652139185737,-1.1766983331717995,1.2632269466794632
741235327.0,2023-06-28T14:42:07.000,-2.1303899908509116,-2.2016279362935265,0.16455029299144996
741235347.0,2023-06-28T14:42:27.000,-1.7329584686920363,-1.5077904607863069,0.8966722874537147
741235367.0,2023-06-28T14:42:47.000,-0.0849288648407942,-0.5484691037338507,0.9926174422414391
741235387.0,2023-06-28T14:43:07.000,-0.62679629133644,-1.292614407211179,0.7012403981154769
741235407.0,2023-06-28T14:43:27.000,-1.5595511235422244,-0.9644166061084647,1.4474370101158485
741235427.0,2023-06-28T14:43:47.000,-0.5491827518078196,-0.39377812770524656,-0.04921266514301692
741235447.0,2023-06-28T14:44:07.000,-0.017284008357876246,-1.65375243569299,0.5179991132031603
741235467.0,2023-06-28T14:44:27.000,-0.5877786345309666,-0.09061510385377503,0.9347527741176975
741235487.0,2023-06-28T14:44:47.000,-1.870466922948566,-1.1026425501658998,0.509520790858975
741235507.0,2023-06-28T14:45:07.000,-0.6070308125827317,0.6778726483136488,1.0478162950300351
741235527.0,2023-06-28T14:45:27.000,-0.25126883250736753,-2.2615164865458226,1.6363545428665915
741235547.0,2023-06-28T14:45:47.000,-1.9977702614526471,0.06675848840398402,2.3279312725499324
741235567.0,2023-06-28T14:46:07.000,-0.53276588743989,0.16891782712580294,-0.34748548838337
741235587.0,2023-06-28T14:46:27.000,-2.617698390150469,-0.7491812742177473,1.314642233907204
741235607.0,2023-06-28T14:46:47.000,-1.2365690530535822,-2.2727817306167353,-0.1756852319956259
741235627.0,2023-06-28T14:47:07.000,0.15990829876910695,-0.2008438805933821,1.4820751059074766
741235647.0,2023-06-28T14:47:27.000,-1.1677296022805095,-0.4229258825816373,0.7675324778411152
741235667.0,2023-06-28T14:47:47.000,-3.0106071872149087,-0.4966452731736126,0.011798831878184757
741235687.0,2023-06-28T14:48:07.000,-1.3440584012758272,-2.267491590157711,1.629931102953286
741235707.0,2023-06-28T14:48:27.000,-1.101386704172036,-0.0596890754489543,0.826348538163213
741235727.0,2023-06-28T14:48:47.000,-1.0728146594751742,-1.4519942622914783,1.4474548134746357
741235747.0,2023-06-28T14:49:07.000,-0.7408677268005981,-1.7897722690896067,2.2377382484672914
741235767.0,2023-06-28T14:49:27.000,-1.4649179210346475,0.37135538294430503,0.040020065927848236
741235787.0,2023-06-28T14:49:47.000,-2.337459834622635,-2.411256499434966,0.5621886488671457
741235807.0,2023-06-28T14:50:07.000,-1.99158081786166,-0.9374447132559638,0.8086412990548908
741235827.0,2023-06-28T14:50:27.000,-0.8254198053392336,-0.18768825646997556,1.3336615434678123
741235847.0,2023-06-28T14:50:47.000,0.361749651933696,-0.13024608385148184,2.0745398421784245
741235867.0,2023-06-28T14:51:07.000,0.0379128333394263,-0.8699668188838494,1.328985367887725
741235887.0,2023-06-28T14:51:27.000,-1.6055641937295917,-0.8042862024049136,-0.15284909211654707
741235907.0,2023-06-28T14:51:47.000,-1.4528661551826971,-0.42754962989999257,1.3877085940694478
741235927.0,2023-06-28T14:52:07.000,-0.8418186490888324,-0.721763771749373,1.7128786649722727
741235947.0,2023-06-28T14:52:27.000,-0.27779250419968093,0.31688106342242506,1.3035335161615258
741235967.0,2023-06-28T14:52:47.000,-1.2025453386743656,-1.2635887486012187,0.6211549185675125
741235987.0,2023-06-28T14:53:07.000,-0.7621701793025792,-1.2061100945648384,0.23315713256755188
741236007.0,2023-06-28T14:53:27.000,-1.0623869334924763,0.8087549301261099,0.5481532675766232
741236027.0,2023-06-28T14:53:47.000,-1.429176370848495,-1.6682148076929693,0.36664965257227067
741236047.0,2023-06-28T14:54:07.000,0.1029371961336345,0.7916626020731954,0.578743218215827
741236067.0,2023-06-28T14:54:27.000,-0.521863903057973,-0.06178887065333427,-0.1317930350186458
741236087.0,2023-06-28T14:54:47.000,-1.3313587111762892,-0.6340032075669022,-0.5936116915350453
741236107.0,2023-06-28T14:55:07.000,-1.6924927495165498,-0.14116725222113047,-0.2555676102078408
741236127.0,2023-06-28T14:55:27.000,-0.20976490840984852,0.31535970042018135,1.8744973284245958
741236147.0,2023-06-28T14:55:47.000,-0.9623238803158074,-1.9934387073372584,1.6597500696158285
741236167.0,2023-06-28T14:56:07.000,-1.1645090610468145,-1.0151420485549068,1.0735340173817498
741236187.0,2023-06-28T14:56:27.000,-0.5235872778341921,0.10490467461377051,0.8855105050553647
741236207.0,2023-06-28T14:56:47.000,-1.0236617744130427,-0.31531366970760644,0.8469018342949219
741236227.0,2023-06-28T14:57:07.000,-2.3558347233665344,-0.11645779477431617,0.26171817539832887
741236247.0,2023-06-28T14:57:27.000,-1.311841317808149,-0.9273561134337527,0.14665341847575064
741236267.0,2023-06-28T14:57:47.000,-1.9597696560902378,-1.150395235205437,0.8122580720026917
741236287.0,2023-06-28T14:58:07.000,-2.143794606734861,-1.3035556565177409,0.9045180325406577
741236307.0,2023-06-28T14:58:27.000,-0.3465558905180188,-0.7926652252576716,0.20381642290567825
741236327.0,2023-06-28T14:58:47.000,-1.2639960683458185,-0.2408870366843452,0.750679341154914
741236347.0,2023-06-28T14:59:07.000,-0.3459977613751164,-1.4435086088115945,0.6980911088860786
741236367.0,2023-06-28T14:59:27.000,-0.8991367692390284,-1.1552366320222163,0.1550477727207955
741236387.0,2023-06-28T14:59:47.000,-1.7305172316461892,0.553791253221636,0.7163220013484128
741236407.0,2023-06-28T15:00:07.000,-2.780065311391855,-0.794609894749776,-0.6490380080048652
741236427.0,2023-06-28T15:00:27.000,-0.7343154392547291,0.029028282244603076,2.09175167986686
741236447.0,2023-06-28T15:00:47.000,-0.7447401412230548,-0.8258112423553676,0.43649342710283534
741236467.0,2023-06-28T15:01:07.000,-1.6931448116874748,-1.2384840857526669,1.8443371756493576
741236487.0,2023-06-28T15:01:27.000,0.5752896430233356,-0.5796096695265263,0.6301792145113616
741236507.0,2023-06-28T15:01:47.000,-0.7394159725837568,0.6033409082673025,0.6002730169263337
741236527.0,2023-06-28T15:02:07.000,-2.188503340616599,-0.06873439520882485,1.5249279025186802
741236547.0,2023-06-28T15:02:27.000,-0.6851084078052239,-0.540515946867437,-0.24175867930908979
741236567.0,2023-06-28T15:02:47.000,-0.26705677186322774,-0.639028377447115,2.0781729661800696
741236587.0,2023-06-28T15:03:07.000,-0.8356103090134681,-0.26357483272620996,1.1810049259541877
741236607.0,2023-06-28T15:03:27.000,-0.04084096634215939,-0.7656760303786925,1.468115295599759
741236627.0,2023-06-28T15:03:47.000,-1.6341448193291086,0.2341660873539375,0.6945647353595596
741236647.0,2023-06-28T15:04:07.000,-0.8225121793326018,-0.9963664924450555,0.9130481817276603
741236667.0,2023-06-28T15:04:27.000,-1.6991733936877473,-0.9665836341321565,0.8590426037180521
741236687.0,2023-06-28T15:04:47.000,-1.522200723202971,-1.216290087047156,0.7492421157828666
741236707.0,2023-06-28T15:05:07.000,0.46503361604832705,0.9591018802490581,0.9294949526728047
741236727.0,2023-06-28T15:05:27.000,-2.15722342096214,-0.7084361835163477,0.5962877844822856
741236747.0,2023-06-28T15:05:47.000,-1.4028651944109072,-0.10430048927867475,-0.23938014600544122
741236767.0,2023-06-28T15:06:07.000,-1.3595384641074126,0.7076364038405281,1.7883380372230029
741236787.0,2023-06-28T15:06:27.000,-1.1383079225213422,-0.2745381449176243,0.3533901949737128
741236807.0,2023-06-28T15:06:47.000,-2.743288892648188,-1.0580325096709586,0.09559812588211258
741236827.0,2023-06-28T15:07:07.000,-1.422309597298721,-0.233749097311442,-0.5961212595884113
741236847.0,2023-06-28T15:07:27.000,-2.739193349943214,-1.5511114465183162,-0.6966141928632652
741236867.0,2023-06-28T15:07:47.000,-2.294280995984721,-0.621084080532075,0.4318940360681367
741236887.0,2023-06-28T15:08:07.000,-0.006585707612583036,0.29914835795175065,-0.5497532771348013
741236907.0,2023-06-28T15:08:27.000,-1.759466591189085,-0.40651131387736683,0.9259440015063625
741236927.0,2023-06-28T15:08:47.000,-1.9318745722474162,-0.19836434218545307,0.9656058881146734
741236947.0,2023-06-28T15:09:07.000,-1.3326197312646393,-1.3153504674456862,-0.5586701969373387
741236967.0,2023-06-28T15:09:27.000,-1.5538700176565001,-1.4428918391429235,0.008477689916741582
741236987.0,2023-06-28T15:09:47.000,-0.40988037670608435,-1.4645747146713184,1.0583801788643932
741237007.0,2023-06-28T15:10:07.000,-1.003613493044675,-1.1560498756613136,0.3640224347956078
741237027.0,2023-06-28T15:10:27.000,-1.1921443662910036,-0.38124404433403924,-0.2822045231498649
741237047.0,2023-06-28T15:10:47.000,-0.7679801439119949,-0.27690253233680906,0.7542122654080607
741237067.0,2023-06-28T15:11:07.000,-1.906059610878863,-0.7406723247060931,0.7780846278282461
741237087.0,2023-06-28T15:11:27.000,-0.5402338908555571,-1.1120651757789979,1.8290481030747152
741237107.0,2023-06-28T15:11:47.000,-0.06854093892449953,-0.9479383370591954,1.4353804562938777
741237127.0,2023-06-28T15:12:07.000,-2.4838119961123617,-1.9021725680912205,0.30786677537308904
741237147.0,2023-06-28T15:12:27.000,-1.2186230950672616,-0.4928544838578297,1.0418617137020192
741237167.0,2023-06-28T15:12:47.000,-1.3332222114970094,-1.3477194914068846,1.387013928444425
741237187.0,2023-06-28T15:13:07.000,-1.3460204987270075,0.7412551107921495,0.5157695303847909
741237207.0,2023-06-28T15:13:27.000,-2.0868647903071746,1.0364828412545712,0.1636141140570757
741237227.0,2023-06-28T15:13:47.000,-1.0720975687883438,-0.004972161682381682,-0.2967641974160884
741237247.0,2023-06-28T15:14:07.000,-1.3069316230573946,-0.6519469480270601,0.6551882151484278
741237267.0,2023-06-28T15:14:27.000,0.08094584063034205,-0.49356498718067243,1.1304903620557027
741237287.0,2023-06-28T15:14:47.000,-1.2674123920697333,-0.23899988754738644,1.848128754666778
741237307.0,2023-06-28T15:15:07.000,-0.3513326890081103,-0.12199574583870998,1.0850565106412802
741237327.0,2023-06-28T15:15:27.000,-1.4043541814112714,0.13295107358368696,0.8709650447191741
741237347.0,2023-06-28T15:15:47.000,-1.4313449377079124,0.4571206927317384,-0.048395648788446266
741237367.0,2023-06-28T15:16:07.000,-0.7560496195768707,-0.17966991930906673,0.13274730861212447
741237387.0,2023-06-28T15:16:27.000,-1.9615902262848373,0.2233873956147825,1.2696271139756021
741237407.0,2023-06-28T15:16:47.000,-1.7816625281774634,0.3941546600438883,0.40246433875568144
741237427.0,2023-06-28T15:17:07.000,-1.1864292241980934,-0.8442000985930953,0.6672405274632531
741237447.0,2023-06-28T15:17:27.000,-1.7888263736942633,-0.6889125068076929,0.509907578993829
741237467.0,2023-06-28T15:17:47.000,-0.5706134310390354,0.16188956355467354,1.8535145651310536
741237487.0,2023-06-28T15:18:07.000,-0.1247756540423417,0.025660153368800565,-0.14349372327027154
741237507.0,2023-06-28T15:18:27.000,-0.5627838161825771,-0.06489295184541888,1.4445291700471152
741237527.0,2023-06-28T15:18:47.000,-0.30242202835317755,-0.06676271269157041,-0.35739277510771217
741237547.0,2023-06-28T15:19:07.000,-1.1514833243242428,0.052027933228337986,0.37849700627035077
741237567.0,2023-06-28T15:19:27.000,-1.4137381757928225,0.4674434865181709,0.15156164600016453
741237587.0,2023-06-28T15:19:47.000,-2.215495563706593,-0.42613603492558383,1.658877431420791
741237607.0,2023-06-28T15:20:07.000,-1.5161992783951916,0.32914792221783173,1.2592323141547013
741237627.0,2023-06-28T15:20:27.000,-1.145992492135317,-0.5715563209052199,-1.3277241860953914
741237647.0,2023-06-28T15:20:47.000,-1.6575727339707136,-0.08387950743982131,0.7106364293019141
741237667.0,2023-06-28T15:21:07.000,-1.9778784178137165,-1.095551376917303,0.6585365340705529
741237687.0,2023-06-28T15:21:27.000,-1.5942979874616903,1.090592084074249,-0.04266086114368406
741237707.0,2023-06-28T15:21:47.000,-0.3871398088439726,0.09413247727962926,-0.39848968078626257
741237727.0,2023-06-28T15:22:07.000,-1.866593753596657,-0.7074880666646521,-0.5291114679062403
741237747.0,2023-06-28T15:22:27.000,-2.162239768233043,0.5863707641107219,1.088745182409312
741237767.0,2023-06-28T15:22:47.000,-2.569249791184447,-0.9437649952204197,0.7570140612034315
741237787.0,2023-06-28T15:23:07.000,-1.868027806672945,0.8211976770589047,1.0512295316233988
741237807.0,2023-06-28T15:23:27.000,-1.1999707442700291,-0.24569662421258798,-0.39586627785803685
741237827.0,2023-06-28T15:23:47.000,-1.3777970026551678,-0.11048723179696296,0.9048742656836417
741237847.0,2023-06-28T15:24:07.000,-2.2641798896105847,-0.33267360463051787,0.8419921490698812
741237867.0,2023-06-28T15:24:27.000,-1.567285785153416,-1.1790556873503277,0.432880532819091
741237887.0,2023-06-28T15:24:47.000,-1.7436542502857755,-0.029471715201623283,0.6630612881752818
741237907.0,2023-06-28T15:25:07.000,-1.8822926994732647,-0.4303722280885047,0.4532944027135777
741237927.0,2023-06-28T15:25:27.000,-0.9632101989009989,-0.4812374606477654,-0.7739312185117697
741237947.0,2023-06-28T15:25:47.000,-1.5035535166241232,1.1338175825881258,0.31693809000588047
741237967.0,2023-06-28T15:26:07.000,-0.6710678496890665,1.0765537218015986,-0.6282252688727397
741237987.0,2023-06-28T15:26:27.000,-0.6263747813761711,-0.0074791811743857295,0.9169080216753223
741238007.0,2023-06-28T15:26:47.000,-0.4248325813471787,-0.8929087085052245,1.5243402130882266
741238027.0,2023-06-28T15:27:07.000,-0.6207177441375222,-2.502343826649156,0.3786445694320406
741238047.0,2023-06-28T15:27:27.000,-1.8890485736333673,-1.0860770387366436,0.40619122988472256
741238067.0,2023-06-28T15:27:47.000,-0.720643006768551,0.1269015378446703,0.7541207668659844
741238087.0,2023-06-28T15:28:07.000,-0.8656619954194866,-0.5139085098138096,1.498652616238605
741238107.0,2023-06-28T15:28:27.000,-2.233429830977851,0.06972405026672845,0.7952396327448596
741238127.0,2023-06-28T15:28:47.000,-2.199034258953958,-0.5976189186185366,0.2201362746423463
741238147.0,2023-06-28T15:29:07.000,-1.4400877580422744,-0.032665728422198725,-0.20571532044488805
741238167.0,2023-06-28T15:29:27.000,-0.19505280227649635,-0.49837956525022875,1.4198408105903226
741238187.0,2023-06-28T15:29:47.000,-2.16728923564391,0.3828514039128095,1.0574382090622336
741238207.0,2023-06-28T15:30:07.000,-1.1810724200644884,0.7661289685323425,0.21858071276303903
741238227.0,2023-06-28T15:30:27.000,-1.3271024881023052,-0.09997977132858438,1.043415539969672
741238247.0,2023-06-28T15:30:47.000,-0.2065675687834556,-1.2747709860372325,-0.5953355396659532
741238267.0,2023-06-28T15:31:07.000,-1.4389326599917318,-1.2108964403845235,0.1170779890369289
741238287.0,2023-06-28T15:31:27.000,-2.1386329281170013,0.49730358158139865,0.42279957078728003
741238307.0,2023-06-28T15:31:47.000,-1.5120078625807665,-0.9252176660146105,0.7173601636045746
741238327.0,2023-06-28T15:32:07.000,-0.6569233842235178,0.288951225513312,0.79720815036044
741238347.0,2023-06-28T15:32:27.000,-0.9942443960131442,-0.6044048078690523,1.2239600019836594
741238367.0,2023-06-28T15:32:47.000,-1.0422325167569468,0.8991424968907147,0.2640687480015558
741238387.0,2023-06-28T15:33:07.000,-1.2182496111234897,-0.29235460276000325,0.5278712897793802
741238407.0,2023-06-28T15:33:27.000,-0.44514987029842246,-0.7832113896100168,1.0307588953373248
741238427.0,2023-06-28T15:33:47.000,-0.9846891480203013,-0.17525176067012538,-0.7388013551601347
741238447.0,2023-06-28T15:34:07.000,-1.2184202261789068,-0.318548874012059,-0.3358217974369637
741238467.0,2023-06-28T15:34:27.000,-1.5963417560160842,0.13619641334727817,-1.2092246034156595
741238487.0,2023-06-28T15:34:47.000,-1.203475692235223,-0.8221679718700692,0.5166552669688684
741238507.0,2023-06-28T15:35:07.000,-1.6461906264142456,-0.06335997123629866,0.48857200365404196
741238527.0,2023-06-28T15:35:27.000,-1.5094699025053337,-1.0545221042712605,1.9736865825348282
741238547.0,2023-06-28T15:35:47.000,-1.2917824772196163,-0.1755015545557015,-0.13831743170822364
741238567.0,2023-06-28T15:36:07.000,-0.7372994822008039,-0.6673373539101135,0.15542531651702163
741238587.0,2023-06-28T15:36:27.000,-1.3779702226601742,1.3948573175492918,-0.8009130805564091
741238607.0,2023-06-28T15:36:47.000,-2.6709028131843837,-0.07029191955165714,0.3033569869970165
741238627.0,2023-06-28T15:37:07.000,-1.1191948035338406,1.3411586272882303,0.7988118239543596
741238647.0,2023-06-28T15:37:27.000,-2.094519747541934,0.6486794621118896,1.33198139314894
741238667.0,2023-06-28T15:37:47.000,-1.6821797076294054,0.0067469551279231155,1.2013350706552295
741238687.0,2023-06-28T15:38:07.000,-0.06453143119866667,-0.7099531371124179,1.0254388292163519
741238707.0,2023-06-28T15:38:27.000,-1.001336893935445,0.3968786885799602,0.5452634772029619
741238727.0,2023-06-28T15:38:47.000,-0.9238644956388598,0.6122852420076264,-0.5936013341201196
741238747.0,2023-06-28T15:39:07.000,-1.617176718637925,-0.7303211313369751,0.7856288335883477
741238767.0,2023-06-28T15:39:27.000,-1.5793694687071813,0.9674649878887998,0.9908858821794375
741238787.0,2023-06-28T15:39:47.000,-0.11137458918453191,0.12237119124680618,-0.5494909102399248
741238807.0,2023-06-28T15:40:07.000,-1.1047233135275114,0.5016915884392681,0.041004276707390375
741238827.0,2023-06-28T15:40:27.000,-0.31747741116028294,0.5663649344844757,0.32554459554745563
741238847.0,2023-06-28T15:40:47.000,-0.6579077165391745,1.0987033766451937,1.063216035013248
741238867.0,2023-06-28T15:41:07.000,-2.2339023801443147,-0.2769404574665124,1.596777618295686
741238887.0,2023-06-28T15:41:27.000,-0.6033191860765896,0.2685951130843023,0.38190055567932646
741238907.0,2023-06-28T15:41:47.000,-1.1329531622528144,-0.05426213665060686,0.19807021676143677
741238927.0,2023-06-28T15:42:07.000,-1.4394908151804664,0.8484681505049885,-0.10855680184773675
741238947.0,2023-06-28T15:42:27.000,-1.538724998217944,0.594597966496746,0.7639952458671218
741238967.0,2023-06-28T15:42:47.000,-0.9471147912276656,-0.6052394529554306,0.7954311816549264
741238987.0,2023-06-28T15:43:07.000,-0.6900968040679523,0.10593065045139127,0.6276764863200057
741239007.0,2023-06-28T15:43:27.000,-0.9079707924186664,0.2311225666185024,0.07471367967637477
741239027.0,2023-06-28T15:43:47.000,-1.8350068014094667,0.31526235971801597,0.6741698648671246
741239047.0,2023-06-28T15:44:07.000,-0.41996974434743706,-0.3253854390927735,0.43593642605754823
741239067.0,2023-06-28T15:44:27.000,-1.237114809427009,0.12070135447794783,0.5061803075356863
741239087.0,2023-06-28T15:44:47.000,-0.6118094424745202,-0.09733019420421485,-1.8549537416423512
741239107.0,2023-06-28T15:45:07.000,-2.310818810202786,-0.673595564626428,-0.1312583350010499
741239127.0,2023-06-28T15:45:27.000,-1.556962953197516,-0.56613981126441,-0.13724860691288754
741239147.0,2023-06-28T15:45:47.000,-1.0092154243301898,0.31160778004579726,0.07313163851163651
741239167.0,2023-06-28T15:46:07.000,-1.2847895614398475,0.37799388499237807,1.595692248035352
741239187.0,2023-06-28T15:46:27.000,-0.17268222798350052,0.03097767016235764,1.5112482462442678
741239207.0,2023-06-28T15:46:47.000,-0.8991540818570343,1.0952981399192652,-1.3248871664428563
741239227.0,2023-06-28T15:47:07.000,-0.3481046661590881,-0.5301323816930825,0.15324269766470167
741239247.0,2023-06-28T15:47:27.000,-1.7082173843108173,-1.2970565130610012,-0.2736286556670464
741239267.0,2023-06-28T15:47:47.000,-2.0955655523846595,0.6821315228999758,-1.4944542728323462
741239287.0,2023-06-28T15:48:07.000,-2.4606467292076495,0.36227531218235853,-0.07366009295850517
741239307.0,2023-06-28T15:48:27.000,-1.154325753083274,0.8787451168723592,0.9687422379944799
741239327.0,2023-06-28T15:48:47.000,-0.8061449410678989,0.16875607987687502,0.2743974343744071
741239347.0,2023-06-28T15:49:07.000,-1.2772681770911731,1.6506918380176927,-1.1813611658917367
741239367.0,2023-06-28T15:49:27.000,-0.4723642987425336,-0.5402396851206248,0.021983609899134393
741239387.0,2023-06-28T15:49:47.000,-1.5748807773552365,-0.7025755489387109,-0.2788993180069532
741239407.0,2023-06-28T15:50:07.000,-0.06962241023700244,1.5153816537272213,0.4552311693939437
741239427.0,2023-06-28T15:50:27.000,-2.6644983963874935,0.9013235855670487,0.7597807209380747
741239447.0,2023-06-28T15:50:47.000,-1.095796229755308,-0.2874086414528243,0.20848077504354023
741239467.0,2023-06-28T15:51:07.000,-1.5834595397890006,-0.4046587222972242,0.00845249367165124
741239487.0,2023-06-28T15:51:27.000,-1.5029793346221787,-1.438187441338279,0.686507876146436
741239507.0,2023-06-28T15:51:47.000,-2.824190391481629,-0.3189116869584119,0.10461399350125689
741239527.0,2023-06-28T15:52:07.000,-1.8334568531730433,1.0124511493514454,-0.7683724425389116
741239547.0,2023-06-28T15:52:27.000,-1.5283393932419287,1.5943014746722106,0.7136779515359848
741239567.0,2023-06-28T15:52:47.000,-2.3981199357647753,-0.399330351219529,0.787520486356108
741239587.0,2023-06-28T15:53:07.000,-2.247577918845778,1.0346053695098334,-0.43298703532590466
741239607.0,2023-06-28T15:53:27.000,-1.6958802793065608,0.26565809508882765,-0.8106138162711218
741239627.0,2023-06-28T15:53:47.000,-1.5846968751231927,0.6983661050119494,0.07321961696948875
741239647.0,2023-06-28T15:54:07.000,-0.5641799392330782,0.195074242859139,-0.3286915580047456
741239667.0,2023-06-28T15:54:27.000,0.0162243472323631,0.1795911021229557,-0.44076912080193154
741239687.0,2023-06-28T15:54:47.000,-0.33178401552813597,-0.16263660628235144,-0.27844028755996675
741239707.0,2023-06-28T15:55:07.000,-1.21121689634629,1.4361116602912283,-0.7576926110530735
741239727.0,2023-06-28T15:55:27.000,-1.10418541450219,0.2939279881819523,-0.12083328910783564
741239747.0,2023-06-28T15:55:47.000,-1.4170618406694757,0.8403551844726742,-0.5129530557645978
741239767.0,2023-06-28T15:56:07.000,-1.4713858516590683,-0.36007859970377254,0.5622330294330347
741239787.0,2023-06-28T15:56:27.000,0.19133307681551415,0.4759243753427178,-0.7536128102225703
741239807.0,2023-06-28T15:56:47.000,-1.389992205769186,-0.11835321119813003,-0.7679369376401013
741239827.0,2023-06-28T15:57:07.000,-1.795731101417175,1.276789192505845,-0.1304808178503869
741239847.0,2023-06-28T15:57:27.000,-2.2226916139955755,1.039835525185051,-0.9162884786251269
741239867.0,2023-06-28T15:57:47.000,-1.4161280186164582,0.983820454336648,-0.7040051761553201
741239887.0,2023-06-28T15:58:07.000,-1.7871061071317307,0.23434222422569206,1.7193386906866337
741239907.0,2023-06-28T15:58:27.000,-2.8551673637022823,0.7190520331490369,-0.4545096035535323
741239927.0,2023-06-28T15:58:47.000,-0.6418283415410286,0.5418200009321694,0.1498758510631859
741239947.0,2023-06-28T15:59:07.000,-0.8642241522749394,-0.343148119485992,0.04932814506863892
741239967.0,2023-06-28T15:59:27.000,-0.18926088183324197,-1.153565188072303,-0.4142285614183727
741239987.0,2023-06-28T15:59:47.000,-1.8885141103264225,0.11168122503457667,-0.5403909267398532
741240007.0,2023-06-28T16:00:07.000,-0.713190064305369,0.6636483849131736,0.017292062148843712
741240027.0,2023-06-28T16:00:27.000,-0.5319810393866753,0.6053836341890495,0.7086104400255699
741240047.0,2023-06-28T16:00:47.000,-0.6228821032294718,0.8193159596103783,0.16298439527995257
741240067.0,2023-06-28T16:01:07.000,-0.24099837855340311,2.024050913274067,1.180629715058501
741240087.0,2023-06-28T16:01:27.000,-0.9225380257049665,0.9816458056755017,0.02868280346568497
741240107.0,2023-06-28T16:01:47.000,-0.4876905241313345,0.48330501137838766,-0.3463876356746276
741240127.0,2023-06-28T16:02:07.000,-1.7103183775568631,1.3138404661217074,0.7250158507554616
741240147.0,2023-06-28T16:02:27.000,-0.28281995059220577,-0.6560629836060983,-0.45917658765270986
741240167.0,2023-06-28T16:02:47.000,-1.6367409085393803,0.08948336361891407,1.08406490491042
741240187.0,2023-06-28T16:03:07.000,-0.6756079543812632,0.7920848816844739,-1.047467842729688
741240207.0,2023-06-28T16:03:27.000,-0.8782264494633374,-0.22375727081191954,1.2085532711259006
741240227.0,2023-06-28T16:03:47.000,-2.064792781519831,0.2540068070544521,-1.0289901692051018
741240247.0,2023-06-28T16:04:07.000,-2.4066958090096513,0.6161369747403889,-0.038636271115777276
741240267.0,2023-06-28T16:04:27.000,-0.33776207774005584,-0.2252157913495978,-1.3381138535550896
741240287.0,2023-06-28T16:04:47.000,-0.40425456026005335,-0.16453829825291422,-1.2493155038151293
741240307.0,2023-06-28T16:05:07.000,-1.053608549506091,1.0334687783219998,1.0710958697979223
741240327.0,2023-06-28T16:05:27.000,-0.5417529548301658,0.7125863518586684,-1.1663513662552027
741240347.0,2023-06-28T16:05:47.000,-1.0234913827789072,1.3255407788070883,0.7885093966097934
741240367.0,2023-06-28T16:06:07.000,-0.8253295727178589,0.7866348506579968,-0.9037138279044399
741240387.0,2023-06-28T16:06:27.000,-0.5509023584648887,-0.5007959370195714,0.65708165981615
741240407.0,2023-06-28T16:06:47.000,-1.675552788815704,-0.1884796963169677,-2.6543146352864255
741240427.0,2023-06-28T16:07:07.000,-2.661228858080733,0.9482539092942055,0.8514276713333935
741240447.0,2023-06-28T16:07:27.000,-2.256316561255467,-0.04161050231044072,0.0994281230015659
741240467.0,2023-06-28T16:07:47.000,-1.354508506623553,-0.36501486686546514,-1.4387322366138378
741240487.0,2023-06-28T16:08:07.000,0.2456070267831123,0.28683343190616384,-1.0461083619683897
741240507.0,2023-06-28T16:08:27.000,-0.8000833714549849,0.8722572228503367,-0.8932346284296067
741240527.0,2023-06-28T16:08:47.000,-0.5964645489853204,0.24559043129146474,-0.026692545007644952
741240547.0,2023-06-28T16:09:07.000,-2.580019947651113,0.8660844180830019,-0.46507791201522153
741240567.0,2023-06-28T16:09:27.000,-0.8317492337872601,0.5168281009160225,-0.7683586614626314
741240587.0,2023-06-28T16:09:47.000,-1.394402384158333,0.10075572732803906,-1.773308513530747
741240607.0,2023-06-28T16:10:07.000,-1.7733724462898337,0.3239011513334056,-0.39704930766548685
741240627.0,2023-06-28T16:10:27.000,-1.6616663286339595,1.4437256349753014,-0.1889473057348212
741240647.0,2023-06-28T16:10:47.000,-1.2522041376805682,1.2743416697214016,-0.5149953189231837
741240667.0,2023-06-28T16:11:07.000,-1.2753592267267244,0.7602313564003538,-0.28804371547952456
741240687.0,2023-06-28T16:11:27.000,-1.7992785310672055,-0.4064658971070223,0.15791841174728205
741240707.0,2023-06-28T16:11:47.000,0.09573494860193321,1.3796470673899108,-2.3684337946194844
741240727.0,2023-06-28T16:12:07.000,-1.3768235788136352,0.24207331029701962,-2.0331841150356134
741240747.0,2023-06-28T16:12:27.000,-1.67874839849258,0.6694617950664394,-0.4669770384047034
741240767.0,2023-06-28T16:12:47.000,-0.5086258955677714,-0.20289970860121187,-0.09916838110690662
741240787.0,2023-06-28T16:13:07.000,-0.27315435650043796,0.24136398429908112,1.0273636483204562
741240807.0,2023-06-28T16:13:27.000,-0.28192637211432725,1.1297020027112303,0.22688440309837077
741240827.0,2023-06-28T16:13:47.000,-1.5238668595984883,0.4822313086849661,-1.4653648128581942
741240847.0,2023-06-28T16:14:07.000,-0.7400930056133959,0.22049221258813034,-0.6034014455758019
741240867.0,2023-06-28T16:14:27.000,-0.91689883132684,0.8794690802949034,-1.0253798167880745
741240887.0,2023-06-28T16:14:47.000,-3.4423299774322125,1.0705908950692233,-1.3430186362350938
741240907.0,2023-06-28T16:15:07.000,-1.096792163757243,2.4475210465668695,-1.1543905885202932
741240927.0,2023-06-28T16:15:27.000,0.5146884902273996,0.25558208059939247,-1.3210598020507724
741240947.0,2023-06-28T16:15:47.000,-0.5116359782175728,0.37518419068183206,-1.916915263422414
741240967.0,2023-06-28T16:16:07.000,-1.4375672845456933,0.9958833905199249,0.22845573159901988
741240987.0,2023-06-28T16:16:27.000,-1.2760441666981315,-1.1257588591329082,0.6948200634848689
741241007.0,2023-06-28T16:16:47.000,-2.4184229562296267,0.48134002230693085,0.25387233578699764
741241027.0,2023-06-28T16:17:07.000,-2.66009007681145,0.9422261144309552,0.6167475426366309
741241047.0,2023-06-28T16:17:27.000,0.2770664201401374,1.2250534858870843,0.04453326660769363
741241067.0,2023-06-28T16:17:47.000,-2.3426494891287675,0.2554461331127911,1.0784441554112512
741241087.0,2023-06-28T16:18:07.000,-0.28222864442151163,0.7133602352160651,-0.1112257053126342
741241107.0,2023-06-28T16:18:27.000,-1.0207985557508792,1.787435769629031,0.9528359769861439
741241127.0,2023-06-28T16:18:47.000,-1.3525491804888823,1.961833016639325,-0.582773730939401
741241147.0,2023-06-28T16:19:07.000,-0.8815505879278263,1.3255009898349712,-0.3152402200279347
741241167.0,2023-06-28T16:19:27.000,-2.063576601596395,-0.1611413654512006,-0.0318250400699327
741241187.0,2023-06-28T16:19:47.000,-1.6460313497557166,1.5612337999737491,-0.7653609445212872
741241207.0,2023-06-28T16:20:07.000,-2.073718887740661,1.1520072236148593,-0.8355582000629802
741241227.0,2023-06-28T16:20:27.000,-0.25121096136615506,-1.1174380247447324,-0.2024858411608932
741241247.0,2023-06-28T16:20:47.000,-0.35210144057051806,0.6761775377950308,-2.1017487089047826
741241267.0,2023-06-28T16:21:07.000,-1.3124206553860596,0.35935825118960096,-0.5317002537252868
741241287.0,2023-06-28T16:21:27.000,-1.4383443947219021,1.3996493394952125,-0.7713374883810964
741241307.0,2023-06-28T16:21:47.000,-1.1107181990488435,1.5508384996198998,-1.2095038839476935
741241327.0,2023-06-28T16:22:07.000,-0.3755515865622172,1.064842846731917,0.0018395604373111496
741241347.0,2023-06-28T16:22:27.000,-0.8836159459457704,-0.19382070038931332,0.4179596781006545
741241367.0,2023-06-28T16:22:47.000,-1.0960652418012806,2.1317667101561355,-0.5846871688475197
741241387.0,2023-06-28T16:23:07.000,-0.561161908374519,2.384976948632822,-0.3662873309329129
741241407.0,2023-06-28T16:23:27.000,-1.7996202698378205,-0.05192073021520471,-1.2980362318004701
741241427.0,2023-06-28T16:23:47.000,-1.4742907585740817,0.8883528862857482,-0.7287448546278164
741241447.0,2023-06-28T16:24:07.000,-1.673958264936104,0.3538757671228687,-0.36478615175195017
741241467.0,2023-06-28T16:24:27.000,-1.1597904978066786,-1.2739580544818274,-1.4302957943690409
741241487.0,2023-06-28T16:24:47.000,-0.6729333786203995,0.46970515936717305,0.25293798242564947
741241507.0,2023-06-28T16:25:07.000,-0.014440706197493824,1.63985555398094,-0.6451073057411882
741241527.0,2023-06-28T16:25:27.000,-1.1335105408960544,0.435584571811809,-0.6000431950314855
741241547.0,2023-06-28T16:25:47.000,-1.5733448710197884,0.7526397961865605,-1.5128584261669964
741241567.0,2023-06-28T16:26:07.000,-0.9849354587254666,1.422107486936941,-0.8357775965306402
741241587.0,2023-06-28T16:26:27.000,-0.7193150564854811,0.9595931848793704,-1.0128229730899108
741241607.0,2023-06-28T16:26:47.000,-0.21148232951517798,0.31670263654914876,-0.10177772967745469
741241627.0,2023-06-28T16:27:07.000,-0.6129279055966386,2.1476005815701527,-0.6579070354839622
741241647.0,2023-06-28T16:27:27.000,-1.0905371384928308,1.1976374319266903,0.4301343922041845
741241667.0,2023-06-28T16:27:47.000,-1.1732842362999207,0.44029234125275707,-0.7705305590244294
741241687.0,2023-06-28T16:28:07.000,0.6289483356125558,1.6490827906889827,-0.9082323462306086
741241707.0,2023-06-28T16:28:27.000,-1.7533217620102626,2.005361706691744,0.3048572165043062
741241727.0,2023-06-28T16:28:47.000,-0.25224151347646995,1.3001659346145722,-0.3155632796736363
741241747.0,2023-06-28T16:29:07.000,0.8411557179788254,0.41291149769362434,-1.177441550626046
741241767.0,2023-06-28T16:29:27.000,-1.4709997445128131,1.639827714050579,-0.6877229905222215
741241787.0,2023-06-28T16:29:47.000,-0.7391780144305748,1.1833789735460343,-0.5908058839487751
741241807.0,2023-06-28T16:30:07.000,-1.0013101034656025,0.1942763621309851,-0.3396665973154356
741241827.0,2023-06-28T16:30:27.000,-1.0306577311602894,1.1153687868636908,-1.506912714643871
741241847.0,2023-06-28T16:30:47.000,-0.8710559504021553,0.450339697333213,0.3792348335029949
741241867.0,2023-06-28T16:31:07.000,0.1812392531053142,1.3744744676746912,-0.6365427437482474
741241887.0,2023-06-28T16:31:27.000,-1.943410117000166,0.5369176894753913,-1.9740589824457366
741241907.0,2023-06-28T16:31:47.000,-0.4454682525190101,0.13434882286667005,-1.1845817652789137
741241927.0,2023-06-28T16:32:07.000,-1.190724166433288,1.2712801338965463,-0.2761389557015548
741241947.0,2023-06-28T16:32:27.000,-2.267598861682707,1.4947422227962193,-0.7428734539516313
741241967.0,2023-06-28T16:32:47.000,-1.0108324888458142,-1.2430873693736189,0.8579375698536396
741241987.0,2023-06-28T16:33:07.000,0.48512845034487384,0.7003549332806891,-0.23990698551079603
741242007.0,2023-06-28T16:33:27.000,-0.21093492725832164,-0.7185634558370957,-0.517096918251081
741242027.0,2023-06-28T16:33:47.000,-1.2829768214817072,0.6474147928092755,-1.9770585888756464
741242047.0,2023-06-28T16:34:07.000,-1.3202253563715516,0.8252664426500189,-1.5679962536041536
741242067.0,2023-06-28T16:34:27.000,0.18025487502626447,-0.0414738946186155,0.45947875847440756
741242087.0,2023-06-28T16:34:47.000,-1.7638379164575113,0.7547222721449032,-1.471957883780739
741242107.0,2023-06-28T16:35:07.000,-0.7748008801877759,0.1881189175767517,-0.4414914276495985
741242127.0,2023-06-28T16:35:27.000,-1.4163570599023956,0.3996688317964292,-0.3899486691549825
741242147.0,2023-06-28T16:35:47.000,-1.8397852491802702,0.35225088922397063,-0.2857488167085087
741242167.0,2023-06-28T16:36:07.000,-0.9191959667087524,1.207401919112172,-1.1326783861509426
741242187.0,2023-06-28T16:36:27.000,0.5024378649132188,1.8018087630911062,-1.4266959466491258
741242207.0,2023-06-28T16:36:47.000,-1.1029149427077556,0.07960511403393156,-0.6312205916292335
741242227.0,2023-06-28T16:37:07.000,-0.10360431925704461,0.8131708986836017,-1.7473871406492592
741242247.0,2023-06-28T16:37:27.000,-0.044467489657140646,1.1344824391912312,-0.9107890393211804
741242267.0,2023-06-28T16:37:47.000,-2.0292554494094617,1.2858270637239322,-1.162578818314497
741242287.0,2023-06-28T16:38:07.000,-1.2850453559920538,0.9264237872841363,-0.7608445993234625
741242307.0,2023-06-28T16:38:27.000,-1.231317508587626,1.722735708820089,-1.8007800718922162
741242327.0,2023-06-28T16:38:47.000,-2.0862918700292887,-0.0697150808082192,-0.8326850304607447
741242347.0,2023-06-28T16:39:07.000,-0.32822660785969404,0.8477756906821732,-1.6435113437851534
741242367.0,2023-06-28T16:39:27.000,-0.2595533386551274,1.0963916109663074,-0.344049029965543
741242387.0,2023-06-28T16:39:47.000,-1.0762262997787708,0.45862941724372774,-1.192364102386989
741242407.0,2023-06-28T16:40:07.000,-0.09315249485108978,0.35300444670705033,-0.3371747091862609
741242427.0,2023-06-28T16:40:27.000,-0.2679812064587672,-0.015161141941888445,-1.2106609921236355
741242447.0,2023-06-28T16:40:47.000,-1.264543727863554,1.175968033284569,-0.3577018914735497
741242467.0,2023-06-28T16:41:07.000,-0.10301365750420288,1.1732790061169673,-1.27624261302417
741242487.0,2023-06-28T16:41:27.000,-0.6503469248464455,1.4176520191089281,-0.7815710582725899
741242507.0,2023-06-28T16:41:47.000,0.10410943490635205,0.1381578822012841,-1.8058291179401387
741242527.0,2023-06-28T16:42:07.000,-1.0315193205934214,1.776088773552953,1.31100821695318
741242547.0,2023-06-28T16:42:27.000,-0.46049983849494325,2.3999371834171335,-0.9454970250732941
741242567.0,2023-06-28T16:42:47.000,-0.6132743193942858,0.1579251209471444,-1.8337474094187733
741242587.0,2023-06-28T16:43:07.000,-0.989253848038274,1.3139493032277016,0.6903516624356953
741242607.0,2023-06-28T16:43:27.000,0.23956628051324813,0.645673986143791,-0.033828695977788925
741242627.0,2023-06-28T16:43:47.000,-0.7032526688655061,1.2008622876424901,-0.2722374475183642
741242647.0,2023-06-28T16:44:07.000,0.43936302116520665,0.14245709545335217,-1.8383089198548141
741242667.0,2023-06-28T16:44:27.000,-1.8926195765933684,0.7721294771889653,-1.7676670302835262
741242687.0,2023-06-28T16:44:47.000,-1.8229263814451002,-0.33108879914367506,1.422244673632278
741242707.0,2023-06-28T16:45:07.000,-1.1800943349848936,-0.23953922605457478,-1.0252409860744827
741242727.0,2023-06-28T16:45:27.000,0.22541766150352416,0.8868600881339894,-0.48308704083677156
741242747.0,2023-06-28T16:45:47.000,-0.8570741629743139,0.8587443266816486,-1.3087210441353747
741242767.0,2023-06-28T16:46:07.000,-0.5072165495612069,0.054419724260235114,-1.540888755457992
741242787.0,2023-06-28T16:46:27.000,-1.0993994867480872,1.8591287475167029,-1.4653667458786046
741242807.0,2023-06-28T16:46:47.000,-0.9328081548853895,1.388442263527967,-0.5728326658016591
741242827.0,2023-06-28T16:47:07.000,-0.22723800507939984,0.6867437483681904,-0.03110132764660989
741242847.0,2023-06-28T16:47:27.000,-0.1864059341216695,0.03563147457086302,-2.1988152056451327
741242867.0,2023-06-28T16:47:47.000,-0.7528481598795267,0.4726378052932745,-1.8042004353846508
741242887.0,2023-06-28T16:48:07.000,-1.0062826102053002,1.1619042585730988,0.7150101147157528
741242907.0,2023-06-28T16:48:27.000,-0.09863549783606373,0.6505821078861551,0.04328424878519144
741242927.0,2023-06-28T16:48:47.000,-0.6807068131831073,0.9594583888383745,0.004922038243648785
741242947.0,2023-06-28T16:49:07.000,-2.1845479514337462,-0.27468947816355893,-0.35190703587817396
741242967.0,2023-06-28T16:49:27.000,0.03773682583085858,1.1660418554382268,-1.8074603497231223
741242987.0,2023-06-28T16:49:47.000,-0.19772265721362814,0.22701682017567393,-0.8818437908897359
741243007.0,2023-06-28T16:50:07.000,-1.3348251900136,0.7444051544847063,-1.3071345346116203
741243027.0,2023-06-28T16:50:27.000,-1.5787983132509176,0.6947904548360029,-0.3696043384349146
741243047.0,2023-06-28T16:50:47.000,0.27881684954156327,0.11838935681796059,-1.0889487359833083
741243067.0,2023-06-28T16:51:07.000,-0.5461298738573817,1.5480165404535562,-1.3763990703852258
741243087.0,2023-06-28T16:51:27.000,-0.3220626001554372,0.7207068300485453,-1.213679449107996
741243107.0,2023-06-28T16:51:47.000,-0.059484171588408685,0.9634131902913623,-1.4306538394626145
741243127.0,2023-06-28T16:52:07.000,0.6889075762850361,-0.5038864047679503,-0.9690864108846675
741243147.0,2023-06-28T16:52:27.000,0.032081917089588075,0.6371782970915341,-0.903853748279726
741243167.0,2023-06-28T16:52:47.000,-0.39695351482516017,1.438594923353076,-0.7716085881570578
741243187.0,2023-06-28T16:53:07.000,-1.6133026703224473,0.30701743147787397,-1.538230994646561
741243207.0,2023-06-28T16:53:27.000,-1.1582991286118727,1.7105534856898252,-2.1037023502201713
741243227.0,2023-06-28T16:53:47.000,-1.5069908319231828,-1.3163014254913286,-0.7057218302408685
741243247.0,2023-06-28T16:54:07.000,-0.1833709924570215,1.5680565490727716,-1.4333964330148774
741243267.0,2023-06-28T16:54:27.000,0.8629631146006567,-0.5108486070493079,0.28740218694922604
741243287.0,2023-06-28T16:54:47.000,-0.41100332157650854,1.2348823958063804,-1.524953745979385
741243307.0,2023-06-28T16:55:07.000,-0.31197122801751576,0.305107918097125,-0.5848957428056245
741243327.0,2023-06-28T16:55:27.000,-0.22835532508258538,1.1935580580546556,-0.7559906687326645
741243347.0,2023-06-28T16:55:47.000,0.4047876773771719,0.49617764530385244,-2.232157291037762
741243367.0,2023-06-28T16:56:07.000,0.4266515220785472,-0.7199920087797018,-1.5633508136048135
741243387.0,2023-06-28T16:56:27.000,-0.9693459151360884,1.2921537326460175,-1.2819522505536085
741243407.0,2023-06-28T16:56:47.000,-1.6860859608169854,0.4241359653156529,-0.5539363821638332
741243427.0,2023-06-28T16:57:07.000,-0.8948079271875464,1.885731343476138,-0.2152245206388237
741243447.0,2023-06-28T16:57:27.000,-1.5558425935258136,3.3610161634500813,-0.0027969099702929157
741243467.0,2023-06-28T16:57:47.000,0.4315834649326611,0.828995291513035,-0.9784327710371521
741243487.0,2023-06-28T16:58:07.000,-0.9074340711512363,1.237447737578723,-1.1818371370209135
741243507.0,2023-06-28T16:58:27.000,0.08808675249216691,-0.5963903317196539,-1.1030122643584939
741243527.0,2023-06-28T16:58:47.000,0.26536615082006776,1.6685828706730632,-1.2581032867831077
741243547.0,2023-06-28T16:59:07.000,0.19230773730116724,1.2517447186777275,-0.8682241732560492
741243567.0,2023-06-28T16:59:27.000,-0.37691390332161845,1.1785792365714975,-1.149448704551581
741243587.0,2023-06-28T16:59:47.000,0.49030927121718193,1.8958253691914173,-1.3322065814502793
741243607.0,2023-06-28T17:00:07.000,-0.5267748409476525,-0.021414121142981912,-1.8079343043986285
741243627.0,2023-06-28T17:00:27.000,-0.6316372884396237,0.8035938865336156,-1.5117232390227109
741243647.0,2023-06-28T17:00:47.000,-0.0674615485141139,1.5716236553497964,-0.8069973450153256
741243667.0,2023-06-28T17:01:07.000,-0.48658290063841036,1.8074346251339968,-0.5480999282436727
741243687.0,2023-06-28T17:01:27.000,-0.535179464844493,1.4934964676305285,-1.4116551216303286
741243707.0,2023-06-28T17:01:47.000,-1.6025911057537812,0.703968227711016,-0.8527763758481299
741243727.0,2023-06-28T17:02:07.000,-1.6623889130262803,1.4955988962617184,-0.9262823042921475
741243747.0,2023-06-28T17:02:27.000,0.5805354716281741,0.3651588923236915,-1.2124119299183889
741243767.0,2023-06-28T17:02:47.000,0.13544967594203428,0.45720706643992415,-0.46076747467482804
741243787.0,2023-06-28T17:03:07.000,-1.3061957232829435,0.36277225916592215,-1.6121106056421475
741243807.0,2023-06-28T17:03:27.000,-0.3143646801873068,1.1697651631670247,-0.6601775383363595
741243827.0,2023-06-28T17:03:47.000,-0.9380537308922854,0.4217333825162761,-2.9332634219225717
741243847.0,2023-06-28T17:04:07.000,-0.2717070241797792,2.0512820118501196,-1.2180902448699626
741243867.0,2023-06-28T17:04:27.000,0.054236760782533366,-0.13098741418193782,-2.615740989708737
741243887.0,2023-06-28T17:04:47.000,-0.5599645480636184,0.8509339380458059,-0.8269992194054332
741243907.0,2023-06-28T17:05:07.000,-0.6886656561344573,-0.6933343463688679,-2.116869204160654
741243927.0,2023-06-28T17:05:27.000,-1.1939952736850223,1.2001882672696418,-1.7627905591233173
741243947.0,2023-06-28T17:05:47.000,-2.542682463579915,1.7478620428001967,-0.4205467558193732
741243967.0,2023-06-28T17:06:07.000,-0.7437737565174629,0.3171089540288108,-1.2545290520749042
741243987.0,2023-06-28T17:06:27.000,-0.8595332408489753,0.9970017408655885,-1.2667513065833802
741244007.0,2023-06-28T17:06:47.000,-0.5427534271684742,0.4928946706783677,-1.1575813182673755
741244027.0,2023-06-28T17:07:07.000,-0.22832403394623668,0.9295890679550389,-2.362810672618121
741244047.0,2023-06-28T17:07:27.000,-0.6035716090257992,1.7933069852427153,-0.9241899196932302
741244067.0,2023-06-28T17:07:47.000,-0.4754742719215166,1.2481755027216046,-1.3161365507108336
741244087.0,2023-06-28T17:08:07.000,0.10483381869264008,0.9668758931158372,-0.9604294711529349
741244107.0,2023-06-28T17:08:27.000,-1.0035140156516853,0.41085878745850124,-1.1773011144966539
741244127.0,2023-06-28T17:08:47.000,-0.7971343707446898,-0.30111832980406206,-0.9828359185837243
741244147.0,2023-06-28T17:09:07.000,-0.5707830972867534,0.45503839293248305,-1.7928283708612547
741244167.0,2023-06-28T17:09:27.000,-1.3373613858336242,0.8443695540760743,-2.032765564674577
741244187.0,2023-06-28T17:09:47.000,0.6566154598042218,1.0417154878372692,-1.9886085806053444
741244207.0,2023-06-28T17:10:07.000,0.3451855013825167,0.4522716075983091,-1.33596994440488
741244227.0,2023-06-28T17:10:27.000,0.8239842084312166,0.46263836558368965,-0.6506738509326482
741244247.0,2023-06-28T17:10:47.000,0.23522176016976815,-0.9310063039835725,-1.3885443638228523
741244267.0,2023-06-28T17:11:07.000,-0.726230262093619,0.47163125208582457,-1.5652793657561226
741244287.0,2023-06-28T17:11:27.000,-1.1012869342796883,0.8914383912705937,-1.5811282470301613
741244307.0,2023-06-28T17:11:47.000,-0.6277466305770751,0.8740922785910321,-1.9565702154444864
741244327.0,2023-06-28T17:12:07.000,-0.19326449910428423,0.7429277918857835,-1.3389798471985515
741244347.0,2023-06-28T17:12:27.000,-1.2519310858993826,1.9855071708430039,-0.5715377781045916
741244367.0,2023-06-28T17:12:47.000,-0.3954446710086046,1.5108134436170317,-2.176710168810825
741244387.0,2023-06-28T17:13:07.000,-0.7154584237056838,0.8287429427711324,-1.0692233448961197
741244407.0,2023-06-28T17:13:27.000,0.2045277605278173,0.38154068604523417,-1.9609567716627474
741244427.0,2023-06-28T17:13:47.000,-1.1936217681252081,1.163390223590799,-0.00515040436965819
741244447.0,2023-06-28T17:14:07.000,-0.30196617000211035,1.3573724029103396,-1.4000543419268041
741244467.0,2023-06-28T17:14:27.000,-0.45356402457175093,1.1330398832498645,-2.198580450596399
741244487.0,2023-06-28T17:14:47.000,-0.7906574842841962,-0.6519775287316953,-2.524371005563353
741244507.0,2023-06-28T17:15:07.000,0.30377333065656487,1.122242152140629,-0.9050095750473552
741244527.0,2023-06-28T17:15:27.000,-0.07902725620567708,0.672513343213943,-0.6277417755273795
741244547.0,2023-06-28T17:15:47.000,0.482453059436061,0.661134587742751,-0.24315363132965118
741244567.0,2023-06-28T17:16:07.000,0.2945924475028505,1.0168860597570273,-1.452307040361589
741244587.0,2023-06-28T17:16:27.000,0.7722438932988851,0.19208616507393472,-0.9132889893348484
741244607.0,2023-06-28T17:16:47.000,-0.7321361612300237,-1.2859191769742928,-2.1873678053507817
741244627.0,2023-06-28T17:17:07.000,0.8981242760830455,-0.9131333764456073,-0.22669433566990804
741244647.0,2023-06-28T17:17:27.000,-0.053138772748706486,2.228878344190388,-0.562183837449215
741244667.0,2023-06-28T17:17:47.000,-0.603411863042691,2.3317282347279367,-3.2503977176467913
741244687.0,2023-06-28T17:18:07.000,-0.15667278927544714,-0.41744083446593194,-0.9755473636241518
741244707.0,2023-06-28T17:18:27.000,-0.6212757800216906,-0.1771700320452041,-2.441783007656184
741244727.0,2023-06-28T17:18:47.000,-1.943427507156148,0.5050020347896478,-2.0391366945649025
741244747.0,2023-06-28T17:19:07.000,0.022486414963385215,1.6292238000370496,-2.303819967763854
741244767.0,2023-06-28T17:19:27.000,-0.2947075312120795,0.7227717157443081,-1.3758406817832025
741244787.0,2023-06-28T17:19:47.000,-0.02286265370354812,1.4232694564575432,-1.4055207392615898
741244807.0,2023-06-28T17:20:07.000,-0.10220874876454289,-0.9809253336268142,-0.7917089156928014
741244827.0,2023-06-28T17:20:27.000,-0.868051072655529,0.6993758275508632,-0.6116688270552118
741244847.0,2023-06-28T17:20:47.000,0.05684229257285622,0.20370936844038567,-0.2913282291072683
741244867.0,2023-06-28T17:21:07.000,-0.6595475318560418,0.5624745748833426,-1.248282466093098
741244887.0,2023-06-28T17:21:27.000,0.7254946468249202,0.22901113642115334,-1.9217132887994204
741244907.0,2023-06-28T17:21:47.000,-0.5431243654152595,0.927657935900772,-0.011702918967237963
741244927.0,2023-06-28T17:22:07.000,0.8733683971695605,0.8664709443273466,-0.5621843742198429
741244947.0,2023-06-28T17:22:27.000,0.6855201998057225,1.3899117777715908,-1.6803258690800682
741244967.0,2023-06-28T17:22:47.000,0.5204449155638002,1.7810580341559579,-0.7231465289914141
741244987.0,2023-06-28T17:23:07.000,-0.5358455064330414,1.202574614722618,-1.9792407012997337
741245007.0,2023-06-28T17:23:27.000,0.18854652605870825,0.6574716427620864,-1.28403433742319
741245027.0,2023-06-28T17:23:47.000,-0.40561370775460404,0.7506974681548151,-1.2335260820450777
741245047.0,2023-06-28T17:24:07.000,-1.144564290178618,2.0098114815403356,-0.2900837465569239
741245067.0,2023-06-28T17:24:27.000,0.34799211455771584,1.3242502713062265,-2.2297004642624074
741245087.0,2023-06-28T17:24:47.000,0.5728974301288936,0.04374357999159528,-1.5409166680635522
741245107.0,2023-06-28T17:25:07.000,1.1372100666484641,-0.6107465609250795,-1.6167848444381683
741245127.0,2023-06-28T17:25:27.000,-0.3089252650689822,0.06655448419046195,-0.40043252813593
741245147.0,2023-06-28T17:25:47.000,0.6090326075458563,-0.5083437426001147,-0.42976686169815537
741245167.0,2023-06-28T17:26:07.000,-0.6664713720572202,0.02031248382827755,-0.15315719166242303
741245187.0,2023-06-28T17:26:27.000,-0.4709370651778677,0.3989256261327512,-0.3581709690170243
741245207.0,2023-06-28T17:26:47.000,-1.4191244538164227,-0.4473617204348024,-1.1881296431037747
741245227.0,2023-06-28T17:27:07.000,0.26628855207544433,-0.9671974055658339,-1.789782086236702
741245247.0,2023-06-28T17:27:27.000,1.3908376672699951,0.9088042757010584,-1.4230150452321233
741245267.0,2023-06-28T17:27:47.000,0.707871798577564,-0.6979572002019374,-1.8888601885591605
741245287.0,2023-06-28T17:28:07.000,1.128963551610962,0.974687164645438,-1.9316865908169945
741245307.0,2023-06-28T17:28:27.000,1.7427346337028915,0.780276426504134,-2.9833176842908316
741245327.0,2023-06-28T17:28:47.000,0.10804162667854555,-0.7457251464004777,0.012564313689455986
741245347.0,2023-06-28T17:29:07.000,1.6885861535698155,0.4756823305251956,-0.07562027297680629
741245367.0,2023-06-28T17:29:27.000,1.16584809259912,0.17632358303432127,-1.933503562190353
741245387.0,2023-06-28T17:29:47.000,0.12695391777839404,0.999286375980013,-0.9292818275552506
741245407.0,2023-06-28T17:30:07.000,0.7775344136540241,-0.4134772862096625,-0.7857166207325683
741245427.0,2023-06-28T17:30:27.000,0.17166758461417686,0.0683130209733207,-0.137649851250643
741245447.0,2023-06-28T17:30:47.000,0.38334062754108444,0.33997674036001513,-1.887797716781936
741245467.0,2023-06-28T17:31:07.000,0.7728622763436555,0.5033411094590434,-2.1911951219477643
741245487.0,2023-06-28T17:31:27.000,-0.12129308910591163,1.2088911258367752,-1.4434761669956941
741245507.0,2023-06-28T17:31:47.000,0.7252872527896415,0.21325411416750484,-1.7680239364881167
741245527.0,2023-06-28T17:32:07.000,-0.14293057101211204,0.05865582093367294,-1.8073231927040467
741245547.0,2023-06-28T17:32:27.000,0.42807182658588516,0.23006317168006163,-2.3197127249074967
741245567.0,2023-06-28T17:32:47.000,-0.35198092324106867,1.4182000610540868,-1.364363722433648
741245587.0,2023-06-28T17:33:07.000,0.09256313135974636,0.5071062768702284,-1.6435230273725843
741245607.0,2023-06-28T17:33:27.000,1.098232071283789,-0.11293597840245084,-1.4714851720776245
741245627.0,2023-06-28T17:33:47.000,0.6272116984451515,-0.5048939638374605,-1.0344110122795236
741245647.0,2023-06-28T17:34:07.000,0.125307558296317,0.39122379515976746,-1.1543201402730574
741245667.0,2023-06-28T17:34:27.000,0.3445813506197659,0.35464640357751875,-2.7841867403233245
741245687.0,2023-06-28T17:34:47.000,0.21001494723282832,-0.20035639793913873,-0.3246737672379929
741245707.0,2023-06-28T17:35:07.000,2.7688089701327634,-0.6309578339469546,-1.5747256738252169
741245727.0,2023-06-28T17:35:27.000,0.9608197715782474,0.09360822237347577,-2.0773675087459864
741245747.0,2023-06-28T17:35:47.000,0.705390539379458,0.510147897758717,-2.0232164528066754
741245767.0,2023-06-28T17:36:07.000,0.015161908095695509,0.19098489999480606,-1.8292129634667198
741245787.0,2023-06-28T17:36:27.000,-0.671798836793247,-1.7503309539423917,-2.2047243769307556
741245807.0,2023-06-28T17:36:47.000,0.6462615902091962,0.31750617838222084,-1.3840114605701004
741245827.0,2023-06-28T17:37:07.000,1.1549722018777686,-1.0505653871173415,-0.525546682672573
741245847.0,2023-06-28T17:37:27.000,0.5117876905269547,1.4787346412359348,-0.536574968423853
741245867.0,2023-06-28T17:37:47.000,0.8072603376763077,-0.8888620611546827,-2.509675360129471
741245887.0,2023-06-28T17:38:07.000,-0.01260376589762302,0.06349419739981599,-1.5700318121258938
741245907.0,2023-06-28T17:38:27.000,0.544216163034239,-0.9405112072480293,-1.5007497884744758
741245927.0,2023-06-28T17:38:47.000,0.633939724381527,0.14045603580203903,-1.9949138173713798
741245947.0,2023-06-28T17:39:07.000,0.23378253749539724,0.37831683735722876,0.4228496104929924
741245967.0,2023-06-28T17:39:27.000,1.1293829887626394,1.3656875161416338,0.3454652729217855
741245987.0,2023-06-28T17:39:47.000,-0.30503784957947033,0.14182905143655944,-0.9027466423061625
741246007.0,2023-06-28T17:40:07.000,-0.4569818771726908,0.14092864831782848,-1.5151904752874756
741246027.0,2023-06-28T17:40:27.000,1.8975603779947114,-0.8493632017048114,-1.5415170461441363
741246047.0,2023-06-28T17:40:47.000,0.4443000347964521,-0.1111705024370302,-1.7385167106920285
741246067.0,2023-06-28T17:41:07.000,0.6322398268254759,1.1947109721854865,-2.1319392815466465
741246087.0,2023-06-28T17:41:27.000,-1.026265473569321,-0.28621222232239063,-2.839917765717903
741246107.0,2023-06-28T17:41:47.000,0.8293836504580376,1.2773569234014737,-1.719704525915411
741246127.0,2023-06-28T17:42:07.000,0.43522416893759797,0.39062135749334814,-0.551881901178497
741246147.0,2023-06-28T17:42:27.000,0.5342119543727541,-0.4495404611226661,-0.017261520746103542
741246167.0,2023-06-28T17:42:47.000,0.07663396823787139,0.276708980495588,-1.6118291671696205
741246187.0,2023-06-28T17:43:07.000,0.14009677831161582,0.4112462603456102,-0.8383035837167263
741246207.0,2023-06-28T17:43:27.000,0.23190227874669844,-0.6432782036047691,-1.6751118310787128
741246227.0,2023-06-28T17:43:47.000,1.063041427384892,0.5634679862365211,-1.0952411899078918
741246247.0,2023-06-28T17:44:07.000,1.0381935307113288,-1.3862130908148806,-1.3938375266975278
741246267.0,2023-06-28T17:44:27.000,0.25663452939417297,-0.7546371857736212,-2.1701950883357135
741246287.0,2023-06-28T17:44:47.000,0.33589305973302785,0.4536975460656123,-0.6561171241648012
741246307.0,2023-06-28T17:45:07.000,1.2621226085585135,0.45565902317967755,-0.517396665844494
741246327.0,2023-06-28T17:45:27.000,0.6289317675323147,-1.1201992904275038,-0.695884976809058
741246347.0,2023-06-28T17:45:47.000,-0.009602639783334865,0.4877858767571297,-0.4753011956681874
741246367.0,2023-06-28T17:46:07.000,-1.0479842826205399,0.051211376406179454,0.2217623310651895
741246387.0,2023-06-28T17:46:27.000,1.0447402058799682,0.3798197753313026,-1.4754624225732371
741246407.0,2023-06-28T17:46:47.000,0.44724072348900634,0.29741477384215287,-2.502245091628996
741246427.0,2023-06-28T17:47:07.000,-0.20218813809869118,0.999198533846446,-1.6400178879938387
741246447.0,2023-06-28T17:47:27.000,0.24380268893731127,-0.5658501545990902,-1.7269020865962048
741246467.0,2023-06-28T17:47:47.000,0.15333691103514013,-0.4418180499121682,-2.8392887535089173
741246487.0,2023-06-28T17:48:07.000,1.768977846106079,1.2221858620153903,-2.3300620729194144
741246507.0,2023-06-28T17:48:27.000,-0.37182005697689036,0.9366888381934224,-1.907408480328332
741246527.0,2023-06-28T17:48:47.000,0.03503686231143277,0.07353141668886565,-0.855443380864962
741246547.0,2023-06-28T17:49:07.000,-0.04270432664155166,0.8465669593671343,0.013520304908976044
741246567.0,2023-06-28T17:49:27.000,0.9694547527083763,-0.13920940773459733,-1.5546109354835913
741246587.0,2023-06-28T17:49:47.000,0.1567059049523145,-0.6317625889096234,-1.3514404646031153
741246607.0,2023-06-28T17:50:07.000,1.495267666551392,-2.30121865942845,-1.6138712496061025
741246627.0,2023-06-28T17:50:27.000,-0.024318997049466162,0.1799182467343563,-2.2220371223014013
741246647.0,2023-06-28T17:50:47.000,0.935443806282521,0.4930643942469004,0.5206653366451874
741246667.0,2023-06-28T17:51:07.000,-0.4522468067036378,-1.022236806669241,-2.5613392933943047
741246687.0,2023-06-28T17:51:27.000,1.0732002447388922,-0.6351268222681838,-0.4391485472599044
741246707.0,2023-06-28T17:51:47.000,1.308621079731953,0.35928557106101877,-0.710023103278612
741246727.0,2023-06-28T17:52:07.000,0.5291530998041694,0.2961695661718444,-1.0522962153980409
741246747.0,2023-06-28T17:52:27.000,-0.48069294128483264,0.37153246116305993,-0.2585931050957946
741246767.0,2023-06-28T17:52:47.000,-0.24385009641525457,1.171498879903865,-2.214220381713261
741246787.0,2023-06-28T17:53:07.000,0.8633774684185802,-0.07832475225066915,-1.8941529581817385
741246807.0,2023-06-28T17:53:27.000,1.111110336804444,0.5758951136969337,-1.2134674385322342
741246827.0,2023-06-28T17:53:47.000,0.9403115743045198,-0.1981772228321077,-2.7602261443826492
741246847.0,2023-06-28T17:54:07.000,0.5941622208571751,-0.43763028194643283,-1.4678653117994322
741246867.0,2023-06-28T17:54:27.000,0.38666209517534966,-0.26633554954802463,-0.9714298833674029
741246887.0,2023-06-28T17:54:47.000,0.4054773075634621,1.7730703467444542,-1.7701013963256074
741246907.0,2023-06-28T17:55:07.000,0.618159927912032,-0.7288863828169845,-2.301694165063317
741246927.0,2023-06-28T17:55:27.000,0.997080770048786,0.21634150867422264,-1.5158979335461176
741246947.0,2023-06-28T17:55:47.000,-0.3073290516741878,-1.7287472480198574,-1.4375618352713282
741246967.0,2023-06-28T17:56:07.000,2.0112195839083746,0.6018044847788673,-1.4855683392434038
741246987.0,2023-06-28T17:56:27.000,0.8062220946847276,-0.24226479748978846,-3.0370967567194818
741247007.0,2023-06-28T17:56:47.000,0.5474249330839065,-0.7492470209258251,-0.7140567313435042
741247027.0,2023-06-28T17:57:07.000,2.0536104256785315,0.002555346334531805,-2.432826674514388
741247047.0,2023-06-28T17:57:27.000,0.47194729524413503,-0.07299740858446313,-1.3820020492327778
741247067.0,2023-06-28T17:57:47.000,1.7935170605332118,-1.0315200851485073,-0.6537864461142462
741247087.0,2023-06-28T17:58:07.000,0.5133721833305849,0.7691613274962705,-1.4584798418648681
741247107.0,2023-06-28T17:58:27.000,1.1222294053037096,-1.7764201603709395,-1.8634493263780527
741247127.0,2023-06-28T17:58:47.000,1.2636926399967052,-0.2729591281336319,-1.8228460920699519
741247147.0,2023-06-28T17:59:07.000,0.4887155054977832,-0.7727839948623583,-1.4471379206626445
741247167.0,2023-06-28T17:59:27.000,-0.631618393087674,-0.40825811081779406,-1.3259555031286396
741247187.0,2023-06-28T17:59:47.000,1.554906217648977,-0.061173298493422124,-0.09366740459926248
741247207.0,2023-06-28T18:00:07.000,0.834992766196585,-0.22979071305773147,-0.8781530907442381
741247227.0,2023-06-28T18:00:27.000,-0.39038122727763636,0.241809648138247,-1.202268831224096
741247247.0,2023-06-28T18:00:47.000,0.9438676418116465,0.09691948743562051,-2.3288155103662334
741247267.0,2023-06-28T18:01:07.000,-0.9930594282225869,1.0469406740543086,-1.4362220873587184
741247287.0,2023-06-28T18:01:27.000,1.1441557619673581,-0.03917883361070906,-0.9076123650642032
741247307.0,2023-06-28T18:01:47.000,1.029219625026112,0.11093621924418429,-1.3305571094912594
741247327.0,2023-06-28T18:02:07.000,1.8255249535359397,-1.3024924006677097,-1.6686184579062235
741247347.0,2023-06-28T18:02:27.000,0.38067831776844585,0.27312595541895135,-1.1352270943953968
741247367.0,2023-06-28T18:02:47.000,1.2942715567287877,-0.1521150314043318,-1.2044178686720919
741247387.0,2023-06-28T18:03:07.000,0.6395266753833617,0.4621765355761198,-0.4013801371605119
741247407.0,2023-06-28T18:03:27.000,1.4153300887942422,0.3162509300769223,0.7492577506762466
741247427.0,2023-06-28T18:03:47.000,-0.9181719832773716,-0.7795921061370947,-2.2621709179548866
741247447.0,2023-06-28T18:04:07.000,1.9914325489311935,0.61233393675586,-1.101450353124811
741247467.0,2023-06-28T18:04:27.000,0.1517548043561412,0.21193970165533926,-0.7811176049976609
741247487.0,2023-06-28T18:04:47.000,0.914638899618403,-1.9057094449159706,-1.0724750270196814
741247507.0,2023-06-28T18:05:07.000,1.7754252046198182,-0.14995633331738034,-1.0290208672159018
741247527.0,2023-06-28T18:05:27.000,0.8861017564698592,-0.6363313733270815,-0.9218052357762296
741247547.0,2023-06-28T18:05:47.000,0.38281744947354923,-0.750997492426908,-1.3046125945881393
741247567.0,2023-06-28T18:06:07.000,0.6255578462233125,0.25036022834878935,-0.5122182856864832
741247587.0,2023-06-28T18:06:27.000,-1.6215496031590781,-0.8575010515321502,-1.2827965480854964
741247607.0,2023-06-28T18:06:47.000,0.40003032240054637,-0.0007991858841371879,-1.814472384309429
741247627.0,2023-06-28T18:07:07.000,0.8388760081579072,-0.0014580191720625635,-1.058043747881321
741247647.0,2023-06-28T18:07:27.000,0.22428668748908365,0.31880698211361747,-0.6394419669430995
741247667.0,2023-06-28T18:07:47.000,1.1999636757908938,-0.2869385968828908,-0.6306170530434585
741247687.0,2023-06-28T18:08:07.000,1.063915270882454,0.8581778696670206,-1.0712426824599497
741247707.0,2023-06-28T18:08:27.000,0.3061433109352585,-1.2820651425160534,-0.6344368565502911
741247727.0,2023-06-28T18:08:47.000,0.3158712208128911,-1.1679289261379289,-1.8201893521418988
741247747.0,2023-06-28T18:09:07.000,-0.08873003778386845,-0.018997635864437257,-0.20346668110349242
741247767.0,2023-06-28T18:09:27.000,1.880841557466706,-2.5814907060994763,-0.6705202688084277
741247787.0,2023-06-28T18:09:47.000,0.8495000656250085,-1.7945167432031894,-2.0344948380657257
741247807.0,2023-06-28T18:10:07.000,0.7499221651330323,0.875706006042698,-1.0822611833383178
741247827.0,2023-06-28T18:10:27.000,0.5872934827788612,-0.7992607349960323,-1.5252928651787734
741247847.0,2023-06-28T18:10:47.000,0.8365987838487854,-0.5096697579975995,-0.2250130059944233
741247867.0,2023-06-28T18:11:07.000,0.46373731225068937,0.47078024365543314,-0.9331475988583193
741247887.0,2023-06-28T18:11:27.000,-0.18972500041014584,-0.4910578496164497,-2.1352064031532336
741247907.0,2023-06-28T18:11:47.000,2.839354504546865,0.652064154138543,-2.1806125753753847
741247927.0,2023-06-28T18:12:07.000,0.2595653993742175,-1.3231735519592114,-2.4568098469957
741247947.0,2023-06-28T18:12:27.000,1.6122530749784758,-0.1836509018526833,-1.8503084051268992
741247967.0,2023-06-28T18:12:47.000,-0.39595551234450355,1.2122997312680184,-0.3485733015229364
741247987.0,2023-06-28T18:13:07.000,0.9586854812337897,0.6562359011863528,-0.976592967194545
741248007.0,2023-06-28T18:13:27.000,-0.9833728041530598,0.9055833048443596,-2.0576268750183146
741248027.0,2023-06-28T18:13:47.000,1.6267963936278385,-0.397865330348246,-2.7914783309213043
741248047.0,2023-06-28T18:14:07.000,1.373085374367644,-0.45320352224376137,-1.565538211167894
741248067.0,2023-06-28T18:14:27.000,2.346342785697342,-0.844138167233055,-1.703374267669755
741248087.0,2023-06-28T18:14:47.000,0.243809664324246,-0.9552270983870237,-0.9420751553523843
741248107.0,2023-06-28T18:15:07.000,0.6726132842360677,0.20577351702577573,-0.9578391107600837
741248127.0,2023-06-28T18:15:27.000,0.9754906479586545,0.505796999250574,-2.1107395124397854
741248147.0,2023-06-28T18:15:47.000,1.476409509149068,-0.32253481778710125,-1.52485724064233
741248167.0,2023-06-28T18:16:07.000,1.474702265436001,-0.8871635919560639,-1.0998335774448087
741248187.0,2023-06-28T18:16:27.000,0.6171574779223477,-0.005687646886798348,-1.1484592478350208
741248207.0,2023-06-28T18:16:47.000,2.33009395035344,-0.21081524759214432,-0.8318398681539385
741248227.0,2023-06-28T18:17:07.000,0.4122728843647394,-0.9452596787973278,-1.8491550517807376
741248247.0,2023-06-28T18:17:27.000,-0.3864906296002779,-1.6742180235174153,-1.925277137249104
741248267.0,2023-06-28T18:17:47.000,0.14663087117838813,-0.6754398099495518,-1.246020544343196
741248287.0,2023-06-28T18:18:07.000,-0.5179660360954408,0.35319492310836864,-0.7874246727990197
741248307.0,2023-06-28T18:18:27.000,0.7007134944947424,-0.13082408226727793,-1.1587657956169117
741248327.0,2023-06-28T18:18:47.000,1.1094495870667131,-1.2528884523521633,-0.9363919888483174
741248347.0,2023-06-28T18:19:07.000,0.5816770343392008,0.09377923424480628,-0.6196340828434899
741248367.0,2023-06-28T18:19:27.000,2.210113659484314,-1.9800622875321139,-1.2311483772120546
741248387.0,2023-06-28T18:19:47.000,1.729139136108504,-1.0003175556216881,-1.9082345068754947
741248407.0,2023-06-28T18:20:07.000,-0.7438804648596253,-1.1274524471360792,-0.953568548256456
741248427.0,2023-06-28T18:20:27.000,-0.18921227571411237,0.8167677600257051,-3.11946008114683
741248447.0,2023-06-28T18:20:47.000,0.004632719474706448,-1.8538362538400577,-1.1299905440687041
741248467.0,2023-06-28T18:21:07.000,0.727659376587031,-0.5899478090043431,-1.726189143724799
741248487.0,2023-06-28T18:21:27.000,1.9309233296627148,0.5696522644260682,-1.80745505179436
741248507.0,2023-06-28T18:21:47.000,1.3340241870829495,-0.8361932664291416,0.1375667740388664
741248527.0,2023-06-28T18:22:07.000,1.5471294341651287,-0.46596057409198366,-0.6036200704606642
741248547.0,2023-06-28T18:22:27.000,0.8582657449740516,-1.8370211836038486,0.30759593339091396
741248567.0,2023-06-28T18:22:47.000,-0.7032031162035324,-0.9885427049938222,-1.938555951097598
741248587.0,2023-06-28T18:23:07.000,-0.038962560511279776,-1.1144298495024962,-0.41630069584908114
741248607.0,2023-06-28T18:23:27.000,0.658315532686693,-0.02225124108301557,-1.4528166675353837
741248627.0,2023-06-28T18:23:47.000,0.8730672954926355,-0.6293584041916489,-0.6666904427521381
741248647.0,2023-06-28T18:24:07.000,0.26356894486934124,-0.6807244683271207,-0.47807933875043673
741248667.0,2023-06-28T18:24:27.000,0.25103212132338015,-0.27065380273638695,-3.500397547584466
741248687.0,2023-06-28T18:24:47.000,0.31252988986762986,-1.330842244606778,-0.5941591751268405
741248707.0,2023-06-28T18:25:07.000,0.3699403236079313,0.8447084430596163,-1.9472738486348007
741248727.0,2023-06-28T18:25:27.000,1.4995823367391914,0.28693271592050706,-1.4272309627139101
741248747.0,2023-06-28T18:25:47.000,1.2557624891273989,-0.7499603723037929,-1.7117346298056724
741248767.0,2023-06-28T18:26:07.000,0.2697559163378216,-1.1687617176403542,-1.4653291679045388
741248787.0,2023-06-28T18:26:27.000,0.8853727836211078,-0.07342170977864271,-0.9971880706505232
741248807.0,2023-06-28T18:26:47.000,1.194498754142348,-1.1441540488710267,-2.0094328463504674
741248827.0,2023-06-28T18:27:07.000,0.5771950493227429,-0.22122406636571057,-0.973867535047912
741248847.0,2023-06-28T18:27:27.000,2.271113580498696,-0.8389722343848938,-1.0386521530847403
741248867.0,2023-06-28T18:27:47.000,0.8389901578476078,-1.444665544192425,-1.254265517380837
741248887.0,2023-06-28T18:28:07.000,-0.9826963641490494,0.23319528145160362,-1.443543458834462
741248907.0,2023-06-28T18:28:27.000,1.741297658963692,-0.8227361385837462,-0.8576419908257193
741248927.0,2023-06-28T18:28:47.000,0.08285337586011465,0.6472370998822363,-1.6973415134402536
741248947.0,2023-06-28T18:29:07.000,1.0397122529925973,-0.12704930261175917,-0.7119537521527164
741248967.0,2023-06-28T18:29:27.000,0.13627744559485677,0.18448312111285503,-1.8206619877725316
741248987.0,2023-06-28T18:29:47.000,2.0949272481418646,-2.3943709527074475,-1.228098946404188
741249007.0,2023-06-28T18:30:07.000,2.6004795003031766,-0.7506984319172183,-1.6869118759532675
741249027.0,2023-06-28T18:30:27.000,0.5159769487339538,-0.38154423750436095,-0.18844464072520495
741249047.0,2023-06-28T18:30:47.000,-0.2711871568972235,-2.282882497939287,-1.1943868633790267
741249067.0,2023-06-28T18:31:07.000,0.7758890839482113,0.4652806722904579,-0.31646973868149075
741249087.0,2023-06-28T18:31:27.000,1.3133863410508262,-1.6567728355232347,-1.3376362654859975
741249107.0,2023-06-28T18:31:47.000,1.937036956067839,-0.8098154159252857,-1.3980017435022418
741249127.0,2023-06-28T18:32:07.000,0.38205111977385187,-0.9164112172110883,-0.6392973247115741
741249147.0,2023-06-28T18:32:27.000,0.3837195323819209,0.3547146933846612,-1.0895322442250333
741249167.0,2023-06-28T18:32:47.000,0.7861828086541678,-0.7378338560126707,-0.46862714878637135
741249187.0,2023-06-28T18:33:07.000,-0.1815864404841605,-1.0545222540514487,-1.5344587696475287
741249207.0,2023-06-28T18:33:27.000,0.4677228446547943,-1.5049125189015022,-1.1235444085100355
741249227.0,2023-06-28T18:33:47.000,1.8294119373041262,0.11319943549192857,-0.5517703051127754
741249247.0,2023-06-28T18:34:07.000,0.9031429825334669,-2.8757227782061356,-0.9434661209617445
741249267.0,2023-06-28T18:34:27.000,1.2982891309687439,0.04768888264283788,-0.835647065777767
741249287.0,2023-06-28T18:34:47.000,1.1822480032952498,-0.9170598676444541,-0.7679809129301773
741249307.0,2023-06-28T18:35:07.000,1.1190713914865924,-1.109792635256568,-2.2324368717296927
741249327.0,2023-06-28T18:35:27.000,0.6079000597902784,-1.5247777614857405,-1.0691369629611813
741249347.0,2023-06-28T18:35:47.000,1.7289845575252372,-0.8962288529312801,-1.7412716123321736
741249367.0,2023-06-28T18:36:07.000,0.8212707541366271,-1.440045093470399,-2.582607169654416
741249387.0,2023-06-28T18:36:27.000,0.02367435927297379,-1.4202912218652664,-2.132367454044104
741249407.0,2023-06-28T18:36:47.000,1.1190036906416623,-0.0694723871430547,-1.122147533028084
741249427.0,2023-06-28T18:37:07.000,2.3820951914332866,0.06174731036479031,-0.15118698599714264
741249447.0,2023-06-28T18:37:27.000,0.20798790046905324,-1.0000198001347549,-1.1638061832908164
741249467.0,2023-06-28T18:37:47.000,1.3513746538462712,-0.5077214531801211,-0.03912649754189701
741249487.0,2023-06-28T18:38:07.000,1.0659563259074467,-0.5164841909488516,-2.3782491788915117
741249507.0,2023-06-28T18:38:27.000,0.19313294297162997,-0.21882277027041042,-0.37103208855304715
741249527.0,2023-06-28T18:38:47.000,0.3921899383252381,-0.572914085839038,-0.2316373893029855
741249547.0,2023-06-28T18:39:07.000,-0.0011987858039574917,-1.5695828243789123,-1.2145372931038345
741249567.0,2023-06-28T18:39:27.000,2.510516299714105,-0.9516636752637808,-0.014396278069650492
741249587.0,2023-06-28T18:39:47.000,1.6593169611001102,-0.4799459268345352,-0.7651744930337046
741249607.0,2023-06-28T18:40:07.000,0.1410771351073592,0.016268324187773686,0.04307522232238625
741249627.0,2023-06-28T18:40:27.000,0.3400536866093873,0.2996829263413048,1.5675194083408783
741249647.0,2023-06-28T18:40:47.000,2.458159707685592,-0.0623475104877258,-0.8656553740160611
741249667.0,2023-06-28T18:41:07.000,-0.7692981423557121,-0.9285497458599856,-0.38140669113007064
741249687.0,2023-06-28T18:41:27.000,1.3049685625432517,-0.5759658803228263,0.43010428981693494
741249707.0,2023-06-28T18:41:47.000,0.105398080729735,0.5939170004132244,-0.29139974629943666
741249727.0,2023-06-28T18:42:07.000,-0.41971907656090934,0.6900293666456392,-0.364227419691332
741249747.0,2023-06-28T18:42:27.000,1.2836741721589107,-0.11619139397289757,-0.11047306686107206
741249767.0,2023-06-28T18:42:47.000,-1.6197480869895031,-0.6307685014972364,-1.9226842787212206
741249787.0,2023-06-28T18:43:07.000,0.8742756229640491,1.5296532323127998,-0.33763135360853624
741249807.0,2023-06-28T18:43:27.000,-1.2891738100373473,0.5562155895533216,0.2892373623608613
741249827.0,2023-06-28T18:43:47.000,0.10848617191250298,-0.5071156319869097,0.6135238189486358
741249847.0,2023-06-28T18:44:07.000,-0.49104352134454743,-0.9412207145009788,-0.3463131185155177
741249867.0,2023-06-28T18:44:27.000,-1.490402550174963,-1.5118696254257102,0.7337514257188538
741249887.0,2023-06-28T18:44:47.000,0.43813907422141085,0.2577754691368561,0.4898735261771314
741249907.0,2023-06-28T18:45:07.000,0.4721289671216766,-1.5327694182554197,-0.31236126522005137
741249927.0,2023-06-28T18:45:27.000,-0.07556936879593579,0.12861974558742162,-0.4791272095738819
741249947.0,2023-06-28T18:45:47.000,-0.03354538753441716,-0.35769900018634004,0.15168525442366132
741249967.0,2023-06-28T18:46:07.000,-0.37721703437521015,-1.596267266901208,-0.14421815285325934
741249987.0,2023-06-28T18:46:27.000,-0.8523100860080568,-1.1547812576839789,0.15812616825927606
741250007.0,2023-06-28T18:46:47.000,-1.1204624099869775,0.4203694308313466,1.0054533606695948
741250027.0,2023-06-28T18:47:07.000,-0.7144148451820875,-0.10154134956197325,-1.6063627224061072
741250047.0,2023-06-28T18:47:27.000,0.6474987845228597,-0.017345476688301886,0.22977086450159945
741250067.0,2023-06-28T18:47:47.000,0.9954229989950214,-1.3487340039142204,-0.3815411533714119
741250087.0,2023-06-28T18:48:07.000,0.07757494993043679,-0.26557436703100734,-1.570554432972493
741250107.0,2023-06-28T18:48:27.000,0.37870718864185804,0.13190898530135442,1.6642150288848079
741250127.0,2023-06-28T18:48:47.000,-1.494555138115139,-0.1387158040100367,-0.37494497793222337
741250147.0,2023-06-28T18:49:07.000,0.04071739578836997,-1.3312778395335734,0.6230428529430121
741250167.0,2023-06-28T18:49:27.000,-0.31062542311666164,0.10129864900232377,-0.7634701877368144
741250187.0,2023-06-28T18:49:47.000,-0.09213622718107217,-0.044181364000639434,-0.29904950399339825
741250207.0,2023-06-28T18:50:07.000,-0.614700292433934,0.1148877838197393,-0.7202743203871265
741250227.0,2023-06-28T18:50:27.000,-0.7737270861341017,-0.5752787399115888,0.025432442618544826
741250247.0,2023-06-28T18:50:47.000,-0.06955684428433528,-0.340158758993514,-0.477294355438751
741250267.0,2023-06-28T18:51:07.000,0.5685447940440014,1.2239591462015476,-0.032548322737024904
741250287.0,2023-06-28T18:51:27.000,-0.8803060759343673,0.339345267619251,0.8555907324958589
741250307.0,2023-06-28T18:51:47.000,0.15740189335256005,0.8274931601270907,0.10095930914610918
741250327.0,2023-06-28T18:52:07.000,-1.0164837689563555,0.11311889381859785,-0.33388174238702106
741250347.0,2023-06-28T18:52:27.000,-1.4934599428806372,-1.136841437188174,-0.7248013120686458
741250367.0,2023-06-28T18:52:47.000,-1.1631288206581658,-0.8373050829346695,-0.7247171120883245
741250387.0,2023-06-28T18:53:07.000,-0.1333662085101217,0.020003835121684688,1.3778940953224073
741250407.0,2023-06-28T18:53:27.000,-0.9579011600258092,0.09307809892833419,1.40214615708123
741250427.0,2023-06-28T18:53:47.000,-0.9171740621316538,-0.48969105433949167,1.0359129322679017
741250447.0,2023-06-28T18:54:07.000,-0.6017001645930442,-1.4878663649131596,-1.55772730431325
741250467.0,2023-06-28T18:54:27.000,-0.01535407224695362,1.0762513025786014,-0.023356554323950007
741250487.0,2023-06-28T18:54:47.000,-0.6190032450281713,0.1209568210591705,0.5626740144815123
741250507.0,2023-06-28T18:55:07.000,0.796132039493358,1.1113338240997805,-0.021527324922665514
741250527.0,2023-06-28T18:55:27.000,-0.09401593250579765,0.7703605801601121,-0.7039181813106588
741250547.0,2023-06-28T18:55:47.000,-2.364834238799407,0.6300693711769334,0.6881064755659416
741250567.0,2023-06-28T18:56:07.000,-0.36400657501545197,-0.23225037273366667,-0.5822441855318772
741250587.0,2023-06-28T18:56:27.000,-0.8335453172358953,1.0027427056025218,-0.5895168395775308
741250607.0,2023-06-28T18:56:47.000,-0.629069723478981,-0.8287276072715954,-0.8099675845696375
741250627.0,2023-06-28T18:57:07.000,0.3484412209764365,0.4976372184994915,-0.9070019813539609
741250647.0,2023-06-28T18:57:27.000,-1.0686935369319528,0.2146209453157688,-0.9116767479611099
741250667.0,2023-06-28T18:57:47.000,-0.8334879822657904,-0.12621002912771573,-0.803933790638478
741250687.0,2023-06-28T18:58:07.000,0.2322906679341763,0.40476584384219194,0.691104643846252
741250707.0,2023-06-28T18:58:27.000,-0.14919962655346453,-1.6294029608232563,-0.02926843084560815
741250727.0,2023-06-28T18:58:47.000,-0.47297782896915663,-0.683752623720224,1.2320628662965127
741250747.0,2023-06-28T18:59:07.000,0.449566891846942,0.3888455404665869,-0.5533026652515538
741250767.0,2023-06-28T18:59:27.000,0.08964040280057262,-0.17503300615562267,0.7336084857589853
741250787.0,2023-06-28T18:59:47.000,-0.25905767181422235,0.6127467740535408,0.0028515612537916013
741250807.0,2023-06-28T19:00:07.000,0.23399609430097001,-0.5453119658826999,0.2949065230017922
741250827.0,2023-06-28T19:00:27.000,-0.8694634260897338,0.04703903939695664,-0.37174800304740074
741250847.0,2023-06-28T19:00:47.000,-0.37921265830798134,-0.6470913046396909,0.4465996683133966
741250867.0,2023-06-28T19:01:07.000,0.24501511789454256,1.0468512588124312,0.05274876012650864
741250887.0,2023-06-28T19:01:27.000,-0.7117148904223214,-0.07044774067432868,-0.9242381865504079
741250907.0,2023-06-28T19:01:47.000,-0.06821625907482698,-0.38051559769769483,-0.7080457280483898
741250927.0,2023-06-28T19:02:07.000,1.5671143442252955,-0.08916825567917286,0.20297286315029694
741250947.0,2023-06-28T19:02:27.000,0.6960678402334608,-0.08758181233581297,-1.1284831193503209
741250967.0,2023-06-28T19:02:47.000,0.2656452833371681,0.9859308851334347,-1.4356961863359885
741250987.0,2023-06-28T19:03:07.000,-0.33372554856248016,1.5677628521393316,-0.18025205235083774
741251007.0,2023-06-28T19:03:27.000,-0.6784455734543116,0.9766291718338316,-0.5520327805208503
741251027.0,2023-06-28T19:03:47.000,-0.3423032484128896,1.335002429103671,-1.7670898070476504
741251047.0,2023-06-28T19:04:07.000,0.42700136363427177,1.1811682897433506,-1.101438644557362
741251067.0,2023-06-28T19:04:27.000,-0.09806228402631234,-0.013916483532216972,1.588709275568423
741251087.0,2023-06-28T19:04:47.000,-0.3032790228618687,-1.111189795444112,0.5426992347512538
741251107.0,2023-06-28T19:05:07.000,0.7341678356920234,-0.3739774785183059,-1.8975911591057049
741251127.0,2023-06-28T19:05:27.000,0.05667389471053497,-0.8203340166490491,-0.2614878912066132
741251147.0,2023-06-28T19:05:47.000,-0.11591401292143644,0.272891570174405,-0.0037779942174687164
741251167.0,2023-06-28T19:06:07.000,0.6460908230754292,0.2889019938945303,-0.5934290170261924
741251187.0,2023-06-28T19:06:27.000,-0.49864421971523853,0.41686331043733205,-0.4800972152496641
741251207.0,2023-06-28T19:06:47.000,-0.747012308977002,-0.5106030101398318,-0.46478836039920424
741251227.0,2023-06-28T19:07:07.000,-0.6418590697609972,-0.041882561452322165,-0.10229216617085868
741251247.0,2023-06-28T19:07:27.000,-0.7233380852955662,-0.595995150598494,-1.8512823639738052
741251267.0,2023-06-28T19:07:47.000,-0.966831499760179,-0.3062096347483667,-0.15858645127098114
741251287.0,2023-06-28T19:08:07.000,1.3380358164116757,0.7847989876963446,-0.4588876555411403
741251307.0,2023-06-28T19:08:27.000,-0.9033732873420242,-1.2205154188649203,-1.0525391435090015
741251327.0,2023-06-28T19:08:47.000,1.2875496496311811,0.25014824251989864,-0.5409069414374912
741251347.0,2023-06-28T19:09:07.000,-0.42812440412820507,0.5336493804186659,0.1839779248280493
741251367.0,2023-06-28T19:09:27.000,0.0032470881317081535,-0.4702789146771025,1.3579709249089689
741251387.0,2023-06-28T19:09:47.000,0.5112530295114937,0.8375630541124224,-0.563967593858461
741251407.0,2023-06-28T19:10:07.000,-0.10729111066254404,0.23073581305599333,0.26245879752861967
741251427.0,2023-06-28T19:10:27.000,-0.9980242083096336,1.4582709596866472,-0.6069713761602813
741251447.0,2023-06-28T19:10:47.000,-1.0898016676086364,-0.18467787252784973,0.2331072608274809
741251467.0,2023-06-28T19:11:07.000,-0.8900901659059102,-0.10833079959748915,-0.33457053004726234
741251487.0,2023-06-28T19:11:27.000,0.23286233108432697,-0.7453287420911003,-0.9038977339614895
741251507.0,2023-06-28T19:11:47.000,0.12554382883278592,-0.9504678146199375,0.8319902239817267
741251527.0,2023-06-28T19:12:07.000,1.1092163654580212,-0.3810889978916876,-1.2025657141090385
741251547.0,2023-06-28T19:12:27.000,-0.10023091649991045,-0.41190427042536726,-0.23264608826067956
741251567.0,2023-06-28T19:12:47.000,-0.453669027777881,-0.5584686039616926,-0.4915169630970162
741251587.0,2023-06-28T19:13:07.000,-1.1817424726778825,-0.1931975182167811,1.9384700046809478
741251607.0,2023-06-28T19:13:27.000,-0.2516551188436189,-1.422854297450371,0.22083461259647663
741251627.0,2023-06-28T19:13:47.000,1.7217393522561686,-0.5917077167238993,-0.6269582077167435
741251647.0,2023-06-28T19:14:07.000,1.235496914742118,-0.680853946322113,-0.4699513052708326
741251667.0,2023-06-28T19:14:27.000,-0.6011269158445742,0.42581395932606014,-0.49984232066702106
741251687.0,2023-06-28T19:14:47.000,-0.06824029854524127,-0.24561205516082651,-2.0472115120129253
741251707.0,2023-06-28T19:15:07.000,0.8227454969311765,0.5610846306236539,-0.09291591952509393
741251727.0,2023-06-28T19:15:27.000,-0.30795708946262934,-0.8099024017438339,-0.6674326726963109
741251747.0,2023-06-28T19:15:47.000,-0.36943447671022867,-0.16311569162041906,0.484692839963774
741251767.0,2023-06-28T19:16:07.000,-0.5940976650631313,0.34201031573477536,-0.599477924034808
741251787.0,2023-06-28T19:16:27.000,0.2101636168760912,-0.4245625054521973,-0.05025004699010793
741251807.0,2023-06-28T19:16:47.000,-0.24758629363352824,0.04484486318956371,0.005840348005214935
741251827.0,2023-06-28T19:17:07.000,0.18664831903381085,0.5082403169653915,-0.6072842357651709
741251847.0,2023-06-28T19:17:27.000,0.4334887217516403,-0.9249027554503186,1.2975961362404753
741251867.0,2023-06-28T19:17:47.000,-1.0269367436754884,-0.6967543006553001,-0.4544828003938406
741251887.0,2023-06-28T19:18:07.000,1.4677434649668086,0.21946495504243657,-0.3151317564231704
741251907.0,2023-06-28T19:18:27.000,0.1323221151650067,-0.8451632519168584,-0.3279871827799319
741251927.0,2023-06-28T19:18:47.000,0.44519081727756316,0.4233628576710835,-1.4590986995299815
741251947.0,2023-06-28T19:19:07.000,0.7604165553565245,-2.011124577272483,-0.3240253263370185
741251967.0,2023-06-28T19:19:27.000,0.3049840187729913,-0.16651094499886554,0.4836265350527391
741251987.0,2023-06-28T19:19:47.000,0.8807565430646314,-0.38977560462560845,0.1406579587803769
741252007.0,2023-06-28T19:20:07.000,-0.2668328724642066,-0.014922556224039596,-0.16178410850997693
741252027.0,2023-06-28T19:20:27.000,0.01659260429054399,-0.025158164784766512,-0.6617447138257404
741252047.0,2023-06-28T19:20:47.000,-0.44279498534471884,-0.2618533197606965,-1.4966152501294516
741252067.0,2023-06-28T19:21:07.000,-0.04416562419118364,-0.4760973954409664,-0.2249534881704207
741252087.0,2023-06-28T19:21:27.000,0.7742089975781852,-0.8637539884004397,-1.460050670132329
741252107.0,2023-06-28T19:21:47.000,-0.4018927309279441,-0.5391743437388463,0.8290944527256094
741252127.0,2023-06-28T19:22:07.000,-0.014639510403924305,-1.548187531508205,-0.43089733594570134
741252147.0,2023-06-28T19:22:27.000,0.4882007328399496,0.028950276209638304,-0.6405916163521042
741252167.0,2023-06-28T19:22:47.000,0.8842301201572589,-0.018171287474721964,-0.9880118176930353
741252187.0,2023-06-28T19:23:07.000,-0.27555488850694587,1.3576273280246909,-0.19707863371243306
741252207.0,2023-06-28T19:23:27.000,0.9454584092627449,-0.992279162936871,-0.7425300906804821
741252227.0,2023-06-28T19:23:47.000,0.03708736164842463,-0.4822783846947232,-0.5665210865757331
741252247.0,2023-06-28T19:24:07.000,-0.5033709652768614,-0.5223018286870662,-1.4487795265138992
741252267.0,2023-06-28T19:24:27.000,0.36017335197646716,-0.3013092736647849,0.7167339632796477
741252287.0,2023-06-28T19:24:47.000,-1.5001053073060433,0.3061116097602401,0.11293141578549992
741252307.0,2023-06-28T19:25:07.000,0.3744153003637507,0.13040155045773716,-0.41339026738418383
741252327.0,2023-06-28T19:25:27.000,-0.48574788757971277,0.31540929018580854,-1.5875163071443765
741252347.0,2023-06-28T19:25:47.000,0.23077884233613233,-0.5492476140234182,0.6337529529165664
741252367.0,2023-06-28T19:26:07.000,-0.6952378936553316,-0.88807843805494,0.8971152072878574
741252387.0,2023-06-28T19:26:27.000,0.08650890360728525,0.6311874397146866,-1.319486457496133
741252407.0,2023-06-28T19:26:47.000,0.7015978809921108,0.5807776722210889,-1.1600310775294886
741252427.0,2023-06-28T19:27:07.000,-0.20943227748704274,-0.0936506664217518,0.588496268116856
741252447.0,2023-06-28T19:27:27.000,-1.5070096430758184,0.6978300007509652,-0.657917802038277
741252467.0,2023-06-28T19:27:47.000,-0.11273836491021427,-0.6494991947270101,-0.920915640079123
741252487.0,2023-06-28T19:28:07.000,-0.04176746941642051,-1.5832206614718736,-0.9383695732445574
741252507.0,2023-06-28T19:28:27.000,-0.20948628431938232,-0.15207932390071122,0.10099853566813977
741252527.0,2023-06-28T19:28:47.000,-0.3696115917994902,-0.896033299857546,-0.4268035693200112
741252547.0,2023-06-28T19:29:07.000,0.544558114834448,-0.2170369381215842,-0.24202749331347917
741252567.0,2023-06-28T19:29:27.000,-0.02912095801166359,-0.7144624375121644,-0.25276793371720174
741252587.0,2023-06-28T19:29:47.000,0.4350483080117762,0.3121902974134727,0.4411447611873953
741252607.0,2023-06-28T19:30:07.000,-0.46368545333352884,0.031551719936739886,0.15235653169076713
741252627.0,2023-06-28T19:30:27.000,-0.15757232112445507,-0.28307607051747397,-1.0895286582601749
741252647.0,2023-06-28T19:30:47.000,-0.1060687023879403,-0.7419162180610783,1.0965085349701198
741252667.0,2023-06-28T19:31:07.000,-1.0962268040648482,-0.4774753216807426,1.1302780566491144
741252687.0,2023-06-28T19:31:27.000,0.2768755940185663,0.4578820334888434,-2.1089495478965326
741252707.0,2023-06-28T19:31:47.000,-0.8425716698012842,-1.053921258598045,-0.473289022406842
741252727.0,2023-06-28T19:32:07.000,-0.21390983204749858,0.4702003824297307,-0.475935707044961
741252747.0,2023-06-28T19:32:27.000,1.9596543104238862,-1.1209553524071936,0.6149062064864097
741252767.0,2023-06-28T19:32:47.000,0.07776936621350927,0.2556380969243044,0.0970331893501708
741252787.0,2023-06-28T19:33:07.000,0.3220930683833778,0.6077784572289247,0.9925932229815082
741252807.0,2023-06-28T19:33:27.000,0.3864543553833144,1.5846113768480663,0.030047048282799693
741252827.0,2023-06-28T19:33:47.000,0.3126169875300455,-0.8956825094941223,0.5390884053491085
741252847.0,2023-06-28T19:34:07.000,-0.7126006252078376,-1.007569343991488,-0.06177307632082574
741252867.0,2023-06-28T19:34:27.000,-1.3588183547352806,-0.6910428969719717,0.8150450781285734
741252887.0,2023-06-28T19:34:47.000,0.735301304510827,-0.31947301590840027,0.13624517980481698
741252907.0,2023-06-28T19:35:07.000,-1.274173814258539,-0.22698280268684812,0.6240563122261733
741252927.0,2023-06-28T19:35:27.000,0.06871848433620542,-1.322562781425063,-0.1970611380408549
741252947.0,2023-06-28T19:35:47.000,0.9250070852284686,0.4661398941174788,0.6016199083913598
741252967.0,2023-06-28T19:36:07.000,1.1280886966891224,-0.6952075465971319,-0.06927493145791885
741252987.0,2023-06-28T19:36:27.000,-0.6087896200157594,-0.5353468369606595,0.9068461237271563
741253007.0,2023-06-28T19:36:47.000,0.08662459866082273,-0.10817380854399872,-0.39286565221008374
741253027.0,2023-06-28T19:37:07.000,-1.6567119028643162,-0.5400645331943288,0.6795040227824956
741253047.0,2023-06-28T19:37:27.000,0.9842709021490315,-0.873873187345886,-0.7016616229704731
741253067.0,2023-06-28T19:37:47.000,-0.4882216602331013,0.46627978834701267,-0.2235463456345954
741253087.0,2023-06-28T19:38:07.000,0.16385956318476502,-0.2516773932925709,-0.5830036317711063
741253107.0,2023-06-28T19:38:27.000,-0.11111310961320342,-1.4073833410011005,0.10979349349682366
741253127.0,2023-06-28T19:38:47.000,0.014424253325096004,-1.4936826640221668,0.12705336036589188
741253147.0,2023-06-28T19:39:07.000,-0.2562869603539575,-0.4902417832353123,-0.3466870034385394
741253167.0,2023-06-28T19:39:27.000,-1.4811952927185068,-0.10474115441638787,-0.00709738278148464
741253187.0,2023-06-28T19:39:47.000,0.6373722361896483,-0.8156065645525956,-1.5390755426114566
741253207.0,2023-06-28T19:40:07.000,-0.031864995142516506,-0.6786306672612596,0.9290538514505897
741253227.0,2023-06-28T19:40:27.000,-0.3475716817358254,-0.767675361446063,0.4548612782095951
741253247.0,2023-06-28T19:40:47.000,-1.4267648717480874,0.11808632028875721,-0.39025880060883367
741253267.0,2023-06-28T19:41:07.000,-0.7273300841936781,-2.131817393646873,-1.019405452551414
741253287.0,2023-06-28T19:41:27.000,0.5932023067756198,-1.1935453156475262,-0.24095810353674807
741253307.0,2023-06-28T19:41:47.000,0.18197926036078726,0.9019403126364622,-0.2562220882795785
741253327.0,2023-06-28T19:42:07.000,-0.7333924238239753,0.7245206895434286,0.5871572312687867
741253347.0,2023-06-28T19:42:27.000,-1.3971311353166982,-0.8843357584886746,0.058227744292871364
741253367.0,2023-06-28T19:42:47.000,-0.9167285376476819,-0.27876363257739456,0.28211152947044127
741253387.0,2023-06-28T19:43:07.000,-0.02493901045674818,-0.87425145219866,0.501748995784812
741253407.0,2023-06-28T19:43:27.000,-0.1315750303376717,0.8574279441453392,-0.07905386278928006
741253427.0,2023-06-28T19:43:47.000,-0.7672274749181973,-0.7892340896820116,0.6286205068484207
741253447.0,2023-06-28T19:44:07.000,-0.2837580378334259,-0.29663070899577093,1.5001647491574843
741253467.0,2023-06-28T19:44:27.000,-0.6324472539676051,-0.4953327165435617,0.5984236523981501
741253487.0,2023-06-28T19:44:47.000,0.3115887314497634,0.6322390830870717,0.31816177945565016
741253507.0,2023-06-28T19:45:07.000,1.5796572440440748,0.5089974509542294,0.6878147245092947
741253527.0,2023-06-28T19:45:27.000,-1.2325717406724834,-1.936889722176094,-0.4953639871629889
741253547.0,2023-06-28T19:45:47.000,-0.18282068549035912,-1.7072827410147262,-0.13113445629375775
741253567.0,2023-06-28T19:46:07.000,-0.040195684747335036,-1.1625704331552633,1.058951432642008
741253587.0,2023-06-28T19:46:27.000,-1.6268238917316324,-0.5105402203664511,0.24365566161366203
741253607.0,2023-06-28T19:46:47.000,-0.958041794463238,-0.9412305580269731,1.4519288863534818
741253627.0,2023-06-28T19:47:07.000,-0.39623725154314116,-1.1852770784859246,0.7836080131773393
741253647.0,2023-06-28T19:47:27.000,-1.0205517672612352,-1.1689918989810089,-1.1867209291582803
741253667.0,2023-06-28T19:47:47.000,0.14577183400366067,0.47464191956780866,-0.9740734893015635
741253687.0,2023-06-28T19:48:07.000,-0.12362470490634436,-0.6761038566671651,0.11454889979889415
741253707.0,2023-06-28T19:48:27.000,-1.4693203126858734,0.32975697429327155,0.16616252613843585
741253727.0,2023-06-28T19:48:47.000,-1.1181479375066417,-0.4893491456048338,0.5146824602508815
741253747.0,2023-06-28T19:49:07.000,-0.9682775830133217,-0.030636576309195362,-0.24460117674651727
741253767.0,2023-06-28T19:49:27.000,-0.767533128354092,-1.2661669875901893,-1.3996008376926383
741253787.0,2023-06-28T19:49:47.000,-0.603757268280436,-0.4297762875915545,-0.8180398824331192
741253807.0,2023-06-28T19:50:07.000,-0.3422051627399725,-1.3541250560855644,0.5512392735274041
741253827.0,2023-06-28T19:50:27.000,0.23201946933726347,-0.11029459545675024,0.2404914160814009
741253847.0,2023-06-28T19:50:47.000,-0.7504697708604624,1.6314942826056722,-0.36536739160819565
741253867.0,2023-06-28T19:51:07.000,-0.09858803093898416,-1.3491893995021265,1.3836994154137194
741253887.0,2023-06-28T19:51:27.000,1.04918265695364,0.039504907611842555,-0.7039913181072777
741253907.0,2023-06-28T19:51:47.000,-0.9328028002020261,-0.2730248013338432,-0.16309025060445848
741253927.0,2023-06-28T19:52:07.000,0.24185101458185088,-1.8946339704783988,1.3151972936720213
741253947.0,2023-06-28T19:52:27.000,0.10618601268275185,-0.5684298814312427,0.06540462708093386
741253967.0,2023-06-28T19:52:47.000,-0.712157617377418,-0.8401241874511634,0.4023367280669987
741253987.0,2023-06-28T19:53:07.000,0.5451355083008202,0.4439894642604969,-0.5120686237702898
741254007.0,2023-06-28T19:53:27.000,-1.4664775163208965,-0.2835845451798491,0.6842532968565074
741254027.0,2023-06-28T19:53:47.000,-0.8475196955903819,-0.5947001531891871,0.7878219433488098
741254047.0,2023-06-28T19:54:07.000,-0.8336991722979192,-0.031157559199357365,0.9021089266925131
741254067.0,2023-06-28T19:54:27.000,-0.8419041065965693,-0.31378975967610856,-0.9849419991936337
741254087.0,2023-06-28T19:54:47.000,0.34706284139929267,0.2612629952380985,1.4771118369449887
741254107.0,2023-06-28T19:55:07.000,-0.08342587340948171,-0.7238004408161025,0.5750398712200955
741254127.0,2023-06-28T19:55:27.000,0.2747737058883537,-1.3257507377573141,-0.7534062384628726
741254147.0,2023-06-28T19:55:47.000,-0.41329593680750065,0.8753888235624174,0.6982933022481319
741254167.0,2023-06-28T19:56:07.000,-0.5126452381265523,0.7929135966477929,0.790512613169092
741254187.0,2023-06-28T19:56:27.000,-1.9911364003588616,-0.8604168987957905,0.8396063656657127
741254207.0,2023-06-28T19:56:47.000,-0.3895687114896518,-0.4604982599576424,0.45652606418533637
741254227.0,2023-06-28T19:57:07.000,-1.177887865910776,-0.399475581414066,-1.8159425545949404
741254247.0,2023-06-28T19:57:27.000,-1.8466607334288732,-0.8731602777145575,1.1846716256980194
741254267.0,2023-06-28T19:57:47.000,0.6992426177410138,-0.5942067347830537,-0.6607807084502149
741254287.0,2023-06-28T19:58:07.000,-0.7323008138881981,-1.4781913393324686,1.1088856474383846
741254307.0,2023-06-28T19:58:27.000,0.10186790178057237,-1.051514480587823,0.17790059422262416
741254327.0,2023-06-28T19:58:47.000,-0.11301582879541527,-0.7207189131164249,0.10945059665257162
741254347.0,2023-06-28T19:59:07.000,-0.9792762058591364,-1.6190024066387032,-1.7207625630066836
741254367.0,2023-06-28T19:59:27.000,-2.3292514157779998,-0.03246453582628206,0.5680908490290904
741254387.0,2023-06-28T19:59:47.000,-0.08944362733798172,-0.3877870398127925,0.2796208439792558
741254407.0,2023-06-28T20:00:07.000,-0.028611729219196746,-0.7551612531964125,-0.117256890230788
741254427.0,2023-06-28T20:00:27.000,1.1253292410584592,-0.7929415987817379,0.5567687844099112
741254447.0,2023-06-28T20:00:47.000,-2.0523292768914736,-1.2852568723631386,0.772717760444408
741254467.0,2023-06-28T20:01:07.000,-1.520496962104101,1.189338213347657,-0.20082877424387746
741254487.0,2023-06-28T20:01:27.000,-0.24044693153202346,-1.0369646057162285,0.27023390611891074
741254507.0,2023-06-28T20:01:47.000,-0.13205053720488635,-0.06736379021266004,-0.5944102027255482
741254527.0,2023-06-28T20:02:07.000,0.019361555891883597,-0.23061664388146497,0.11773502246459344
741254547.0,2023-06-28T20:02:27.000,-0.34241766042608646,-0.3804990945655007,1.1210118229021404
741254567.0,2023-06-28T20:02:47.000,-1.0675895855349893,0.023768855683670154,-0.2597613700472401
741254587.0,2023-06-28T20:03:07.000,-1.1348622204643277,-0.5659904299570861,1.034380983233607
741254607.0,2023-06-28T20:03:27.000,-0.8562143830270763,-0.3175722272819037,-0.40897469347767057
741254627.0,2023-06-28T20:03:47.000,-1.262599847873247,0.8062046613965812,0.9934890286777964
741254647.0,2023-06-28T20:04:07.000,0.47145504210588385,-0.37010334806852896,-1.7721859411956586
741254667.0,2023-06-28T20:04:27.000,-1.269491316602256,-1.6124254385685433,-0.11580563994417759
741254687.0,2023-06-28T20:04:47.000,0.04061182866665902,-0.19641688672189517,0.34187298448840053
741254707.0,2023-06-28T20:05:07.000,-0.7883679412956646,-2.03802573893741,0.04870139141965879
741254727.0,2023-06-28T20:05:27.000,-0.48017963082402915,-1.0129399569458464,0.7554320741620657
741254747.0,2023-06-28T20:05:47.000,-0.3893624767603576,-0.05949247734449159,-0.24554835794665664
741254767.0,2023-06-28T20:06:07.000,-1.0623117831731754,-0.7735136730135928,1.3900365181895857
741254787.0,2023-06-28T20:06:27.000,-1.9407463345721965,2.1234005490922137,0.16351353251398137
741254807.0,2023-06-28T20:06:47.000,-1.1981175966679913,0.3711058818578472,-0.5451030010039659
741254827.0,2023-06-28T20:07:07.000,-0.4731713710182106,-1.3127973762072642,-0.7157116070466429
741254847.0,2023-06-28T20:07:27.000,-0.7724127164210337,-0.9809828227069772,-1.1285107858194365
741254867.0,2023-06-28T20:07:47.000,-0.6048028117988657,-0.6985877717968769,0.4453532754578049
741254887.0,2023-06-28T20:08:07.000,-0.8972169153298459,-1.0431532259991272,-0.5219837618475331
741254907.0,2023-06-28T20:08:27.000,0.31822894496214005,-0.41957157118632793,-0.3424741643942575
741254927.0,2023-06-28T20:08:47.000,-0.6677433862511961,-0.04180748720550298,-0.3893417129030574
741254947.0,2023-06-28T20:09:07.000,-0.15142709479665228,0.6760275567341267,-0.53544208163947
741254967.0,2023-06-28T20:09:27.000,-0.8438433857671512,-0.19480906677804555,0.2034493089664302
741254987.0,2023-06-28T20:09:47.000,-0.8838469530259019,0.5125670824779327,0.5180640343716014
741255007.0,2023-06-28T20:10:07.000,-0.5686231359436356,0.9227131008260336,-1.147850619120927
741255027.0,2023-06-28T20:10:27.000,-1.1959316714937884,1.2355985951728599,-0.34360526557364324
741255047.0,2023-06-28T20:10:47.000,0.2854079739877946,1.3891906650020935,0.21533147728236557
741255067.0,2023-06-28T20:11:07.000,-0.5556299711995116,1.7308760620116104,-0.05998344387858623
741255087.0,2023-06-28T20:11:27.000,-0.38307797117775877,0.7122972962125829,0.5341616052145781
741255107.0,2023-06-28T20:11:47.000,-0.9057124392808369,-0.4707864366348957,0.6370475682637711
741255127.0,2023-06-28T20:12:07.000,-1.3423171954296542,0.13237012762568057,-0.13996577057362458
741255147.0,2023-06-28T20:12:27.000,-1.3051181882550722,-0.7231348973624208,-1.0052054240650143
741255167.0,2023-06-28T20:12:47.000,-0.26940908720574086,-1.4643634143274298,0.4447508585747606
741255187.0,2023-06-28T20:13:07.000,-0.951397387671804,-0.39021137994144084,0.5022213332539494
741255207.0,2023-06-28T20:13:27.000,-1.0976844965981947,0.47639235003504865,-0.410894269209372
741255227.0,2023-06-28T20:13:47.000,-1.8191262269207087,0.4517772563050748,-0.5484984620163225
741255247.0,2023-06-28T20:14:07.000,1.02779210156001,-0.38164206828117386,-0.6918162823610352
741255267.0,2023-06-28T20:14:27.000,-1.4975235302472356,-0.7092092560223584,-0.32722761410530765
741255287.0,2023-06-28T20:14:47.000,-0.9796676420092965,-0.5874362893121265,-0.016162892091386993
741255307.0,2023-06-28T20:15:07.000,-0.1665137488227053,0.07914040529577449,0.583511336982312
741255327.0,2023-06-28T20:15:27.000,-0.6648693288924257,-0.14825626356573807,0.39634014070699664
741255347.0,2023-06-28T20:15:47.000,0.12652520314793136,-0.4379755374372962,0.4906910625823713
741255367.0,2023-06-28T20:16:07.000,-1.61180993868415,0.34872962264564933,0.14251692899147628
741255387.0,2023-06-28T20:16:27.000,-0.8492127835602048,0.2007157170802465,-1.2224086196943595
741255407.0,2023-06-28T20:16:47.000,-0.01760702620368093,-0.39064593060356145,-1.1265485684641696
741255427.0,2023-06-28T20:17:07.000,-0.4803681692755468,0.8277108846321823,-0.18505202110663532
741255447.0,2023-06-28T20:17:27.000,-0.8434506891252802,0.9541718340444483,-1.1194670147207653
741255467.0,2023-06-28T20:17:47.000,-1.2232072489237744,0.07104044246197816,1.0520566789073982
741255487.0,2023-06-28T20:18:07.000,0.34203687488965073,-0.8155707111989763,0.528040402270058
741255507.0,2023-06-28T20:18:27.000,-0.885731336874862,0.9973331211554637,0.1430113883982287
741255527.0,2023-06-28T20:18:47.000,-0.37702164999986465,0.6069494413063481,-0.043353052314731855
741255547.0,2023-06-28T20:19:07.000,-0.6871695091614782,0.3332438305303498,-0.48945326718286
741255567.0,2023-06-28T20:19:27.000,-0.2217244114977035,-0.8403060049455569,-0.5364339470959045
741255587.0,2023-06-28T20:19:47.000,-0.7973902621527529,0.7841093988103509,-0.14198030031664644
741255607.0,2023-06-28T20:20:07.000,0.2851343804732842,-1.1180485527062523,-0.7978328717350713
741255627.0,2023-06-28T20:20:27.000,-1.0606469604268476,-0.7605455424775087,-0.10243800121489954
741255647.0,2023-06-28T20:20:47.000,-0.0409476966667377,0.08931939088352436,-1.5959408413812604
741255667.0,2023-06-28T20:21:07.000,-0.3554325655130697,0.7285501005815931,0.16952880825815697
741255687.0,2023-06-28T20:21:27.000,-0.13485499457122074,-0.1597779282880296,0.0035297849976245743
741255707.0,2023-06-28T20:21:47.000,-1.899067171151625,0.8346337798892378,-0.13677126701194808
741255727.0,2023-06-28T20:22:07.000,-1.473927527961827,0.5197131253353859,-0.25581952909359273
741255747.0,2023-06-28T20:22:27.000,0.9119982915195557,-0.8317378212829851,0.6582295688506434
741255767.0,2023-06-28T20:22:47.000,-0.9694271001281507,0.22050328093436988,0.8356688737332085
741255787.0,2023-06-28T20:23:07.000,-0.728826924645265,0.17324653784900335,-0.17809375923993898
741255807.0,2023-06-28T20:23:27.000,0.20472864243892275,-0.470501724347816,-0.38021710160318634
741255827.0,2023-06-28T20:23:47.000,0.3614984500077689,0.4922447753075154,-1.2807421332805546
741255847.0,2023-06-28T20:24:07.000,-0.7451958513593482,-0.39694421396507806,0.8779588920204695
741255867.0,2023-06-28T20:24:27.000,-0.12009180709871004,0.3530317592592702,-0.27813172568391664
741255887.0,2023-06-28T20:24:47.000,-1.3681559922318343,0.30083784287038284,0.7836699476682085
741255907.0,2023-06-28T20:25:07.000,0.20621448345581328,0.20760943261199927,-0.18075230485692373
741255927.0,2023-06-28T20:25:27.000,-1.4011868630037227,0.20101313550346944,-1.0944107935229042
741255947.0,2023-06-28T20:25:47.000,0.11150700109929801,-0.03371632080195752,-0.5830454456234868
741255967.0,2023-06-28T20:26:07.000,-0.8723269958044177,0.5721886105258811,0.01776802661668242
741255987.0,2023-06-28T20:26:27.000,0.06947571528082008,-0.2742795488397398,-0.9511345449575437
741256007.0,2023-06-28T20:26:47.000,0.012577004471214792,0.13316255924600284,-0.47949931851754
741256027.0,2023-06-28T20:27:07.000,-0.5591427112650038,0.8292019706535037,-0.06418740645663945
741256047.0,2023-06-28T20:27:27.000,-0.5190113973929655,-0.4182839693944729,0.955562204363325
741256067.0,2023-06-28T20:27:47.000,-0.04416377720195541,-0.1491015152677022,0.29494159191623126
741256087.0,2023-06-28T20:28:07.000,-0.2341440320963173,1.3475795393902423,0.394247244250856
741256107.0,2023-06-28T20:28:27.000,-0.6432921572430139,-0.4040873412547441,-0.5407832166737236
741256127.0,2023-06-28T20:28:47.000,-0.8787347960614866,0.28673535289458485,-1.893767821858905
741256147.0,2023-06-28T20:29:07.000,-0.5632140268829744,-0.2681529334247479,-0.9399908089235964
741256167.0,2023-06-28T20:29:27.000,0.05181761996153611,0.2710688822404883,0.25173041794390727
741256187.0,2023-06-28T20:29:47.000,-0.2602343674551477,-0.5488958380150954,-0.854208282075053
741256207.0,2023-06-28T20:30:07.000,-0.1768727630357958,-1.8609185973184061,-0.9570991849394694
741256227.0,2023-06-28T20:30:27.000,-1.1117353909129157,-0.07720186493420655,-1.4200178813483788
741256247.0,2023-06-28T20:30:47.000,-0.7226154347894642,-1.185999293640272,-1.1904874328338977
741256267.0,2023-06-28T20:31:07.000,-0.6329989421294258,1.3191836745307661,0.4103291145529653
741256287.0,2023-06-28T20:31:27.000,0.48832503327655985,0.301971574412363,0.4065766619376632
741256307.0,2023-06-28T20:31:47.000,-2.0958022562744816,0.11766928355028128,-0.0197810918312058
741256327.0,2023-06-28T20:32:07.000,-0.16244438617585288,-0.861878620406209,-0.7805273477878849
741256347.0,2023-06-28T20:32:27.000,0.47936170942675105,-1.5249032328190637,0.40899570337149527
741256367.0,2023-06-28T20:32:47.000,0.4714268346028838,0.15930751038339963,-0.7460768374101256
741256387.0,2023-06-28T20:33:07.000,-0.603328320303298,-1.3298892136526241,-1.024323342380118
741256407.0,2023-06-28T20:33:27.000,-1.0175814977642084,-0.15274630803530087,-0.3997442063696788
741256427.0,2023-06-28T20:33:47.000,0.425296999384539,0.372979174512178,0.6426177331597671
741256447.0,2023-06-28T20:34:07.000,-0.02744800353671195,-1.0201810752841212,-1.6287923660152082
741256467.0,2023-06-28T20:34:27.000,-0.7535553340654033,0.5025216992193826,-0.810874275125606
741256487.0,2023-06-28T20:34:47.000,1.099609104504573,-1.051542585772669,-0.45916001174539645
741256507.0,2023-06-28T20:35:07.000,-0.9566442411235165,-0.262919972360276,0.2952728884397793
741256527.0,2023-06-28T20:35:27.000,0.08109453801807831,-0.5201983938607491,-0.48689417028180415
741256547.0,2023-06-28T20:35:47.000,1.2292079378362075,-0.33238909344923684,-1.7480854014650937
741256567.0,2023-06-28T20:36:07.000,-1.0897247946006772,0.6372058199088926,-0.6328524858489892
741256587.0,2023-06-28T20:36:27.000,-0.8935010633703833,0.7763348749523225,-0.6760338074673911
741256607.0,2023-06-28T20:36:47.000,-0.8500536054723007,-0.3134762681766823,-0.8440678747612118
741256627.0,2023-06-28T20:37:07.000,1.4080752258838203,0.34660431311728246,-0.2166679801907101
741256647.0,2023-06-28T20:37:27.000,-0.15749012410859464,-1.27261007735191,-0.8439201051979595
741256667.0,2023-06-28T20:37:47.000,0.15618395513561367,0.08862144035282071,-1.1120731162272968
741256687.0,2023-06-28T20:38:07.000,0.4405902294668529,0.12477008809463896,0.6077586979347238
741256707.0,2023-06-28T20:38:27.000,-0.481561418275156,-0.5246247693602157,-0.3334235204266456
741256727.0,2023-06-28T20:38:47.000,-0.5082953195678641,0.16604521760887891,-0.11299590040314555
741256747.0,2023-06-28T20:39:07.000,-0.3729770454818926,-0.5113303861326024,-0.14357057073199897
741256767.0,2023-06-28T20:39:27.000,-0.2577703454686997,0.19272928036828674,-0.7485710187049577
741256787.0,2023-06-28T20:39:47.000,-0.5062950385936738,-0.738327015625817,-0.32579601676463454
741256807.0,2023-06-28T20:40:07.000,-0.5919390365871635,0.59059338466394,-0.9464688242477592
741256827.0,2023-06-28T20:40:27.000,-0.41179381328193543,-0.025215051813187728,0.8886602816615685
741256847.0,2023-06-28T20:40:47.000,0.6913588930346215,1.0767312307424781,-0.8412549476033426
741256867.0,2023-06-28T20:41:07.000,-0.5468484207793445,-0.002960683098685024,-0.374112715340047
741256887.0,2023-06-28T20:41:27.000,-0.8890573533704149,0.5853243114528617,-0.4635508781158926
741256907.0,2023-06-28T20:41:47.000,1.1058269882124883,-0.39600504272430115,-0.6155159594678494
741256927.0,2023-06-28T20:42:07.000,-0.8941200841716679,0.5603381343588509,-0.5839514965244597
741256947.0,2023-06-28T20:42:27.000,0.5372327925856624,0.1558608336726941,-2.09650774057879
741256967.0,2023-06-28T20:42:47.000,-0.8387980910851134,0.12649682218368596,-0.5949541969751948
741256987.0,2023-06-28T20:43:07.000,0.670980969019741,-0.3355503482405098,0.36667531627676553
741257007.0,2023-06-28T20:43:27.000,-1.6291351701336332,-0.32494389442527805,-0.6407636028438191
741257027.0,2023-06-28T20:43:47.000,-0.8609217421962079,1.0888713225409852,-1.218743659259225
741257047.0,2023-06-28T20:44:07.000,-0.13958675855185732,-0.5969507893666126,0.15320880527580627
741257067.0,2023-06-28T20:44:27.000,-2.002793488986576,-0.25631644300361245,-1.9782612967089719
741257087.0,2023-06-28T20:44:47.000,0.26625327612661565,0.764326064506271,-1.3052971968963156
741257107.0,2023-06-28T20:45:07.000,-0.37735675481043174,0.8355760915179644,-0.11802774937397231
741257127.0,2023-06-28T20:45:27.000,1.250952711084885,0.020862231808749243,-1.418318875912039
741257147.0,2023-06-28T20:45:47.000,0.5964202191455215,-1.011573174725111,-0.34822907161169425
741257167.0,2023-06-28T20:46:07.000,-1.7895265915113256,0.6199870832057641,-0.6724210158348676
741257187.0,2023-06-28T20:46:27.000,0.4517272426785013,1.6478205385195288,-0.39581253717946296
741257207.0,2023-06-28T20:46:47.000,1.5182993287621294,0.877514729447082,-1.817815212823426
741257227.0,2023-06-28T20:47:07.000,-0.2274364367504944,1.0939034128187863,-0.7070305672263189
741257247.0,2023-06-28T20:47:27.000,-0.6582922675968383,0.7801851017230632,-0.1263460044254039
741257267.0,2023-06-28T20:47:47.000,-0.09545951585865353,0.6409179531097209,-0.8680922888193443
741257287.0,2023-06-28T20:48:07.000,-0.4825819985954105,1.7125440931686775,-0.8824260802064998
741257307.0,2023-06-28T20:48:27.000,-0.14489532130790295,0.4472855723802738,1.3771209000812412
741257327.0,2023-06-28T20:48:47.000,-0.8346696377392604,-0.6159547593642678,-1.2536672890806067
741257347.0,2023-06-28T20:49:07.000,-0.8148025120613411,-1.3745869601233807,0.02232769013010838
741257367.0,2023-06-28T20:49:27.000,-0.35193049447990177,0.9468341606422293,-1.4459749733242155
741257387.0,2023-06-28T20:49:47.000,-0.36809559617045906,-1.1216815083425757,1.087355460138717
741257407.0,2023-06-28T20:50:07.000,0.23283529584361418,-1.0294710939051654,-0.5041120677229394
741257427.0,2023-06-28T20:50:27.000,1.0063964197004616,0.16015908882449637,-1.4695644959594745
741257447.0,2023-06-28T20:50:47.000,-0.334371610699602,0.7253918313687713,-0.16248789034278843
741257467.0,2023-06-28T20:51:07.000,1.3584428246282698,0.39386302675969986,-0.3839976842501258
741257487.0,2023-06-28T20:51:27.000,-0.10058525732326018,0.48333536173394975,-0.012628218071242259
741257507.0,2023-06-28T20:51:47.000,0.9035019301384395,0.5781059658982457,-0.9336096822298856
741257527.0,2023-06-28T20:52:07.000,-0.8384171198638768,-0.6282307893568095,0.22365387282174964
741257547.0,2023-06-28T20:52:27.000,-0.43365744765155867,0.8136367047772985,-1.051574648758269
741257567.0,2023-06-28T20:52:47.000,0.9575752543566907,0.9724851018799718,0.06304901807308028
741257587.0,2023-06-28T20:53:07.000,-0.4437742320284599,-0.5017964117226548,0.7028093443217642
741257607.0,2023-06-28T20:53:27.000,0.7330628752355572,-0.5437788512474562,-1.5426842691290688
741257627.0,2023-06-28T20:53:47.000,0.225038858081561,-0.43793207686881885,0.16093212429346693
741257647.0,2023-06-28T20:54:07.000,-0.1976669253944685,0.8537077928583159,0.8897467935087278
741257667.0,2023-06-28T20:54:27.000,-0.3858469050932456,0.07443619610691954,0.8178829944305299
741257687.0,2023-06-28T20:54:47.000,-1.147107358634436,0.8713848840158356,-0.7779009404962345
741257707.0,2023-06-28T20:55:07.000,-0.2525291134536367,-0.6582660435738852,0.961856544545725
741257727.0,2023-06-28T20:55:27.000,-0.20722722944288563,-0.8530025283448595,-1.0893454599369967
741257747.0,2023-06-28T20:55:47.000,-1.879025308682003,-0.5363794106538755,-0.6898478368544403
741257767.0,2023-06-28T20:56:07.000,-0.14234954192060556,-0.32743772486742984,0.7949640301374572
741257787.0,2023-06-28T20:56:27.000,-0.16763204551129007,0.8090218087786205,-0.7427050040309524
741257807.0,2023-06-28T20:56:47.000,-0.9889065299306665,0.793442700575131,-1.1975093771932066
741257827.0,2023-06-28T20:57:07.000,0.9721838316711917,0.5380627182804965,-1.0218135481077084
741257847.0,2023-06-28T20:57:27.000,1.7169976856634683,0.8966706001034552,-0.8110883628398291
741257867.0,2023-06-28T20:57:47.000,0.28964846138235245,-1.0037774913262965,0.1784324603071319
741257887.0,2023-06-28T20:58:07.000,0.3486978813360686,-0.6524596515067316,-0.05497958258660063
741257907.0,2023-06-28T20:58:27.000,-0.40516187431727246,-1.512854472729419,-0.9603519428025287
741257927.0,2023-06-28T20:58:47.000,-0.6646069056759352,-0.512937085705989,-2.4097129632028036
741257947.0,2023-06-28T20:59:07.000,1.1161454861685627,-0.9614406614844029,-1.0626646039124665
741257967.0,2023-06-28T20:59:27.000,-0.5276018427480267,0.6550665386795274,-2.010508627281471
741257987.0,2023-06-28T20:59:47.000,-0.5101616563862876,-0.032024206653158416,0.002359065509605074
741258007.0,2023-06-28T21:00:07.000,1.1239238865590195,-0.2135814279435877,-0.5250435435089074
741258027.0,2023-06-28T21:00:27.000,0.9372630202286736,0.32797668700901284,-0.32795001098095966
741258047.0,2023-06-28T21:00:47.000,0.6269239648415414,0.49912623177883475,-1.599461407020275
741258067.0,2023-06-28T21:01:07.000,0.26235373706828824,-0.2277280476858934,-0.8464718138756488
741258087.0,2023-06-28T21:01:27.000,-1.3827277121958303,-0.1734422316435058,-0.12264368134395909
741258107.0,2023-06-28T21:01:47.000,0.7749629319264706,-1.161140759109447,-1.1777104158894325
741258127.0,2023-06-28T21:02:07.000,1.1842578020226924,0.8266263582634714,-1.5206258988653687
741258147.0,2023-06-28T21:02:27.000,-0.32345302696246137,0.40130326964815666,-0.14235080461055816
741258167.0,2023-06-28T21:02:47.000,-0.3237157913726918,0.3674078309590101,0.07968350366205357
741258187.0,2023-06-28T21:03:07.000,-0.37328639159728283,-0.20185104571135426,0.6115872464462768
741258207.0,2023-06-28T21:03:27.000,1.104944518182105,-0.9223897783239288,0.5724709502774594
741258227.0,2023-06-28T21:03:47.000,0.5665727996095882,-1.3775219224965163,-1.891504694107038
741258247.0,2023-06-28T21:04:07.000,0.2717878542890517,0.42158576083473065,-0.5513220981079314
741258267.0,2023-06-28T21:04:27.000,0.506856871040906,0.28026837007866234,-0.11858823649735228
741258287.0,2023-06-28T21:04:47.000,-0.008768083892274348,0.6028841010086161,-0.8077559497610132
741258307.0,2023-06-28T21:05:07.000,-0.20042392105956708,-0.7651521285900742,-0.426545748954954
741258327.0,2023-06-28T21:05:27.000,-0.574000035102884,-0.9694177255936687,-0.025915857959635247
741258347.0,2023-06-28T21:05:47.000,0.5707819830114147,0.21387059886412985,-0.5786494049586643
741258367.0,2023-06-28T21:06:07.000,-0.39400492665153664,0.48296010580761717,-1.6932861160889878
741258387.0,2023-06-28T21:06:27.000,-1.862407114594511,-0.9551547902275637,0.0548410030387636
741258407.0,2023-06-28T21:06:47.000,0.6540290140133465,0.27339260981751323,-0.4982834745148601
741258427.0,2023-06-28T21:07:07.000,0.9652634425094675,-1.1579235217329398,-1.618454179075357
741258447.0,2023-06-28T21:07:27.000,-0.03328190629758865,-0.7485383617278352,-1.2220414042030114
741258467.0,2023-06-28T21:07:47.000,-0.6806217597188358,-1.0629720259669462,-1.0085244711688368
741258487.0,2023-06-28T21:08:07.000,-0.5164070526197939,-0.08065566617920794,-0.8499824281749113
741258507.0,2023-06-28T21:08:27.000,0.532162926758506,0.8093317502844144,-0.0696088701013231
741258527.0,2023-06-28T21:08:47.000,-0.02706060555635048,0.19819318676228548,-0.5666481293187253
741258547.0,2023-06-28T21:09:07.000,0.6690467525327648,-0.17363920871149574,-1.29181620587282
741258567.0,2023-06-28T21:09:27.000,0.5298011959142812,-0.19042381285139243,-0.8895047467594175
741258587.0,2023-06-28T21:09:47.000,-0.9215863407407987,-0.5796947119329765,0.3579397401143325
741258607.0,2023-06-28T21:10:07.000,-0.17542401381520634,0.2390431568022322,0.2998289646560792
741258627.0,2023-06-28T21:10:27.000,2.154556514799566,0.6329270921034968,-0.1690510351037844
741258647.0,2023-06-28T21:10:47.000,0.34090220296656426,0.2947177386136701,-0.32828313810684406
741258667.0,2023-06-28T21:11:07.000,0.3200004426773262,-1.9506681149361604,-0.07684550429321035
741258687.0,2023-06-28T21:11:27.000,0.6005820054277855,-0.8005311584624586,-1.9726921962948119
741258707.0,2023-06-28T21:11:47.000,0.14855130192614752,0.37362621619907443,-0.15048247917759383
741258727.0,2023-06-28T21:12:07.000,1.6561614833543459,0.13910965742658377,-0.5703945726409643
741258747.0,2023-06-28T21:12:27.000,-0.5109313421680639,-0.5916948442874492,-0.1710267107601915
741258767.0,2023-06-28T21:12:47.000,0.718271335675702,0.7507405033302383,0.6697328004179326
741258787.0,2023-06-28T21:13:07.000,-1.018397306518093,-0.9558014933519487,-0.2992987184424756
741258807.0,2023-06-28T21:13:27.000,0.4026404057833055,-0.46837222184015204,0.11822987242560146
741258827.0,2023-06-28T21:13:47.000,0.830210766833428,0.03127764853783077,-0.8061301724482384
741258847.0,2023-06-28T21:14:07.000,0.9000464520014795,-0.5515521755650177,-0.6908645126646462
741258867.0,2023-06-28T21:14:27.000,1.4240179431634914,0.22919358997341988,-0.772893148981435
741258887.0,2023-06-28T21:14:47.000,1.3267054466692407,0.687705967572505,-0.2974888297369027
741258907.0,2023-06-28T21:15:07.000,0.4079777913501559,-1.049561374444341,-0.8966221774708849
741258927.0,2023-06-28T21:15:27.000,0.45574553804161866,-2.115492117615858,0.20123597251897607
741258947.0,2023-06-28T21:15:47.000,-0.044833607093508476,-0.4343419838126472,-0.1013174793729199
741258967.0,2023-06-28T21:16:07.000,-0.13230005534436984,-0.35280382172375724,-0.7291574637746656
741258987.0,2023-06-28T21:16:27.000,0.58162738885148,-0.03419826711814622,-1.384393340764234
741259007.0,2023-06-28T21:16:47.000,-0.9002682512138094,-1.0578357008350636,-1.477878552103018
741259027.0,2023-06-28T21:17:07.000,1.316321483679772,-0.44073463318916595,0.6541300522910909
741259047.0,2023-06-28T21:17:27.000,-0.6254997188537281,0.35046409774253107,-0.5529310687646394
741259067.0,2023-06-28T21:17:47.000,1.2215729869979874,-0.04941269080571686,-0.5684550698825674
741259087.0,2023-06-28T21:18:07.000,0.27989276176754174,-0.4488934236990261,-1.5369838361367627
741259107.0,2023-06-28T21:18:27.000,0.532888596882497,-1.0837336610780568,-0.851407473023702
741259127.0,2023-06-28T21:18:47.000,-0.33634063321130725,0.025046447216237055,-0.9521063820350228
741259147.0,2023-06-28T21:19:07.000,0.7561928249910643,0.4580601350556712,-0.6321110207929692
741259167.0,2023-06-28T21:19:27.000,0.46815247285447725,-1.6027449861621967,-0.7054230834468989
741259187.0,2023-06-28T21:19:47.000,1.0148928539899238,-0.3096416114845013,-1.1752547192434015
741259207.0,2023-06-28T21:20:07.000,0.4146519969383533,-0.10626479219899565,-1.5789876014360438
741259227.0,2023-06-28T21:20:27.000,0.18557407097663514,-0.6993938721833182,-1.7988969631232976
741259247.0,2023-06-28T21:20:47.000,0.3079377433046204,0.6896300184244808,-0.14857482344421413
741259267.0,2023-06-28T21:21:07.000,-0.838787245660555,-0.03117824881604392,-0.32581820341714973
741259287.0,2023-06-28T21:21:27.000,-0.26283365177626195,-1.4368393687513858,-1.792764287322779
741259307.0,2023-06-28T21:21:47.000,0.8962423063363367,0.03339639718102916,-0.5683175479886948
741259327.0,2023-06-28T21:22:07.000,-0.4985358916687055,-0.29207709137946125,-1.5436342953201176
741259347.0,2023-06-28T21:22:27.000,0.8340934411488199,0.34538827897723223,-1.533171572332126
741259367.0,2023-06-28T21:22:47.000,-0.23959875490309201,0.49316283550204787,-0.5124327600247724
741259387.0,2023-06-28T21:23:07.000,0.6424799571691509,-1.7032546291706474,-2.0550087383441884
741259407.0,2023-06-28T21:23:27.000,0.7597581488272276,-0.3738151290511027,-1.4891125672544803
741259427.0,2023-06-28T21:23:47.000,1.6865490623740875,-0.5707216213957089,-1.2606269215842403
741259447.0,2023-06-28T21:24:07.000,1.6345963774866412,0.054643232738627034,-0.9528459502083919
741259467.0,2023-06-28T21:24:27.000,-0.3932521838834191,-1.596694192529391,-0.653913498915859
741259487.0,2023-06-28T21:24:47.000,-0.08786557068596323,-0.8577747862004159,0.45491069577963117
741259507.0,2023-06-28T21:25:07.000,-0.07372955785900359,-2.005516417269426,-0.6991274737466746
741259527.0,2023-06-28T21:25:27.000,0.1546065105606509,-0.44491565261983723,-1.4687154078596443
741259547.0,2023-06-28T21:25:47.000,-1.2795356403749736,-1.6932655898083127,-1.1964991211144138
741259567.0,2023-06-28T21:26:07.000,0.03139497601889474,-1.1400293181806909,0.3365019136003511
741259587.0,2023-06-28T21:26:27.000,0.569985100185022,0.17888504387775228,-1.1584299703160106
741259607.0,2023-06-28T21:26:47.000,1.0407335601314571,-0.26055317130513345,-0.29738757606478927
741259627.0,2023-06-28T21:27:07.000,2.4372088162638583,0.10242064513166227,0.9315158567502202
741259647.0,2023-06-28T21:27:27.000,-0.04860233981940354,0.0844727396365208,0.12633878160306367
741259667.0,2023-06-28T21:27:47.000,0.3302019585094129,-0.5461284448338155,-0.7258166138779387
741259687.0,2023-06-28T21:28:07.000,1.514813687153449,-1.2926355487663521,-0.641474609630599
741259707.0,2023-06-28T21:28:27.000,0.7400444947514018,-0.25034999570072713,-1.9882020567574266
741259727.0,2023-06-28T21:28:47.000,0.08588147649701838,-0.8888666971129666,-1.1629710579552643
741259747.0,2023-06-28T21:29:07.000,0.1537087832015338,-0.7353130638376726,-0.2637038962860494
741259767.0,2023-06-28T21:29:27.000,0.33615007877241254,-0.5980439646169344,-0.2673360348759424
741259787.0,2023-06-28T21:29:47.000,-0.4258184660210773,-1.324759355714189,-0.3707965640531441
741259807.0,2023-06-28T21:30:07.000,-0.2748513608374914,-0.1716926557593368,-0.5018669490319816
741259827.0,2023-06-28T21:30:27.000,1.3244619558094861,0.91761086662423,0.2972421566882488
741259847.0,2023-06-28T21:30:47.000,0.3048274411221463,-1.111674349174585,0.1746899227939025
741259867.0,2023-06-28T21:31:07.000,1.073810197393943,-1.0409465623473224,-0.8719364375520122
741259887.0,2023-06-28T21:31:27.000,1.0172582795453522,-1.4133329094057068,-0.9852783096064854
741259907.0,2023-06-28T21:31:47.000,-0.3969209803833529,-1.66377186211486,-1.4682868536008975
741259927.0,2023-06-28T21:32:07.000,0.6379522575206131,-2.2609524325756247,0.08270447543479165
741259947.0,2023-06-28T21:32:27.000,-0.2910449063420195,0.014352043420373661,0.7937007325375944
741259967.0,2023-06-28T21:32:47.000,0.5211881731526091,0.31003159253195633,0.6115726788991083
741259987.0,2023-06-28T21:33:07.000,0.4971986566792985,-0.0897930255483459,0.39778479067331673
741260007.0,2023-06-28T21:33:27.000,0.868548613663922,0.07634090523067627,0.8691453258768966
741260027.0,2023-06-28T21:33:47.000,0.2863182515078222,-0.5820252192867414,0.05752861943486565
741260047.0,2023-06-28T21:34:07.000,0.4785769301185461,-1.2789940798452193,0.009199852846197842
741260067.0,2023-06-28T21:34:27.000,0.012263592408245927,-1.3241383588935562,-1.1177238095405606
741260087.0,2023-06-28T21:34:47.000,-0.38680625742415486,-0.6781664590893577,0.37177851344161184
741260107.0,2023-06-28T21:35:07.000,-1.1309694720074148,-1.4656247015354396,0.2089449555375822
741260127.0,2023-06-28T21:35:27.000,0.5865207906019521,-1.1876915759545525,0.5167233322223019
741260147.0,2023-06-28T21:35:47.000,0.12849915445034554,-1.4855710610994777,-0.2998179005730961
741260167.0,2023-06-28T21:36:07.000,1.6687864509923322,-0.6247100316048027,-0.6203469330223754
741260187.0,2023-06-28T21:36:27.000,-0.08796221817597427,-0.24633432640364106,0.9122856061916096
741260207.0,2023-06-28T21:36:47.000,-0.4980500095341789,-0.22121755387516373,1.575566907541237
741260227.0,2023-06-28T21:37:07.000,0.5288159034666506,-0.1267759284218073,-0.5337899469104457
741260247.0,2023-06-28T21:37:27.000,-1.2844167271097717,-0.821301588505019,0.26293932448018253
741260267.0,2023-06-28T21:37:47.000,0.16217259468653822,-0.04830913552522631,-0.008946956342459345
741260287.0,2023-06-28T21:38:07.000,0.22916715005649735,-0.8283895935545793,-0.5944502714405608
741260307.0,2023-06-28T21:38:27.000,-0.7890203358340564,-1.2699757301448678,0.45329799054361075
741260327.0,2023-06-28T21:38:47.000,-0.3655886346320969,0.1296239976023017,-0.2398080273358083
741260347.0,2023-06-28T21:39:07.000,0.10275049644459244,-0.1978646919642557,0.6076358272544269
741260367.0,2023-06-28T21:39:27.000,0.0757675758800147,-0.3565955785655994,-0.880154268134703
741260387.0,2023-06-28T21:39:47.000,0.22328939237592493,-0.8162583882143082,-0.3007395705800775
741260407.0,2023-06-28T21:40:07.000,0.014980511964246546,-0.5852546189011321,0.16732302023925172
741260427.0,2023-06-28T21:40:27.000,0.5191842305074523,-0.677406992233287,-0.14217420680751047
741260447.0,2023-06-28T21:40:47.000,-1.3773407114836544,-0.37735250933979003,-0.336505688947053
741260467.0,2023-06-28T21:41:07.000,-1.5136652840808118,0.17841743825686152,0.0942502597633954
741260487.0,2023-06-28T21:41:27.000,-0.9722486246754869,-0.4659532894857321,0.1484897404036012
741260507.0,2023-06-28T21:41:47.000,0.32694634020113966,-0.7590868336571077,-0.29984228869794904
741260527.0,2023-06-28T21:42:07.000,0.061534619433256665,-0.10273106302305379,1.8244111782306227
741260547.0,2023-06-28T21:42:27.000,0.257344430332207,-1.5870694687780684,0.32936222222890166
741260567.0,2023-06-28T21:42:47.000,1.3617461500414763,-0.6423436541669325,0.18402548291884813
741260587.0,2023-06-28T21:43:07.000,0.30064919760430797,-1.183442210594965,0.5215972717076411
741260607.0,2023-06-28T21:43:27.000,0.051426112268604385,-0.3206932811639085,-0.887812710947955
741260627.0,2023-06-28T21:43:47.000,0.4916202921090296,-0.4219238208147402,0.36086173779148467
741260647.0,2023-06-28T21:44:07.000,-0.12198053134238052,-0.8288340891615675,0.39189444343001867
741260667.0,2023-06-28T21:44:27.000,0.5524045311844361,-0.9443127126251838,-1.0673740481470517
741260687.0,2023-06-28T21:44:47.000,0.83266731816245,-0.8735287511330014,0.45726468608231485
741260707.0,2023-06-28T21:45:07.000,0.2934274057064812,-0.9969447541169352,-0.37981355973659703
741260727.0,2023-06-28T21:45:27.000,-0.1851046077083751,-0.03695151135074681,-0.7834457288247165
741260747.0,2023-06-28T21:45:47.000,-0.4954436140014451,0.8583097518055638,-1.2948811564328366
741260767.0,2023-06-28T21:46:07.000,0.6805270028165111,-0.890806077469275,-1.4146536213788252
741260787.0,2023-06-28T21:46:27.000,-2.1354663023553933,-0.051372578424579984,0.3340300618770442
741260807.0,2023-06-28T21:46:47.000,0.829665428991877,0.026553455167999118,-0.9087026438647783
741260827.0,2023-06-28T21:47:07.000,1.0097370536366057,0.10716839955460244,0.0729525211906612
741260847.0,2023-06-28T21:47:27.000,-0.17397469748159367,0.16940827227696076,1.1744226399379443
741260867.0,2023-06-28T21:47:47.000,-0.15367689157885778,-0.8984347682150506,0.8687728736744837
741260887.0,2023-06-28T21:48:07.000,0.9136467260750791,-0.9164789238180759,0.3105309363649056
741260907.0,2023-06-28T21:48:27.000,-1.3368571639027493,0.2877575733695181,-0.4756992833976348
741260927.0,2023-06-28T21:48:47.000,0.6968420304453993,-0.8524987674451978,-1.060931739294002
741260947.0,2023-06-28T21:49:07.000,0.5418801554468722,-0.7724378110474106,-0.7509059596455536
741260967.0,2023-06-28T21:49:27.000,0.21546239089564878,-1.0034768341937728,0.6329085044387561
741260987.0,2023-06-28T21:49:47.000,-0.99263887116674,-1.0641176597214752,-0.42759991517593576
741261007.0,2023-06-28T21:50:07.000,-0.57246169458125,-0.3658930286420947,-1.1875854883824921
741261027.0,2023-06-28T21:50:27.000,0.23242879707563446,-0.39673743457147026,0.3026481405155046
741261047.0,2023-06-28T21:50:47.000,0.19313498657025363,0.13292274564369322,-0.2735960791921954
741261067.0,2023-06-28T21:51:07.000,-0.36671324683545947,-0.28615457630110086,-0.2956400477094334
741261087.0,2023-06-28T21:51:27.000,-1.0703689226621016,-0.15470360202884947,-0.6648480873172602
741261107.0,2023-06-28T21:51:47.000,-0.2797031521728499,-1.6562462948455092,-1.523382696622111
741261127.0,2023-06-28T21:52:07.000,0.4200712976798471,-0.8139269420781581,1.0740323251434702
741261147.0,2023-06-28T21:52:27.000,-1.1151155340449748,-1.254133401729085,-0.2966271908100282
741261167.0,2023-06-28T21:52:47.000,-1.3798133649989275,-1.0180709975382563,-0.7583345406958486
741261187.0,2023-06-28T21:53:07.000,-0.07235523290516355,-1.3061092759003579,-0.012623636835851215
741261207.0,2023-06-28T21:53:27.000,-0.6199405255813417,-1.0481585229094037,0.9213629167947879
741261227.0,2023-06-28T21:53:47.000,-0.5014582521556399,-0.48265306668016095,1.5920238819577825
741261247.0,2023-06-28T21:54:07.000,-0.5270552920100258,0.0522174008366072,-0.000981584880044295
741261267.0,2023-06-28T21:54:27.000,0.27618485358704703,-1.632743343760179,-0.4318504034039883
741261287.0,2023-06-28T21:54:47.000,-0.92527582362667,-1.5510698815668356,-0.10102878477136201
741261307.0,2023-06-28T21:55:07.000,0.27646901198385976,0.1965603771081348,-1.1091788999273433
741261327.0,2023-06-28T21:55:27.000,-0.6866891700596511,-0.8706551844150923,-0.44863937861405745
741261347.0,2023-06-28T21:55:47.000,0.622092240687433,-1.0540287958771266,0.45765039108358607
741261367.0,2023-06-28T21:56:07.000,1.707083736568471,0.6752098769435833,0.8999573346546441
741261387.0,2023-06-28T21:56:27.000,-1.0084782639641077,-0.5364950659392242,0.8341852718252163
741261407.0,2023-06-28T21:56:47.000,0.9342620955865577,-1.8150261320237782,-0.39004342232695777
741261427.0,2023-06-28T21:57:07.000,-0.09924590862464555,-0.7226677628646705,-1.023767874608339
741261447.0,2023-06-28T21:57:27.000,-1.478386320930003,-1.2149171132458392,0.9664999437108968
741261467.0,2023-06-28T21:57:47.000,0.223025805856647,-0.6001005181111019,0.2475431627346758
741261487.0,2023-06-28T21:58:07.000,-0.1299081100691879,0.5683092687780444,1.1995227361727423
741261507.0,2023-06-28T21:58:27.000,-1.0591296638717829,0.48841144961730976,1.1026774379585547
741261527.0,2023-06-28T21:58:47.000,0.055675850363368085,-1.7107625487233769,0.9446623259967701
741261547.0,2023-06-28T21:59:07.000,0.5289804464791992,-1.8726796937151846,0.7160876190348553
741261567.0,2023-06-28T21:59:27.000,-0.5466489808814146,-0.13141353468748562,0.6322382281043204
741261587.0,2023-06-28T21:59:47.000,-0.9698271701719108,-1.550900519842191,-0.4533819888519197
741261607.0,2023-06-28T22:00:07.000,-0.6273542265011756,-1.4450166896384786,1.0887001485992975
741261627.0,2023-06-28T22:00:27.000,-0.15627882984370345,-0.7487521539117914,1.0994494623717266
741261647.0,2023-06-28T22:00:47.000,-0.09265932747748451,-1.1150796023873255,0.18932255416714838
741261667.0,2023-06-28T22:01:07.000,-0.6610379509441877,-0.5182273944637217,0.9060941101424191
741261687.0,2023-06-28T22:01:27.000,-0.061077168989065456,-1.9574932155541624,0.697430234863905
741261707.0,2023-06-28T22:01:47.000,-0.4591793318242665,-1.6969344183159762,-0.6557418078201316
741261727.0,2023-06-28T22:02:07.000,-0.8837942849893032,1.5144492695906564,-2.149854372557325
741261747.0,2023-06-28T22:02:27.000,-0.8893990949720987,-1.583035728935922,-0.6016193096702871
741261767.0,2023-06-28T22:02:47.000,-1.137575785170597,-0.3174313363829562,-0.09060118342230083
741261787.0,2023-06-28T22:03:07.000,-0.27479169999455877,0.16189683164080648,-1.1749299095975552
741261807.0,2023-06-28T22:03:27.000,0.13704669835634675,-0.43017198460004735,0.54973694396665
741261827.0,2023-06-28T22:03:47.000,-0.23321472569781676,-0.5823242995139921,-0.648601414809935
741261847.0,2023-06-28T22:04:07.000,-0.29575858115915565,0.2069852577335496,-0.3088681756024947
741261867.0,2023-06-28T22:04:27.000,-0.7420751768072442,-1.774534332110722,0.5658123535368098
741261887.0,2023-06-28T22:04:47.000,0.302633672055741,-0.3008036323359775,1.1480131156371698
741261907.0,2023-06-28T22:05:07.000,-0.37952813408681507,-3.8715811349843143,-0.3774121694166688
741261927.0,2023-06-28T22:05:27.000,0.5306762019485767,-1.923185791252724,-0.9430449225855675
741261947.0,2023-06-28T22:05:47.000,0.595282434978639,-0.2672929281910541,-0.218766899928724
741261967.0,2023-06-28T22:06:07.000,0.22537084355400694,-0.30172130667249775,0.3134405081151037
741261987.0,2023-06-28T22:06:27.000,-0.8706346767528572,-1.7389328416883565,0.2857286642621304
741262007.0,2023-06-28T22:06:47.000,-0.7624748759704758,-1.189722037653329,0.6760787199744378
741262027.0,2023-06-28T22:07:07.000,-1.0158597594123187,-1.5044860686597161,0.16391362643863872
741262047.0,2023-06-28T22:07:27.000,-0.9387903460611469,-1.067938244869726,-0.027173377148415057
741262067.0,2023-06-28T22:07:47.000,0.7166001516178966,-0.35431173971423036,0.6644885907847176
741262087.0,2023-06-28T22:08:07.000,0.609375809212942,1.6136704630853593,-0.5893026818526437
741262107.0,2023-06-28T22:08:27.000,0.07185616355265267,-2.239837741213613,0.25528339105962417
741262127.0,2023-06-28T22:08:47.000,-1.2635576935760007,-1.5978598169263947,0.7895152584036502
741262147.0,2023-06-28T22:09:07.000,0.22112280719799315,-1.0485038068774877,0.3037562672059124
741262167.0,2023-06-28T22:09:27.000,-0.5004312314871306,0.5985800853980372,0.04906971076135136
741262187.0,2023-06-28T22:09:47.000,-0.2978302594214277,-1.5802144575860488,0.8755455185860406
741262207.0,2023-06-28T22:10:07.000,-0.11798489935044287,0.2660547141930536,-0.8627102222269478
741262227.0,2023-06-28T22:10:27.000,-0.4980508974239406,0.42818759931062544,0.12558518628358328
741262247.0,2023-06-28T22:10:47.000,-0.7436342042810296,-0.19417358964046727,-0.1695070742768756
741262267.0,2023-06-28T22:11:07.000,-1.1570092861123982,-1.546814511310668,-0.5443538212857035
741262287.0,2023-06-28T22:11:27.000,0.9518415603038122,-0.6795219411159792,0.05955240637289805
741262307.0,2023-06-28T22:11:47.000,0.4157841074770019,-0.7639410819604286,0.8045516056043311
741262327.0,2023-06-28T22:12:07.000,-0.7968679584524629,-1.3621547904296705,1.4581087717235874
741262347.0,2023-06-28T22:12:27.000,-0.062450295368332576,-0.15850841549314154,-0.02865491310899415
741262367.0,2023-06-28T22:12:47.000,0.12307774889253054,1.1495443046127818,0.7699167625108139
741262387.0,2023-06-28T22:13:07.000,-0.12740240825648286,-1.086873176858738,-0.30307802870721545
741262407.0,2023-06-28T22:13:27.000,-0.6849253020413393,0.22082005011192507,-0.45001552271273226
741262427.0,2023-06-28T22:13:47.000,-0.3868769186676779,-1.8218851653317714,-0.3703599331217333
741262447.0,2023-06-28T22:14:07.000,-0.25820201213777594,-0.4017415312085326,0.3511038579206982
741262467.0,2023-06-28T22:14:27.000,-1.1616149570570222,0.4815157039761431,1.603000719130332
741262487.0,2023-06-28T22:14:47.000,-0.528653639997323,-0.8665747241121124,-0.21175317179711328
741262507.0,2023-06-28T22:15:07.000,0.34464963732938614,-1.3441310388717653,1.3822152954534594
741262527.0,2023-06-28T22:15:27.000,-2.0683818528599573,-0.4886254093339204,0.4797759079355757
741262547.0,2023-06-28T22:15:47.000,-0.24929220134861652,-0.6589203565110502,-1.0945785526628171
741262567.0,2023-06-28T22:16:07.000,-0.3498029167658956,-0.05030662926230889,0.15994483840708895
741262587.0,2023-06-28T22:16:27.000,-0.8613203927088087,-1.2996963569711362,0.9021160172206777
741262607.0,2023-06-28T22:16:47.000,-1.110707067586425,-1.2447405752125107,0.7019002718378076
741262627.0,2023-06-28T22:17:07.000,-1.314046474298891,-1.3405319814197014,-0.2475249680555791
741262647.0,2023-06-28T22:17:27.000,-0.5631602667532931,-0.6852121632094921,0.4872924069920792
741262667.0,2023-06-28T22:17:47.000,-0.9697593407298477,-1.5161285855769258,-0.18325723611933853
741262687.0,2023-06-28T22:18:07.000,1.139338325484296,1.0434847298901317,1.0392191845398635
741262707.0,2023-06-28T22:18:27.000,-1.621878827373635,-0.40047428376821514,-0.7964534299742532
741262727.0,2023-06-28T22:18:47.000,-0.8647499396885472,-1.2710430074447387,1.2484242961074976
741262747.0,2023-06-28T22:19:07.000,-0.351756858474328,-1.3160764001929337,0.9345734965582331
741262767.0,2023-06-28T22:19:27.000,-0.513637096988262,-0.7190804325318823,1.8125712162198049
741262787.0,2023-06-28T22:19:47.000,0.0723726725215812,-0.14275467318247692,0.9778392519699253
741262807.0,2023-06-28T22:20:07.000,-0.22425147119253808,1.1292111903538071,-0.5689725377511223
741262827.0,2023-06-28T22:20:27.000,-0.6766293214388597,-0.08545819428773527,0.27406715187305863
741262847.0,2023-06-28T22:20:47.000,-0.9547580565150149,-1.7354594982754712,-0.6327291867447293
741262867.0,2023-06-28T22:21:07.000,-0.7603817460677398,0.2310436226671264,0.4596790722732891
741262887.0,2023-06-28T22:21:27.000,-0.03143638043212604,-0.3082578597379815,1.4377860489522831
741262907.0,2023-06-28T22:21:47.000,-0.8375079502576099,-1.5213674839587021,2.267497630559223
741262927.0,2023-06-28T22:22:07.000,-0.651731087930596,-1.062422997344381,0.3687274806485341
741262947.0,2023-06-28T22:22:27.000,-0.11957376488958005,-0.8974638485370612,-1.5684742029509202
741262967.0,2023-06-28T22:22:47.000,0.5332682351366635,-0.8266846900695235,1.1562972678014205
741262987.0,2023-06-28T22:23:07.000,-1.621177359589776,-0.6709127860604625,0.09164020912111326
741263007.0,2023-06-28T22:23:27.000,-0.27353162305177037,-0.07959581976857422,0.4992810314519147
741263027.0,2023-06-28T22:23:47.000,-1.4364394568811,-1.2847487021239168,1.0699327548269189
741263047.0,2023-06-28T22:24:07.000,-0.7942125572535375,-0.8746894449740417,0.7226021048190034
741263067.0,2023-06-28T22:24:27.000,-1.540856736736984,-0.6177262248052706,0.7408082694282392
741263087.0,2023-06-28T22:24:47.000,-1.814065810068488,-0.2594222718310668,0.021436587005485563
741263107.0,2023-06-28T22:25:07.000,-0.083978177312094,-0.2905391219609754,0.1875371286930161
741263127.0,2023-06-28T22:25:27.000,0.16657962076394028,-1.8767937344232877,0.5693844655763058
741263147.0,2023-06-28T22:25:47.000,-1.0224821546778173,0.34242106906612335,1.9268626589630244
741263167.0,2023-06-28T22:26:07.000,-0.9949312036239277,-0.939878989036913,-0.32508219203197797
741263187.0,2023-06-28T22:26:27.000,-0.631117740268472,0.26306739436821047,0.18444782904358803
741263207.0,2023-06-28T22:26:47.000,-1.3787730231196171,-1.2923661653840846,0.3630713731994639
741263227.0,2023-06-28T22:27:07.000,-1.2799475726632537,-0.04205596954021118,-0.10496660187708784
741263247.0,2023-06-28T22:27:27.000,-0.6884697260622907,-0.669843056322339,1.2835090004825744
741263267.0,2023-06-28T22:27:47.000,-1.2044535520283617,-0.2134438596201882,-0.2993843636667215
741263287.0,2023-06-28T22:28:07.000,-0.9718450065698825,-0.1003437863800194,0.6193573851454026
741263307.0,2023-06-28T22:28:27.000,-0.6913665576702144,0.2421446691824869,0.6586072051728564
741263327.0,2023-06-28T22:28:47.000,0.07407763922273602,1.0379595132725683,-0.1446092191659254
741263347.0,2023-06-28T22:29:07.000,-0.22994961754729815,-0.866314851055705,1.7900867178899382
741263367.0,2023-06-28T22:29:27.000,-2.268494567259083,-1.9721972969066748,0.6246556569333706
741263387.0,2023-06-28T22:29:47.000,-0.9323430347429884,-1.6003103507689076,1.1981136808669746
741263407.0,2023-06-28T22:30:07.000,0.2754343123911873,-0.7598581513335034,0.6146561180697674
741263427.0,2023-06-28T22:30:27.000,-0.4182735841684604,-1.123729333185608,-0.175259060131161
741263447.0,2023-06-28T22:30:47.000,-1.0834323048714012,-0.17752295480288893,0.18953705325230885
741263467.0,2023-06-28T22:31:07.000,-0.8438377493757976,-0.9902332840705519,0.8666633595111328
741263487.0,2023-06-28T22:31:27.000,-1.0796033875548616,-0.386200939228587,0.6825086461992314
741263507.0,2023-06-28T22:31:47.000,0.4100386038374815,-2.052911129990509,0.6837553827798715
741263527.0,2023-06-28T22:32:07.000,1.5460263327882195,0.5960583818520604,0.34297803740424015
741263547.0,2023-06-28T22:32:27.000,-0.6244261719023925,-1.197971615307658,1.2041254132455492
741263567.0,2023-06-28T22:32:47.000,-1.4778054818864739,-0.6596821030102618,1.5292396775556938
741263587.0,2023-06-28T22:33:07.000,-0.6402725895804373,1.3991695777315627,-0.570532161614512
741263607.0,2023-06-28T22:33:27.000,-2.5270687556866456,-0.2889601878441894,0.4885546907362759
741263627.0,2023-06-28T22:33:47.000,-0.9026671315748303,-0.8544426339462952,-0.1493364067073344
741263647.0,2023-06-28T22:34:07.000,-1.1447321726199,0.20350304984484424,-0.4820969458640967
741263667.0,2023-06-28T22:34:27.000,-0.5794475354869988,-1.652955840569792,-0.4628827040664696
741263687.0,2023-06-28T22:34:47.000,-0.671481932656981,-1.0650496752528937,1.0073721417036552
741263707.0,2023-06-28T22:35:07.000,-0.760339380823094,-0.3398095586581995,-0.6418648975659025
741263727.0,2023-06-28T22:35:27.000,-1.860365422012844,-0.6435668497783986,-1.6111025441412075
741263747.0,2023-06-28T22:35:47.000,-0.03471551875966483,-0.3447167722936406,-0.8361778891630145
741263767.0,2023-06-28T22:36:07.000,-0.5114105287251647,0.2938169394450796,0.17446391318287624
741263787.0,2023-06-28T22:36:27.000,-1.6036311092704203,-0.6306277587131426,-0.04292733958299877
741263807.0,2023-06-28T22:36:47.000,-0.9516142093324298,-0.3779649109691974,0.22482077486341012
741263827.0,2023-06-28T22:37:07.000,-0.8679546110168523,-0.6111505324146727,-0.33389524605187404
741263847.0,2023-06-28T22:37:27.000,0.5820195161487796,-0.8528963844178783,-0.11334639856697137
741263867.0,2023-06-28T22:37:47.000,-1.4394653177429717,-1.0792452969643485,-0.9641768795698447
741263887.0,2023-06-28T22:38:07.000,-0.7223057000182997,0.23808189283380798,-0.4608723821242222
741263907.0,2023-06-28T22:38:27.000,-0.8048768588619915,-0.18145959874704687,1.6711788565659802
741263927.0,2023-06-28T22:38:47.000,-0.5884387455634688,-0.8979472886583295,0.4103261668109148
741263947.0,2023-06-28T22:39:07.000,-0.9745459791155042,0.2753309395808756,0.5048299049126292
741263967.0,2023-06-28T22:39:27.000,-1.7011311060466383,0.37209915002556215,-0.24352911827119073
741263987.0,2023-06-28T22:39:47.000,-1.8825972928571133,-0.27945054966727056,0.4408519923781995
741264007.0,2023-06-28T22:40:07.000,-1.4576254933396093,-1.2311826083299948,-0.21621048168496415
741264027.0,2023-06-28T22:40:27.000,0.1485073027884809,-0.7221678632429729,-0.43652907162350374
741264047.0,2023-06-28T22:40:47.000,-0.8408755061917184,-0.365230241383685,-0.6239790834361436
741264067.0,2023-06-28T22:41:07.000,-0.42644732635155336,0.10313330289779543,0.9792295519450711
741264087.0,2023-06-28T22:41:27.000,-1.295805570045161,-0.2851138382053975,1.941608968736297
741264107.0,2023-06-28T22:41:47.000,-0.9002319344308951,0.8588242688012393,0.5936025114117172
741264127.0,2023-06-28T22:42:07.000,-1.6541544217707482,-0.8736538376075131,0.238782899353307
741264147.0,2023-06-28T22:42:27.000,-1.1056527590813658,0.7830067869751822,0.597165485327622
741264167.0,2023-06-28T22:42:47.000,-1.2191588379173446,-0.016416636250404792,0.37587948483741584
741264187.0,2023-06-28T22:43:07.000,0.0780298419211789,0.12844795667099618,0.3488138111684691
741264207.0,2023-06-28T22:43:27.000,-0.5499343599502104,-0.300348019355301,1.062950536323548
741264227.0,2023-06-28T22:43:47.000,-0.8285111631423092,-0.0018316997585365868,0.3553963440205976
741264247.0,2023-06-28T22:44:07.000,-1.997313724277916,1.6142441177424693,-0.0553706294148526
741264267.0,2023-06-28T22:44:27.000,-1.0043171515761173,0.4400762600664798,-0.11642755066709753
741264287.0,2023-06-28T22:44:47.000,-0.26356894117229857,-0.05824409184951307,0.32570980615931333
741264307.0,2023-06-28T22:45:07.000,-0.6492103010846684,0.6187283448588765,0.05184612745789963
741264327.0,2023-06-28T22:45:27.000,-0.11485217930040648,-0.6914378985034553,1.0034005146097869
741264347.0,2023-06-28T22:45:47.000,-0.23138731027882997,-0.9970744710208201,1.1127783189568419
741264367.0,2023-06-28T22:46:07.000,-0.8009144759735243,-0.3410830180961,0.08440141945342816
741264387.0,2023-06-28T22:46:27.000,-1.5101036893949704,0.6722874365872045,0.5661612599072718
741264407.0,2023-06-28T22:46:47.000,-2.483409773590406,-0.3200712897721836,0.7926295601534683
741264427.0,2023-06-28T22:47:07.000,-0.7739297570474868,-0.4681274585638384,0.17618483602044321
741264447.0,2023-06-28T22:47:27.000,-1.715818614322906,-0.30168873622615777,-0.7453382748989767
741264467.0,2023-06-28T22:47:47.000,-1.24441310289658,-0.19277665717076786,0.3574123241367744
741264487.0,2023-06-28T22:48:07.000,0.14941145763947006,-0.16990238519420942,1.3738525143858205
741264507.0,2023-06-28T22:48:27.000,0.6913239053885079,0.5533877364682915,-0.4362656480072502
741264527.0,2023-06-28T22:48:47.000,-0.5060751552821152,-0.445464148501884,-0.38723720280353646
741264547.0,2023-06-28T22:49:07.000,-1.5370327668295936,-0.29847022493534325,0.8590735600555455
741264567.0,2023-06-28T22:49:27.000,-1.4568223602129393,0.46275724365774096,-0.6591482967110984
741264587.0,2023-06-28T22:49:47.000,-1.362067723975624,-0.6444353845891371,-0.8473933880925877
741264607.0,2023-06-28T22:50:07.000,-1.2676285525259345,-1.3675530110668355,0.50027842322109
741264627.0,2023-06-28T22:50:27.000,-0.33298629563693893,0.40232558464747825,-1.4459513154152503
741264647.0,2023-06-28T22:50:47.000,-1.2919448122317156,-0.5578265775629809,-0.4448415606206346
741264667.0,2023-06-28T22:51:07.000,-2.011139981150656,0.7482953473858522,-0.7082860211005126
741264687.0,2023-06-28T22:51:27.000,-0.6627997558128484,-1.1804969396678189,0.44605248181728285
741264707.0,2023-06-28T22:51:47.000,1.1931571943790686,1.071124471818674,-1.4987249197351282
741264727.0,2023-06-28T22:52:07.000,0.10601805630061634,-0.06733070231357274,-1.6250180002286285
741264747.0,2023-06-28T22:52:27.000,-2.3202978876257774,0.5473018508062033,-0.21543867153583918
741264767.0,2023-06-28T22:52:47.000,-1.3899894428792692,0.4695252020181506,0.4668301490373672
741264787.0,2023-06-28T22:53:07.000,-0.685697760238746,-0.5216139971286893,1.1768968410152958
741264807.0,2023-06-28T22:53:27.000,-0.7807989434671647,-1.941203838606853,-0.374216857934595
741264827.0,2023-06-28T22:53:47.000,-0.6369113951243399,-0.07934187480351795,-0.22183542316422944
741264847.0,2023-06-28T22:54:07.000,0.2076698257025278,-1.1985164292349637,-0.30149766789833166
741264867.0,2023-06-28T22:54:27.000,-0.17989804635965,-0.5639284340497319,-0.41755047606173434
741264887.0,2023-06-28T22:54:47.000,-1.0644431062578619,1.7508819174838486,1.3603529984140827
741264907.0,2023-06-28T22:55:07.000,-1.486903257419403,0.38888311930662667,-0.04111079560109587
741264927.0,2023-06-28T22:55:27.000,-1.8937010691888467,0.6462515757865717,-0.44437108476236276
741264947.0,2023-06-28T22:55:47.000,0.6370754752071939,0.5989509813120186,0.47697509012456507
741264967.0,2023-06-28T22:56:07.000,-0.4776865569100508,0.3875339375403186,0.4569622571670706
741264987.0,2023-06-28T22:56:27.000,-0.9459565340708131,1.1856524319675543,0.8091367525664417
741265007.0,2023-06-28T22:56:47.000,-1.9215409129524907,-0.4911042897348672,2.0241401832987727
741265027.0,2023-06-28T22:57:07.000,-0.6334136335772733,0.6711327355857222,0.22129263951287115
741265047.0,2023-06-28T22:57:27.000,-1.6337782676734136,0.6425702939072409,-1.1961168856711168
741265067.0,2023-06-28T22:57:47.000,0.5472203995604552,0.06696561292152126,-0.0955043592210103
741265087.0,2023-06-28T22:58:07.000,-1.421848387761493,-0.3700263335404408,-1.0061850994058652
741265107.0,2023-06-28T22:58:27.000,-0.32314047277992586,-0.3024609596780081,0.18121608114096688
741265127.0,2023-06-28T22:58:47.000,-1.6637495796723023,-0.02213915850646231,1.1389601960898332
741265147.0,2023-06-28T22:59:07.000,-0.9136131644216228,-0.23094281463853505,1.551044114644906
741265167.0,2023-06-28T22:59:27.000,-0.37856712441497464,-1.0678424799404063,0.7881906405882155
741265187.0,2023-06-28T22:59:47.000,-1.4950475828001686,-1.0916965026308567,0.5024103121531454
741265207.0,2023-06-28T23:00:07.000,0.3213470615603953,0.3373266299289135,-0.8273726358698497
741265227.0,2023-06-28T23:00:27.000,-0.4540242961592611,-0.9584691364916686,0.20303962864343106
741265247.0,2023-06-28T23:00:47.000,-0.39535841114268777,-1.1053343658029569,-0.10758746650241235
741265267.0,2023-06-28T23:01:07.000,-0.7061591186130478,-0.332793791790742,0.5999178529281224
741265287.0,2023-06-28T23:01:27.000,-1.3149598647621552,0.5686583398833989,0.06691429980110186
741265307.0,2023-06-28T23:01:47.000,-0.3607232658575654,-0.5527087146628418,0.4359491896810397
741265327.0,2023-06-28T23:02:07.000,-1.3822982385724991,0.07359772761228456,0.7721271464533608
741265347.0,2023-06-28T23:02:27.000,-1.1907308773984049,-0.6968960835407323,-0.6952648139546547
741265367.0,2023-06-28T23:02:47.000,-0.42329559347686896,0.3513161203283488,0.9570146151549608
741265387.0,2023-06-28T23:03:07.000,-0.455071493254966,-1.0899524933605242,-1.0523693556918623
741265407.0,2023-06-28T23:03:27.000,-0.020669104028314678,1.5412788357593854,-1.1113335389612011
741265427.0,2023-06-28T23:03:47.000,-0.4848084806940989,-0.604609563414904,0.6094776605070074
741265447.0,2023-06-28T23:04:07.000,-1.1293855629035399,1.201710498477393,-0.7056511927117093
741265467.0,2023-06-28T23:04:27.000,-1.0798111176546499,0.6244883650863287,0.533035129368642
741265487.0,2023-06-28T23:04:47.000,-1.3702472647203479,0.9391414900417061,-0.06138217640838661
741265507.0,2023-06-28T23:05:07.000,-1.0792695698147448,0.658268131203954,-0.04355848162163056
741265527.0,2023-06-28T23:05:27.000,-2.27476810304994,1.78024984903713,1.1716485134427579
741265547.0,2023-06-28T23:05:47.000,-0.5380047678360533,0.5874508462677674,-0.3272856849867445
741265567.0,2023-06-28T23:06:07.000,-1.3045499610231381,0.5435676948550849,-0.7176405065534297
741265587.0,2023-06-28T23:06:27.000,-0.8802623436166002,1.4131417992779838,0.43060129931715707
741265607.0,2023-06-28T23:06:47.000,-2.103773030981415,0.454350841183615,1.3333281193128599
741265627.0,2023-06-28T23:07:07.000,-1.3689917977566246,0.9825016383468999,0.8889680612966799
741265647.0,2023-06-28T23:07:27.000,-1.3586611802618442,0.66826133693354,0.694979470772239
741265667.0,2023-06-28T23:07:47.000,-1.885065586693102,-0.947284366215051,-1.4156721340530254
741265687.0,2023-06-28T23:08:07.000,-1.3546442343859155,1.0749971055656893,-0.4687832036553985
741265707.0,2023-06-28T23:08:27.000,-1.7494460045952565,1.1189920005927334,0.11628524809736973
741265727.0,2023-06-28T23:08:47.000,-0.7964898089074524,0.3234812556818234,0.00949797943627928
741265747.0,2023-06-28T23:09:07.000,-0.17137005597911426,-0.822427599223019,0.494572253384451
741265767.0,2023-06-28T23:09:27.000,-0.6012641606600866,0.5447755176635205,0.11622408568889853
741265787.0,2023-06-28T23:09:47.000,-1.3453385317774291,-0.6564422548871462,1.3510822886475538
741265807.0,2023-06-28T23:10:07.000,-0.8705635959449509,0.5725017692248535,0.35980491376319534
741265827.0,2023-06-28T23:10:27.000,-0.4879692679593539,1.2353928974806472,-0.390097850189175
741265847.0,2023-06-28T23:10:47.000,-1.471157866128614,0.04343009941676357,0.842876271778259
741265867.0,2023-06-28T23:11:07.000,-1.7716529615685594,1.0723313487170927,0.6370630000862576
741265887.0,2023-06-28T23:11:27.000,-0.3327748158366006,1.094173452609315,-0.7418786864166194
741265907.0,2023-06-28T23:11:47.000,-0.5611687478035421,0.9612569206951527,0.365474883889938
741265927.0,2023-06-28T23:12:07.000,-1.708457432025856,0.13132493955625435,0.21575153230646293
741265947.0,2023-06-28T23:12:27.000,-1.0432941472071633,0.9690523563921083,-0.15419102128433337
741265967.0,2023-06-28T23:12:47.000,-0.5969130276062273,0.8781664472601314,-0.44365793155920485
741265987.0,2023-06-28T23:13:07.000,-1.6718194632669992,0.19578944875364712,0.7056303921171292
741266007.0,2023-06-28T23:13:27.000,-2.734021009087595,-1.385395566133596,0.33605274246673034
741266027.0,2023-06-28T23:13:47.000,-2.242718217604356,1.2791955603441707,-0.7449170044138143
741266047.0,2023-06-28T23:14:07.000,-0.7150412648315729,-0.919087296435972,0.06211659060451069
741266067.0,2023-06-28T23:14:27.000,-1.1030700215242106,-1.1233441830738045,-0.8051489581384352
741266087.0,2023-06-28T23:14:47.000,-1.6589941659761465,0.8918212462183384,0.21159308498663876
741266107.0,2023-06-28T23:15:07.000,-0.9637961695063701,0.5117171134494392,0.499688250010788
741266127.0,2023-06-28T23:15:27.000,0.04018774869551933,-0.26050430046442585,0.540627330403165
741266147.0,2023-06-28T23:15:47.000,-0.8104577748246911,-0.04722561691705707,-0.06872946914926459
741266167.0,2023-06-28T23:16:07.000,0.8435771773451783,1.563410023641687,1.0746715594089906
741266187.0,2023-06-28T23:16:27.000,-1.5642057863307635,-0.722912072204096,0.22686000727967226
741266207.0,2023-06-28T23:16:47.000,-0.6066264861104287,0.08540650433541686,-0.0074047734943683
741266227.0,2023-06-28T23:17:07.000,-0.5899621849714265,0.017182656464331814,-0.9449701588559734
741266247.0,2023-06-28T23:17:27.000,-0.8561164855369618,-0.2605904818264726,0.06925708816440945
741266267.0,2023-06-28T23:17:47.000,0.07249255662422627,-0.017407215135989418,-0.08377558646799343
741266287.0,2023-06-28T23:18:07.000,0.24700879608374748,1.7076177404429238,-2.22442011094115
741266307.0,2023-06-28T23:18:27.000,-0.40552750677491645,-0.3999464308734879,-1.0332446785166205
741266327.0,2023-06-28T23:18:47.000,0.17379167575048982,-0.2279155081663653,-1.0939429655798527
741266347.0,2023-06-28T23:19:07.000,-0.26354919969717727,0.9295932629993509,0.01420177312416726
741266367.0,2023-06-28T23:19:27.000,-0.631252503235924,0.8411886391113121,0.23410667014944764
741266387.0,2023-06-28T23:19:47.000,-0.06229846325478405,-0.2898634396175659,0.12183425791567615
741266407.0,2023-06-28T23:20:07.000,-0.5713000581275551,0.7987870911718709,-0.24656667041433877
741266427.0,2023-06-28T23:20:27.000,-1.1151676649445719,-0.7331014869493835,-0.7983001453215621
741266447.0,2023-06-28T23:20:47.000,-0.5673263903993586,0.7379610507340928,0.3410831225791888
741266467.0,2023-06-28T23:21:07.000,-0.72521037668416,-0.3506115080931238,0.925281815167267
741266487.0,2023-06-28T23:21:27.000,-0.9716094425016308,-0.842619450180937,0.9690580681231964
741266507.0,2023-06-28T23:21:47.000,0.4210323099829161,-0.3922586209181844,0.048321459766853536
741266527.0,2023-06-28T23:22:07.000,-1.1130306628692743,0.9571537538555219,-0.5433893260020639
741266547.0,2023-06-28T23:22:27.000,-0.7208884490683687,1.1665849920072802,-0.6438218866700041
741266567.0,2023-06-28T23:22:47.000,-0.7607384878371981,0.4687602947806013,1.177883566083615
741266587.0,2023-06-28T23:23:07.000,-0.06214866301590405,-0.3156404241977384,-0.8895794069041507
741266607.0,2023-06-28T23:23:27.000,-0.9410198053116936,0.7361942255146303,0.27407401934631537
741266627.0,2023-06-28T23:23:47.000,-0.8200357070720088,0.6258631614963761,-2.0155538688726438
741266647.0,2023-06-28T23:24:07.000,-0.7732875675126039,-0.05066707906564716,-0.2511679841443737
741266667.0,2023-06-28T23:24:27.000,-2.5404180935884035,0.3349980889355564,-0.4541891521547825
741266687.0,2023-06-28T23:24:47.000,-0.1760406223461075,-0.09825288452836034,-0.47774395119937196
741266707.0,2023-06-28T23:25:07.000,-1.5397746440881654,1.2793111947462243,-0.6071463989232306
741266727.0,2023-06-28T23:25:27.000,1.4892441075997631,-0.28744268322222766,-0.1214159380702462
741266747.0,2023-06-28T23:25:47.000,-0.7037487578687163,0.9048437881631344,-0.6908363877622392
741266767.0,2023-06-28T23:26:07.000,1.499407890481752,-0.3987913248959529,-0.7223739689088404
741266787.0,2023-06-28T23:26:27.000,0.0588260658851425,1.055038461394986,-1.8113255763618774
741266807.0,2023-06-28T23:26:47.000,-1.899423503581854,0.5128678154830979,-0.801759257085255
741266827.0,2023-06-28T23:27:07.000,-1.064853470900129,1.0809005795087145,0.8540665141776316
741266847.0,2023-06-28T23:27:27.000,-1.159247696203014,-0.8973866540196163,-1.4524768987889125
741266867.0,2023-06-28T23:27:47.000,-1.547923190992062,-0.9458532372663697,-0.6094197718464756
741266887.0,2023-06-28T23:28:07.000,-2.2293150367391767,1.4598811090671404,-1.2680480628857183
741266907.0,2023-06-28T23:28:27.000,-0.69088794725225,-0.0790196368671836,-1.2379231637771326
741266927.0,2023-06-28T23:28:47.000,0.3972521471773405,1.4111215810186373,-0.3359426350102446
741266947.0,2023-06-28T23:29:07.000,-1.6975111081118932,0.9345009690076012,0.3573879594931384
741266967.0,2023-06-28T23:29:27.000,-0.6290571362810304,0.4348151737998407,0.2185129238552186
741266987.0,2023-06-28T23:29:47.000,0.6150297660489912,0.07246229916102465,-0.4784193982976248
741267007.0,2023-06-28T23:30:07.000,0.9364044603721311,0.2633179013167286,-0.41844826883519204
741267027.0,2023-06-28T23:30:27.000,0.15562844276617582,1.0083387835035929,-0.41573908665659687
741267047.0,2023-06-28T23:30:47.000,-0.9447041607324458,1.3181229889247525,-0.30679625803164967
741267067.0,2023-06-28T23:31:07.000,-0.03617413288914406,-0.6912833180883204,0.3306833957328337
741267087.0,2023-06-28T23:31:27.000,-1.1749663724303083,-0.16891773433336255,-1.2751558398860219
741267107.0,2023-06-28T23:31:47.000,-1.3684835519112148,0.4391887503341074,0.10153252985034555
741267127.0,2023-06-28T23:32:07.000,-2.0033675410924268,-0.38876900498863165,-1.2232829084024566
741267147.0,2023-06-28T23:32:27.000,-0.5349647295149751,0.06684693878433734,-1.3812214397224132
741267167.0,2023-06-28T23:32:47.000,-0.9605319173044968,0.06362993628661329,-0.4808717260718076
741267187.0,2023-06-28T23:33:07.000,0.5062270676980951,-0.35623050173017035,-0.19291479373961806
741267207.0,2023-06-28T23:33:27.000,-0.7294054679252149,0.8687949679675455,-0.23002201953170598
741267227.0,2023-06-28T23:33:47.000,-0.04177993674359115,0.48537494996558905,-1.6373304994155014
741267247.0,2023-06-28T23:34:07.000,-3.342729089461649,0.2440457701591292,-0.49239119348509774
741267267.0,2023-06-28T23:34:27.000,-1.1673481951746112,0.5983592451852537,0.022989611780932506
741267287.0,2023-06-28T23:34:47.000,-2.427384210268446,0.8240890039035165,-0.7436677984751228
741267307.0,2023-06-28T23:35:07.000,-0.992740107219614,1.3006706116147626,-0.6650503371341543
741267327.0,2023-06-28T23:35:27.000,0.5880173613359574,0.1977036560463219,0.11348201751637532
741267347.0,2023-06-28T23:35:47.000,-1.6594780234635564,0.8462287215293962,-0.4409392347581864
741267367.0,2023-06-28T23:36:07.000,-0.4255296290001098,-1.2316460901495851,-0.834810761585203
741267387.0,2023-06-28T23:36:27.000,0.01676457359600647,-0.269915171413615,-0.8891886148720829
741267407.0,2023-06-28T23:36:47.000,-0.6867804831833801,0.5430793326710592,-0.1463278891389308
741267427.0,2023-06-28T23:37:07.000,-0.1717381876709112,1.5628747020213218,0.13545577389750818
741267447.0,2023-06-28T23:37:27.000,-1.7589600673661998,1.2939102347897524,-0.6164821478638061
741267467.0,2023-06-28T23:37:47.000,-0.17897797487398392,0.5909498794975931,0.7249717305812808
741267487.0,2023-06-28T23:38:07.000,0.6143514681644646,0.4561896273069799,-1.9517744224151201
741267507.0,2023-06-28T23:38:27.000,0.09305733866815658,-0.26786256346333914,-1.0970442746560671
741267527.0,2023-06-28T23:38:47.000,1.3697558886138772,0.9803404889541234,-0.44968771646392014
741267547.0,2023-06-28T23:39:07.000,-1.2155879041686468,0.9576917600284673,0.3077330438139292
741267567.0,2023-06-28T23:39:27.000,-0.25393622351543854,1.1802828585150138,-0.6745441264222052
741267587.0,2023-06-28T23:39:47.000,-0.8866239330052039,1.3265616030322391,-0.03408211493027835
741267607.0,2023-06-28T23:40:07.000,0.6801573313564013,0.8872998140563304,-0.954167908717718
741267627.0,2023-06-28T23:40:27.000,0.35399953042247745,0.6735551030923048,0.8701336576266705
741267647.0,2023-06-28T23:40:47.000,-0.29185770094031227,1.6205854024398114,-1.6043037679658312
741267667.0,2023-06-28T23:41:07.000,-0.6862026120657561,-0.8647090670832469,-0.3190201748437538
741267687.0,2023-06-28T23:41:27.000,0.7010899959913885,0.5879571752465118,-0.1857635890778475
741267707.0,2023-06-28T23:41:47.000,-1.3952046569731813,-0.3124582094060635,-2.0466266525853705
741267727.0,2023-06-28T23:42:07.000,-1.1402948559058323,2.068321025416875,-0.14340132747925338
741267747.0,2023-06-28T23:42:27.000,-0.4096552241428242,-0.21246199216617967,-1.0365672333811915
741267767.0,2023-06-28T23:42:47.000,0.15586955079971432,0.9933418561702823,0.3204856950489443
741267787.0,2023-06-28T23:43:07.000,0.0713277016117786,1.775240083268237,-1.4879696160874367
741267807.0,2023-06-28T23:43:27.000,-0.21002525605329225,1.1183941213799287,-0.06371595078213943
741267827.0,2023-06-28T23:43:47.000,-0.8986414240408358,-1.1734620481651525,-1.2338549663648557
741267847.0,2023-06-28T23:44:07.000,-0.4940894891558578,0.7510725749337865,-0.1250014145859346
741267867.0,2023-06-28T23:44:27.000,-1.261646713002218,-1.04794554121046,-2.453387690171116
741267887.0,2023-06-28T23:44:47.000,1.000180721977273,1.5696365503026222,-0.7305347379360505
741267907.0,2023-06-28T23:45:07.000,-0.6275127417687543,1.3410560100068913,-1.6628747316449477
741267927.0,2023-06-28T23:45:27.000,0.03813531074259302,1.6210387385418024,0.2874139263253639
741267947.0,2023-06-28T23:45:47.000,-1.2318864477833813,-0.41940522151895365,-0.4054017245569419
741267967.0,2023-06-28T23:46:07.000,-0.5840138168400344,-0.2613191647071744,-1.5083477228228226
741267987.0,2023-06-28T23:46:27.000,1.2782606525263418,1.554264283243345,-1.8075986023657897
741268007.0,2023-06-28T23:46:47.000,0.2266034714537568,1.168466089618292,-0.40935827494426036
741268027.0,2023-06-28T23:47:07.000,-1.0213454311291947,-0.7166860079066417,-1.400390132688667
741268047.0,2023-06-28T23:47:27.000,0.2623069148888213,0.3941021425868385,-0.896225389601657
741268067.0,2023-06-28T23:47:47.000,-0.07569986820721297,1.3213597777617103,-0.5985046617640322
741268087.0,2023-06-28T23:48:07.000,-0.32534965638264524,0.3889047757832387,-1.9582458962386085
741268107.0,2023-06-28T23:48:27.000,-0.5784824755217244,0.5352879826392432,-0.5277471659015376
741268127.0,2023-06-28T23:48:47.000,1.05644070415023,0.8133848754199313,0.22852300758380295
741268147.0,2023-06-28T23:49:07.000,-0.08736828310818012,0.973499245582321,0.7718648027399411
741268167.0,2023-06-28T23:49:27.000,-0.10855434947609766,-1.045926758069804,0.849925275359098
741268187.0,2023-06-28T23:49:47.000,0.4508697739158407,0.13007333440340219,-1.4761973759713776
741268207.0,2023-06-28T23:50:07.000,-0.7773194904747704,-0.42984315656857675,0.6928522355509337
741268227.0,2023-06-28T23:50:27.000,-0.6163405981585157,-0.25235297951287095,-0.47311377815439926
741268247.0,2023-06-28T23:50:47.000,0.24767837357719813,-1.0320731211987955,-0.8572750894164649
741268267.0,2023-06-28T23:51:07.000,-0.7396365763856494,0.8897657447159979,-1.4420734815279168
741268287.0,2023-06-28T23:51:27.000,0.32182929418089756,-0.41341443858256,-0.4140496530635751
741268307.0,2023-06-28T23:51:47.000,-0.6303497328441487,1.2459205723791555,-1.2607614119364285
741268327.0,2023-06-28T23:52:07.000,-1.003106188379732,0.5661587385241695,-0.7477667402278065
741268347.0,2023-06-28T23:52:27.000,0.08727350632176112,1.1205030962746498,-0.7762558671187136
741268367.0,2023-06-28T23:52:47.000,0.41892452213865283,0.1681431444411352,-1.3490630285550864
741268387.0,2023-06-28T23:53:07.000,1.1950983186070907,-0.5029734099548655,-1.5642487898648305
741268407.0,2023-06-28T23:53:27.000,1.1088506065681791,1.305514539640118,-0.36222364074856017
741268427.0,2023-06-28T23:53:47.000,-0.32163067209545204,0.9668239825399993,-1.183378688507375
741268447.0,2023-06-28T23:54:07.000,0.06960969017866248,-0.7769868457963014,-1.2767504176891542
741268467.0,2023-06-28T23:54:27.000,0.18038086934124564,-0.5142868368168685,-2.456558161523237
741268487.0,2023-06-28T23:54:47.000,0.3129933943357699,0.4877815475534675,0.10219251928011985
741268507.0,2023-06-28T23:55:07.000,1.648788282337943,0.10024617582704565,-0.9421780949758762
741268527.0,2023-06-28T23:55:27.000,-0.53623221782928,0.3523192095733485,-1.425053719061875
741268547.0,2023-06-28T23:55:47.000,0.8657371468379083,0.6553119682894959,0.2499477442685638
741268567.0,2023-06-28T23:56:07.000,1.039355334597758,-1.2269178164769912,-0.5047144309155982
741268587.0,2023-06-28T23:56:27.000,0.48110765481501616,1.6154752905062075,-1.5762135710639669
741268607.0,2023-06-28T23:56:47.000,-0.540639484614136,0.7306456945799233,-0.47958173349238464
741268627.0,2023-06-28T23:57:07.000,1.1373104210732343,-1.454621862295724,-0.4769645425617419
741268647.0,2023-06-28T23:57:27.000,-0.56177267787616,-1.5088193597856403,-1.1082165763731666
741268667.0,2023-06-28T23:57:47.000,-0.06923235511546721,0.7360697199421118,-1.4466165615401039
741268687.0,2023-06-28T23:58:07.000,-0.5554968824261763,0.5410614255962898,-1.8957007155706584
741268707.0,2023-06-28T23:58:27.000,-0.041131994610310585,-0.5380151665845823,-0.21762345931986005
741268727.0,2023-06-28T23:58:47.000,0.30632342955527747,-0.3410583322760452,-0.9385013440388335
741268747.0,2023-06-28T23:59:07.000,-0.326216831048054,-0.2484933186885918,0.21980480895411603
741268767.0,2023-06-28T23:59:27.000,-0.6028465559748675,0.7491150437299865,-1.1726676913181855
741268787.0,2023-06-28T23:59:47.000,-0.6778904146020892,0.8293033687767348,0.009047371452020059
741268807.0,2023-06-29T00:00:07.000,0.09451755381695293,0.6771533905935989,-1.6222861602743777
741268827.0,2023-06-29T00:00:27.000,0.33609068831319533,0.43301308089160884,-0.5662938149075813
741268847.0,2023-06-29T00:00:47.000,-1.1743979638101365,1.5270648135001785,-0.538677230654816
741268867.0,2023-06-29T00:01:07.000,0.0368383982318754,0.03706576492401581,-0.6117208887435055
741268887.0,2023-06-29T00:01:27.000,-0.8471349784988647,0.19117769174403776,0.7019655422935145
741268907.0,2023-06-29T00:01:47.000,-0.9040706942409216,0.06100281916276984,-2.311410439381767
741268927.0,2023-06-29T00:02:07.000,0.6769864880684651,-0.07657613013689613,-1.141182071706659
741268947.0,2023-06-29T00:02:27.000,0.24642984629563713,0.11064136486993448,0.8522448865289078
741268967.0,2023-06-29T00:02:47.000,0.6578042575311471,-0.49615179145146016,-0.39506285113288797
741268987.0,2023-06-29T00:03:07.000,-0.28120716875079665,1.4382793572131902,-1.307004102413245
741269007.0,2023-06-29T00:03:27.000,0.35162532002752656,-1.4219167249640563,-1.436025430301413
741269027.0,2023-06-29T00:03:47.000,-0.9836670510132706,0.014266649595029435,-0.8668903580977272
741269047.0,2023-06-29T00:04:07.000,0.25817334340372255,1.8572163737240466,0.03825584805605686
741269067.0,2023-06-29T00:04:27.000,0.5174493048043516,-0.3392313696282123,0.599542365320449
741269087.0,2023-06-29T00:04:47.000,-0.3668297921755048,0.0848667767394673,-1.2764134801446225
741269107.0,2023-06-29T00:05:07.000,0.7788294171584553,-1.05818175845096,0.38190575322172293
741269127.0,2023-06-29T00:05:27.000,0.02784032974156858,0.04801283607358542,-1.672842909827832
741269147.0,2023-06-29T00:05:47.000,1.6381343523663716,-0.7139389833987764,0.004542271658802832
741269167.0,2023-06-29T00:06:07.000,1.2717116659066718,1.0417914107052617,-1.4775402340294619
741269187.0,2023-06-29T00:06:27.000,-0.036648686052576096,0.40759735177031686,-1.0284086179646046
741269207.0,2023-06-29T00:06:47.000,-0.35386416260552167,0.21524198680067386,-0.8774458125082596
741269227.0,2023-06-29T00:07:07.000,1.0705441281455563,-0.17386368834637622,-0.6794670907250833
741269247.0,2023-06-29T00:07:27.000,-0.24966191154440764,0.5864292296431373,-0.7552048191472593
741269267.0,2023-06-29T00:07:47.000,0.4376772601344392,0.9142076969448354,0.4571701762823288
741269287.0,2023-06-29T00:08:07.000,1.1106109484404492,-0.6442459558830826,-1.5254251723106904
741269307.0,2023-06-29T00:08:27.000,-0.17433035138791908,0.5774309005945888,-0.18741743680328327
741269327.0,2023-06-29T00:08:47.000,0.19062982186124344,-0.35488089140667256,-1.3447159479262893
741269347.0,2023-06-29T00:09:07.000,0.6963790146530258,-1.5684511003644097,-0.2600246663986283
741269367.0,2023-06-29T00:09:27.000,0.4727085836431222,-0.3364385109505541,-1.4011041078010322
741269387.0,2023-06-29T00:09:47.000,0.127956258821893,1.0325068317329489,-0.5330391377289523
741269407.0,2023-06-29T00:10:07.000,0.44330353664578936,-0.20034643930522122,-1.5485813599780407
741269427.0,2023-06-29T00:10:27.000,1.7707561181357079,-0.43087802249486273,-0.36758277708326403
741269447.0,2023-06-29T00:10:47.000,0.3123056540377256,-0.33175618335823387,-0.33273377633147305
741269467.0,2023-06-29T00:11:07.000,0.11516527981259017,0.60189407811162,-1.1139798196557749
741269487.0,2023-06-29T00:11:27.000,0.652515023746858,0.2714579072193857,-1.2113011017889086
741269507.0,2023-06-29T00:11:47.000,0.2605168631153454,0.5157346191775325,-1.0373585330070156
741269527.0,2023-06-29T00:12:07.000,0.46653917985528537,-0.043495152246553204,-0.5737655436099942
741269547.0,2023-06-29T00:12:27.000,1.6348522206999228,0.01542163783341266,-0.48815144463310034
741269567.0,2023-06-29T00:12:47.000,-0.4424017846060835,0.9281115949111296,0.029950391600142012
741269587.0,2023-06-29T00:13:07.000,-0.9790253249764014,-0.3426781404303192,-1.0549046495667014
741269607.0,2023-06-29T00:13:27.000,0.5930012135668683,0.3169495532029387,0.20059713773390442
741269627.0,2023-06-29T00:13:47.000,-0.5403101737688765,-1.3499020570351128,-1.7598385680717143
741269647.0,2023-06-29T00:14:07.000,-0.10613278845772456,-0.8218094073919602,-0.5175189886630349
741269667.0,2023-06-29T00:14:27.000,-0.5990304705938421,-1.5967219736068294,-0.7158188961575718
741269687.0,2023-06-29T00:14:47.000,0.1181537774286312,-1.4839123331777948,-0.1597119241858458
741269707.0,2023-06-29T00:15:07.000,0.4175661383332141,-0.40474292354319985,-1.8748703944027056
741269727.0,2023-06-29T00:15:27.000,2.294991084106357,0.9321423425801001,-0.7796640983492864
741269747.0,2023-06-29T00:15:47.000,1.0983553567656124,0.05258988717837809,-0.47394481289542156
741269767.0,2023-06-29T00:16:07.000,0.3255569526627866,0.10846474558512398,-1.436530114895529
741269787.0,2023-06-29T00:16:27.000,-0.38690326512602624,-0.38274257513348786,-0.7188051596607181
741269807.0,2023-06-29T00:16:47.000,-0.6171716034897301,0.1752309862879109,0.11815264370218515
741269827.0,2023-06-29T00:17:07.000,0.8837781911297249,-0.09168691719185773,-1.0697542788262737
741269847.0,2023-06-29T00:17:27.000,0.901393178431853,-0.190123989485258,-1.3183539759875629
741269867.0,2023-06-29T00:17:47.000,0.24096218307345652,0.45230743317414834,-1.5521383718297699
741269887.0,2023-06-29T00:18:07.000,0.16139445286889043,-0.03611637738876183,-1.8263068226720414
741269907.0,2023-06-29T00:18:27.000,1.2864309810400876,0.4247953526936854,0.17061392858508384
741269927.0,2023-06-29T00:18:47.000,0.2656386080768236,0.09223772838851119,-0.5075938240728384
741269947.0,2023-06-29T00:19:07.000,-0.2662946261167143,0.9738721823637775,-2.5799656940828086
741269967.0,2023-06-29T00:19:27.000,0.08907960102888524,0.274905955699456,-1.1100983662304387
741269987.0,2023-06-29T00:19:47.000,0.004150575183548,0.061619642321986134,-0.34426658783726083
741270007.0,2023-06-29T00:20:07.000,0.7549777779947142,-0.3240535470627748,-1.8059066865250273
741270027.0,2023-06-29T00:20:27.000,2.2982467273946483,-0.9368295748823918,-2.0296342121306488
741270047.0,2023-06-29T00:20:47.000,1.2558195705336672,-0.978617709235241,-1.5651823685458588
741270067.0,2023-06-29T00:21:07.000,-0.07022025031444556,0.5904023876790454,-1.2213217640888452
741270087.0,2023-06-29T00:21:27.000,0.21860270263962533,-1.063649566390712,-0.518476617739072
741270107.0,2023-06-29T00:21:47.000,1.0273978777397552,-0.00919526491616196,-1.3849434192803045
741270127.0,2023-06-29T00:22:07.000,-0.28870693622451427,-0.7537221736741984,-1.085080295881724
741270147.0,2023-06-29T00:22:27.000,1.6508999945430425,0.42525076213717483,0.2819544978494015
741270167.0,2023-06-29T00:22:47.000,-0.04474970610734985,0.43416696831055646,-0.2037325622539221
741270187.0,2023-06-29T00:23:07.000,0.9799702953450229,-1.0346075161260515,-1.006026116578962
741270207.0,2023-06-29T00:23:27.000,-0.5306283692774194,-0.5599237012043901,-1.1180797463872238
741270227.0,2023-06-29T00:23:47.000,0.5766913379834371,0.03289313961207796,0.7950181229010589
741270247.0,2023-06-29T00:24:07.000,-0.48655159694543926,-1.9771785900180028,-2.020722220386073
741270267.0,2023-06-29T00:24:27.000,-1.2467397099036326,-0.1950562377284193,-1.2536489091163894
741270287.0,2023-06-29T00:24:47.000,0.9700082608143923,-0.5451184195037762,-0.7737947917085819
741270307.0,2023-06-29T00:25:07.000,-0.12403375659886251,-0.45844618637991275,-1.8882164199873763
741270327.0,2023-06-29T00:25:27.000,0.23183691036932075,0.7416091532874702,-1.3978524921243185
741270347.0,2023-06-29T00:25:47.000,0.7916534087937244,-0.6684430608361325,-1.1710214815496833
741270367.0,2023-06-29T00:26:07.000,1.0699142049985788,0.0013304223722698794,0.07993638934111758
741270387.0,2023-06-29T00:26:27.000,0.7581307784554348,1.3540410428225513,-1.2651622115611438
741270407.0,2023-06-29T00:26:47.000,-0.06311456310914565,-0.23841179457306794,-1.5089692485203976
741270427.0,2023-06-29T00:27:07.000,-0.6352054793490325,0.004090576677384661,-0.12200220360636393
741270447.0,2023-06-29T00:27:27.000,1.095689625196794,0.09686271631448307,-0.7564846065899467
741270467.0,2023-06-29T00:27:47.000,0.7317081989643981,0.8165426078954319,-0.8459897978485564
741270487.0,2023-06-29T00:28:07.000,-0.03212732446744582,0.41130630841212934,-1.0048081165447975
741270507.0,2023-06-29T00:28:27.000,-1.362889747491547,1.4984876361423538,-0.5943170658606611
741270527.0,2023-06-29T00:28:47.000,-0.6848501449607802,-0.19020096667654585,-1.385314556967554
741270547.0,2023-06-29T00:29:07.000,0.3164772020114448,-0.7338593229433421,0.17361240681745826
741270567.0,2023-06-29T00:29:27.000,-0.6512801351221675,-0.8292044901381246,-0.06688071320093414
741270587.0,2023-06-29T00:29:47.000,0.10699516083123584,-1.014781202368642,-1.0362135996255795
741270607.0,2023-06-29T00:30:07.000,0.526441198600569,0.04546403720162573,0.14740117436629063
741270627.0,2023-06-29T00:30:27.000,-1.0181632506434113,-1.0098174748063293,-1.251262493950911
741270647.0,2023-06-29T00:30:47.000,1.263943211060603,0.19558624047011364,-1.6811529170768225
741270667.0,2023-06-29T00:31:07.000,0.7620309578681983,1.131563930589774,-0.9937055258313343
741270687.0,2023-06-29T00:31:27.000,0.8355340879173667,-0.09602296368038665,0.6931450645453197
741270707.0,2023-06-29T00:31:47.000,1.5101696035357826,-0.5439212792168746,-0.41945534852150246
741270727.0,2023-06-29T00:32:07.000,1.0276497602879076,-1.0845493035982479,-0.488984598612241
741270747.0,2023-06-29T00:32:27.000,-0.8402156460585175,0.2987762375172842,-0.16944720889755516
741270767.0,2023-06-29T00:32:47.000,0.6941116073910791,-0.8173733912708592,-0.5007750320751292
741270787.0,2023-06-29T00:33:07.000,1.4996136562861473,-0.48682823192702784,-1.1400645031689471
741270807.0,2023-06-29T00:33:27.000,0.8303264912967734,-1.3817246189540278,0.8722601915756023
741270827.0,2023-06-29T00:33:47.000,1.525320779682815,-0.7096890590863048,-1.504019762565978
741270847.0,2023-06-29T00:34:07.000,0.6309786411362595,-1.0447228025678434,-0.8586395584875284
741270867.0,2023-06-29T00:34:27.000,1.1953367111461333,0.39007413445979466,-1.8414155884771688
741270887.0,2023-06-29T00:34:47.000,-0.6114423514169687,-0.7920069785005701,-1.1346961892422236
741270907.0,2023-06-29T00:35:07.000,-0.6025901014838908,0.2183805226985136,-1.253180014859634
741270927.0,2023-06-29T00:35:27.000,0.7249278163423689,-0.1637482863636741,-0.3297436319993352
741270947.0,2023-06-29T00:35:47.000,1.2043395226091214,-0.6101469387731484,0.2889630654423492
741270967.0,2023-06-29T00:36:07.000,0.6967000138802248,-0.746236048654314,-0.840353589715015
741270987.0,2023-06-29T00:36:27.000,-0.18097891945068056,-2.581998425432719,-2.130496246655067
741271007.0,2023-06-29T00:36:47.000,-0.28812053503024515,0.6571923712561656,-1.38031731621302
741271027.0,2023-06-29T00:37:07.000,0.04053660700442663,-1.0458702090376804,-1.8492257583879734
741271047.0,2023-06-29T00:37:27.000,0.9437126689437747,-1.1841967111569929,-0.28324169772941943
741271067.0,2023-06-29T00:37:47.000,-0.2803726046662902,0.8577369776441301,-1.189073711427291
741271087.0,2023-06-29T00:38:07.000,-0.9175877339617777,-0.2543231260254686,-0.398030546422401
741271107.0,2023-06-29T00:38:27.000,1.304430163617809,-0.9249475502182136,-1.3112445158669495
741271127.0,2023-06-29T00:38:47.000,0.3497128565399521,-0.4094057789783001,0.1916238988153296
741271147.0,2023-06-29T00:39:07.000,-0.8837895751567793,-0.4964419585751223,-1.2482357681808942
741271167.0,2023-06-29T00:39:27.000,1.3648809452315724,0.5759631063084747,-0.8935642121565834
741271187.0,2023-06-29T00:39:47.000,0.5943003213548792,1.1601455153886775,-0.8170002430918366
741271207.0,2023-06-29T00:40:07.000,1.0556273419393136,0.126851572979092,-1.5678294706167328
741271227.0,2023-06-29T00:40:27.000,0.30845364262788166,0.5538438550112268,-0.8889104991749441
741271247.0,2023-06-29T00:40:47.000,0.9427021596342122,-0.938753975820994,-2.0095718865298373
741271267.0,2023-06-29T00:41:07.000,0.6289182476137967,-0.8569003685288124,0.13990676943631541
741271287.0,2023-06-29T00:41:27.000,-0.49368116321613087,0.5788385394667195,0.9934143790246708
741271307.0,2023-06-29T00:41:47.000,0.34561784990616573,-0.41250458235886356,-0.8292435200507597
741271327.0,2023-06-29T00:42:07.000,0.9159076853615389,-0.7029414173076454,-0.3207079054323714
741271347.0,2023-06-29T00:42:27.000,0.8752341545514852,-0.5002360546124685,0.11421900901753546
741271367.0,2023-06-29T00:42:47.000,0.021440349295964722,-0.10315040734898417,-1.8226069120608202
741271387.0,2023-06-29T00:43:07.000,0.3086698098120344,-0.7577455288898527,-0.6234768970436733
741271407.0,2023-06-29T00:43:27.000,0.48721424618092257,-0.782073628957658,-0.8553788300669218
741271427.0,2023-06-29T00:43:47.000,1.2596462587666224,-0.43750502787265333,-2.0986432248681908
741271447.0,2023-06-29T00:44:07.000,0.38309864131003124,-0.4295860201231072,-0.28761167081281513
741271467.0,2023-06-29T00:44:27.000,0.22432261188587432,-0.9874695254818988,0.5334993926631171
741271487.0,2023-06-29T00:44:47.000,1.5406067222611952,-1.542045735036801,-0.06926647319049906
741271507.0,2023-06-29T00:45:07.000,0.8687900556303418,-0.16006060350459705,-2.2073833469749005
741271527.0,2023-06-29T00:45:27.000,1.9692070325705302,-0.5999287406188714,-0.6362413502380981
741271547.0,2023-06-29T00:45:47.000,0.09887270692177097,-1.9420972836581285,-0.1343474758441765
741271567.0,2023-06-29T00:46:07.000,1.2880008026461276,-1.3500377111563822,0.3611053160823552
741271587.0,2023-06-29T00:46:27.000,-0.8281803730803006,-0.8623185599243577,-0.2587101846418527
741271607.0,2023-06-29T00:46:47.000,0.09356635080060016,0.2721031194696799,0.08226557605128804
741271627.0,2023-06-29T00:47:07.000,0.7863543483033197,-0.05028893035330384,-0.5388701762809589
741271647.0,2023-06-29T00:47:27.000,1.4470926044118926,-0.14780425829918897,-0.31588387082726044
741271667.0,2023-06-29T00:47:47.000,0.7373503910446111,-0.7085916066573716,0.3934006271744117
741271687.0,2023-06-29T00:48:07.000,-0.6858500464224093,-1.9254035141913484,-0.6011031655428489
741271707.0,2023-06-29T00:48:27.000,-0.2458702559215986,-1.080138866815794,0.3191720667095055
741271727.0,2023-06-29T00:48:47.000,-0.024362810302491766,-0.2202585534627488,-0.24004556216095096
741271747.0,2023-06-29T00:49:07.000,0.9296698109007018,-1.104016753417092,-0.607004602948269
741271767.0,2023-06-29T00:49:27.000,0.23127917854193214,-0.47682476883581515,-2.7293555604268604
741271787.0,2023-06-29T00:49:47.000,0.3391951784448288,-1.3175094418782507,-0.5019288427554613
741271807.0,2023-06-29T00:50:07.000,0.7461165411837278,-0.9500924471161909,-0.6272472462098833
741271827.0,2023-06-29T00:50:27.000,-1.128546013640097,-0.4358610131816043,-1.6585055327422715
741271847.0,2023-06-29T00:50:47.000,0.05674705492175747,-1.984781076058706,0.21578110218634095
741271867.0,2023-06-29T00:51:07.000,-0.06273310640958485,0.2102370856738034,-1.2880827530592498
741271887.0,2023-06-29T00:51:27.000,1.3455634971570873,0.906958769086863,-0.8160082221264631
741271907.0,2023-06-29T00:51:47.000,0.855410741174012,-1.5983750081161041,-1.5895750944849851
741271927.0,2023-06-29T00:52:07.000,0.857625003081175,-0.558037249875909,-0.8856819072478039
741271947.0,2023-06-29T00:52:27.000,1.6463237602182268,-1.5765135500056537,0.17173095845368636
741271967.0,2023-06-29T00:52:47.000,1.1169639146269006,-1.023876728867279,0.13544737534898488
741271987.0,2023-06-29T00:53:07.000,0.4683946408734485,-0.6471684151576618,-0.5891598061746883
741272007.0,2023-06-29T00:53:27.000,-0.2420523741775149,-0.9629609407202366,0.5126512708009123
741272027.0,2023-06-29T00:53:47.000,-0.0073726501237381115,-0.011236321839636076,-0.022682171507693027
741272047.0,2023-06-29T00:54:07.000,1.2970551695357102,-1.2977545465586715,-0.4247266774948244
741272067.0,2023-06-29T00:54:27.000,1.103986039885374,-1.2979604079865759,-1.7660291329657518
741272087.0,2023-06-29T00:54:47.000,0.10157166238089488,-0.7422424022740515,-0.946590857064944
741272107.0,2023-06-29T00:55:07.000,-0.4228929393335079,-1.2715744535984896,-0.8610558525523615
741272127.0,2023-06-29T00:55:27.000,0.09282678319344484,-1.472317020567715,-0.6386247199396955
741272147.0,2023-06-29T00:55:47.000,1.1413735629961508,-0.8423853744887744,0.9745506908465096
741272167.0,2023-06-29T00:56:07.000,0.582872666032852,0.2937032065886136,-0.9693338898220105
741272187.0,2023-06-29T00:56:27.000,-0.09512507638254064,-1.4905459928660214,-0.6221103385439797
741272207.0,2023-06-29T00:56:47.000,-0.06877442771946463,0.924873333185694,-0.28204346071980524
741272227.0,2023-06-29T00:57:07.000,0.4732230250992231,-0.9007794198212515,0.20605580974830673
741272247.0,2023-06-29T00:57:27.000,-0.05219599189532076,-0.7349559469349565,-0.6387971314247842
741272267.0,2023-06-29T00:57:47.000,0.9442557663441598,-1.0445612488307887,-0.6862665325013673
741272287.0,2023-06-29T00:58:07.000,0.6450055041073988,-0.7777312113654844,-0.4844679723059464
741272307.0,2023-06-29T00:58:27.000,1.0780270968901995,-0.5160156885453127,0.01452953863889661
741272327.0,2023-06-29T00:58:47.000,0.4592767710476231,-0.07717797281259209,0.5917513675068875
741272347.0,2023-06-29T00:59:07.000,0.4946013801521154,0.2256616454032745,-1.606843427282012
741272367.0,2023-06-29T00:59:27.000,0.36664128756358494,-1.8059912179402282,-0.9549829143473687
741272387.0,2023-06-29T00:59:47.000,-0.15337583399999133,-1.2096634724900746,-0.44689055579416603
741272407.0,2023-06-29T01:00:07.000,-0.545911666438581,-2.3818531533770226,0.6633508860209858
741272427.0,2023-06-29T01:00:27.000,-0.6615359007922095,0.496184343712347,0.005516683909689846
741272447.0,2023-06-29T01:00:47.000,0.7936894781068737,-0.6692042836875522,0.1529467562932929
741272467.0,2023-06-29T01:01:07.000,2.2037239755690052,-1.3844893259506996,-1.3153365256313165
741272487.0,2023-06-29T01:01:27.000,1.3533494871764695,-0.2962668756656406,-1.5776272658918344
741272507.0,2023-06-29T01:01:47.000,-0.8854545923808743,-1.9635871546408445,-1.1529520245190383
741272527.0,2023-06-29T01:02:07.000,0.07440175119333148,-0.34949441357623456,-1.01967678477477
741272547.0,2023-06-29T01:02:27.000,-0.18508770679437347,-0.4463910686758332,-0.24928687387681947
741272567.0,2023-06-29T01:02:47.000,-0.7177808397651475,-0.35573051797577193,-0.3402147815134704
741272587.0,2023-06-29T01:03:07.000,0.6085628347918259,-1.1537277185613704,-0.3175124955290265
741272607.0,2023-06-29T01:03:27.000,0.16548407963945522,-0.3978357913436703,-1.3317002832802238
741272627.0,2023-06-29T01:03:47.000,-0.07465552452901036,-1.0770608250609826,0.5210441772041108
741272647.0,2023-06-29T01:04:07.000,1.6690940883745675,-0.5989540818984729,-0.6594234072121452
741272667.0,2023-06-29T01:04:27.000,0.6734755274129256,-1.1210897145619292,-0.999361791220732
741272687.0,2023-06-29T01:04:47.000,1.1370938160393251,-1.503625823517929,-0.7188447630479544
741272707.0,2023-06-29T01:05:07.000,0.895656395449862,-0.30447599271843373,0.355837999299613
741272727.0,2023-06-29T01:05:27.000,0.7523805961917596,-1.045982892200481,1.5521123294948147
741272747.0,2023-06-29T01:05:47.000,0.8074860073592482,-1.033420253537809,0.16877367050582848
741272767.0,2023-06-29T01:06:07.000,-0.09136590783942466,-0.5424472807602498,-0.4170631195399288
741272787.0,2023-06-29T01:06:27.000,1.3025438316605076,-0.49953677681013886,-0.6310050161384417
741272807.0,2023-06-29T01:06:47.000,-0.04198039962322042,0.3326725019792143,0.5059874110036056
741272827.0,2023-06-29T01:07:07.000,1.3311064034682296,-1.1347209316836526,-0.4571780365281164
741272847.0,2023-06-29T01:07:27.000,0.8688048553917582,-1.7966707143712846,-0.46968873563812963
741272867.0,2023-06-29T01:07:47.000,0.20344836728636295,-0.20410756398359098,-0.6799491187092777
741272887.0,2023-06-29T01:08:07.000,0.9311569968417643,-1.7836000630433446,0.43632007933336325
741272907.0,2023-06-29T01:08:27.000,0.7006257043862263,0.9149039236544532,-0.5683051394145266
741272927.0,2023-06-29T01:08:47.000,0.5087592603536528,-1.153412004739618,-0.7183940185728765
741272947.0,2023-06-29T01:09:07.000,0.9516806286025137,-0.9934162603530972,-0.6142287892307863
741272967.0,2023-06-29T01:09:27.000,0.2699453106713712,-1.2036014366167969,0.5232356009465811
741272987.0,2023-06-29T01:09:47.000,-0.8177434397960148,-1.9090274077870895,0.1912641982459995
741273007.0,2023-06-29T01:10:07.000,0.6009133562745461,-0.013495422712672678,-0.4590163153572746
741273027.0,2023-06-29T01:10:27.000,0.03457037469623003,-0.20749638677264315,-0.7260750838233854
741273047.0,2023-06-29T01:10:47.000,-0.5989956473495539,-2.5009848111823274,0.4166701053520683
741273067.0,2023-06-29T01:11:07.000,0.5968523515087476,-0.4886442275475744,-0.20580537594128145
741273087.0,2023-06-29T01:11:27.000,1.5846797423946235,-1.1240071169149601,-0.467038935159092
741273107.0,2023-06-29T01:11:47.000,0.28222717955994625,-0.17369980040982114,-0.06786912452039218
741273127.0,2023-06-29T01:12:07.000,0.5058493391829622,-1.1441914513188323,0.6187638895260861
741273147.0,2023-06-29T01:12:27.000,-0.5092140197504591,-1.7131863025876548,-1.5092125457694117
741273167.0,2023-06-29T01:12:47.000,0.361434008822048,-1.591624651242629,-0.1704849909578421
741273187.0,2023-06-29T01:13:07.000,-0.8422295986298955,-0.7480129638692823,-0.19466901554077154
741273207.0,2023-06-29T01:13:27.000,0.01948397230222554,-2.5430841617546385,0.8450733521625509
741273227.0,2023-06-29T01:13:47.000,-0.8329915022753376,-0.7794784424253187,-1.3992457542633119
741273247.0,2023-06-29T01:14:07.000,0.07485618818137141,-0.8294629338712056,-0.30182006420798047
741273267.0,2023-06-29T01:14:27.000,-0.1967790409618253,-0.7568270819380274,-0.3659716377613087
741273287.0,2023-06-29T01:14:47.000,0.9140992895950717,-2.9654161918690747,0.48916468965432003
741273307.0,2023-06-29T01:15:07.000,0.6233471204541985,-0.28968692761255355,-0.21379560948275866
741273327.0,2023-06-29T01:15:27.000,-0.031260253552378714,-2.0077678236973817,-1.0979544950884268
741273347.0,2023-06-29T01:15:47.000,-0.189885563606218,-2.147697967602724,-0.2874791812934596
741273367.0,2023-06-29T01:16:07.000,-0.8533025323664845,0.007265531309919027,-0.5360510058172174
741273387.0,2023-06-29T01:16:27.000,1.1436682614940352,-1.338339925616161,-0.18814785732734762
741273407.0,2023-06-29T01:16:47.000,0.3083939203341046,-1.3812667220336472,-0.9970983592122451
741273427.0,2023-06-29T01:17:07.000,0.392515885194733,0.21701143765318065,0.8409461827230125
741273447.0,2023-06-29T01:17:27.000,-0.6079363351396694,-0.7124615857279082,0.5748622929013791
741273467.0,2023-06-29T01:17:47.000,2.0893361866947124,-1.577150285603235,-1.4696991374241186
741273487.0,2023-06-29T01:18:07.000,1.4552318547189635,-1.2960319381694063,0.0059856638312538735
741273507.0,2023-06-29T01:18:27.000,-0.2968130455749396,-0.7184105719981737,-0.6670977552358792
741273527.0,2023-06-29T01:18:47.000,-1.027684652976646,-0.6116008640533188,-0.350149415728751
741273547.0,2023-06-29T01:19:07.000,0.5911679968217953,-1.6175225447057073,-0.5809737983031305
741273567.0,2023-06-29T01:19:27.000,-0.16793848588436688,-0.4593854380230411,-0.837554628652093
741273587.0,2023-06-29T01:19:47.000,-0.13052416081293927,0.9264222260663146,-0.5982530775439088
741273607.0,2023-06-29T01:20:07.000,0.45223902009894346,-0.18950499792724784,0.8672854336366775
741273627.0,2023-06-29T01:20:27.000,0.16522052815881594,-1.5610587920988905,0.3786118344506484
741273647.0,2023-06-29T01:20:47.000,1.2664719528099333,-0.3928159278521193,0.3170127439555692
741273667.0,2023-06-29T01:21:07.000,0.29250026640781357,-0.4530638495370276,-0.394784717583363
741273687.0,2023-06-29T01:21:27.000,0.48890395485390314,-2.160385932481468,-0.05835347954841197
741273707.0,2023-06-29T01:21:47.000,0.7935080591936483,1.0013658646612633,0.6792727961446587
741273727.0,2023-06-29T01:22:07.000,-0.9730206614766423,-0.7421768836168852,0.6148596391364336
741273747.0,2023-06-29T01:22:27.000,-0.15788423495255444,-0.8250865743297808,-0.27197883089025154
741273767.0,2023-06-29T01:22:47.000,1.3041122012280582,-1.5960898430256165,2.114728908186869
741273787.0,2023-06-29T01:23:07.000,-0.7336941914681816,-1.6015731234220176,0.8782143340879678
741273807.0,2023-06-29T01:23:27.000,-0.10529550225069073,-1.3171195520578216,-0.5051958171797821
741273827.0,2023-06-29T01:23:47.000,0.6454130633271049,-1.4356144989791098,-0.2143002259313853
741273847.0,2023-06-29T01:24:07.000,0.7399341116820501,-0.5280279252506404,-0.12334914759604132
741273867.0,2023-06-29T01:24:27.000,-0.08519399382622694,-1.0935498699238266,-0.23215082642913387
741273887.0,2023-06-29T01:24:47.000,0.7630416447024224,-0.8164516574482583,-0.036751996745909565
741273907.0,2023-06-29T01:25:07.000,-0.20895305675727727,-1.426222991907089,-0.2896502090843356
741273927.0,2023-06-29T01:25:27.000,-0.9076126957996422,-0.9983555618209294,0.8059408104887922
741273947.0,2023-06-29T01:25:47.000,0.06761030755253472,-1.0919206211212895,0.23132340140064045
741273967.0,2023-06-29T01:26:07.000,-0.3957928886966222,-0.7101744087467665,-0.17249480720460397
741273987.0,2023-06-29T01:26:27.000,-0.38298276363590844,-1.6004732697805224,1.27650185801631
741274007.0,2023-06-29T01:26:47.000,0.3573023673597575,-2.024213293883026,1.4046324734007243
741274027.0,2023-06-29T01:27:07.000,1.3566695196254308,-0.13913483078997757,0.46193232599023304
741274047.0,2023-06-29T01:27:27.000,-0.8948785002349524,-0.5440398709533056,0.5182357457833575
741274067.0,2023-06-29T01:27:47.000,0.35930978745657427,-1.6827892451831694,1.35083372031497
741274087.0,2023-06-29T01:28:07.000,-0.13541776746617273,-0.9120016851382751,-0.9447955711450184
741274107.0,2023-06-29T01:28:27.000,-1.4887455486056744,-1.6141899106369983,-0.6587013509640194
741274127.0,2023-06-29T01:28:47.000,-1.2890850472069282,-1.382263970817199,0.4718275964932239
741274147.0,2023-06-29T01:29:07.000,0.15392341508047025,-0.22348758517143352,0.8068962860541262
741274167.0,2023-06-29T01:29:27.000,1.421951967839341,0.3439034079177894,-1.0007213243734547
741274187.0,2023-06-29T01:29:47.000,-0.029511219734601468,-1.3801919694800269,-0.99257661733132
741274207.0,2023-06-29T01:30:07.000,0.2881291103706829,-1.7396887023291008,-0.30497697657283496
741274227.0,2023-06-29T01:30:27.000,-0.4524816124451547,0.28563825974492474,0.6069468982072834
741274247.0,2023-06-29T01:30:47.000,0.43368495514783945,-2.2672467858142475,0.625074880955534
741274267.0,2023-06-29T01:31:07.000,-0.2800370755950965,-0.2065287354136025,-0.06267083558775255
741274287.0,2023-06-29T01:31:27.000,-0.40862185548551366,-0.8666906594068102,-0.5772398603109963
741274307.0,2023-06-29T01:31:47.000,-0.26488356261733514,-0.3120542820478356,-0.05867048846752709
741274327.0,2023-06-29T01:32:07.000,-1.406537647885564,-1.6297686344146634,1.4235409766638618
741274347.0,2023-06-29T01:32:27.000,0.6559827721686062,-1.9869669841132698,-0.7159672492540459
741274367.0,2023-06-29T01:32:47.000,-0.6550834622420787,-0.06341561532563489,-0.03229468106269451
741274387.0,2023-06-29T01:33:07.000,-0.4985105248600519,-1.7934511002293263,0.07849365247780682
741274407.0,2023-06-29T01:33:27.000,-0.48926479394584277,-1.0924057930572495,-0.14016866853872045
741274427.0,2023-06-29T01:33:47.000,-1.7873406869206576,-0.9809971207364043,-1.1059420776171613
741274447.0,2023-06-29T01:34:07.000,0.1434362770891262,-1.6631711236558822,-0.2289931537724499
741274467.0,2023-06-29T01:34:27.000,-1.3926364008987058,-0.7836850723030864,1.2178107602345278
741274487.0,2023-06-29T01:34:47.000,0.7275504902870544,-1.0527025598561224,0.04818048943144859
741274507.0,2023-06-29T01:35:07.000,-0.4469362317904846,-1.214766573365278,-0.18312172308521113
741274527.0,2023-06-29T01:35:27.000,-0.056433653883303236,-0.742632657568798,-0.990337388429019
741274547.0,2023-06-29T01:35:47.000,0.1612048162624724,-1.16504871853218,0.17299212049515234
741274567.0,2023-06-29T01:36:07.000,0.6153370584072171,-3.4687336942784697,0.5074979028019122
741274587.0,2023-06-29T01:36:27.000,0.22784389048791098,-2.2691287552945028,0.46865103747739667
741274607.0,2023-06-29T01:36:47.000,-0.6782799060078837,-1.0581544831023137,-0.40756727809343474
741274627.0,2023-06-29T01:37:07.000,0.8807341428829218,0.04009839656982095,0.14550138883739905
741274647.0,2023-06-29T01:37:27.000,-1.0031367585927597,-1.4746508248841828,-0.44209968872443994
741274667.0,2023-06-29T01:37:47.000,-0.9464127039393588,-1.3013140902851106,0.021628535695761286
741274687.0,2023-06-29T01:38:07.000,0.6094190495575802,-1.7930693191559044,0.5563509515082998
741274707.0,2023-06-29T01:38:27.000,0.8897052975020969,0.2963269911782085,1.202920275955588
741274727.0,2023-06-29T01:38:47.000,1.0258298940302168,-2.034563808561707,0.519481645733233
741274747.0,2023-06-29T01:39:07.000,-0.6318289075601946,-1.445459807014604,-0.31673237912421826
741274767.0,2023-06-29T01:39:27.000,0.9269289418689652,-1.8011930791206332,0.2444933249190484
741274787.0,2023-06-29T01:39:47.000,-0.41806195562044124,-1.0499720044410132,0.5654475993432939
741274807.0,2023-06-29T01:40:07.000,-0.04621790130610037,-0.5777409840534986,-0.06563728800479396
741274827.0,2023-06-29T01:40:27.000,-1.242922688438064,-1.74828647812042,0.8901589974796842
741274847.0,2023-06-29T01:40:47.000,-1.6757730584182617,-1.1469476773329212,-0.12952590100479
741274867.0,2023-06-29T01:41:07.000,-0.0020805361433673397,-1.437333480869274,0.059260591833698584
741274887.0,2023-06-29T01:41:27.000,-1.0155164037017883,0.14017161038548664,0.411567750380204
741274907.0,2023-06-29T01:41:47.000,-0.2898392180594733,-0.4834673040576831,0.808486224301852
741274927.0,2023-06-29T01:42:07.000,-0.24085985629307416,-1.4732708309317388,-0.49979809561007116
741274947.0,2023-06-29T01:42:27.000,-0.24692246554103292,0.13147367124988207,-0.013444345603463859
741274967.0,2023-06-29T01:42:47.000,0.36981772834066007,-0.09684573093471371,-0.3504652002939146
741274987.0,2023-06-29T01:43:07.000,-0.8848313782006123,-0.47023254550193627,0.8555668240206593
741275007.0,2023-06-29T01:43:27.000,-0.6189417221413862,-0.956585965905532,0.6051833696174569
741275027.0,2023-06-29T01:43:47.000,-1.314279311748212,-0.2649333372684026,0.7641438656835753
741275047.0,2023-06-29T01:44:07.000,-1.99795566158123,-1.5501673666373783,0.626808940418222
741275067.0,2023-06-29T01:44:27.000,-0.4789087215129051,-1.2211884114932126,1.7855046823722631
741275087.0,2023-06-29T01:44:47.000,-0.8899542751072964,-1.3022093533154866,-0.4691113929311541
741275107.0,2023-06-29T01:45:07.000,-0.015082514137620961,-1.557659194095784,0.6500685782673266
741275127.0,2023-06-29T01:45:27.000,-0.14833573362960095,-1.285864337874365,1.1048298211302487
741275147.0,2023-06-29T01:45:47.000,-0.5031636160057751,-1.8470060548003708,0.19703838830542608
741275167.0,2023-06-29T01:46:07.000,0.3833371610806324,-1.354334282921421,0.27139433057543627
741275187.0,2023-06-29T01:46:27.000,-1.1261258789141415,-0.5022064291759776,0.9835543798741853
741275207.0,2023-06-29T01:46:47.000,-0.039451016686786744,-1.3751494675640075,0.9787656296111891
741275227.0,2023-06-29T01:47:07.000,1.134005382497083,-1.2353164052347765,0.2458667815674609
741275247.0,2023-06-29T01:47:27.000,-0.8721637372977042,-1.0937599039140267,0.817835732735972
741275267.0,2023-06-29T01:47:47.000,-0.9923663278121886,-1.0625066366398705,-1.141694140360805
741275287.0,2023-06-29T01:48:07.000,0.5836202849662797,-1.1116367909846936,-0.39561030834578403
741275307.0,2023-06-29T01:48:27.000,1.283903616355886,-0.31027272561212627,1.4803821017039809
741275327.0,2023-06-29T01:48:47.000,0.37050493040258203,-1.0017654936578246,0.9235759243053643
741275347.0,2023-06-29T01:49:07.000,-0.44283724887073106,-2.199711579653485,0.27223919741858893
741275367.0,2023-06-29T01:49:27.000,0.5202535461767965,-0.7134128714780807,0.22893353213149226
741275387.0,2023-06-29T01:49:47.000,-1.126631771175557,-1.5956386440807435,0.4278121507383936
741275407.0,2023-06-29T01:50:07.000,1.9288318050425524,-1.1501653614520713,0.9856810288644269
741275427.0,2023-06-29T01:50:27.000,-1.1302326789142114,-0.9260767223739919,1.781906540687661
741275447.0,2023-06-29T01:50:47.000,-0.6295022592861521,-1.2223377762965448,1.014889870309954
741275467.0,2023-06-29T01:51:07.000,-0.9084679371440529,-1.0829457670946674,0.04633439102397219
741275487.0,2023-06-29T01:51:27.000,-0.0964792200131015,-0.2002576383386412,0.971072079547497
741275507.0,2023-06-29T01:51:47.000,-0.2268290558715691,-0.7349633084463569,-0.3474626559141214
741275527.0,2023-06-29T01:52:07.000,-0.5987409328334081,-0.10741150312520986,0.3225623868674532
741275547.0,2023-06-29T01:52:27.000,-1.6121271643965152,-1.1284700148661564,0.9752193804835052
741275567.0,2023-06-29T01:52:47.000,-0.24578081789794481,-1.1268860191981922,0.7840285861204777
741275587.0,2023-06-29T01:53:07.000,-0.5648209272957061,-1.5847638118793306,0.20757969613205418
741275607.0,2023-06-29T01:53:27.000,1.12183330235327,-1.7009910241005954,2.3634183095588845
741275627.0,2023-06-29T01:53:47.000,0.004307651535473411,-1.2370780960946348,1.4416179597409595
741275647.0,2023-06-29T01:54:07.000,-0.9168857543540021,0.33328846569258275,0.6881393360136379
741275667.0,2023-06-29T01:54:27.000,0.6283568100506898,-0.7684915293459937,0.07978095437621846
741275687.0,2023-06-29T01:54:47.000,-1.1633553964163212,-1.132157094341224,0.9326079552285371
741275707.0,2023-06-29T01:55:07.000,-1.0033159532185643,0.7638145565036503,1.415170723306769
741275727.0,2023-06-29T01:55:27.000,-0.8270044691727207,-0.9169818829590781,0.5570716549718746
741275747.0,2023-06-29T01:55:47.000,-0.9398941670291094,-0.8809860144065595,-0.5336676158984588
741275767.0,2023-06-29T01:56:07.000,-0.1655482807172426,-1.036070000992595,-0.06110124129987682
741275787.0,2023-06-29T01:56:27.000,-1.1497899430557013,-1.6595102098504455,0.3762549659502845
741275807.0,2023-06-29T01:56:47.000,-0.18369016311359232,-0.40048289271510384,1.16529567202317
741275827.0,2023-06-29T01:57:07.000,-0.07289825340039968,-2.5366569349039025,0.8234311893007273
741275847.0,2023-06-29T01:57:27.000,-0.025053271690556045,-0.47881866152010844,0.7248909062340658
741275867.0,2023-06-29T01:57:47.000,-2.9398910171618553,-0.08470492677270514,1.7851250693978749
741275887.0,2023-06-29T01:58:07.000,0.22516400907113265,-0.9652176967023252,0.8032774301391932
741275907.0,2023-06-29T01:58:27.000,-0.668236089063079,-0.1728019890845367,0.39157281240820296
741275927.0,2023-06-29T01:58:47.000,0.8319543450485689,-1.3136915224976065,0.37825077606745694
741275947.0,2023-06-29T01:59:07.000,-0.5368600842881044,-2.1177827184248876,1.9701329398214007
741275967.0,2023-06-29T01:59:27.000,-0.5431016300017077,-1.735462156049472,1.2816193061482295
741275987.0,2023-06-29T01:59:47.000,0.4794107468675257,-1.9141472145656202,1.9704317883006972
741276007.0,2023-06-29T02:00:07.000,-0.9485110596618718,-0.9934889696250337,0.6476144183253929
741276027.0,2023-06-29T02:00:27.000,-0.5967482835544935,-0.7889017812678922,1.0539796700737014
741276047.0,2023-06-29T02:00:47.000,0.1257158327105934,-0.2710076723033694,0.06412913290398947
741276067.0,2023-06-29T02:01:07.000,-0.3476485038511612,-1.4030261818009926,0.9333125874810833
741276087.0,2023-06-29T02:01:27.000,-1.2591884648305296,-0.21947511668063413,-0.07644320906274871
741276107.0,2023-06-29T02:01:47.000,-1.4065989397904488,-0.8513682609234685,1.0632878252203604
741276127.0,2023-06-29T02:02:07.000,-1.9411659331280973,0.7175705552753264,0.7478570791308314
741276147.0,2023-06-29T02:02:27.000,-0.20837253512651088,-1.0294236412300428,0.13891672052679382
741276167.0,2023-06-29T02:02:47.000,-1.3237466821358623,-1.652661598905425,1.7375178021028503
741276187.0,2023-06-29T02:03:07.000,-2.274002524516039,0.26073988061980913,0.04054053709401373
741276207.0,2023-06-29T02:03:27.000,-1.86026014589169,-0.012833481310980943,2.3971199151651135
741276227.0,2023-06-29T02:03:47.000,-1.5836817069070364,-0.14703244655134284,0.48135938405247103
741276247.0,2023-06-29T02:04:07.000,-0.6821491891018105,-1.7382408145860673,1.577427505650153
741276267.0,2023-06-29T02:04:27.000,-0.30499139110906626,-0.6970244591508745,0.31861261915455685
741276287.0,2023-06-29T02:04:47.000,0.2503981682999701,-1.1130003736981031,1.129512903774721
741276307.0,2023-06-29T02:05:07.000,-1.0018778215381552,-0.1662378842581802,1.5738176889379396
741276327.0,2023-06-29T02:05:27.000,-0.3249017375139829,-1.7592702919122516,0.5455489923478218
741276347.0,2023-06-29T02:05:47.000,-1.6639116339089988,-1.4874903852990506,0.09382679223568502
741276367.0,2023-06-29T02:06:07.000,-1.3301092821493832,0.3385990225202029,0.3428658151727326
741276387.0,2023-06-29T02:06:27.000,0.6044477091515787,0.3315778444812345,-0.28822960878027715
741276407.0,2023-06-29T02:06:47.000,-0.8906815831211112,-0.4433517535096243,1.8050869939112424
741276427.0,2023-06-29T02:07:07.000,-1.6126482806799736,-1.6240301045966632,0.016508781275348383
741276447.0,2023-06-29T02:07:27.000,-1.312716806256553,-1.2044935290833614,1.6114804227362889
741276467.0,2023-06-29T02:07:47.000,-0.992146374823033,-0.5883399394002176,0.8229844581486567
741276487.0,2023-06-29T02:08:07.000,-1.5983417089526775,-0.7011734762141231,0.6216222923072223
741276507.0,2023-06-29T02:08:27.000,0.34958937058515716,-0.7413789111954117,0.275866359722432
741276527.0,2023-06-29T02:08:47.000,-1.5368421610650884,-1.908255110993906,0.5617075652275538
741276547.0,2023-06-29T02:09:07.000,-0.40196116065649434,-1.5256463786306185,1.4221608692022158
741276567.0,2023-06-29T02:09:27.000,-1.3988040879930885,-0.5915056320415779,0.9178963926603778
741276587.0,2023-06-29T02:09:47.000,-0.9183572002857687,-0.6215445058965763,1.4030339709703021
741276607.0,2023-06-29T02:10:07.000,-0.4210866357268195,-1.4148383339240844,1.2474772953630087
741276627.0,2023-06-29T02:10:27.000,-0.7438607443011058,0.17133014447168193,1.0922680885760983
741276647.0,2023-06-29T02:10:47.000,-0.2237495546508761,0.01501524464764259,-0.4748335571402862
741276667.0,2023-06-29T02:11:07.000,-1.586099014561082,-0.9762012083691651,2.2163162745725273
741276687.0,2023-06-29T02:11:27.000,-1.502125766572604,-1.9835348673225006,0.08153533611610086
741276707.0,2023-06-29T02:11:47.000,-1.3429966945199823,-0.9813726833840519,1.5459146705421034
741276727.0,2023-06-29T02:12:07.000,-0.6261443426414104,-0.9923483525575705,0.5174108518302134
741276747.0,2023-06-29T02:12:27.000,0.3198776264534686,-1.0923348429781043,-0.17519796580156566
741276767.0,2023-06-29T02:12:47.000,-0.5688086981758822,-1.5356750277084608,0.030698176700649782
741276787.0,2023-06-29T02:13:07.000,0.1772076462902561,-0.9216835721637118,0.055892338723939616
741276807.0,2023-06-29T02:13:27.000,-1.2474023764919018,-0.2497433776449398,0.17136867904721242
741276827.0,2023-06-29T02:13:47.000,-0.8186208066418565,-0.6111013182152902,1.326306566207247
741276847.0,2023-06-29T02:14:07.000,-2.001350721247963,-0.7927493427706267,-1.3665284156916258
741276867.0,2023-06-29T02:14:27.000,-0.7662409580166951,-0.8566925666197989,1.3471541458698333
741276887.0,2023-06-29T02:14:47.000,-0.9712395221406211,-0.6076173884372871,0.5424176988899632
741276907.0,2023-06-29T02:15:07.000,-0.13508771977699396,-0.7330419919071574,0.37851918216480485
741276927.0,2023-06-29T02:15:27.000,-0.7953614268196851,-1.1685434344488321,0.19269739151006604
741276947.0,2023-06-29T02:15:47.000,-1.0209647954728673,-1.9691470636407082,0.44316638125874164
741276967.0,2023-06-29T02:16:07.000,-1.909811277422957,-0.6963824621952774,1.3753216457357276
741276987.0,2023-06-29T02:16:27.000,-0.466233403284555,0.26818597939071154,-0.16526626110957565
741277007.0,2023-06-29T02:16:47.000,-0.4600698171097761,-0.04097572048333831,-0.5456267833880979
741277027.0,2023-06-29T02:17:07.000,-1.1208944859619763,-1.4860202261046673,0.3458375164910876
741277047.0,2023-06-29T02:17:27.000,-0.620483442459463,-0.7302975098988362,0.190550159617775
741277067.0,2023-06-29T02:17:47.000,0.0025586155860679582,-1.6009729797206163,1.317252557997417
741277087.0,2023-06-29T02:18:07.000,-0.469489073851026,-0.861729252354948,0.6680444181839107
741277107.0,2023-06-29T02:18:27.000,0.34750980346665017,-1.7098897301393023,1.460500513494889
741277127.0,2023-06-29T02:18:47.000,-0.8441037906314897,-0.7897075388951791,-0.7409981325201542
741277147.0,2023-06-29T02:19:07.000,-0.8954637732982995,-1.1616229917965626,0.9544985087317492
741277167.0,2023-06-29T02:19:27.000,-1.675565902392595,-0.9622232734596281,0.895925708888079
741277187.0,2023-06-29T02:19:47.000,-1.6705877128986302,0.17162836235540269,-0.09254343241726914
741277207.0,2023-06-29T02:20:07.000,-2.3104086588232597,0.5231187854226604,1.7600469064849023
741277227.0,2023-06-29T02:20:27.000,-0.5515012372780959,0.11770886568784888,0.21700631994692188
741277247.0,2023-06-29T02:20:47.000,-1.7308903139445775,-2.374317685360783,1.3578228767019418
741277267.0,2023-06-29T02:21:07.000,-1.1142784644313508,-0.4463120353292993,2.0287084392389687
741277287.0,2023-06-29T02:21:27.000,-0.6595650225316163,-1.209835993420949,1.6893840019904793
741277307.0,2023-06-29T02:21:47.000,-2.2095445566194805,-2.5184250901366667,-0.7359980635612828
741277327.0,2023-06-29T02:22:07.000,-1.7679101972367661,-1.022744307777046,-0.5632509266662034
741277347.0,2023-06-29T02:22:27.000,-2.110524075937814,-0.170923660158806,0.3473208829873897
741277367.0,2023-06-29T02:22:47.000,-1.340902219060247,-0.7386666162734201,0.2302451255986604
741277387.0,2023-06-29T02:23:07.000,-1.3060073171256015,0.027281386683064568,0.579286387125677
741277407.0,2023-06-29T02:23:27.000,-0.45309411239591313,-1.2972690175083734,0.7676209809792667
741277427.0,2023-06-29T02:23:47.000,-1.4986632439040193,-1.4741377556637403,1.6213267932885245
741277447.0,2023-06-29T02:24:07.000,-1.317312798210235,-0.7766464783620641,1.8178986899153315
741277467.0,2023-06-29T02:24:27.000,-1.1348955787804371,-0.9127730535074541,0.6091038607491939
741277487.0,2023-06-29T02:24:47.000,0.6039699039894764,-0.6459659976254528,0.5588470247896993
741277507.0,2023-06-29T02:25:07.000,-0.15687970289501862,0.0896946286577105,0.5565769436999268
741277527.0,2023-06-29T02:25:27.000,-1.5113676185229963,-0.6029905175175543,0.5426704633326729
741277547.0,2023-06-29T02:25:47.000,-1.0092709816555967,-0.8973220326446985,1.2195943429493816
741277567.0,2023-06-29T02:26:07.000,-0.826801082998152,0.4075716816376307,1.3881893404121826
741277587.0,2023-06-29T02:26:27.000,-0.7878011688666753,-0.47070313720087853,-0.0473430340597325
741277607.0,2023-06-29T02:26:47.000,-0.7501539901255683,-0.8915390215080699,-0.42019118314806647
741277627.0,2023-06-29T02:27:07.000,-0.6365012490405775,0.03839213147394105,0.4752336487001685
741277647.0,2023-06-29T02:27:27.000,-1.822174783994157,-0.6544308272626864,0.2658593394433417
741277667.0,2023-06-29T02:27:47.000,-1.0100061446860487,0.2713031423851042,0.0683810747359459
741277687.0,2023-06-29T02:28:07.000,-1.0619558677427143,-1.3203795505956073,0.24662687532206462
741277707.0,2023-06-29T02:28:27.000,0.05373025367960693,-0.23430353484066302,1.2846112979025825
741277727.0,2023-06-29T02:28:47.000,-0.6073172381992897,-0.6024011968919218,0.7747947209146844
741277747.0,2023-06-29T02:29:07.000,-1.139227621071992,-1.1609567027726087,-0.11807653398365758
741277767.0,2023-06-29T02:29:27.000,-0.8062260039243263,-0.8393213258073295,-0.07238203016957101
741277787.0,2023-06-29T02:29:47.000,-0.8313735181952886,0.2875176989491912,-0.3508292474196928
741277807.0,2023-06-29T02:30:07.000,-0.8152179740594789,0.9381941851405173,-0.15853152047773378
741277827.0,2023-06-29T02:30:27.000,-1.246411104161016,0.6924877892777737,0.8091191340264814
741277847.0,2023-06-29T02:30:47.000,0.53049371135927,-0.7624756200752536,0.19086876029694722
741277867.0,2023-06-29T02:31:07.000,-0.7139673896428,-0.4721533644724829,2.679480147627089
741277887.0,2023-06-29T02:31:27.000,-0.677186177933109,-0.7640351827875591,1.584867505666221
741277907.0,2023-06-29T02:31:47.000,-1.7917770551267864,0.17311454879598287,-0.2799736239844641
741277927.0,2023-06-29T02:32:07.000,-1.1358422573826132,-1.3824720084709696,1.0763412220504698
741277947.0,2023-06-29T02:32:27.000,-1.4983367549015192,0.27278904741745436,-0.5172322948276964
741277967.0,2023-06-29T02:32:47.000,-0.9768989543301743,-1.644464606653795,0.14538138283226587
741277987.0,2023-06-29T02:33:07.000,-2.2002956987066113,-0.6758036423137881,-1.1889412501520091
741278007.0,2023-06-29T02:33:27.000,-1.6728322649428584,0.5881015215813967,0.3261332202297851
741278027.0,2023-06-29T02:33:47.000,-1.9009222403498782,-0.8969782110068714,-0.5258683123621211
741278047.0,2023-06-29T02:34:07.000,-0.801524591997893,-1.5199509555308133,0.529209720878665
741278067.0,2023-06-29T02:34:27.000,-0.5890461335700259,-0.55047913780637,1.1118603109872005
741278087.0,2023-06-29T02:34:47.000,-1.0266071656772624,-0.26742501270105024,-0.7214312408465595
741278107.0,2023-06-29T02:35:07.000,0.06355365174126604,-0.2017248046937148,-0.321663623037427
741278127.0,2023-06-29T02:35:27.000,0.1527900503117685,-0.622672191774587,1.765714435530974
741278147.0,2023-06-29T02:35:47.000,-1.2713966375366148,-0.40733345766374995,-0.28495764917702004
741278167.0,2023-06-29T02:36:07.000,-0.34764071684678655,-0.3998311456254733,-0.002348510319549746
741278187.0,2023-06-29T02:36:27.000,-1.078726522041329,0.15434734660368932,0.318660743592325
741278207.0,2023-06-29T02:36:47.000,-1.2870306309031854,-0.45641098247450884,0.4292220651569423
741278227.0,2023-06-29T02:37:07.000,-1.5366300236241415,1.4021383211493266,0.8058343829220327
741278247.0,2023-06-29T02:37:27.000,-0.2899977129433573,-1.2037840342205008,0.6750012309764131
741278267.0,2023-06-29T02:37:47.000,0.16402961259265325,0.5349426187017947,0.3633917714074286
741278287.0,2023-06-29T02:38:07.000,0.03703574773528118,0.1924914872497574,2.4695267780039387
741278307.0,2023-06-29T02:38:27.000,-0.06939410559514414,-0.5147484541279113,0.974366298311935
741278327.0,2023-06-29T02:38:47.000,-1.0744819922803295,0.7575595882269859,0.7717957213992932
741278347.0,2023-06-29T02:39:07.000,-1.721862006509589,0.1468659583281351,1.567192752205404
741278367.0,2023-06-29T02:39:27.000,-0.9899981431304994,-0.1687223177171404,-0.285314415326976
741278387.0,2023-06-29T02:39:47.000,-1.4405276588580485,-0.024018313837803618,0.4168553364491956
741278407.0,2023-06-29T02:40:07.000,-0.4620795777010578,0.48033598935015576,1.5404699330812122
741278427.0,2023-06-29T02:40:27.000,-1.0564690885783712,-0.2787457485831091,0.622849504872125
741278447.0,2023-06-29T02:40:47.000,-0.08384063023836319,-1.1875487485712988,1.3561026189323755
741278467.0,2023-06-29T02:41:07.000,-1.4852872378012805,0.5233572601959224,1.8490056728381887
741278487.0,2023-06-29T02:41:27.000,-2.207473371029778,-0.48991194084857526,1.099585531227909
741278507.0,2023-06-29T02:41:47.000,-1.240711988081955,0.29006524429053826,0.6620502244758519
741278527.0,2023-06-29T02:42:07.000,-2.206192943798868,-0.005154917592786745,0.4349194054231731
741278547.0,2023-06-29T02:42:27.000,0.07670559933892207,1.118429156887757,0.6484614853752291
741278567.0,2023-06-29T02:42:47.000,-1.6752220251992078,0.7261963980154107,1.3214503889136253
741278587.0,2023-06-29T02:43:07.000,-1.3656386884663974,-0.1236231666035259,-0.16263522089055016
741278607.0,2023-06-29T02:43:27.000,-1.0870908598303863,0.02535749267229548,0.8736030525979821
741278627.0,2023-06-29T02:43:47.000,-1.2733448718771356,-1.1901672449243783,-0.22449394333490247
741278647.0,2023-06-29T02:44:07.000,-2.595732749111068,0.2844641669885739,-0.1260945046710482
741278667.0,2023-06-29T02:44:27.000,-0.9058266091876988,0.14337540321651687,0.5943813680242549
741278687.0,2023-06-29T02:44:47.000,-1.2731275766286743,-1.849630333694563,0.9922628319003479
741278707.0,2023-06-29T02:45:07.000,-1.2191893385526953,1.4819662479848006,0.7873128336610691
741278727.0,2023-06-29T02:45:27.000,-0.5711616809178643,-0.5795754215554005,0.7875868442086542
741278747.0,2023-06-29T02:45:47.000,-1.3494188937590579,0.4821239800056887,-1.183149137762296
741278767.0,2023-06-29T02:46:07.000,-0.8557736984382558,0.17669249027241207,0.8972266624995839
741278787.0,2023-06-29T02:46:27.000,-1.5674902155593529,0.09199788261193831,-0.3576816874351074
741278807.0,2023-06-29T02:46:47.000,-1.2931451211506406,-1.285862252742298,1.116536023337833
741278827.0,2023-06-29T02:47:07.000,0.30835807174334207,-0.17297542515004594,0.10059607330470399
741278847.0,2023-06-29T02:47:27.000,-1.7998530906671029,0.20999073623295672,-0.24964779470337817
741278867.0,2023-06-29T02:47:47.000,-1.9941324214567402,0.3229152186978723,-0.9618363550956133
741278887.0,2023-06-29T02:48:07.000,-1.1898515319019864,-0.6597173475175744,0.19046919768062054
741278907.0,2023-06-29T02:48:27.000,-1.953190132131244,-0.2140222265745173,0.8385221456186365
741278927.0,2023-06-29T02:48:47.000,-1.5250740389549655,0.3201781524242442,0.829839882610095
741278947.0,2023-06-29T02:49:07.000,-0.6991847024684361,0.35708299770398355,0.2152575228397957
741278967.0,2023-06-29T02:49:27.000,-1.8627193203557546,1.2060347387432557,1.2021707226028688
741278987.0,2023-06-29T02:49:47.000,-1.4137559133708955,0.35660249320113024,0.3364285047879889
741279007.0,2023-06-29T02:50:07.000,-1.2733560204924999,-0.4925556548629473,-0.3006085353973731
741279027.0,2023-06-29T02:50:27.000,-0.9774134129725276,-1.6197414691832002,0.3346886430333207
741279047.0,2023-06-29T02:50:47.000,-1.8761408621670306,-1.2738938785838982,0.48168420179184324
741279067.0,2023-06-29T02:51:07.000,0.12642793412176445,-0.5928862605197871,1.5279106506671525
741279087.0,2023-06-29T02:51:27.000,-0.5809266635070642,0.5710872047925974,-0.4090145938939749
741279107.0,2023-06-29T02:51:47.000,-1.5231278117089353,0.4042748255494999,-0.3427019319990343
741279127.0,2023-06-29T02:52:07.000,-0.1343920669749643,0.08369974753286158,1.1867289839817552
741279147.0,2023-06-29T02:52:27.000,-0.9460306713671152,-0.6451582761357599,0.033550673106397255
741279167.0,2023-06-29T02:52:47.000,-1.1676406912686232,0.9563816405822045,-0.1080898222927118
741279187.0,2023-06-29T02:53:07.000,-1.488289072748561,-0.1617875230452981,0.04499006490688018
741279207.0,2023-06-29T02:53:27.000,-0.13906970678378983,-1.3533657176934,-0.26474501214623913
741279227.0,2023-06-29T02:53:47.000,-1.4993237178462238,-1.0291830596753648,1.7577738146368205
741279247.0,2023-06-29T02:54:07.000,-1.489517019759301,0.41995891870705293,0.020474982376228468
741279267.0,2023-06-29T02:54:27.000,-2.253528340534494,0.3460210821870646,0.3838583349513591
741279287.0,2023-06-29T02:54:47.000,-1.7973398401593954,-0.7045708611874701,0.21512386871869182
741279307.0,2023-06-29T02:55:07.000,-1.4699027207742965,-0.25685547712095413,-0.612974954961043
741279327.0,2023-06-29T02:55:27.000,-1.6903360193887274,0.2642394497875955,-0.5689899659766517
741279347.0,2023-06-29T02:55:47.000,-1.0656706966538643,0.09376871785704566,1.5508765516814016
741279367.0,2023-06-29T02:56:07.000,-0.3438605774452874,-0.5942032236250228,0.9369573061746017
741279387.0,2023-06-29T02:56:27.000,-2.1643933958093164,-0.12433318301585672,0.25977568616220026
741279407.0,2023-06-29T02:56:47.000,-0.40835607229006143,0.7627682738098329,0.015364429462039197
741279427.0,2023-06-29T02:57:07.000,0.23140002707311425,-0.18174273489490744,0.4815107944033947
741279447.0,2023-06-29T02:57:27.000,-0.3519018641484628,0.11397589202433167,0.48299662962492107
741279467.0,2023-06-29T02:57:47.000,-1.2709499999763452,0.1129562939850004,0.18360988159882297
741279487.0,2023-06-29T02:58:07.000,-1.0555896772346252,0.07720084638229707,-1.2763146090000177
741279507.0,2023-06-29T02:58:27.000,-0.15571271858583202,-0.15908476735937427,0.9313951383815855
741279527.0,2023-06-29T02:58:47.000,-1.4657969114151292,-0.6955588700008342,0.44228840286875126
741279547.0,2023-06-29T02:59:07.000,-1.8057933007575855,0.5417464800094862,-0.08326311566886346
741279567.0,2023-06-29T02:59:27.000,-2.5978411944294066,1.0893058894234642,-0.29930629468211123
741279587.0,2023-06-29T02:59:47.000,-0.936710930787843,1.9688084990310273,1.203484034062452
741279607.0,2023-06-29T03:00:07.000,-1.0593994096308457,0.2957660941493856,-0.9095140232284749
741279627.0,2023-06-29T03:00:27.000,-0.3021248695889156,-0.584409464121638,0.8947588211349888
741279647.0,2023-06-29T03:00:47.000,-2.602673740459416,1.4557264108816526,0.5857451150448334
741279667.0,2023-06-29T03:01:07.000,-0.286062978838153,-0.5028135808049505,-0.5090731358792233
741279687.0,2023-06-29T03:01:27.000,-0.5493714017035245,0.7052513547489703,-0.348608942579709
741279707.0,2023-06-29T03:01:47.000,-1.5587823930296452,-0.7076451196685873,0.39776969824600883
741279727.0,2023-06-29T03:02:07.000,-1.5654459256886355,-1.3717329192197703,0.17933996760977067
741279747.0,2023-06-29T03:02:27.000,-1.7172870933945816,0.36574855440951737,1.5240353377299343
741279767.0,2023-06-29T03:02:47.000,-1.2482182737749703,0.5770475465460834,-1.7593003648896932
741279787.0,2023-06-29T03:03:07.000,-0.7339975977016522,-0.0406692315491064,2.196453575487034
741279807.0,2023-06-29T03:03:27.000,-1.3363437165847536,-0.346310734489208,-1.3349966690778814
741279827.0,2023-06-29T03:03:47.000,-1.8753590779296836,0.4537557390160707,-0.19634115853151002
741279847.0,2023-06-29T03:04:07.000,-1.4747743693588333,0.6989258775069729,0.6195488779003888
741279867.0,2023-06-29T03:04:27.000,-1.0827828792914218,1.386391495505901,1.0290003160884353
741279887.0,2023-06-29T03:04:47.000,-0.4250028244334736,0.5412790877512563,-0.45719820506162634
741279907.0,2023-06-29T03:05:07.000,-0.28316164393249466,0.7372555014151239,0.5278584671031261
741279927.0,2023-06-29T03:05:27.000,-1.316122941030784,0.5211767017954116,1.6183431263083747
741279947.0,2023-06-29T03:05:47.000,-0.8623075907654432,-0.2401922093553388,-0.936574635712617
741279967.0,2023-06-29T03:06:07.000,0.09362472817020517,1.3818938415899318,-0.39436835230777234
741279987.0,2023-06-29T03:06:27.000,-1.3298143042073107,0.40595402975851513,-0.06138643100506158
741280007.0,2023-06-29T03:06:47.000,-0.02576178034230381,-0.012918484149082587,0.15570130394992887
741280027.0,2023-06-29T03:07:07.000,-0.7289248619035682,0.3309619477143144,-0.33299071829917537
741280047.0,2023-06-29T03:07:27.000,-0.6789709185217596,1.3556014938909122,1.1743765010785445
741280067.0,2023-06-29T03:07:47.000,0.11082654354233057,0.2231399744978546,-0.5754085126041808
741280087.0,2023-06-29T03:08:07.000,0.2002015467406082,-0.266284943595263,0.08444396825124656
741280107.0,2023-06-29T03:08:27.000,-0.2570799498946563,1.1015173618900143,-0.3487798375112483
741280127.0,2023-06-29T03:08:47.000,-1.8305111663119433,0.00949959980678372,-0.18605493049550503
741280147.0,2023-06-29T03:09:07.000,-0.6694313393951212,0.9042027811823061,-0.6374825920807403
741280167.0,2023-06-29T03:09:27.000,-1.186788513296566,-0.37301882089835203,0.3403587548800324
741280187.0,2023-06-29T03:09:47.000,-2.3228723424750797,1.3261605563696932,0.8277820215951692
741280207.0,2023-06-29T03:10:07.000,-1.0644192802500285,0.33245374106982695,-1.0367791703824736
741280227.0,2023-06-29T03:10:27.000,-2.661226288402929,-0.9445877853231366,0.07760117874955341
741280247.0,2023-06-29T03:10:47.000,-0.2624117337424181,1.7803542119887439,-0.7948276451341663
741280267.0,2023-06-29T03:11:07.000,-0.3420726654934647,0.01908696447561198,0.7129855921994555
741280287.0,2023-06-29T03:11:27.000,-2.0705980230739662,0.7499934185029034,-0.10695397107962634
741280307.0,2023-06-29T03:11:47.000,0.8697899607224002,-0.2268533377480786,-0.6035929026260156
741280327.0,2023-06-29T03:12:07.000,-2.586720544728305,0.5871172368610011,-0.34066104563912347
741280347.0,2023-06-29T03:12:27.000,-0.9732901868786392,0.7473584862305316,-0.7993679208229132
741280367.0,2023-06-29T03:12:47.000,-0.6177619718439331,0.1530374225011677,-0.2802240519628185
741280387.0,2023-06-29T03:13:07.000,-0.7405103848778793,0.40204874646176947,-0.18168276723073973
741280407.0,2023-06-29T03:13:27.000,-1.0852852893705744,0.5043631252976688,-1.8991741707941046
741280427.0,2023-06-29T03:13:47.000,-0.7279101925217191,0.22829337293917007,-0.5585995756285378
741280447.0,2023-06-29T03:14:07.000,-2.5041170692685633,1.234531562643859,-0.06655455986326331
741280467.0,2023-06-29T03:14:27.000,-0.22103979513410366,0.6535620780900864,0.14300051995874696
741280487.0,2023-06-29T03:14:47.000,-2.311447418867907,-0.29133735827135965,-0.3657910179422075
741280507.0,2023-06-29T03:15:07.000,-0.47781119117962234,-1.342214405319897,0.5723222640141579
741280527.0,2023-06-29T03:15:27.000,-0.10742447671407973,0.6411607203493652,-0.7435249144038814
741280547.0,2023-06-29T03:15:47.000,-1.494539300417319,0.08903689006078963,-0.3504776504015261
741280567.0,2023-06-29T03:16:07.000,-1.2105576360332826,1.0662956273277402,-0.3612486867310416
741280587.0,2023-06-29T03:16:27.000,-0.8190295578414108,1.3489614584027976,-1.0019299982011454
741280607.0,2023-06-29T03:16:47.000,-1.7439250815098895,-0.4145398360577701,0.05275140148031099
741280627.0,2023-06-29T03:17:07.000,0.8035702856790117,-0.8340464030420769,-0.4999894698598517
741280647.0,2023-06-29T03:17:27.000,0.17967471900304233,0.6766426731252828,-1.4911871918932285
741280667.0,2023-06-29T03:17:47.000,-0.6681373033168292,2.830377787410576,-0.10219154699120381
741280687.0,2023-06-29T03:18:07.000,-0.6998213073372561,0.6480518622065112,-0.3821486426636156
741280707.0,2023-06-29T03:18:27.000,-1.7261426014880676,0.21065847393142434,-0.7286566812259032
741280727.0,2023-06-29T03:18:47.000,-0.5844506179686348,0.7591022918584933,-1.2439595668545245
741280747.0,2023-06-29T03:19:07.000,-0.1873019517484309,-0.8303566250256189,0.921645176010788
741280767.0,2023-06-29T03:19:27.000,-0.5914389657357688,1.36953080013269,-0.04132829805048033
741280787.0,2023-06-29T03:19:47.000,-0.7167894307102962,-0.7032739911094765,-1.1385569346322733
741280807.0,2023-06-29T03:20:07.000,-1.9935845979035527,0.3284650193835503,0.6956345281472487
741280827.0,2023-06-29T03:20:27.000,-1.553258378184097,0.6396428033239587,0.9862528925208558
741280847.0,2023-06-29T03:20:47.000,-1.430793216572468,0.348778117720272,0.24263053433060122
741280867.0,2023-06-29T03:21:07.000,-2.4391169236026577,1.134231550448117,-0.16962656336216853
741280887.0,2023-06-29T03:21:27.000,-1.6983704950068734,1.6869211020065222,-0.4657419909070981
741280907.0,2023-06-29T03:21:47.000,-1.6124678890450106,0.4088801297541522,0.8164034670299358
741280927.0,2023-06-29T03:22:07.000,-0.2129847080034608,1.098167776147907,-1.234858863163879
741280947.0,2023-06-29T03:22:27.000,-0.7427484572386511,0.6303870178858695,-1.5426015345765265
741280967.0,2023-06-29T03:22:47.000,-1.3175145696764368,-0.07767769347744036,-0.32508444306467155
741280987.0,2023-06-29T03:23:07.000,-0.028010594010918766,0.6000569542585765,0.8461312796081977
741281007.0,2023-06-29T03:23:27.000,-0.8705508523720873,0.31418875431343807,0.7836571963681926
741281027.0,2023-06-29T03:23:47.000,-0.8322645338898482,0.5567354901092614,-0.3918613220577072
741281047.0,2023-06-29T03:24:07.000,-1.3488377014980735,-0.5423103380697292,0.04851394672655829
741281067.0,2023-06-29T03:24:27.000,-2.8048518274981227,1.7600364428549398,-0.1471035641631424
741281087.0,2023-06-29T03:24:47.000,-1.3165486478006194,0.9625661676060382,-0.7181047194548817
741281107.0,2023-06-29T03:25:07.000,-1.9255204393275882,0.8128584895517044,-0.3390285965965134
741281127.0,2023-06-29T03:25:27.000,-0.377737203949291,0.98656952201015,-0.2723658840464438
741281147.0,2023-06-29T03:25:47.000,-1.479455979325195,0.7111995767306034,0.20898844348415935
741281167.0,2023-06-29T03:26:07.000,-0.16783788285845702,-1.074655290989046,-0.3629358890755441
741281187.0,2023-06-29T03:26:27.000,-0.5313056587685772,0.6289852410579222,0.7003815755690646
741281207.0,2023-06-29T03:26:47.000,-0.9834826133814367,-0.49955061097728404,-0.5750348011424045
741281227.0,2023-06-29T03:27:07.000,-1.6910877668530055,0.48740276524794623,-1.138506841502629
741281247.0,2023-06-29T03:27:27.000,-2.4874429519816665,-0.19344143044053297,1.45500303562196
741281267.0,2023-06-29T03:27:47.000,-1.5948761207029705,1.3669437881946855,-0.737947890494528
741281287.0,2023-06-29T03:28:07.000,-0.39589431509723383,0.35777510787315947,0.3990444545465266
741281307.0,2023-06-29T03:28:27.000,-0.939955513457047,0.6554686341697646,-0.880948393433556
741281327.0,2023-06-29T03:28:47.000,-0.243723509374405,0.8331687590179548,1.3230155059495985
741281347.0,2023-06-29T03:29:07.000,-1.226685422106577,0.6641628915504683,-0.6552163189343929
741281367.0,2023-06-29T03:29:27.000,-0.7325557011328421,0.7261202058628236,-0.3496377816269991
741281387.0,2023-06-29T03:29:47.000,-1.7923776469030983,0.16022036634089076,0.9236269769008487
741281407.0,2023-06-29T03:30:07.000,-2.3837086225886317,0.6712814776377307,-1.5848147858377182
741281427.0,2023-06-29T03:30:27.000,-0.7229727874369374,0.22924559897052887,-0.7885714125022147
741281447.0,2023-06-29T03:30:47.000,-1.2474171181997562,0.4853283665284813,0.062070287176752004
741281467.0,2023-06-29T03:31:07.000,-1.1723480737524383,-0.7892255091124234,-1.1107397134391128
741281487.0,2023-06-29T03:31:27.000,-1.409019544773571,0.9549235765460296,-1.02851573621221
741281507.0,2023-06-29T03:31:47.000,-2.045456018195946,0.9932912045207409,-0.24193170606867653
741281527.0,2023-06-29T03:32:07.000,-1.50911632180728,0.772149413341694,-0.04291912975018519
741281547.0,2023-06-29T03:32:27.000,-0.0777502683901865,-0.9322307106596206,-0.5429787797051056
741281567.0,2023-06-29T03:32:47.000,-0.9868408189950273,0.8513443548130439,-0.6899982366137536
741281587.0,2023-06-29T03:33:07.000,-1.1395282081605451,0.047651742718368695,0.36053103645850015
741281607.0,2023-06-29T03:33:27.000,1.4213571016497006,0.381967510887371,-2.1892884756735675
741281627.0,2023-06-29T03:33:47.000,-0.5089403873670406,0.20345354720952002,-0.2986856864173326
741281647.0,2023-06-29T03:34:07.000,0.7393368359531749,0.3313055220499628,-1.516856419336854
741281667.0,2023-06-29T03:34:27.000,-0.6654303609465728,1.2710367125468025,-0.7058385446789828
741281687.0,2023-06-29T03:34:47.000,-1.3197409806320337,-0.10483147643292057,-0.4454642396956032
741281707.0,2023-06-29T03:35:07.000,0.008176864851883181,1.0729263491660035,-0.6713007295711115
741281727.0,2023-06-29T03:35:27.000,-1.9788753052529806,-0.21633273352694715,-0.4967937623279184
741281747.0,2023-06-29T03:35:47.000,-1.0630384610910149,0.4234973906891426,-0.017321995837704662
741281767.0,2023-06-29T03:36:07.000,-0.0459414752240761,1.5429521455834205,-1.0792014343841139
741281787.0,2023-06-29T03:36:27.000,-2.312528042991424,0.4417009998092247,-0.12232367179176862
741281807.0,2023-06-29T03:36:47.000,-1.7217981161832263,0.3945636724678181,0.12927751046332148
741281827.0,2023-06-29T03:37:07.000,-1.2310389904790497,0.3484176029688868,-0.2913676745874838
741281847.0,2023-06-29T03:37:27.000,-1.2168972309822834,0.4028110688003572,-0.1345640178951335
741281867.0,2023-06-29T03:37:47.000,0.1114980580863012,0.16099676671821328,-0.693818681274383
741281887.0,2023-06-29T03:38:07.000,-1.467592276138685,0.8413835630216582,-2.0684073793408864
741281907.0,2023-06-29T03:38:27.000,-1.280035501027843,-0.5005703821447938,1.0144432608605314
741281927.0,2023-06-29T03:38:47.000,-1.7609270890117656,0.43250965752195114,0.613292000084531
741281947.0,2023-06-29T03:39:07.000,-1.2668114696912092,1.436911998153878,-0.44347558435520185
741281967.0,2023-06-29T03:39:27.000,-0.5567691432228905,0.8910516117621725,-1.0327823186662144
741281987.0,2023-06-29T03:39:47.000,-2.3010246538834878,1.8934543629001155,-1.4854315953938269
741282007.0,2023-06-29T03:40:07.000,-0.7233963644437402,1.0686162728035242,-0.6773444982233201
741282027.0,2023-06-29T03:40:27.000,-0.6977372752903221,-0.23399172422999825,0.1155198791957801
741282047.0,2023-06-29T03:40:47.000,-0.9269595721006496,0.5593435328576923,1.329889283896435
741282067.0,2023-06-29T03:41:07.000,-1.6946906677972606,1.4510427563174666,-0.5569169728381063
741282087.0,2023-06-29T03:41:27.000,-1.103888035947076,0.43993376028783615,-0.1580636635245547
741282107.0,2023-06-29T03:41:47.000,-0.07449042279672469,0.2762031354297534,0.5877275077947886
741282127.0,2023-06-29T03:42:07.000,-0.9342092333053387,1.4824456694539911,-0.7002863268601445
741282147.0,2023-06-29T03:42:27.000,-0.04554055116345879,0.4356864476862121,-1.7069648831746775
741282167.0,2023-06-29T03:42:47.000,-0.9827787492477924,1.9618585646363762,-0.14064323545781576
741282187.0,2023-06-29T03:43:07.000,-0.16362764420074782,0.5312852562888715,0.5023218233035642
741282207.0,2023-06-29T03:43:27.000,0.7512828764766333,0.02490286723499935,0.1514385361445214
741282227.0,2023-06-29T03:43:47.000,-0.15676322120405928,1.1153670787966696,-1.0794037373584864
741282247.0,2023-06-29T03:44:07.000,0.4759692460498677,1.627847777940783,-0.21025282641584653
741282267.0,2023-06-29T03:44:27.000,0.013525706088479694,-0.1893326990853872,-1.4658444147164218
741282287.0,2023-06-29T03:44:47.000,-0.8617341715866367,0.7915073957254215,0.3499414819585489
741282307.0,2023-06-29T03:45:07.000,-1.0056212130016284,1.4456183722755256,-1.9387544458848716
741282327.0,2023-06-29T03:45:27.000,-0.6427853422197316,0.6949726832017333,-1.887788486765185
741282347.0,2023-06-29T03:45:47.000,-0.5691043341249369,0.495404812506095,-0.382733965020865
741282367.0,2023-06-29T03:46:07.000,0.1881659769331634,0.29462001265301296,-0.9176422042900256
741282387.0,2023-06-29T03:46:27.000,-1.1939970968932734,1.4377394093267881,-0.13400990280798553
741282407.0,2023-06-29T03:46:47.000,-0.4258582812388667,-0.34036673179915766,-0.15774518927758052
741282427.0,2023-06-29T03:47:07.000,-0.07513877756659681,0.680140325293177,-0.4363430933573831
741282447.0,2023-06-29T03:47:27.000,-1.8505771596122322,-0.7232957964231623,-0.8929192229945038
741282467.0,2023-06-29T03:47:47.000,-1.3954494231138703,0.6970128002437015,-0.7930712503045889
741282487.0,2023-06-29T03:48:07.000,0.29279534959902875,-0.22869458843333135,0.9817869774164656
741282507.0,2023-06-29T03:48:27.000,0.06301013294462976,2.4249357896688473,-0.27347157341983674
741282527.0,2023-06-29T03:48:47.000,0.35688304345082855,-0.39490821489573946,0.0024606894521994604
741282547.0,2023-06-29T03:49:07.000,0.12520768132295856,0.3867127910228696,-0.2166434157069297
741282567.0,2023-06-29T03:49:27.000,0.6033798955806802,1.9731829691171932,-0.5441801223970977
741282587.0,2023-06-29T03:49:47.000,-1.148468828704452,0.24253329754531094,-0.9466151130954614
741282607.0,2023-06-29T03:50:07.000,0.29998534792907705,1.4453719625828754,-0.8356178383572832
741282627.0,2023-06-29T03:50:27.000,-2.091171087659216,0.028771294480200993,-1.1684377601461904
741282647.0,2023-06-29T03:50:47.000,0.13483727201446527,0.8861542903471076,-0.8690825475943242
741282667.0,2023-06-29T03:51:07.000,0.8941221435243563,0.2874674330910487,-1.2950610246864613
741282687.0,2023-06-29T03:51:27.000,0.15492286939977618,0.02326337076308249,-1.094289877245913
741282707.0,2023-06-29T03:51:47.000,0.28173601245296,0.040768759934639576,-1.8348782499399974
741282727.0,2023-06-29T03:52:07.000,-0.8303640753992703,0.7038779714418908,-0.22883436265885848
741282747.0,2023-06-29T03:52:27.000,-0.6389858260180681,0.7957566950378414,0.25941536995199854
741282767.0,2023-06-29T03:52:47.000,-0.789573151593892,-1.1943960349425353,-1.5072063118237722
741282787.0,2023-06-29T03:53:07.000,-0.647490030825093,0.484351247975745,-0.7721778825353631
741282807.0,2023-06-29T03:53:27.000,-0.43185334311912627,0.7040786021872414,0.263761675334262
741282827.0,2023-06-29T03:53:47.000,-0.45169689785184985,0.7400189958484127,-0.050297536369203755
741282847.0,2023-06-29T03:54:07.000,-1.3064495069436965,1.0425337166553028,-1.3405265388732879
741282867.0,2023-06-29T03:54:27.000,-1.355025626603723,0.973445821550456,-0.5676710794433326
741282887.0,2023-06-29T03:54:47.000,0.6343958085519574,0.448419923393395,-0.408380612526571
741282907.0,2023-06-29T03:55:07.000,-0.8623644142446985,0.5451042746518198,-2.212342253593569
741282927.0,2023-06-29T03:55:27.000,-0.23262111197297486,1.2977789731194456,0.8511875035810412
741282947.0,2023-06-29T03:55:47.000,-1.913009018961187,0.6211512950993203,-0.6022525457338723
741282967.0,2023-06-29T03:56:07.000,-0.29347282274327924,0.43075044617868485,-0.1240565693838569
741282987.0,2023-06-29T03:56:27.000,-0.7967360863392337,0.8906351369075693,-0.4230297615537282
741283007.0,2023-06-29T03:56:47.000,-0.12810360032755597,1.4820904036039195,-0.4688383176354449
741283027.0,2023-06-29T03:57:07.000,-1.2128430492919229,1.8277413785461327,-0.8102450770319791
741283047.0,2023-06-29T03:57:27.000,-1.7053996394733595,0.34024404333976577,-0.9260724107229557
741283067.0,2023-06-29T03:57:47.000,0.5290703948945819,1.359567607361889,-0.2577768486666798
741283087.0,2023-06-29T03:58:07.000,0.13207966557127193,0.32253194398590423,-0.7160661209981711
741283107.0,2023-06-29T03:58:27.000,-0.11930917160896115,0.6444630849311572,-1.0342460590950786
741283127.0,2023-06-29T03:58:47.000,-0.8651021412897641,0.3903657660786486,-0.4639501607561769
741283147.0,2023-06-29T03:59:07.000,-0.8097005427143422,-0.17684817180674273,-0.6987130040880807
741283167.0,2023-06-29T03:59:27.000,-0.5726587077536927,1.0817438532262358,-1.5472105413860682
741283187.0,2023-06-29T03:59:47.000,-2.048524634823412,0.6937344351309882,-1.178254024480907
741283207.0,2023-06-29T04:00:07.000,-0.7875537660018139,0.9397365918095701,0.23253016595559117
741283227.0,2023-06-29T04:00:27.000,0.8805345843798662,0.7258773847662603,-0.9158979529466649
741283247.0,2023-06-29T04:00:47.000,1.004224947931398,1.4870310272141474,-0.9087503025750898
741283267.0,2023-06-29T04:01:07.000,0.042951699663618115,1.9759748483116901,-1.3291524342484706
741283287.0,2023-06-29T04:01:27.000,-0.851184172845354,0.5703418153424344,-0.229276614893692
741283307.0,2023-06-29T04:01:47.000,0.07532970290879959,1.5333279782536735,-0.7185676749954517
741283327.0,2023-06-29T04:02:07.000,-0.6490296174499477,1.1260003664137486,-0.4728921925045704
741283347.0,2023-06-29T04:02:27.000,-0.4803792159724374,1.1894440145820973,-1.10213343704757
741283367.0,2023-06-29T04:02:47.000,0.25470213081968396,1.6605340176223393,-0.8894606034370867
741283387.0,2023-06-29T04:03:07.000,0.22048008302411048,-0.27130621352844386,-1.6294450612130973
741283407.0,2023-06-29T04:03:27.000,-1.127883232776572,1.0971656956959563,-2.3132169906570077
741283427.0,2023-06-29T04:03:47.000,-0.0007288235681635058,1.4381625503490092,-1.4341390515149044
741283447.0,2023-06-29T04:04:07.000,-0.08963104421999546,-1.3782419337804441,-0.7429917797674435
741283467.0,2023-06-29T04:04:27.000,0.2892939457654897,-0.6140129228726643,-1.4666469091206835
741283487.0,2023-06-29T04:04:47.000,-0.5470847122324152,0.558485791812835,-1.3212811121210422
741283507.0,2023-06-29T04:05:07.000,-0.38994045772344776,0.9640761433171718,-0.8678817871698996
741283527.0,2023-06-29T04:05:27.000,1.0628415095026433,-0.9404704774285122,-0.5302702743903431
741283547.0,2023-06-29T04:05:47.000,-0.3679771211406724,1.780055812217185,-1.3288812435785502
741283567.0,2023-06-29T04:06:07.000,-0.32978366637514966,-2.353433430102303,0.07226467950705029
741283587.0,2023-06-29T04:06:27.000,-1.2472560731224824,1.0758385920461855,0.05193486064536401
741283607.0,2023-06-29T04:06:47.000,0.763385577318143,-0.8979527769348294,-2.2309933254804903
741283627.0,2023-06-29T04:07:07.000,-1.1798950282471132,0.7492289448518541,-0.36012013258091
741283647.0,2023-06-29T04:07:27.000,-2.1038889309044073,-0.39352059943986717,-1.936122719647937
741283667.0,2023-06-29T04:07:47.000,-0.1344557278182279,0.2764886403494593,-1.2524249211387506
741283687.0,2023-06-29T04:08:07.000,-0.4851502475755609,-0.43639294644570725,-0.500266776470859
741283707.0,2023-06-29T04:08:27.000,-0.8321614981432468,1.7041297118436383,0.15901616157165677
741283727.0,2023-06-29T04:08:47.000,0.29048832126399304,0.6012252458553746,-1.7898798190585374
741283747.0,2023-06-29T04:09:07.000,-0.8504465392578098,0.456485969491105,-2.1512841031245955
741283767.0,2023-06-29T04:09:27.000,0.022029442903193086,-1.3658747876066357,-1.4698888894715267
741283787.0,2023-06-29T04:09:47.000,-0.768977875476029,1.2225149569333738,-1.0031411651012512
741283807.0,2023-06-29T04:10:07.000,-0.9537888271182737,0.6680238864742449,-1.1206177212175206
741283827.0,2023-06-29T04:10:27.000,-0.5112045587174485,-0.44586329931428637,-1.4936645862495546
741283847.0,2023-06-29T04:10:47.000,-0.9042935302572275,-0.22213286909877894,-1.6699924266116994
741283867.0,2023-06-29T04:11:07.000,0.6049860515888739,1.3198962201532716,-0.30385486107231685
741283887.0,2023-06-29T04:11:27.000,1.0109384913192798,-0.13455631538983326,-0.6370995083493369
741283907.0,2023-06-29T04:11:47.000,-0.3696749350967643,1.3580148621961108,-2.58210200507758
741283927.0,2023-06-29T04:12:07.000,0.7516570400767364,0.5727832454671677,-1.1877082997768795
741283947.0,2023-06-29T04:12:27.000,0.47149095634413385,0.13703733741099455,-1.0341989764905968
741283967.0,2023-06-29T04:12:47.000,-0.6980870836059694,-0.16413031077577855,-2.731697880431483
741283987.0,2023-06-29T04:13:07.000,0.08942393449062891,0.7647230393259541,0.6608789359097145
741284007.0,2023-06-29T04:13:27.000,-0.19727587680096192,-0.36624206810609294,-1.962458362048114
741284027.0,2023-06-29T04:13:47.000,0.047765058241999725,-0.714189228157025,-0.997524568346897
741284047.0,2023-06-29T04:14:07.000,-1.3288881445250311,-0.40700103580704194,-0.7081670841069254
741284067.0,2023-06-29T04:14:27.000,1.1664058235272279,1.1564398267993603,-1.4744656136378431
741284087.0,2023-06-29T04:14:47.000,-1.1856501865636915,1.1279513616457848,-0.9681386105131473
741284107.0,2023-06-29T04:15:07.000,-0.30079978231567495,0.6866705367314374,-2.45699230554397
741284127.0,2023-06-29T04:15:27.000,0.16474568592661498,2.2665525920118057,0.30820862685354555
741284147.0,2023-06-29T04:15:47.000,-0.3182066697804409,0.2339467437439957,0.2184394312765292
741284167.0,2023-06-29T04:16:07.000,-1.8061625835286144,-0.8022231123394619,-0.15217768265518572
741284187.0,2023-06-29T04:16:27.000,0.751575750834732,-0.24269836710333337,-1.8133156846067422
741284207.0,2023-06-29T04:16:47.000,-0.7118715494414118,0.7272341949970951,-0.9941960453896392
741284227.0,2023-06-29T04:17:07.000,-1.6970076974653914,0.3842504690099169,-2.27054991178699
741284247.0,2023-06-29T04:17:27.000,-0.45669406166792825,0.8587668551940375,0.4600387897291114
741284267.0,2023-06-29T04:17:47.000,-0.08906101912620201,-0.051665123113053824,0.19350785070981757
741284287.0,2023-06-29T04:18:07.000,-0.2339917730243002,0.6322487639764951,-1.387616776249434
741284307.0,2023-06-29T04:18:27.000,1.3733922421321765,1.2504120269873908,-1.1224931281805794
741284327.0,2023-06-29T04:18:47.000,-0.7783376223868821,-0.507926838522188,-0.44371061238557274
741284347.0,2023-06-29T04:19:07.000,0.4267792083068045,1.1221561876717523,-0.6848855804153509
741284367.0,2023-06-29T04:19:27.000,-0.7481003060361147,-0.6197305614685789,-0.3409400605836055
741284387.0,2023-06-29T04:19:47.000,0.9080485928514292,-0.5451791996180511,0.2066136532197227
741284407.0,2023-06-29T04:20:07.000,-0.5027010362979034,1.0920274226888793,-1.659768222861402
741284427.0,2023-06-29T04:20:27.000,0.8505160470240192,1.226156479283702,-0.44641019514291
741284447.0,2023-06-29T04:20:47.000,-1.0565534453332859,0.3437446484122475,-1.2923419133170633
741284467.0,2023-06-29T04:21:07.000,1.1292424357600694,-0.4967412015721706,-2.0102099546948082
741284487.0,2023-06-29T04:21:27.000,-0.8399844624529251,2.3972532819493964,-1.2695520970495977
741284507.0,2023-06-29T04:21:47.000,0.4488922119350036,0.4840162287966798,-0.054451563691326754
741284527.0,2023-06-29T04:22:07.000,0.26848179679461737,1.1499703095774194,-0.13486764761649894
741284547.0,2023-06-29T04:22:27.000,0.8699306396575679,1.8116550663638264,0.25792474306340907
741284567.0,2023-06-29T04:22:47.000,1.0855114060959181,1.400647457650006,-1.8103248427991936
741284587.0,2023-06-29T04:23:07.000,-1.215006183263867,0.9193743676361166,-1.3360248875882164
741284607.0,2023-06-29T04:23:27.000,-0.3085552394588298,0.7473256661505445,-1.6141182678119925
741284627.0,2023-06-29T04:23:47.000,0.24271246922280554,0.7858495842727464,-0.5169328454290856
741284647.0,2023-06-29T04:24:07.000,0.7326308510857693,-0.3595971894587713,-1.734959799792879
741284667.0,2023-06-29T04:24:27.000,0.29306142173002314,0.3677628555021073,-0.4774362063364457
741284687.0,2023-06-29T04:24:47.000,-0.19734908220936376,-0.1386491949251223,-0.6703195528312555
741284707.0,2023-06-29T04:25:07.000,-0.8062410869924541,0.8332597733473612,-1.8799742662278796
741284727.0,2023-06-29T04:25:27.000,1.955778461582014,1.3905218997578572,-1.1419637914955594
741284747.0,2023-06-29T04:25:47.000,-0.5653722605081235,1.051302359733608,-1.6809054327437956
741284767.0,2023-06-29T04:26:07.000,0.3576342253341913,0.2254005348367727,-0.8731941909534413
741284787.0,2023-06-29T04:26:27.000,1.533862394098584,0.5083719270881915,-1.6095447007202779
741284807.0,2023-06-29T04:26:47.000,0.8676480043767754,0.7384962656731275,-1.034892873330584
741284827.0,2023-06-29T04:27:07.000,0.9778641051227943,0.7302108461892942,-0.2803814680096828
741284847.0,2023-06-29T04:27:27.000,0.04645900567590289,-0.6643436095910005,-1.8742879059452378
741284867.0,2023-06-29T04:27:47.000,0.49769859826742646,-0.26888935591440344,-1.8149180249005248
741284887.0,2023-06-29T04:28:07.000,-0.2098169825215379,0.9369703100725602,-0.6204445575641593
741284907.0,2023-06-29T04:28:27.000,-1.2615911965774274,1.3104089300997046,0.426287343990861
741284927.0,2023-06-29T04:28:47.000,0.6908251255044462,-0.5215861078378126,-1.5521768738979702
741284947.0,2023-06-29T04:29:07.000,1.457985699371278,0.5063899045421039,-1.7379790619997948
741284967.0,2023-06-29T04:29:27.000,0.6414960934120195,0.059410862662812036,-0.865191299836976
741284987.0,2023-06-29T04:29:47.000,-0.5232241272912219,0.8852315935281574,-1.7918544161443783
741285007.0,2023-06-29T04:30:07.000,0.5827063927377196,-0.45573070414084427,-0.4700694184567311
741285027.0,2023-06-29T04:30:27.000,-0.7894461034552158,-0.19126667329949498,-2.3904461235457752
741285047.0,2023-06-29T04:30:47.000,1.244221958629499,-1.1520213878846164,-1.5944664578992906
741285067.0,2023-06-29T04:31:07.000,1.2717151235075441,0.4027157450181562,-0.9176330643012598
741285087.0,2023-06-29T04:31:27.000,0.2549955451125463,1.4983789410227821,0.4657120886930599
741285107.0,2023-06-29T04:31:47.000,-0.0940229970214368,0.004856118540619292,-2.7442099333918613
741285127.0,2023-06-29T04:32:07.000,-0.15138192079877655,0.9485284814592099,0.1774365069540096
741285147.0,2023-06-29T04:32:27.000,0.8974011747042709,0.5037649894568119,-0.34590785172872174
741285167.0,2023-06-29T04:32:47.000,-0.027998404228402052,1.0894849334031065,-2.0960062814046054
741285187.0,2023-06-29T04:33:07.000,-0.051782534693511906,0.8004148418727652,-1.457655780512379
741285207.0,2023-06-29T04:33:27.000,0.17892973622757324,-0.5054526247549873,-0.11305676518302832
741285227.0,2023-06-29T04:33:47.000,0.6821065516415814,0.8730810410306766,-0.5957022682134827
741285247.0,2023-06-29T04:34:07.000,1.1253433894742315,-0.497980531544151,-1.3330506374753526
741285267.0,2023-06-29T04:34:27.000,-1.3823131792878307,-0.3460539259814155,-0.40556812798131503
741285287.0,2023-06-29T04:34:47.000,1.8841275870817853,-1.0501785128180785,-2.3656850972830767
741285307.0,2023-06-29T04:35:07.000,0.4722710029048116,-0.904101197274354,-1.6114180421689106
741285327.0,2023-06-29T04:35:27.000,0.1599539225738411,-0.5680074015801395,0.6331216632293746
741285347.0,2023-06-29T04:35:47.000,-0.8493188597746837,2.518354337632811,-1.1936096001585739
741285367.0,2023-06-29T04:36:07.000,0.5499646155482374,-0.2332093518964129,-1.0138414129223783
741285387.0,2023-06-29T04:36:27.000,-0.1669705566809121,-1.0078387045586723,-0.23726236458854189
741285407.0,2023-06-29T04:36:47.000,0.7484863587925439,1.0205250525308074,0.2359089349868171
741285427.0,2023-06-29T04:37:07.000,0.2523143552424223,0.864023491253807,0.03403445295591112
741285447.0,2023-06-29T04:37:27.000,0.6143409209347084,0.10480644259125427,-0.9469218507640598
741285467.0,2023-06-29T04:37:47.000,0.22843280726991821,-1.087020087375823,-0.5220191639287997
741285487.0,2023-06-29T04:38:07.000,-0.23560978195114046,-0.9182222367121184,-1.753558382833198
741285507.0,2023-06-29T04:38:27.000,-0.8614429982678473,0.7664365056614386,-1.1829720753642192
741285527.0,2023-06-29T04:38:47.000,-0.41894583838741895,0.27517912951635637,-1.683877372238296
741285547.0,2023-06-29T04:39:07.000,0.2211883681546567,0.1938716545968333,-0.9892335089078941
741285567.0,2023-06-29T04:39:27.000,1.4314107320112512,-0.5052312320175112,-1.676279845663764
741285587.0,2023-06-29T04:39:47.000,-0.25134006182980784,-0.24992468208306917,0.925969001075444
741285607.0,2023-06-29T04:40:07.000,2.100762866363848,0.15604616022679707,-0.9557793506309586
741285627.0,2023-06-29T04:40:27.000,0.5814703819773115,-0.7849372384405306,-0.8498071154772191
741285647.0,2023-06-29T04:40:47.000,-0.5805544937453888,0.9013839394556022,0.022189927662008557
741285667.0,2023-06-29T04:41:07.000,-0.47554155696571954,1.730827265244983,-1.0229137851425207
741285687.0,2023-06-29T04:41:27.000,0.237557229054719,-0.05748998167520725,-0.21361755661031268
741285707.0,2023-06-29T04:41:47.000,-0.3204879107099323,1.133513754958404,-1.934652779245205
741285727.0,2023-06-29T04:42:07.000,-0.11090186012863157,0.14030962438571493,-0.14567729099690396
741285747.0,2023-06-29T04:42:27.000,0.71907988050679,-0.0937717462012877,-1.3930371302151023
741285767.0,2023-06-29T04:42:47.000,0.7138439527154539,1.0280149685515383,-2.190847641936333
741285787.0,2023-06-29T04:43:07.000,-0.2652766525113037,1.1862270727691637,-1.8837764457657613
741285807.0,2023-06-29T04:43:27.000,-0.484854327220674,-0.5423437865470504,-0.5262112080406389
741285827.0,2023-06-29T04:43:47.000,0.043989404285849076,-1.3578734933128445,-2.4883719854318365
741285847.0,2023-06-29T04:44:07.000,1.179720142474583,1.0414506803280155,0.425469358178443
741285867.0,2023-06-29T04:44:27.000,0.46386924301700105,0.06129453851144717,-1.266358024409886
741285887.0,2023-06-29T04:44:47.000,-0.39807386570389625,-0.40252644007976457,-1.5318750846815554
741285907.0,2023-06-29T04:45:07.000,-0.020238286912999115,1.0434146426874236,0.3696424410226662
741285927.0,2023-06-29T04:45:27.000,-0.09710930493067593,-0.3251412174498647,-1.2183578673274909
741285947.0,2023-06-29T04:45:47.000,0.4847291220411165,0.5496133260174396,-0.6135213735047884
741285967.0,2023-06-29T04:46:07.000,0.8929565035065146,0.5611297430707651,-1.6069469189305963
741285987.0,2023-06-29T04:46:27.000,0.8363017382273519,-0.16350149424360083,-0.8022741079805051
741286007.0,2023-06-29T04:46:47.000,0.36225600122952173,-0.025447615814577773,-2.9296373249998453
741286027.0,2023-06-29T04:47:07.000,0.2986489944345472,0.9955934478500517,-0.6587660562717979
741286047.0,2023-06-29T04:47:27.000,-0.2342559512702458,-0.5175881421126682,-2.5139353779679574
741286067.0,2023-06-29T04:47:47.000,-0.22538258626081387,-1.7470387632556594,0.12046612117844191
741286087.0,2023-06-29T04:48:07.000,1.673831447146501,-0.8173119402932194,-0.8553358957774648
741286107.0,2023-06-29T04:48:27.000,0.27572485314930617,-0.6332435975253681,-0.569868607902535
741286127.0,2023-06-29T04:48:47.000,0.6523278301862057,1.1437066382957717,-1.484320967204411
741286147.0,2023-06-29T04:49:07.000,0.5036775992284248,0.37607215941370953,-1.286817012879915
741286167.0,2023-06-29T04:49:27.000,0.6533577567635618,0.8893652908792404,-0.35198564716232283
741286187.0,2023-06-29T04:49:47.000,-0.2014420979690179,-1.497020485208278,-0.9923227029418058
741286207.0,2023-06-29T04:50:07.000,0.18732159040579788,-0.7887834844955144,-1.1813998072818244
741286227.0,2023-06-29T04:50:27.000,0.1623720012777774,-0.009880703155662474,-2.460799143655379
741286247.0,2023-06-29T04:50:47.000,0.9613116359274976,-0.8429725333436444,-1.385587579938452
741286267.0,2023-06-29T04:51:07.000,1.943727590647537,1.9204936597017053,-1.0248771799559186
741286287.0,2023-06-29T04:51:27.000,1.051523274187005,0.694218808505731,-2.152521458442802
741286307.0,2023-06-29T04:51:47.000,-0.028587203970698027,-0.1295399721157331,-0.5779421767493353
741286327.0,2023-06-29T04:52:07.000,-0.007922527900383614,-1.823958473423648,-0.4412366515826882
741286347.0,2023-06-29T04:52:27.000,-0.21026110306188173,-0.9511664890049509,-2.8046893052691146
741286367.0,2023-06-29T04:52:47.000,0.231356277968775,-0.8229770618983778,-1.4671061417392828
741286387.0,2023-06-29T04:53:07.000,0.09779537549770012,0.9542076527591092,-0.8413517751160171
741286407.0,2023-06-29T04:53:27.000,0.8407142666699841,-0.9585897693953349,-2.3610650652261533
741286427.0,2023-06-29T04:53:47.000,0.5694277816936655,-0.1882688134724475,-1.8687370038739104
741286447.0,2023-06-29T04:54:07.000,1.079810185833363,-0.7159761307495849,-0.9391006484449349
741286467.0,2023-06-29T04:54:27.000,-0.7842049382200678,-0.9145039889690842,-2.6289177503246997
741286487.0,2023-06-29T04:54:47.000,0.858803028824795,0.052122538085619396,-1.0428699749098769
741286507.0,2023-06-29T04:55:07.000,0.8608256921616153,-0.15586926179755878,-1.5144134332900627
741286527.0,2023-06-29T04:55:27.000,-0.7829911574108728,1.6077913649437114,-0.44710800372049775
741286547.0,2023-06-29T04:55:47.000,-0.09824194771024253,1.275188035632091,-0.05073427791213447
741286567.0,2023-06-29T04:56:07.000,0.0943714330681189,-0.8256329275924124,-1.0871032816273107
741286587.0,2023-06-29T04:56:27.000,0.7840477082576847,0.3144789523457092,-1.2812405615791889
741286607.0,2023-06-29T04:56:47.000,0.6195724112423306,-0.8544242676378211,-2.0574583028620808
741286627.0,2023-06-29T04:57:07.000,0.6964196480496732,-0.1911896753914455,-0.480884314801866
741286647.0,2023-06-29T04:57:27.000,1.0727373349617153,-0.3275736072727575,-1.8580927108602374
741286667.0,2023-06-29T04:57:47.000,0.1196507553702375,-0.25357432477113306,-1.215781061825183
741286687.0,2023-06-29T04:58:07.000,1.3511975426538925,0.2775737653060162,-2.0049293247281774
741286707.0,2023-06-29T04:58:27.000,0.9605730331485596,-0.2774709495834138,-1.0716724419879142
741286727.0,2023-06-29T04:58:47.000,0.13870366658563782,0.6520424434719452,-1.0198454862941908
741286747.0,2023-06-29T04:59:07.000,0.41566052050301394,1.0012230828748692,-0.9084430203420979
741286767.0,2023-06-29T04:59:27.000,1.3365049270297469,-1.7771373129082946,-2.099137551481167
741286787.0,2023-06-29T04:59:47.000,0.547804883455072,0.5555485094288493,-2.4306580502342356
741286807.0,2023-06-29T05:00:07.000,0.8933340475358875,0.07267984863945642,0.35088602416966097
741286827.0,2023-06-29T05:00:27.000,0.030396858030634633,-0.45601475006096237,-0.24547402014407638
741286847.0,2023-06-29T05:00:47.000,0.6532376818468855,0.36919207111463237,-0.9774986319377454
741286867.0,2023-06-29T05:01:07.000,-0.000481126571916235,2.101286855715756,-2.159912123289587
741286887.0,2023-06-29T05:01:27.000,1.494873297147592,0.18411536535367645,-1.002706712294188
741286907.0,2023-06-29T05:01:47.000,0.7790619411585098,0.2648545136541003,-1.4059762937224107
741286927.0,2023-06-29T05:02:07.000,1.0193113721745917,-0.40132961577343806,0.23282787114942138
741286947.0,2023-06-29T05:02:27.000,0.15038848886206324,0.15023290931281963,-0.46232152706160434
741286967.0,2023-06-29T05:02:47.000,0.4196258514332918,0.3626263852529732,-0.45437441795748157
741286987.0,2023-06-29T05:03:07.000,-0.5111694395099065,0.3639608954553175,-1.7884821179370292
741287007.0,2023-06-29T05:03:27.000,0.7664604178336809,1.0123181939714065,-1.7540801603876943
741287027.0,2023-06-29T05:03:47.000,1.4102661162196384,-0.11519243369173537,-2.0748592199026916
741287047.0,2023-06-29T05:04:07.000,1.8395343533761377,-1.8258074697796722,-0.9756671330518607
741287067.0,2023-06-29T05:04:27.000,0.026720128043500324,0.2038647580748787,-1.1906235619418837
741287087.0,2023-06-29T05:04:47.000,-0.5688929395564202,-0.7727680817914973,-0.2836001048667214
741287107.0,2023-06-29T05:05:07.000,0.5664248733383559,-1.3847839098080073,-1.2140671828198002
741287127.0,2023-06-29T05:05:27.000,1.706749012886366,-1.3325774381622857,-1.1311089581966804
741287147.0,2023-06-29T05:05:47.000,1.2569935412876099,1.1809143224961183,-1.5991343154664328
741287167.0,2023-06-29T05:06:07.000,0.8853016414955839,-0.06703384247686017,-1.2770751194213226
741287187.0,2023-06-29T05:06:27.000,1.3406755500433576,0.02307329773909572,-0.5390873735411361
741287207.0,2023-06-29T05:06:47.000,0.1730842630554008,-0.08424406106044557,0.34081158505339104
741287227.0,2023-06-29T05:07:07.000,1.639105981243727,-0.30242221970011585,-0.4616957887670914
741287247.0,2023-06-29T05:07:27.000,1.4257311799159567,0.13528623814540452,-1.0205922054140615
741287267.0,2023-06-29T05:07:47.000,0.8236254569360391,-0.017915091576892195,-1.0353786157768496
741287287.0,2023-06-29T05:08:07.000,-0.41789112640300274,-0.24279374594149417,-1.404610067590184
741287307.0,2023-06-29T05:08:27.000,0.30068939405047956,-2.0958065349185873,-1.761855103177279
741287327.0,2023-06-29T05:08:47.000,1.8938296416082245,-1.8450320142027188,-1.831391813733596
741287347.0,2023-06-29T05:09:07.000,0.9242170118217707,-1.4097091878495505,-0.6189046677818055
741287367.0,2023-06-29T05:09:27.000,1.3665984367139394,-1.7597807969504942,-0.27569632556900814
741287387.0,2023-06-29T05:09:47.000,-1.0642941197014366,0.019828528319276728,-0.33228419176190016
741287407.0,2023-06-29T05:10:07.000,0.016373970113114922,-2.784476718264983,-1.5971756324839603
741287427.0,2023-06-29T05:10:27.000,-0.21546349614487426,-0.4645432412075934,-1.3693634547284894
741287447.0,2023-06-29T05:10:47.000,0.5326797592686283,0.14875917697665386,-0.22325524129396257
741287467.0,2023-06-29T05:11:07.000,1.3648363208274006,-0.8420264210551309,-0.27300845334421453
741287487.0,2023-06-29T05:11:27.000,0.936890784353217,-0.5913485990549638,-2.7108228066952123
741287507.0,2023-06-29T05:11:47.000,0.9422197390640541,-1.4021113604489877,-1.402472130096477
741287527.0,2023-06-29T05:12:07.000,1.3840535063036619,0.3729417705322646,-0.9290556959085094
741287547.0,2023-06-29T05:12:27.000,0.6398230521398318,-0.08205182077114515,-1.648733935011304
741287567.0,2023-06-29T05:12:47.000,0.6865427619073827,-0.6053033617003933,-1.7260399924001746
741287587.0,2023-06-29T05:13:07.000,1.3888338258771782,-1.4700848163129443,-2.1369396344450564
741287607.0,2023-06-29T05:13:27.000,-0.00483614358559592,-0.6709383808867209,-1.6706438787705835
741287627.0,2023-06-29T05:13:47.000,0.054222083356592066,1.4315235054018771,-0.05967990261979139
741287647.0,2023-06-29T05:14:07.000,0.49109195363605807,-1.2534966213673115,-1.8446665556393071
741287667.0,2023-06-29T05:14:27.000,0.8604411707469062,-2.392092777592225,0.45921809098681265
741287687.0,2023-06-29T05:14:47.000,0.7064768950515443,-1.1196923458745012,-1.9809413189797453
741287707.0,2023-06-29T05:15:07.000,1.2534641724237794,0.47844481716463605,-2.67254820284224
741287727.0,2023-06-29T05:15:27.000,-0.07511113694347316,-2.354771812373979,-1.2957269294511242
741287747.0,2023-06-29T05:15:47.000,1.7533934644542448,-1.2285096403163998,0.06332659366892202
741287767.0,2023-06-29T05:16:07.000,-0.10135326821147927,-0.535846723026534,-0.2556012414056674
741287787.0,2023-06-29T05:16:27.000,0.4684788578401822,-0.12012966188468255,-1.5220220260792061
741287807.0,2023-06-29T05:16:47.000,1.2804949007461097,-0.061471309809046915,-1.741107639363637
741287827.0,2023-06-29T05:17:07.000,0.2530343620965603,-1.355171652595022,-0.25463331460029437
741287847.0,2023-06-29T05:17:27.000,1.8485469011508826,-0.45569879013607206,0.18923092579559153
741287867.0,2023-06-29T05:17:47.000,0.39213794158499127,-1.5900346905461937,0.781771076374671
741287887.0,2023-06-29T05:18:07.000,-0.023482210043113128,-2.0370849592832307,-1.4220113085050556
741287907.0,2023-06-29T05:18:27.000,-0.4983027776406246,-0.14537406002324005,-1.4482530322323939
741287927.0,2023-06-29T05:18:47.000,0.5808514334515458,-0.24385273863503087,-2.3448692637595414
741287947.0,2023-06-29T05:19:07.000,-0.19975460672227996,-0.6012481961303884,-0.7297206204293083
741287967.0,2023-06-29T05:19:27.000,0.36660654705311657,-0.4780361161582647,-0.6656799229842747
741287987.0,2023-06-29T05:19:47.000,0.5479767096416843,0.2076229939307339,-0.0605042211665463
741288007.0,2023-06-29T05:20:07.000,-0.041937890460364,-0.15413025499233513,-1.1786927334833663
741288027.0,2023-06-29T05:20:27.000,0.6039972898497226,-1.2902751915233601,-0.8934620984391017
741288047.0,2023-06-29T05:20:47.000,1.8818695319722245,-1.5387036071956572,-0.4674471800636404
741288067.0,2023-06-29T05:21:07.000,1.2963057756221197,-0.8396307499269895,-1.6582439054890763
741288087.0,2023-06-29T05:21:27.000,0.10713518608929107,-1.3155748867621497,-0.4937215364875236
741288107.0,2023-06-29T05:21:47.000,0.4650108959225463,-0.23933517104834934,-1.3133006138588144
741288127.0,2023-06-29T05:22:07.000,0.7776770928891175,-0.2920304464582024,-2.0719159979032398
741288147.0,2023-06-29T05:22:27.000,1.0576919223792558,-0.5488200046088743,-0.07298103831265834
741288167.0,2023-06-29T05:22:47.000,-0.25380080537207306,-1.0806549785691288,-1.0785593169582164
741288187.0,2023-06-29T05:23:07.000,0.478847437068719,-0.9490833646985664,-2.90301252190428
741288207.0,2023-06-29T05:23:27.000,-0.8351548084428728,0.030551543528378744,-0.8589533019520701
741288227.0,2023-06-29T05:23:47.000,1.3833237104132756,-0.3787054971282622,-1.051777409266652
741288247.0,2023-06-29T05:24:07.000,-0.33682223027353686,-0.7170086146146559,-1.1484083987767235
741288267.0,2023-06-29T05:24:27.000,1.649113048518558,-1.6205212551856363,-0.6829116469986296
741288287.0,2023-06-29T05:24:47.000,0.5052031181729255,-0.7403045499621008,0.24418874389198209
741288307.0,2023-06-29T05:25:07.000,0.9612919597667968,0.25769918066131936,-0.899670463827551
741288327.0,2023-06-29T05:25:27.000,0.9879680355817655,-1.4624660131912215,-1.729893040680608
741288347.0,2023-06-29T05:25:47.000,0.9380180272189342,-2.826815275325245,-0.46691005658461293
741288367.0,2023-06-29T05:26:07.000,1.0535720277204952,-0.2864202562458118,-0.08543937290994563
741288387.0,2023-06-29T05:26:27.000,0.28459775436306955,-1.611903541576254,-0.7786173860657719
741288407.0,2023-06-29T05:26:47.000,1.1816539279063676,-0.9097062512286591,-1.001261326516456
741288427.0,2023-06-29T05:27:07.000,0.2783164041897379,-1.9248763646673162,-0.22074067084210114
741288447.0,2023-06-29T05:27:27.000,2.0006444211295715,-0.06944594023172712,-2.247317774006774
741288467.0,2023-06-29T05:27:47.000,1.3399651228263032,-0.6895141781870784,-1.7752319778852055
741288487.0,2023-06-29T05:28:07.000,-0.3107705877303246,-0.23480563706712587,-0.9515146142335951
741288507.0,2023-06-29T05:28:27.000,0.2151117634685562,-0.856916125158147,-1.176140075564991
741288527.0,2023-06-29T05:28:47.000,1.5626369848087407,0.01811031491438797,-2.52025685454349
741288547.0,2023-06-29T05:29:07.000,1.7773253225161767,0.1092614085207444,-1.2928712063597914
741288567.0,2023-06-29T05:29:27.000,-0.20118346478747995,-0.5784714328216367,-1.4318405735402884
741288587.0,2023-06-29T05:29:47.000,-0.2417094333018177,-0.9770534685982213,-1.1692393242279664
741288607.0,2023-06-29T05:30:07.000,-0.1231529764167405,-1.1326904029385076,0.3720007112684165
741288627.0,2023-06-29T05:30:27.000,1.758353844727445,0.29996174510937834,-0.851076988650501
741288647.0,2023-06-29T05:30:47.000,-0.6404083879196776,-0.1064986918652977,-0.9224727389955945
741288667.0,2023-06-29T05:31:07.000,1.5205428417375266,-1.2968052868878033,-1.455254073878809
741288687.0,2023-06-29T05:31:27.000,-0.9332979508225314,-1.15669293716536,-1.8088785119108053
741288707.0,2023-06-29T05:31:47.000,1.2539833312397164,-1.077435049046116,7.325207107555798e-06
741288727.0,2023-06-29T05:32:07.000,1.5379306761098555,-1.3148277549057674,-1.8531905944474403
741288747.0,2023-06-29T05:32:27.000,0.5243764301443576,-0.3515791620500863,-1.0251993002530213
741288767.0,2023-06-29T05:32:47.000,-0.5113405556977924,-0.22558198069511093,-1.0557822501588987
741288787.0,2023-06-29T05:33:07.000,2.461954988541848,-0.5491347639274835,0.4512546690649266
741288807.0,2023-06-29T05:33:27.000,-2.247102504071563e-06,-1.4233677485320229,-0.7060967922356554
741288827.0,2023-06-29T05:33:47.000,0.15773201564872608,-0.7149420934271511,-2.170629835873683
741288847.0,2023-06-29T05:34:07.000,-0.18784378872371832,-0.8571157822823139,-0.4681375549209221
741288867.0,2023-06-29T05:34:27.000,0.6191011252321132,-1.8758553630093822,-0.32571056205465965
741288887.0,2023-06-29T05:34:47.000,0.9536175432978133,-0.6697356403795318,-0.3875706469425033
741288907.0,2023-06-29T05:35:07.000,2.5923233890834396,0.6756473008073804,0.21335103294051194
741288927.0,2023-06-29T05:35:27.000,0.16001777529695005,-1.3493387475360663,-0.33410796582700186
741288947.0,2023-06-29T05:35:47.000,-0.38063567621149375,-0.10966119032840282,-0.6153881009107742
741288967.0,2023-06-29T05:36:07.000,1.5810250552417138,-0.25159822122367004,-0.27347639536268176
741288987.0,2023-06-29T05:36:27.000,0.2754950918726351,-1.7262775055426616,0.6892719656037549
741289007.0,2023-06-29T05:36:47.000,0.29261912163347503,-0.35522378012409206,-1.1239172493349159
741289027.0,2023-06-29T05:37:07.000,0.837007478360352,0.5295064219090762,-1.187006947600544
741289047.0,2023-06-29T05:37:27.000,0.7511869012821748,0.12541135110399892,-1.4996955833512793
741289067.0,2023-06-29T05:37:47.000,1.7992597156513135,-0.6420906657700343,-0.28854733669092525
741289087.0,2023-06-29T05:38:07.000,0.33465665182363935,-2.3726567913384677,-1.002033108454814
741289107.0,2023-06-29T05:38:27.000,1.3611204302321767,-1.5889609565111762,-1.4059961854107073
741289127.0,2023-06-29T05:38:47.000,0.3923794058335872,-0.4250365426283764,-0.7132343336602176
741289147.0,2023-06-29T05:39:07.000,1.0210890548090212,-0.7489935133775383,-0.3126135833531052
741289167.0,2023-06-29T05:39:27.000,0.022896737272848355,-0.11982103802488098,-0.7566618516419155
741289187.0,2023-06-29T05:39:47.000,1.06495205101087,-0.08510899318636689,-2.221228559218247
741289207.0,2023-06-29T05:40:07.000,0.6946758433490352,-1.2626884815070127,-1.0737631733093167
741289227.0,2023-06-29T05:40:27.000,1.0914418444030183,-1.4197725604847555,-0.7482008980375099
741289247.0,2023-06-29T05:40:47.000,1.2909102065972178,-1.4200387983831497,-0.18564103827500844
741289267.0,2023-06-29T05:41:07.000,0.14322260730725844,-1.1898505647423008,-1.8599785868822494
741289287.0,2023-06-29T05:41:27.000,0.7281788244717369,-1.0134320657662066,-1.0017120718242012
741289307.0,2023-06-29T05:41:47.000,1.4100303868502806,-0.6126036649622968,-1.008717922523772
741289327.0,2023-06-29T05:42:07.000,0.5487863471653753,-0.9593017294862172,0.7992429834291492
741289347.0,2023-06-29T05:42:27.000,-0.6928791706384274,-0.9837383323274551,-1.7773685721533816
741289367.0,2023-06-29T05:42:47.000,1.5904308229064412,-0.18676702631115205,0.2589873341118931
741289387.0,2023-06-29T05:43:07.000,-0.003944916926457154,-1.4697271190744488,1.6616699646920807
741289407.0,2023-06-29T05:43:27.000,0.9669042067339539,-1.6541783717127778,-0.895270386924718
741289427.0,2023-06-29T05:43:47.000,1.7163473620351866,-0.5701962806914374,-0.18676128676897719
741289447.0,2023-06-29T05:44:07.000,2.237989768572035,-0.49388427484364783,-0.1799637765809159
741289467.0,2023-06-29T05:44:27.000,2.332333231713779,-1.3719621833607754,-1.0590014699829453
741289487.0,2023-06-29T05:44:47.000,-0.869813653037177,-0.7346844359545912,-0.1667004232319691
741289507.0,2023-06-29T05:45:07.000,1.3328251385225087,-1.8081071049391717,0.547734125055932
741289527.0,2023-06-29T05:45:27.000,0.5452322573096247,-0.11817365073163444,-1.3184018428313848
741289547.0,2023-06-29T05:45:47.000,-0.15892904046133083,-1.2318920894038854,-0.8587668551607308
741289567.0,2023-06-29T05:46:07.000,0.6366741134300469,-1.6632370107183547,-1.0784195720092704
741289587.0,2023-06-29T05:46:27.000,0.30960845687211247,-0.6289144252047407,0.22557974042047846
741289607.0,2023-06-29T05:46:47.000,1.1935582810096435,-2.3605013698690946,0.15531099526455705
741289627.0,2023-06-29T05:47:07.000,2.078785444914466,-0.2786102084706421,-2.3615230931417486
741289647.0,2023-06-29T05:47:27.000,-0.03837833500996979,-1.0875807338051047,-1.0808818957208643
741289667.0,2023-06-29T05:47:47.000,0.1071067104008172,-1.531348674632671,-0.16732060097446322
741289687.0,2023-06-29T05:48:07.000,-0.05929956928829583,-0.4966385988125488,-1.5044762828209102
741289707.0,2023-06-29T05:48:27.000,1.2060039953021295,-2.17727035404236,-1.085502531927851
741289727.0,2023-06-29T05:48:47.000,0.6078031354550539,-1.7239918878475535,-0.7882986888252397
741289747.0,2023-06-29T05:49:07.000,-0.06821680720303647,1.8080920565100023,-0.6582976562530263
741289767.0,2023-06-29T05:49:27.000,0.019741945644913272,-1.452990143435695,-1.773962469553414
741289787.0,2023-06-29T05:49:47.000,1.2138766980585025,-1.359420728852534,-1.7059248208384226
741289807.0,2023-06-29T05:50:07.000,0.38621758361445657,-1.529961634350041,-1.0267124223140023
741289827.0,2023-06-29T05:50:27.000,1.1396206050173774,-1.5752172458083358,-0.8155837332157745
741289847.0,2023-06-29T05:50:47.000,0.5523194716250401,-2.73609614122039,0.8292938176834852
741289867.0,2023-06-29T05:51:07.000,0.7867550407825163,-1.1273376049336647,-1.1917528418114998
741289887.0,2023-06-29T05:51:27.000,-1.153656357744115,-1.7396997648466694,-0.026834253386009976
741289907.0,2023-06-29T05:51:47.000,-0.105316294318758,-1.0427877314311829,0.6302727213802761
741289927.0,2023-06-29T05:52:07.000,0.2805446962073077,-0.7505425118403686,-0.0029893143294046354
741289947.0,2023-06-29T05:52:27.000,0.5840660668443576,-0.6356960255859967,-0.8723130133225787
741289967.0,2023-06-29T05:52:47.000,0.8206922972209263,-2.035091393937094,-1.30264432284255
741289987.0,2023-06-29T05:53:07.000,1.2028455215862266,-1.888589647636163,-0.4679727830581015
741290007.0,2023-06-29T05:53:27.000,-0.43483034549707256,-0.7943180814096173,1.0088346745984467
741290027.0,2023-06-29T05:53:47.000,-0.8049666219922536,-1.5731353751990973,-0.774022452665335
741290047.0,2023-06-29T05:54:07.000,0.3213318554240452,-2.3594765800494244,-0.012064249232945912
741290067.0,2023-06-29T05:54:27.000,0.5659634623955689,-1.9887129026563422,-0.46242565110432565
741290087.0,2023-06-29T05:54:47.000,-0.3353310096265716,-0.798244347322008,0.1372982665226452
741290107.0,2023-06-29T05:55:07.000,0.6566374021521604,-1.863274075131205,-0.05016863980911168
741290127.0,2023-06-29T05:55:27.000,1.4116757051985118,-1.048495059541299,-0.8141109764991938
741290147.0,2023-06-29T05:55:47.000,1.1230751818525064,-2.370120988104407,-0.00928148484735658
741290167.0,2023-06-29T05:56:07.000,-0.7381160177732937,-0.7101705168932604,-0.6323259379104051
741290187.0,2023-06-29T05:56:27.000,0.923349759285319,-0.41679745478306884,-0.7836152518536643
741290207.0,2023-06-29T05:56:47.000,0.7901069745464007,-1.4184805853245663,-0.18715947265324218
741290227.0,2023-06-29T05:57:07.000,0.8663077623261017,-1.422341186296805,0.5372494985222964
741290247.0,2023-06-29T05:57:27.000,0.6695871237472062,-0.4631298649915294,0.7765592926700648
741290267.0,2023-06-29T05:57:47.000,0.1524183652956701,0.20062649428442825,-1.0526554130696475
741290287.0,2023-06-29T05:58:07.000,0.9286082211845681,-0.7775229625806013,0.41119790825661084
741290307.0,2023-06-29T05:58:27.000,0.42050384314595846,-1.075436433572996,-0.8925733166909033
741290327.0,2023-06-29T05:58:47.000,0.22572831031020257,-1.3836223825336447,-1.175083474425076
741290347.0,2023-06-29T05:59:07.000,1.1520673451559382,-1.3224122158317364,-2.38032634979346
741290367.0,2023-06-29T05:59:27.000,0.12679094151257786,-3.23186014919985,1.2197261688329242
741290387.0,2023-06-29T05:59:47.000,-0.20926688855116282,-0.7052246875471901,-0.6055149883832378
741290407.0,2023-06-29T06:00:07.000,-1.370022137869853,0.088596028213761,-2.077665026523068
741290427.0,2023-06-29T06:00:27.000,-0.1389982358879216,-1.5184086296304855,0.45922193331326966
741290447.0,2023-06-29T06:00:47.000,0.5159091177930897,-0.31434529029761293,-0.6340955283845595
741290467.0,2023-06-29T06:01:07.000,0.11662503689446879,0.2731873446792932,-0.3157906060979876
741290487.0,2023-06-29T06:01:27.000,-0.2781485751723878,-1.38565831722115,-0.7956302699674289
741290507.0,2023-06-29T06:01:47.000,1.2039150182441283,0.8141172595732549,-0.6911642110307703
741290527.0,2023-06-29T06:02:07.000,-0.008515952809595717,-1.2496786216176226,-0.00481935847895798
741290547.0,2023-06-29T06:02:27.000,0.4416245486305037,-0.5748996164456344,-0.6165219360032559
741290567.0,2023-06-29T06:02:47.000,-0.5270055928319195,-2.4184446399844184,-1.0188179135672826
741290587.0,2023-06-29T06:03:07.000,-0.5163127358986941,0.07245171432801456,-1.3401254875144986
741290607.0,2023-06-29T06:03:27.000,-0.9572731954787805,-1.283952834352231,-1.4230497737854897
741290627.0,2023-06-29T06:03:47.000,0.05225108242745691,-1.4034210552682502,0.3948673113818302
741290647.0,2023-06-29T06:04:07.000,1.580066857387319,-0.12254404334610669,-0.5972272209442409
741290667.0,2023-06-29T06:04:27.000,0.4192224633770003,-1.9490120148790702,-1.0313482150636766
741290687.0,2023-06-29T06:04:47.000,-1.5540619777709708,-0.6585447171247871,-1.5825328853025233
741290707.0,2023-06-29T06:05:07.000,0.9808855964132945,-0.7667130416555423,-0.9226535388706658
741290727.0,2023-06-29T06:05:27.000,0.07312081626853484,-0.010001372430235023,-0.727783323040132
741290747.0,2023-06-29T06:05:47.000,0.8340691413200041,-0.652356830854739,0.3508995203738152
741290767.0,2023-06-29T06:06:07.000,-0.505966639319233,-1.4587068542404324,-0.20601664647568185
741290787.0,2023-06-29T06:06:27.000,0.9531457104583474,-0.31346565080303535,-0.10652379471842721
741290807.0,2023-06-29T06:06:47.000,0.8392049154259951,-2.3097142879291432,0.08452486064403075
741290827.0,2023-06-29T06:07:07.000,1.1857791843761234,-1.0210789757714167,-0.7874122176287912
741290847.0,2023-06-29T06:07:27.000,-0.0896760380286743,-1.5326448507324564,0.7964128218906907
741290867.0,2023-06-29T06:07:47.000,0.20997332835781535,-1.550337075784114,-0.2519141895751531
741290887.0,2023-06-29T06:08:07.000,0.5293383478210956,-1.3969343220177066,-0.315138882056587
741290907.0,2023-06-29T06:08:27.000,0.6322662736368834,-1.0122695778935764,-0.3620330059739274
741290927.0,2023-06-29T06:08:47.000,-0.4426318950034869,-2.407639126533745,-0.8493244565310754
741290947.0,2023-06-29T06:09:07.000,0.9608990566567499,-1.622593099881442,-0.017169854071852342
741290967.0,2023-06-29T06:09:27.000,1.0360375364615315,-0.9461108538943996,-0.6742281496441294
741290987.0,2023-06-29T06:09:47.000,0.76749814300614,-1.4216095866159684,0.7741963697127652
741291007.0,2023-06-29T06:10:07.000,0.8739633662102619,-0.6840257742890543,0.07187325811175427
741291027.0,2023-06-29T06:10:27.000,0.5582670644765919,-2.1043710178414443,-0.09735688665246656
741291047.0,2023-06-29T06:10:47.000,0.5491107886057556,-2.298844804149436,-0.07119231131280657
741291067.0,2023-06-29T06:11:07.000,1.2468051690750492,-0.5105990904086255,-0.061949813545680854
741291087.0,2023-06-29T06:11:27.000,-1.5745599213468076,-1.449943889220151,-0.30632000013186556
741291107.0,2023-06-29T06:11:47.000,-0.539752537564997,-1.2852096747506536,-1.316996431810491
741291127.0,2023-06-29T06:12:07.000,1.5696135146292534,-0.6162739849435717,1.1349295852447483
741291147.0,2023-06-29T06:12:27.000,1.8876088816011105,-0.0866075103300723,0.3846992349343381
741291167.0,2023-06-29T06:12:47.000,-0.020540307521521584,-0.6063039256654079,0.09771264507518751
741291187.0,2023-06-29T06:13:07.000,0.046129261277449984,-0.600901806580012,1.698506296876623
741291207.0,2023-06-29T06:13:27.000,0.4383352475323399,-1.6807304450860983,0.13929611720753243
741291227.0,2023-06-29T06:13:47.000,0.8543092481438919,-1.0490873307067439,0.22068647479445147
741291247.0,2023-06-29T06:14:07.000,0.012539890759111216,-1.895717810895814,-0.33055113319857554
741291267.0,2023-06-29T06:14:27.000,-1.3254507063242826,-1.803524847199256,0.007028209547677022
741291287.0,2023-06-29T06:14:47.000,-0.30857884431023663,-1.072755623332533,0.18300982396191046
741291307.0,2023-06-29T06:15:07.000,-0.09670931698790852,0.27845498770107113,0.6250368894789027
741291327.0,2023-06-29T06:15:27.000,0.14426400883893464,-1.41989254986985,-0.7667028446456392
741291347.0,2023-06-29T06:15:47.000,1.0074691261907631,-0.13252883683811945,-1.0151837022021049
741291367.0,2023-06-29T06:16:07.000,1.0044909232398425,-1.732792755082535,-1.952148303774326
741291387.0,2023-06-29T06:16:27.000,1.0308728809582668,-1.411706141485336,0.22611302780140008
741291407.0,2023-06-29T06:16:47.000,0.037640408490080546,-1.2651342308767077,-0.10817968261189748
741291427.0,2023-06-29T06:17:07.000,0.11495168903419284,-0.6747318354038967,-0.5969623274371116
741291447.0,2023-06-29T06:17:27.000,0.23061666113433077,-1.131521293762372,0.0020076113771416715
741291467.0,2023-06-29T06:17:47.000,-0.07605724883230636,-0.7042780980737184,0.841157548980842
741291487.0,2023-06-29T06:18:07.000,0.01873195695223373,-1.28013703174501,-0.2761605237155962
741291507.0,2023-06-29T06:18:27.000,0.5284729201915361,0.20418395314525384,0.6887522109311206
741291527.0,2023-06-29T06:18:47.000,0.464629234220304,-0.9767622409229126,0.424841772661555
741291547.0,2023-06-29T06:19:07.000,0.6597351406179008,-1.070897795107939,0.6235778751029208
741291567.0,2023-06-29T06:19:27.000,0.5954769451532727,-1.5923138002471582,-0.19362106897791165
741291587.0,2023-06-29T06:19:47.000,0.8650430737722203,-0.21389621100986744,1.0045370119060593
741291607.0,2023-06-29T06:20:07.000,0.11608666125040301,0.31008319575365206,-0.5827770249378084
741291627.0,2023-06-29T06:20:27.000,0.8261774505857744,-1.5526725459014123,1.173049605551757
741291647.0,2023-06-29T06:20:47.000,0.07252103964017209,-1.2909119608939257,-0.23265007740302934
741291667.0,2023-06-29T06:21:07.000,-1.8441917858491585,-2.054788739125346,0.1494588174888456
741291687.0,2023-06-29T06:21:27.000,-0.19065267981011047,-2.4973099558622813,-0.11410607475559331
741291707.0,2023-06-29T06:21:47.000,-0.3107285043935093,-1.6285039488583841,1.644888932661459
741291727.0,2023-06-29T06:22:07.000,-0.16774730754454126,-1.1967623625763757,0.3685399161845737
741291747.0,2023-06-29T06:22:27.000,-0.3459540822148277,-1.2351758557960224,0.17028749677017174
741291767.0,2023-06-29T06:22:47.000,-0.2738177436789613,-1.3669240079505762,-0.7082414264059089
741291787.0,2023-06-29T06:23:07.000,1.1277221880656718,-1.7547794840866437,-0.8311011207240426
741291807.0,2023-06-29T06:23:27.000,0.30596213682621,-0.7361791225624081,-0.28597117683881734
741291827.0,2023-06-29T06:23:47.000,-1.2209486790593083,-1.1502063568258336,0.3706987857676758
741291847.0,2023-06-29T06:24:07.000,-0.7409395675006536,-0.6099206724008432,0.001304246777245055
741291867.0,2023-06-29T06:24:27.000,0.22043064730192796,-1.1690626092519807,0.9526188712860595
741291887.0,2023-06-29T06:24:47.000,-0.7248267242743189,-1.1158287298140834,0.06180956416690364
741291907.0,2023-06-29T06:25:07.000,-0.5088771106498413,-2.2466427990974758,0.13695783743772338
741291927.0,2023-06-29T06:25:27.000,0.14084438958450463,-1.468941749771524,0.7160550328344506
741291947.0,2023-06-29T06:25:47.000,-0.07207354353333528,-2.015027627821908,-0.19484387596691022
741291967.0,2023-06-29T06:26:07.000,0.7354707219242584,-1.5941797070762043,-0.1429669140406986
741291987.0,2023-06-29T06:26:27.000,0.3174646867387665,-1.4809481850508455,-1.1114975179582487
741292007.0,2023-06-29T06:26:47.000,0.0993097397317122,-0.5504083810392579,0.04857830371296501
741292027.0,2023-06-29T06:27:07.000,0.6704841544968865,-2.2387146732416596,-0.7013101610109373
741292047.0,2023-06-29T06:27:27.000,0.25394120439781176,-0.9682841877634019,0.7718046379001642
741292067.0,2023-06-29T06:27:47.000,-0.4299433752019688,-1.7120637560985585,0.5930988925650915
741292087.0,2023-06-29T06:28:07.000,-0.22903139821339735,-0.45254506315650644,0.5333780700111923
741292107.0,2023-06-29T06:28:27.000,0.841071660484527,-1.5211879910048687,0.8323830175460678
741292127.0,2023-06-29T06:28:47.000,0.764681083154084,-0.14159037785566042,-0.8371928898798231
741292147.0,2023-06-29T06:29:07.000,-0.5410983452969198,0.7006434653455962,0.37960256601410336
741292167.0,2023-06-29T06:29:27.000,0.23097670189820008,-0.3397630222834458,0.49167968123597916
741292187.0,2023-06-29T06:29:47.000,-0.9625611853913973,-1.7348896259594682,-0.5611538137495486
741292207.0,2023-06-29T06:30:07.000,-0.8988945178534102,-0.7565288342781251,-0.7685095723464208
741292227.0,2023-06-29T06:30:27.000,-0.35245390606064575,-0.956327530465817,0.5668807846803681
741292247.0,2023-06-29T06:30:47.000,-1.0071134015410266,-0.6344391694335094,1.1193809388743148
741292267.0,2023-06-29T06:31:07.000,0.7081617285908948,-1.889285330447521,0.6290017638077572
741292287.0,2023-06-29T06:31:27.000,1.5077211559244574,-2.4294301445570987,-0.39078925092583816
741292307.0,2023-06-29T06:31:47.000,-0.19348614613834414,-0.5146934812683135,0.24703119926305916
741292327.0,2023-06-29T06:32:07.000,-0.7201789203659104,-1.7697997330312631,-0.6086155018292239
741292347.0,2023-06-29T06:32:27.000,-0.2714192377517577,-2.052275224495581,-0.527658275606413
741292367.0,2023-06-29T06:32:47.000,-0.3093538342824331,-2.705071583863905,0.941264887399651
741292387.0,2023-06-29T06:33:07.000,-1.3986982278391125,-0.8752477638318545,2.0458997633032716
741292407.0,2023-06-29T06:33:27.000,-0.19377374814721904,-0.49211342714183814,-0.2057602836114114
741292427.0,2023-06-29T06:33:47.000,-0.2664020311682336,-0.9923075794060487,0.2711003704525261
741292447.0,2023-06-29T06:34:07.000,0.30380625561932106,-1.4299872494127897,0.7847703919705573
741292467.0,2023-06-29T06:34:27.000,-0.6205957395311046,-1.0606972352444899,0.8374856079962356
741292487.0,2023-06-29T06:34:47.000,0.8171468171780383,-2.1018377815873457,0.041338757184039565
741292507.0,2023-06-29T06:35:07.000,-0.376241357769036,-1.5612723720193067,-0.05939514883257502
741292527.0,2023-06-29T06:35:27.000,0.3724420166606457,-1.1553613745718394,-0.19571736954437924
741292547.0,2023-06-29T06:35:47.000,-0.09654205335163368,-1.3177830672006507,-0.20511774525555637
741292567.0,2023-06-29T06:36:07.000,-0.9440968838037023,-0.5068945422737059,0.2765543833604944
741292587.0,2023-06-29T06:36:27.000,-0.613237325253202,-0.47095092539084504,0.5036046296980068
741292607.0,2023-06-29T06:36:47.000,-0.1479472387266867,-1.4617358219504162,0.4283442111341351
741292627.0,2023-06-29T06:37:07.000,-0.43790291772705103,-1.3186804731168955,1.11607508378464
741292647.0,2023-06-29T06:37:27.000,1.054810459444333,-1.067135387788909,0.04951473091541203
741292667.0,2023-06-29T06:37:47.000,-0.22828986018241793,-0.4483731740556607,-1.0771927599240172
741292687.0,2023-06-29T06:38:07.000,-0.47699151222158065,-1.3797818155358854,0.6390313586956964
741292707.0,2023-06-29T06:38:27.000,-0.3558014804783127,-1.77600223767449,-0.2620665337071948
741292727.0,2023-06-29T06:38:47.000,-0.7727150775238556,-1.1794150712396423,1.0571209968057715
741292747.0,2023-06-29T06:39:07.000,-0.824969676005427,-1.9971098261795106,0.00035270946163734607
741292767.0,2023-06-29T06:39:27.000,-0.4352593267809013,-1.521003324389536,1.1421432139724352
741292787.0,2023-06-29T06:39:47.000,0.020532857347710376,-0.7426798289689174,0.45551077076932955
741292807.0,2023-06-29T06:40:07.000,-0.49661744946361,-0.876657345916243,0.42984083659103334
741292827.0,2023-06-29T06:40:27.000,-1.1022606431265736,-1.6655659155540015,0.5181045474644819
741292847.0,2023-06-29T06:40:47.000,-0.8090057858289867,-0.8085386042355758,-0.29039587601253913
741292867.0,2023-06-29T06:41:07.000,-0.44686254190295926,-1.3794509912679054,0.49788921289151133
741292887.0,2023-06-29T06:41:27.000,-1.0783732234509458,0.4124424774709645,-0.2595708605390712
741292907.0,2023-06-29T06:41:47.000,-1.4022192279639079,-1.6563314184203648,2.668479149214864
741292927.0,2023-06-29T06:42:07.000,-1.2744547638221526,-0.584614480692025,0.39936486794234227
741292947.0,2023-06-29T06:42:27.000,0.646715707020018,-2.2135844224613344,-0.1280032990935709
741292967.0,2023-06-29T06:42:47.000,-1.4971120494644552,-3.0695107090417117,0.3489698482517234
741292987.0,2023-06-29T06:43:07.000,0.18988008082532204,-1.2497164713742848,0.5055484235905183
741293007.0,2023-06-29T06:43:27.000,-0.1541472305466307,-2.138059664846814,1.0010886396516483
741293027.0,2023-06-29T06:43:47.000,-0.34389488863251216,-1.3154178005847506,0.1725040669975364
741293047.0,2023-06-29T06:44:07.000,-0.7700467373084052,-1.233922068488713,-0.5511107654898595
741293067.0,2023-06-29T06:44:27.000,-1.2612636674402822,-3.4402801613486744,1.6310887531290064
741293087.0,2023-06-29T06:44:47.000,-0.19075190690331922,-0.7527890127922987,0.13908467471068775
741293107.0,2023-06-29T06:45:07.000,-0.915124919875776,-1.324421804660414,0.6717877425344021
741293127.0,2023-06-29T06:45:27.000,0.4558874129201307,-0.5442678436273773,0.5126779480280064
741293147.0,2023-06-29T06:45:47.000,-0.9391604589681357,-0.3245706562848838,0.47915042596935464
741293167.0,2023-06-29T06:46:07.000,-0.7598282834253567,-0.34635852702580294,-0.7652276794889445
741293187.0,2023-06-29T06:46:27.000,0.4687491720112291,-1.2055429468027512,-0.07394036899421863
741293207.0,2023-06-29T06:46:47.000,-0.8539942060847849,0.32003898997601254,-0.2962011710572199
741293227.0,2023-06-29T06:47:07.000,1.0559648810359867,-2.387333411857373,0.8768702856154498
741293247.0,2023-06-29T06:47:27.000,-1.2224782186209815,-1.458347365002055,0.8741902802644752
741293267.0,2023-06-29T06:47:47.000,-1.3407875291693294,-1.5012897163768635,0.8410701521244235
741293287.0,2023-06-29T06:48:07.000,-0.014850541596445055,-1.9664023409249332,-0.11268872991410106
741293307.0,2023-06-29T06:48:27.000,0.4742344311914337,-1.831048685674297,-0.37224686689762976
741293327.0,2023-06-29T06:48:47.000,-0.741820578764596,-0.327618574302857,1.4001740903712978
741293347.0,2023-06-29T06:49:07.000,-0.39132545330833324,-0.7785498997492368,1.3694143105147383
741293367.0,2023-06-29T06:49:27.000,-0.10107543568782518,0.671247761907523,0.9128448660300492
741293387.0,2023-06-29T06:49:47.000,-0.6314449136901601,-0.9820384682779348,0.4906465666754123
741293407.0,2023-06-29T06:50:07.000,-0.7923705262591341,-1.2939260033428823,2.141269803468404
741293427.0,2023-06-29T06:50:27.000,0.2657283302065494,0.2076807085971133,1.270539289410788
741293447.0,2023-06-29T06:50:47.000,-0.8436538792566672,-0.8728553820391838,-1.1647331440989284
741293467.0,2023-06-29T06:51:07.000,-0.5988720726657348,-1.463227819675783,0.6609838795967882
741293487.0,2023-06-29T06:51:27.000,-0.5024083662763523,-1.1786901805921346,0.6389614408575106
741293507.0,2023-06-29T06:51:47.000,-0.9088087496555985,0.16686966808343584,-0.053786390807886164
741293527.0,2023-06-29T06:52:07.000,0.3353441747289132,-1.8115229915460773,1.002791167870054
741293547.0,2023-06-29T06:52:27.000,-1.0385907186272192,-0.07724200785652613,0.5957993681748874
741293567.0,2023-06-29T06:52:47.000,-0.3074735937191875,-0.6295086140362116,-0.9806250981569953
741293587.0,2023-06-29T06:53:07.000,-0.08108019822206103,-1.4674442506801277,1.042321176736305
741293607.0,2023-06-29T06:53:27.000,1.5792286354621154,-1.896087235486732,-0.4514180751868935
741293627.0,2023-06-29T06:53:47.000,-1.2462151142700328,-2.0032849662787733,0.2462836378169797
741293647.0,2023-06-29T06:54:07.000,-0.09761061442459251,-1.3881028736451029,1.6688904897699253
741293667.0,2023-06-29T06:54:27.000,-0.8170487807657167,-2.0865765995359276,-0.05429683965774146
741293687.0,2023-06-29T06:54:47.000,-1.4230791177127777,-1.9800019505633593,0.21590509093893928
741293707.0,2023-06-29T06:55:07.000,-0.8380964738874397,-0.23550860661636364,1.1222620928563742
741293727.0,2023-06-29T06:55:27.000,-0.5366977922083294,-1.0209952257311805,1.5691950242535668
741293747.0,2023-06-29T06:55:47.000,-0.29358120631206575,-0.8183627224878087,1.7351960428846347
741293767.0,2023-06-29T06:56:07.000,-0.6405933661857155,-1.3388193533137027,-0.11612236895386374
741293787.0,2023-06-29T06:56:27.000,-0.14805955718122377,-1.1618128298418462,0.11941878159671404
741293807.0,2023-06-29T06:56:47.000,-0.1602996268723622,-1.3492515349655676,0.8760885858438705
741293827.0,2023-06-29T06:57:07.000,-1.6647434522232274,0.21750425887034908,1.0365701338943545
741293847.0,2023-06-29T06:57:27.000,-1.7252692282143656,-0.603450401548411,0.9658402822187995
741293867.0,2023-06-29T06:57:47.000,-1.3892195717124523,-0.6690184580326886,1.6867465255532288
741293887.0,2023-06-29T06:58:07.000,-2.175907385570941,-1.4453950523796166,1.5335656412096554
741293907.0,2023-06-29T06:58:27.000,-1.8803508150533332,-1.6321987997836018,1.2610880957497628
741293927.0,2023-06-29T06:58:47.000,-1.3646906184106022,-0.42309976169274677,0.9566213659883971
741293947.0,2023-06-29T06:59:07.000,-0.7365323853480987,-1.7098325453157592,0.6169463049432444
741293967.0,2023-06-29T06:59:27.000,0.27473111805509376,-1.3170114996907678,1.3776785921737478
741293987.0,2023-06-29T06:59:47.000,-1.827716993951789,0.10678623495463668,0.45106720335530426
741294007.0,2023-06-29T07:00:07.000,-0.33934233203414266,-1.1130688237437347,1.4816412116203104
741294027.0,2023-06-29T07:00:27.000,-0.9093200125209755,-1.6869384958928535,-0.5905210639811642
741294047.0,2023-06-29T07:00:47.000,-0.798465084950184,-1.1852180838767268,-0.7111610868526519
741294067.0,2023-06-29T07:01:07.000,0.5449211617603034,-0.9169346605331086,0.5202886172894772
741294087.0,2023-06-29T07:01:27.000,0.32432181923391923,-0.7831529147850347,1.087835773194712
741294107.0,2023-06-29T07:01:47.000,-1.2992807309375465,0.10781738771781235,0.8017608565724643
741294127.0,2023-06-29T07:02:07.000,-0.9415130179157849,0.08615759292673886,0.9960534984476688
741294147.0,2023-06-29T07:02:27.000,-0.6572833421203406,1.1439362927245789,0.8857982290999544
741294167.0,2023-06-29T07:02:47.000,0.1947939841762114,-1.7250094164755758,-0.7030505537408693
741294187.0,2023-06-29T07:03:07.000,-1.1152962638427688,-0.8285150647879824,0.9946278755612603
741294207.0,2023-06-29T07:03:27.000,-0.8971440114469154,-1.8911774184338093,-0.056528105796260775
741294227.0,2023-06-29T07:03:47.000,-1.6357178577619536,-0.9226041289278619,0.3896158761618196
741294247.0,2023-06-29T07:04:07.000,-0.9988233164226479,-1.7550020266376976,-0.297476980815059
741294267.0,2023-06-29T07:04:27.000,-0.5465346989641517,-0.44054016844485844,1.38973028674938
741294287.0,2023-06-29T07:04:47.000,0.5141995868762628,-1.6562174502854354,0.0582298757212385
741294307.0,2023-06-29T07:05:07.000,-2.6760147914250965,-1.226787433172838,-0.052319132992639794
741294327.0,2023-06-29T07:05:27.000,-1.6281679553920014,-0.7474432598519876,1.759056098049605
741294347.0,2023-06-29T07:05:47.000,-0.8684881708798109,0.9500008587126629,-0.37073702594536684
741294367.0,2023-06-29T07:06:07.000,1.068250959057604,-0.8450404911153342,1.6777826302938337
741294387.0,2023-06-29T07:06:27.000,-1.11503232084198,-0.7470939544340638,0.06030632496711874
741294407.0,2023-06-29T07:06:47.000,-0.17584999076891705,-1.8785655663378087,0.3231695631433773
741294427.0,2023-06-29T07:07:07.000,-1.6992357439793437,-1.2806516332730666,0.7702349912874773
741294447.0,2023-06-29T07:07:27.000,0.09973253199957455,-0.38042265304572,0.5991581247477562
741294467.0,2023-06-29T07:07:47.000,0.8903776214319592,-1.6139078918619987,2.3713550044934806
741294487.0,2023-06-29T07:08:07.000,-2.106123772016577,-0.24360565967773695,0.41504442199746805
741294507.0,2023-06-29T07:08:27.000,-1.4734331847621185,-0.23374889610572325,1.764982407792548
741294527.0,2023-06-29T07:08:47.000,-1.4860443438458049,0.4359638892559303,0.004087980054467977
741294547.0,2023-06-29T07:09:07.000,-0.4278172957561388,-1.1489798438346632,1.5668346626473983
741294567.0,2023-06-29T07:09:27.000,-1.2023307456643373,-1.185706957251842,2.337860157231031
741294587.0,2023-06-29T07:09:47.000,-1.651439616390249,-1.9043061756818247,0.4866722630225695
741294607.0,2023-06-29T07:10:07.000,-2.2915329964234843,-0.6185278216275236,-0.4132781635246552
741294627.0,2023-06-29T07:10:27.000,-0.3404580447896599,0.03646337491947094,0.30424368701043036
741294647.0,2023-06-29T07:10:47.000,-0.6821237776288847,-0.6771749361589308,0.39675693337404283
741294667.0,2023-06-29T07:11:07.000,-1.9446426986036158,-0.6828874193787193,2.0264362619260012
741294687.0,2023-06-29T07:11:27.000,-0.2094521330708865,-3.2166263346566915,1.7920356165324058
741294707.0,2023-06-29T07:11:47.000,-2.163719089631755,-1.374479939064699,1.383981571845272
741294727.0,2023-06-29T07:12:07.000,-1.9047091287194284,-0.7638240488105907,-0.22564032036154202
741294747.0,2023-06-29T07:12:27.000,-2.3614869837929042,-0.8456884052709945,1.6425768769479099
741294767.0,2023-06-29T07:12:47.000,-0.7502513868495875,-0.36118168396104267,2.513705879614303
741294787.0,2023-06-29T07:13:07.000,-0.15487719067230898,-1.1718766244395162,0.7467621566448202
741294807.0,2023-06-29T07:13:27.000,-0.4183600673224319,-0.6643644572812413,-0.44347579981618424
741294827.0,2023-06-29T07:13:47.000,-0.42653266169034865,-1.4454655991813503,0.49177928862498277
741294847.0,2023-06-29T07:14:07.000,-0.993626615619636,-1.2861445938594507,-0.13709085906477014
741294867.0,2023-06-29T07:14:27.000,-0.5234820517396876,-0.27619143412316305,1.3227910584889813
741294887.0,2023-06-29T07:14:47.000,-1.9913976166741065,-0.9150468602836526,0.2590330592022738
741294907.0,2023-06-29T07:15:07.000,-0.6119222182299211,-2.0732601201833845,1.2692406138103962
741294927.0,2023-06-29T07:15:27.000,-0.4821161946333419,-0.540333548504357,0.12725802724933288
741294947.0,2023-06-29T07:15:47.000,0.067861461316987,-0.3201945851794008,1.4856784288475033
741294967.0,2023-06-29T07:16:07.000,-0.14940279057240602,-1.344267601932625,2.381029452869221
741294987.0,2023-06-29T07:16:27.000,-0.7072405379338065,-1.9464288330772739,1.6339531486830872
741295007.0,2023-06-29T07:16:47.000,-0.09094646369334214,-1.4621458487296124,0.6671482434494891
741295027.0,2023-06-29T07:17:07.000,-1.0855255659358853,-0.18299846767932948,0.5877841484203117
741295047.0,2023-06-29T07:17:27.000,-1.8738331647671913,-1.4979018508887165,0.530504846218971
741295067.0,2023-06-29T07:17:47.000,-1.2557299638449315,-0.4669833568837767,0.05219844263493201
741295087.0,2023-06-29T07:18:07.000,-0.8342540345207539,0.4014701291077394,0.09726494413220266
741295107.0,2023-06-29T07:18:27.000,-1.3923072888277765,-1.268336906767864,1.5193628730481024
741295127.0,2023-06-29T07:18:47.000,-0.26380305503392876,-0.3423140407132763,1.538890828600703
741295147.0,2023-06-29T07:19:07.000,-1.2484318128613836,-0.9741245197814052,1.3039723823715654
741295167.0,2023-06-29T07:19:27.000,0.572993122949228,-0.6430308618243785,0.07234132503031176
741295187.0,2023-06-29T07:19:47.000,-1.2009312146399331,0.056206654397428224,0.9534663344523686
741295207.0,2023-06-29T07:20:07.000,-1.2208591805840108,-1.0546763053898012,1.662444955130571
741295227.0,2023-06-29T07:20:27.000,0.026758821725092474,-1.8513681154463946,1.0096281252036654
741295247.0,2023-06-29T07:20:47.000,-1.3684896543963987,-2.476412534435646,-0.9487059275170573
741295267.0,2023-06-29T07:21:07.000,-2.0429830971613328,-0.2845834162656935,1.5380279434706878
741295287.0,2023-06-29T07:21:27.000,-1.9844950214120693,-0.6221554495922099,1.256704163565825
741295307.0,2023-06-29T07:21:47.000,-1.245565213903177,-0.5016983331773694,1.7882269466529266
741295327.0,2023-06-29T07:22:07.000,-1.1553899908478549,-1.2266279362904697,-0.5854497070134634
741295347.0,2023-06-29T07:22:27.000,-0.23295846868220949,-1.0577904607900201,0.596672287445088
741295367.0,2023-06-29T07:22:47.000,-0.6099288648475643,-0.9984691037301374,0.0926174422488657
741295387.0,2023-06-29T07:23:07.000,-2.276796291333927,-1.8926144072284323,1.376240398109907
741295407.0,2023-06-29T07:23:27.000,-1.8595511235175444,-0.8894166060979813,1.0724370100967384
741295427.0,2023-06-29T07:23:47.000,-1.2241827518022497,-0.7687781277243566,1.0757873348810065
741295447.0,2023-06-29T07:24:07.000,-0.31728400833319625,-2.4787524357083868,0.817999113211787
741295467.0,2023-06-29T07:24:27.000,-0.6627786345414499,-0.6906151038710284,1.384752774147291
741295487.0,2023-06-29T07:24:47.000,-2.0954669229467093,0.3223574498334436,0.5845207908694583
741295507.0,2023-06-29T07:25:07.000,-2.482030812578362,-0.44712735171037465,0.14781629503746174
741295527.0,2023-06-29T07:25:27.000,-0.026268832509224183,-0.3115164865397091,1.1113545428598215
741295547.0,2023-06-29T07:25:47.000,-1.8477702614649871,-0.6832415116009294,1.1279312725487323
741295567.0,2023-06-29T07:26:07.000,-0.53276588743989,-0.2060821728600004,1.00251451160549
741295587.0,2023-06-29T07:26:27.000,0.45730160984636115,-1.7991812741979807,1.0896422339090606
741295607.0,2023-06-29T07:26:47.000,-0.9365690530449555,-1.5227817306118219,1.0243147680055742
741295627.0,2023-06-29T07:27:07.000,-0.3650917012376631,-2.375843880597639,0.9570751059007065
741295647.0,2023-06-29T07:27:27.000,-1.1677296022805095,0.17707411740230938,-0.7324675221687116
741295667.0,2023-06-29T07:27:47.000,-1.735607187236532,0.2533547268313008,0.011798831878184757
741295687.0,2023-06-29T07:28:07.000,-1.794058401272114,-0.917491590135544,1.629931102953286
741295707.0,2023-06-29T07:28:27.000,-0.7263867041862326,-1.559689075458781,1.351348538169983
741295727.0,2023-06-29T07:28:47.000,0.05218534051554258,-1.3019942622705116,0.7724548134802056
741295747.0,2023-06-29T07:29:07.000,-1.3408677268178515,-0.51477226911123,-0.23726175154559215
741295767.0,2023-06-29T07:29:27.000,-0.3399179210439307,-1.1286446170655218,0.040020065927848236
741295787.0,2023-06-29T07:29:47.000,-1.9624598346368316,-0.686256499426996,1.1621886488510924
741295807.0,2023-06-29T07:30:07.000,-2.591580817845607,-1.3874447132522505,0.8836412990653741
741295827.0,2023-06-29T07:30:27.000,-0.37541980530964025,0.26231174352631115,0.2836615434542722
741295847.0,2023-06-29T07:30:47.000,-1.9632503480915275,-0.13024608385148184,0.8745398421772244
741295867.0,2023-06-29T07:31:07.000,-1.5370871666808839,0.030033181108723994,1.328985367887725
741295887.0,2023-06-29T07:31:27.000,-0.7055641937037116,-1.6292862023870036,1.1221509078951364
741295907.0,2023-06-29T07:31:47.000,-2.427866155185754,-0.6525496298981359,-0.262291405928039
741295927.0,2023-06-29T07:32:07.000,-1.1418186490641524,-0.871763771737033,2.2378786649790428
741295947.0,2023-06-29T07:32:27.000,-2.452792504203938,-1.1081189365769184,0.2535335161479857
741295967.0,2023-06-29T07:32:47.000,-0.9775453386762223,-0.5135887485963053,0.021154918583565774
741295987.0,2023-06-29T07:33:07.000,-0.7621701793025792,-1.5061100945734651,0.9081571325619819
741296007.0,2023-06-29T07:33:27.000,-1.0623869334924763,-0.5412450698960569,2.1231532675636267
741296027.0,2023-06-29T07:33:47.000,-1.8791763708447817,0.3567851923236276,0.441649652582754
741296047.0,2023-06-29T07:34:07.000,-1.5470628038638523,-0.4083373979280047,0.20374321819671692
741296067.0,2023-06-29T07:34:27.000,0.4531360969450837,-0.8867888706354243,3.018206964988668
741296087.0,2023-06-29T07:34:47.000,-0.8063587111695192,-0.10900320756013215,0.3813883084347047
741296107.0,2023-06-29T07:35:07.000,-0.5674927495258331,-0.9661672522365272,1.6194323897877894
741296127.0,2023-06-29T07:35:27.000,-2.309764908403622,-1.4846402995649655,1.5744973284492758
741296147.0,2023-06-29T07:35:47.000,-1.3373238803016108,0.25656129267748184,0.23475006961648504
741296167.0,2023-06-29T07:36:07.000,-0.4145090610419011,-1.0901420485320834,0.1735340173558697
741296187.0,2023-06-29T07:36:27.000,-0.9735872778304788,-0.1950953253615495,0.0605105050732746
741296207.0,2023-06-29T07:36:47.000,-2.3736617744352095,0.6596863302954503,-0.20309816568531147
741296227.0,2023-06-29T07:37:07.000,-1.980834723380731,0.18354220520100384,-0.03828182461029783
741296247.0,2023-06-29T07:37:27.000,-2.0618413178130623,-0.627356113425126,-0.07834658152239271
741296267.0,2023-06-29T07:37:47.000,-2.1097696561112045,0.19960476478342315,-0.16274192800036502
741296287.0,2023-06-29T07:38:07.000,-1.5437946067509145,-0.25355565653750745,0.3795180325338876
741296307.0,2023-06-29T07:38:27.000,-2.1465558905031656,-0.11766522526324152,0.7288164229124483
741296327.0,2023-06-29T07:38:47.000,-1.038996068347675,0.5841129633310516,1.425679341149344
741296347.0,2023-06-29T07:39:07.000,-2.3709977613917133,0.656491391182179,0.9980911088947053
741296367.0,2023-06-29T07:39:27.000,-0.5241367692199184,-0.40523663201730287,0.9050477727257089
741296387.0,2023-06-29T07:39:47.000,-0.30551723164684574,-1.8462087467807642,1.1663220013446995
741296407.0,2023-06-29T07:40:07.000,-0.9800653113734015,0.1803901052532808,1.1509619919802816
741296427.0,2023-06-29T07:40:27.000,-0.5843154392670691,0.6290282822285498,0.14175167986074655
741296447.0,2023-06-29T07:40:47.000,-0.8197401412335381,-1.2758112423516543,0.361493427092352
741296467.0,2023-06-29T07:41:07.000,-1.393144811678848,-0.7134840857458968,-0.10566282435675589
741296487.0,2023-06-29T07:41:27.000,-0.02471035699391777,-0.9546096695456363,0.6301792145113616
741296507.0,2023-06-29T07:41:47.000,-1.4894159725886702,-0.671659091744381,0.07527301695287036
741296527.0,2023-06-29T07:42:07.000,-0.9885033406153987,-0.7437343952032549,0.9249279025014268
741296547.0,2023-06-29T07:42:27.000,-2.3351084078027107,-0.31551594686929363,1.1082413206797703
741296567.0,2023-06-29T07:42:47.000,-0.41705677185088774,0.03597162254731501,1.4031729661856396
741296587.0,2023-06-29T07:43:07.000,-0.46061030902766475,0.2614251672805601,2.0060049259695845
741296607.0,2023-06-29T07:43:27.000,-2.2158409663464163,-0.3156760303490991,0.7931152955720222
741296627.0,2023-06-29T07:43:47.000,-0.5091448193383918,0.2341660873539375,1.219564735333023
741296647.0,2023-06-29T07:44:07.000,-1.1975121793184051,-0.7713664924469121,2.488048181714664
741296667.0,2023-06-29T07:44:27.000,-1.099173393670494,-0.5915836341130465,1.4590426037353055
741296687.0,2023-06-29T07:44:47.000,-1.9722007231992578,0.2837099129626708,1.5742421157649567
741296707.0,2023-06-29T07:45:07.000,-1.7099663839559298,-1.065898119734232,1.0794949526604647
741296727.0,2023-06-29T07:45:27.000,-2.0072234209411732,-0.3334361835305444,1.871287784493969
741296747.0,2023-06-29T07:45:47.000,-1.5528651944318739,-0.7793004892731048,-0.7643801460122113
741296767.0,2023-06-29T07:46:07.000,-1.2095384641197526,0.032636403846098005,0.8883380372304295
741296787.0,2023-06-29T07:46:27.000,-0.08830792250780206,-0.12453814492996429,1.6283901949520896
741296807.0,2023-06-29T07:46:47.000,-1.3932888926260212,-1.808032509675872,0.020598125871629236
741296827.0,2023-06-29T07:47:07.000,0.5276904027073925,0.14125090270766805,0.7538787404337555
741296847.0,2023-06-29T07:47:27.000,-1.239193349966694,-1.3261114465201729,1.1033858071551883
741296867.0,2023-06-29T07:47:47.000,-0.8692809959853776,-1.0710840805283617,0.7318940360434567
741296887.0,2023-06-29T07:48:07.000,-0.7565857076174964,-0.30085164206550274,1.700246722879939
741296907.0,2023-06-29T07:48:27.000,-0.48446659121070823,0.4934886861152066,0.6259440015310425
741296927.0,2023-06-29T07:48:47.000,-1.5568745722616129,0.476635657808977,1.0406058881251568
741296947.0,2023-06-29T07:49:07.000,-0.6576197312702092,-1.5403504674771362,0.6413298030638614
741296967.0,2023-06-29T07:49:27.000,0.17112998231816334,0.3571081608422233,2.783477689904945
741296987.0,2023-06-29T07:49:47.000,-0.7848803767251944,-0.33957471464729494,1.9583801788569666
741297007.0,2023-06-29T07:50:07.000,-0.40361349302742155,-0.6310498756545435,1.714022434784468
741297027.0,2023-06-29T07:50:27.000,-1.1171443662805203,-0.4562440443112159,-0.5072045231480082
741297047.0,2023-06-29T07:50:47.000,-1.0679801439206216,-0.27690253233680906,0.15421226542411404
741297067.0,2023-06-29T07:51:07.000,-1.381059610872093,-0.8906723246937531,0.103084627833816
741297087.0,2023-06-29T07:51:27.000,-2.265233890863527,-0.5120651757617445,-0.49595189691720165
741297107.0,2023-06-29T07:51:47.000,-2.693540938925043,-0.8729383370820187,0.7603804562994476
741297127.0,2023-06-29T07:52:07.000,-0.45881199612907153,1.0228274319179498,1.3578667753866291
741297147.0,2023-06-29T07:52:27.000,-0.7686230950709749,-0.11785448383871966,1.1918617136896792
741297167.0,2023-06-29T07:52:47.000,-0.43322221147112927,-1.1227194914087413,-1.2379860715561186
741297187.0,2023-06-29T07:53:07.000,-1.2710204987165241,-0.3837448891985673,-0.009230469621979154
741297207.0,2023-06-29T07:53:27.000,-2.3868647903158013,0.061482841251514486,-0.6613858859250143
741297227.0,2023-06-29T07:53:47.000,-1.747097568782774,-1.054972161662615,0.5282358025993084
741297247.0,2023-06-29T07:54:07.000,-1.9819316230518247,-0.5019469480394001,0.8801882151465712
741297267.0,2023-06-29T07:54:27.000,-0.8190541593622314,-0.6435649871683324,1.6554903620624728
741297287.0,2023-06-29T07:54:47.000,-0.3674123920771599,-0.8389998875313331,0.9481287546408979
741297307.0,2023-06-29T07:55:07.000,-1.4013326889883437,0.40300425416806007,1.2350565106622469
741297327.0,2023-06-29T07:55:27.000,-1.2543541814236114,0.43295107359231366,1.3959650447259442
741297347.0,2023-06-29T07:55:47.000,-0.906344937734449,0.6071206927527051,0.7766043511936438
741297367.0,2023-06-29T07:56:07.000,-0.9060496195645307,-1.4546699193207502,0.20774730862260782
741297387.0,2023-06-29T07:56:27.000,-1.5115902262885506,0.29838739562526584,-0.3803728860218847
741297407.0,2023-06-29T07:56:47.000,0.1683374718286501,0.544154660064855,1.2274643387710782
741297427.0,2023-06-29T07:57:07.000,-0.8114292241789833,-0.46920009860729195,0.2922405274774498
741297447.0,2023-06-29T07:57:27.000,-0.8888263736683832,-0.3889125067990662,1.559907579007369
741297467.0,2023-06-29T07:57:47.000,-0.19561343105323203,0.0868895635441902,0.8035145651508202
741297487.0,2023-06-29T07:58:07.000,-0.9497756540244318,0.2506601533669439,-0.2184937232474482
741297507.0,2023-06-29T07:58:27.000,-1.4627838161751505,0.01010704816506447,0.5445291700545418
741297527.0,2023-06-29T07:58:47.000,-1.052422028358091,0.833237287301003,-0.35739277510771217
741297547.0,2023-06-29T07:59:07.000,-2.5764833243235863,-0.3979720667679487,1.0534970062647808
741297567.0,2023-06-29T07:59:27.000,-1.4887381758033058,1.0674434865021176,-0.14843835397515548
741297587.0,2023-06-29T07:59:47.000,-1.3154955637140198,0.4738639650669896,1.508877431433131
741297607.0,2023-06-29T08:00:07.000,-2.1911992783896217,-0.27085207779942166,-1.0657676858372156
741297627.0,2023-06-29T08:00:27.000,-1.0709924921248337,-1.77155632090642,0.17227581391443536
741297647.0,2023-06-29T08:00:47.000,-2.032572733956517,0.5161204925774321,0.11063642928466066
741297667.0,2023-06-29T08:01:07.000,-1.1528784178316265,0.4044486230925237,-0.31646346593250385
741297687.0,2023-06-29T08:01:27.000,-1.519297987451207,-0.7094079159108979,1.157339138857516
741297707.0,2023-06-29T08:01:47.000,-1.5121398088346893,-0.1308675227185141,-0.02348968080045921
741297727.0,2023-06-29T08:02:07.000,-1.5665937535880303,-0.10748806668070543,-0.2291114678976136
741297747.0,2023-06-29T08:02:27.000,-1.1872397682299862,-0.16362923589419154,0.2637451823939152
741297767.0,2023-06-29T08:02:47.000,-1.1442497911851035,0.7812350047875505,-0.06798593877865855
741297787.0,2023-06-29T08:03:07.000,-0.8180278066927116,0.22119767704165127,1.1262295316005755
741297807.0,2023-06-29T08:03:27.000,-1.9499707442416359,-0.395696624200248,1.4791337221375933
741297827.0,2023-06-29T08:03:47.000,-0.6277970026502544,-0.935487231779053,1.8798742656866985
741297847.0,2023-06-29T08:04:07.000,-0.6141798896130979,1.3923263953774523,-0.20800785094365892
741297867.0,2023-06-29T08:04:27.000,-1.1172857851571294,0.09594431262804903,0.282880532831431
741297887.0,2023-06-29T08:04:47.000,-0.9936542502808621,1.9205282848044902,-0.011938711819148295
741297907.0,2023-06-29T08:05:07.000,-2.8572926994763215,-0.5053722280989881,1.2782944027289744
741297927.0,2023-06-29T08:05:27.000,-1.338210198920109,1.3937625393811715,0.5760687814770904
741297947.0,2023-06-29T08:05:47.000,-0.9035535166401765,0.0838175826078924,0.3919380899830571
741297967.0,2023-06-29T08:06:07.000,-0.29606784970326316,-0.7234462781835482,0.1967747311093504
741297987.0,2023-06-29T08:06:27.000,-1.0763747813724578,0.5925208188428677,1.1419080216734656
741298007.0,2023-06-29T08:06:47.000,-0.4248325813471787,-0.14290870850031112,1.07434021309194
741298027.0,2023-06-29T08:07:07.000,0.8792822558389979,0.5726561733476743,0.6786445694406673
741298047.0,2023-06-29T08:07:27.000,-1.7390485736457073,0.03892296128737982,0.40619122988472256
741298067.0,2023-06-29T08:07:47.000,-2.8206430067623245,0.1269015378446703,-0.07087923314941236
741298087.0,2023-06-29T08:08:07.000,-1.9156619954330267,-0.36390850979284295,0.1486526162497448
741298107.0,2023-06-29T08:08:27.000,-1.4084298309624543,0.5947240502734985,0.6452396327571996
741298127.0,2023-06-29T08:08:47.000,-1.374034258971868,0.0773810813758935,0.8951362746367764
741298147.0,2023-06-29T08:09:07.000,-1.215087758044131,0.49233427155126464,0.6942846795476854
741298167.0,2023-06-29T08:09:27.000,-0.49505280228512305,-1.0983795652674821,1.2698408106026626
741298187.0,2023-06-29T08:09:47.000,-0.6672892356340832,0.6078514039109528,-0.8175617909333965
741298207.0,2023-06-29T08:10:07.000,-2.231072420044722,-0.13387103146023094,-0.38141928725421437
741298227.0,2023-06-29T08:10:27.000,-1.627102488110932,0.20002022868004232,0.6684155399838687
741298247.0,2023-06-29T08:10:47.000,-1.4065675687846557,1.350229013963311,-0.4453355396449865
741298267.0,2023-06-29T08:11:07.000,-2.338932659984305,-0.8358964403654134,0.19207798904741225
741298287.0,2023-06-29T08:11:27.000,-1.6136329281102313,0.2723035815832553,0.7977995707730834
741298307.0,2023-06-29T08:11:47.000,-2.26200786258568,0.4247823339742496,-0.4076398364194489
741298327.0,2023-06-29T08:12:07.000,-0.8069233842111778,0.36395122552379533,0.27220815035366996
741298347.0,2023-06-29T08:12:27.000,-1.744244395984751,-0.45440480788139226,1.1489600020064827
741298367.0,2023-06-29T08:12:47.000,-2.392232516745807,0.599142496882088,0.41406874802252247
741298387.0,2023-06-29T08:13:07.000,-1.6682496111530831,0.45764539724491016,-0.6721287102218199
741298407.0,2023-06-29T08:13:27.000,-1.3451498702909959,-1.2332113896063035,0.6557588953515214
741298427.0,2023-06-29T08:13:47.000,-0.4596891480468379,0.6497482393452714,-0.13880135517618797
741298447.0,2023-06-29T08:14:07.000,-2.1934202261819635,0.5064511260033377,0.9391782025747197
741298467.0,2023-06-29T08:14:27.000,-0.47134175602536743,0.6611964133207415,0.9657753965552907
741298487.0,2023-06-29T08:14:47.000,-2.85347569223271,1.5028320281218477,1.1166552669528151
741298507.0,2023-06-29T08:15:07.000,-1.7961906264352123,0.6116400287581314,0.33857200366638196
741298527.0,2023-06-29T08:15:27.000,-0.30946990250413364,0.44547789573856633,-0.6513134174657154
741298547.0,2023-06-29T08:15:47.000,-2.3417824771998497,-0.25050155456618484,0.6866825683071731
741298567.0,2023-06-29T08:16:07.000,-1.3372994822180573,0.30766264609294325,0.5304253165361317
741298587.0,2023-06-29T08:16:27.000,-1.0779702226515475,0.9448573175530051,0.17408691944664767
741298607.0,2023-06-29T08:16:47.000,-1.2459028131850403,0.6797080804532563,-0.4466430130078969
741298627.0,2023-06-29T08:17:07.000,-1.0441948035233573,-1.20884137270183,0.12381182395992951
741298647.0,2023-06-29T08:17:27.000,-0.44451974754444734,0.6486794621118896,0.056981393137256475
741298667.0,2023-06-29T08:17:47.000,-0.3321797076072386,0.23174695512606647,0.15133507064168938
741298687.0,2023-06-29T08:18:07.000,-0.21453143118632667,0.5650468628992655,0.05043882921329512
741298707.0,2023-06-29T08:18:27.000,-2.351336893957612,1.2968786886058403,-0.12973652282477488
741298727.0,2023-06-29T08:18:47.000,-1.5988644956332898,1.1372852420143964,-0.21860133413431626
741298747.0,2023-06-29T08:19:07.000,-1.3171767186292982,-0.20532113133020502,-0.18937116641470908
741298767.0,2023-06-29T08:19:27.000,-0.6793694687146079,0.06746498786291966,-0.059114117800795896
741298787.0,2023-06-29T08:19:47.000,-2.2113745891783054,0.19737119125728952,1.100509089757562
741298807.0,2023-06-29T08:20:07.000,-0.8047233135521914,-1.0733084115477354,1.0160042766771404
741298827.0,2023-06-29T08:20:27.000,-0.09247741116213959,0.8663649344931024,0.10054459554931228
741298847.0,2023-06-29T08:20:47.000,-2.2329077165594846,0.42370337661745694,0.538216035006478
741298867.0,2023-06-29T08:21:07.000,-0.9589023801326313,0.39805954252791764,0.24677761830682599
741298887.0,2023-06-29T08:21:27.000,-2.32831918608456,-0.25640488692246777,0.6069005556774698
741298907.0,2023-06-29T08:21:47.000,-1.0579531622756377,1.6707378633240566,-0.17692978325767328
741298927.0,2023-06-29T08:22:07.000,-1.064490815194663,-0.8765318495029817,0.9414431981324967
741298947.0,2023-06-29T08:22:27.000,-1.7637249982160874,-0.4554020335167941,-0.43600475413407835
741298967.0,2023-06-29T08:22:47.000,-1.4721147912344357,0.5947605470124628,0.6454311816339597
741298987.0,2023-06-29T08:23:07.000,-1.6650968040377023,0.6309306504581613,1.8276764863212058
741299007.0,2023-06-29T08:23:27.000,-1.9579707924322065,0.3811225666394691,0.5997136796498381
741299027.0,2023-06-29T08:23:47.000,-2.1350068013847867,-0.28473764026593074,0.9741698648757513
741299047.0,2023-06-29T08:24:07.000,-2.219969744332584,1.1746145608837466,0.7359364260661749
741299067.0,2023-06-29T08:24:27.000,0.2628851905828178,0.42070135448657453,-0.46881969243406374
741299087.0,2023-06-29T08:24:47.000,0.21319055750756988,0.20266980577110516,0.39504625837238905
741299107.0,2023-06-29T08:25:07.000,-0.7358188102157825,0.7514044353729155,0.09374166499709347
741299127.0,2023-06-29T08:25:27.000,-1.3319629531993726,-0.4911398112539267,-0.5872486069091742
741299147.0,2023-06-29T08:25:47.000,-1.2342154243283332,0.986607780073534,0.14813163852211986
741299167.0,2023-06-29T08:26:07.000,-1.5097895614379908,1.1279938849639848,0.7706922480532619
741299187.0,2023-06-29T08:26:27.000,-1.072682227976074,-0.1940223298357857,0.536248246241211
741299207.0,2023-06-29T08:26:47.000,-2.3991540818335544,1.3952981398945852,0.3251128335546305
741299227.0,2023-06-29T08:27:07.000,-0.42310466616957143,1.1948676183148876,0.6782426976714717
741299247.0,2023-06-29T08:27:27.000,-0.6582173843305839,0.42794348694696893,1.001371344344637
741299267.0,2023-06-29T08:27:47.000,-0.14556555237854596,-0.5178684771012243,0.7555457271490873
741299287.0,2023-06-29T08:28:07.000,-1.7106467292360428,0.2872753122051819,-0.14866009296898852
741299307.0,2023-06-29T08:28:27.000,-2.879325753091244,-0.09625488313069752,0.29374223800004984
741299327.0,2023-06-29T08:28:47.000,-1.7061449410604723,0.318756079864535,-0.025602565600912897
741299347.0,2023-06-29T08:29:07.000,-0.002268177079489675,0.37569183800600925,-0.4313611658868233
741299367.0,2023-06-29T08:29:27.000,-0.847364298728337,1.1847603148873453,0.021983609899134393
741299387.0,2023-06-29T08:29:47.000,-0.7498807773398397,1.1724244510569193,-2.1538993180025834
741299407.0,2023-06-29T08:30:07.000,-1.2696224102382025,-0.13461834627026548,-0.06976883061282635
741299427.0,2023-06-29T08:30:27.000,-0.11449839639743331,0.07632358555165197,-0.5152192790403021
741299447.0,2023-06-29T08:30:47.000,-1.095796229755308,0.23759135855394575,1.1084807750361136
741299467.0,2023-06-29T08:31:07.000,-1.508459539811824,0.7203412777267992,0.08345249368213459
741299487.0,2023-06-29T08:31:27.000,0.2970206653962748,0.9618125586641213,-0.06349212385847736
741299507.0,2023-06-29T08:31:47.000,-0.4991903914897122,0.05608831306069817,0.9296139935166536
741299527.0,2023-06-29T08:32:07.000,-1.8334568531730433,1.2374511493495888,0.05662755747648518
741299547.0,2023-06-29T08:32:27.000,-1.228339393233302,-1.6306985253455863,0.8636779515236448
741299567.0,2023-06-29T08:32:47.000,-0.14811993575003513,1.1756696487674745,0.2625204863826447
741299587.0,2023-06-29T08:33:07.000,-1.0475779188445777,1.7096053695042635,0.0920129646808654
741299607.0,2023-06-29T08:33:27.000,-2.6708802793096176,-0.5593419049265691,0.08938618372145157
741299627.0,2023-06-29T08:33:47.000,-1.4346968751355327,0.6233661050347727,-0.901780383033568
741299647.0,2023-06-29T08:34:07.000,-0.8641799392417049,-0.10492575714948771,0.4213084420001678
741299667.0,2023-06-29T08:34:27.000,-1.183775652768837,0.7045911020964191,0.15923087921532186
741299687.0,2023-06-29T08:34:47.000,-0.2567840155176526,0.9623633937083653,-0.7284402875562535
741299707.0,2023-06-29T08:35:07.000,-2.6362168963456334,0.23611166029002817,1.2673073889635234
741299727.0,2023-06-29T08:35:27.000,-0.42918541450776004,0.36892798819243566,0.32916671088845106
741299747.0,2023-06-29T08:35:47.000,-0.7420618406750457,0.6153551844745309,0.23704694424031558
741299767.0,2023-06-29T08:36:07.000,-0.5713858516664949,1.589921400302341,-0.4127669705700221
741299787.0,2023-06-29T08:36:27.000,-2.1336669231764027,0.40092437533223446,-0.828612810199747
741299807.0,2023-06-29T08:36:47.000,-0.864992205762416,0.40664678877533333,-0.6929369376296179
741299827.0,2023-06-29T08:37:07.000,-1.120731101422745,-0.3732108074916418,0.3195191821458998
741299847.0,2023-06-29T08:37:27.000,-1.0226916139943754,-1.7351644748364592,0.5087115213742166
741299867.0,2023-06-29T08:37:47.000,-1.0411280186306549,1.2088204543347913,0.5709948238563634
741299887.0,2023-06-29T08:38:07.000,-2.2371061071280174,1.2093422242287488,0.44433869067495024
741299907.0,2023-06-29T08:38:27.000,-1.5051673637134222,-0.33094796683119654,0.5204903964495244
741299927.0,2023-06-29T08:38:47.000,-0.6418283415410286,0.4668200009216861,-0.5251241489645508
741299947.0,2023-06-29T08:39:07.000,-1.5392241522693695,-0.26814811947550865,1.399328145057499
741299967.0,2023-06-29T08:39:27.000,-0.11426088182275862,0.9464348119214705,-0.039228561399262674
741299987.0,2023-06-29T08:39:47.000,-1.2885141103424758,0.48668122502038,0.8846090732594902
741300007.0,2023-06-29T08:40:07.000,-0.8631900643263357,1.5636483849390537,0.9922920621519005
741300027.0,2023-06-29T08:40:27.000,-1.2069810393811053,-0.36961636581400725,-1.0913895599928836
741300047.0,2023-06-29T08:40:47.000,-2.497882103225102,2.169315959632545,0.16298439527995257
741300067.0,2023-06-29T08:41:07.000,-2.94099837856443,0.8990509132833502,0.880629715083181
741300087.0,2023-06-29T08:41:27.000,-1.2225380257135932,0.08164580568292834,-0.04631719651149169
741300107.0,2023-06-29T08:41:47.000,-1.387690524123908,0.48330501137838766,-0.12138763567648425
741300127.0,2023-06-29T08:42:07.000,-0.7353183775538064,1.4638404661093674,-0.024984149249451804
741300147.0,2023-06-29T08:42:27.000,-0.8078199505656691,-0.20606298360981157,-0.0841765876669065
741300167.0,2023-06-29T08:42:47.000,-0.43674090853818015,0.38948336362754077,0.33406490493881336
741300187.0,2023-06-29T08:43:07.000,-1.2756079543985166,0.7920848816844739,0.6775321572782822
741300207.0,2023-06-29T08:43:27.000,-1.7782264494559108,2.3262427291781407,-0.4414467288715862
741300227.0,2023-06-29T08:43:47.000,-0.8647927815186307,0.8540068070717055,-0.20399016918970503
741300247.0,2023-06-29T08:44:07.000,-1.1316958090312745,2.1161369747502157,-0.11363627112626062
741300267.0,2023-06-29T08:44:27.000,0.6372379222296942,-0.5252157913249178,-0.5881138535501762
741300287.0,2023-06-29T08:44:47.000,-1.6792545602384301,1.035461701748286,-0.34931550378924925
741300307.0,2023-06-29T08:45:07.000,-0.2286085494906942,0.2834687783170864,0.32109586979300886
741300327.0,2023-06-29T08:45:27.000,-1.5167529548332226,-1.2374136481474451,0.5586486337527674
741300347.0,2023-06-29T08:45:47.000,-1.0984913827893905,0.950540778821285,-1.5364906033821235
741300367.0,2023-06-29T08:46:07.000,-0.30032957271108884,1.1616348506438001,-0.6787138278729898
741300387.0,2023-06-29T08:46:27.000,-2.425902358460519,1.8242040629723455,-0.39291834016408345
741300407.0,2023-06-29T08:46:47.000,-0.10055278882870056,1.9115203036768058,0.12068536470177804
741300427.0,2023-06-29T08:47:07.000,-1.461228858079533,-0.10174609068602791,-0.19857232868014663
741300447.0,2023-06-29T08:47:27.000,-0.45631656127032016,1.3083894976784194,0.624428123008336
741300467.0,2023-06-29T08:47:47.000,-0.9795085066377496,0.5349851331271083,0.06126776336268236
741300487.0,2023-06-29T08:48:07.000,0.02060702678496895,1.186833431932044,1.0538916380253838
741300507.0,2023-06-29T08:48:27.000,-1.850083371468525,0.42225722285405,-0.74323462840864
741300527.0,2023-06-29T08:48:47.000,0.6035354510158797,0.3205904313019481,-1.3016925450193284
741300547.0,2023-06-29T08:49:07.000,-1.380019947649913,0.7160844180620352,0.20992208797920853
741300567.0,2023-06-29T08:49:27.000,-0.006749233771863317,1.7168281009172226,-0.09335866146820138
741300587.0,2023-06-29T08:49:47.000,-0.34440238417809965,0.9257557273101291,0.25169148645254324
741300607.0,2023-06-29T08:50:07.000,0.4766275536915998,1.5239011513346057,-0.9220493076722569
741300627.0,2023-06-29T08:50:27.000,-1.4366663286358161,1.1437256349666747,-0.9389473057397346
741300647.0,2023-06-29T08:50:47.000,-1.8522041376978216,0.8993416697355983,0.7600046810884997
741300667.0,2023-06-29T08:51:07.000,-0.9003592267076144,0.6102313564126938,-0.5130437154776679
741300687.0,2023-06-29T08:51:27.000,-0.8992785310413254,1.3185341029009479,-0.0670815882508613
741300707.0,2023-06-29T08:51:47.000,-2.9042650514177204,0.02964706736774403,-0.3434337946361943
741300727.0,2023-06-29T08:52:07.000,-0.6268235788087217,0.24207331029701962,0.06681588495816015
741300747.0,2023-06-29T08:52:27.000,-0.2537483984932365,1.8694617950676395,-0.39197703839422005
741300767.0,2023-06-29T08:52:47.000,-1.6336258955584881,0.39710029141604153,-0.9241683810889967
741300787.0,2023-06-29T08:53:07.000,-0.7231543564967247,0.9163639842935112,0.5023636483136862
741300807.0,2023-06-29T08:53:27.000,-0.731926372110614,1.579702002707517,-0.898115596892346
741300827.0,2023-06-29T08:53:47.000,-1.3738668596108283,-1.0927686913020374,-0.6403648128427974
741300847.0,2023-06-29T08:54:07.000,0.08490699440200089,0.8204922126053837,-0.6034014455758019
741300867.0,2023-06-29T08:54:27.000,-0.8418988313163567,0.5794690802862767,-1.7003798167825046
741300887.0,2023-06-29T08:54:47.000,-0.3673299774353822,0.3955908950414866,0.30698136376239304
741300907.0,2023-06-29T08:55:07.000,-0.7967921637486164,1.022521046567526,0.42060941146671027
741300927.0,2023-06-29T08:55:27.000,-1.585311509766374,1.5305820805777692,-0.7210598020668257
741300947.0,2023-06-29T08:55:47.000,-1.7866359781959495,-0.1498158092916313,0.5580847365904695
741300967.0,2023-06-29T08:56:07.000,0.8874327154462236,1.0708833905304083,0.15345573158853654
741300987.0,2023-06-29T08:56:27.000,-0.9760441666895048,1.3492411408799754,0.9198200634830123
741301007.0,2023-06-29T08:56:47.000,-2.1934229562314833,1.0813400223241842,1.003872335791911
741301027.0,2023-06-29T08:57:07.000,0.9399099231588437,0.34222611441370177,-1.033252457360856
741301047.0,2023-06-29T08:57:27.000,-0.022933579868489318,1.375053485908051,-0.8554667333848798
741301067.0,2023-06-29T08:57:47.000,-1.8926494891324808,0.8554461331300445,-1.0965558445930057
741301087.0,2023-06-29T08:58:07.000,-1.1822286444473917,0.7133602352160651,0.3387742946836525
741301107.0,2023-06-29T08:58:27.000,-0.4207985557669325,0.13743576963154425,0.20283597698123046
741301127.0,2023-06-29T08:58:47.000,-1.427549180466059,-0.2131669833649319,-0.8827737309480277
741301147.0,2023-06-29T08:59:07.000,-0.7315505879401663,0.8755009898053778,-1.2152402200205081
741301167.0,2023-06-29T08:59:27.000,-1.0885766015933385,0.2888586345450861,-0.40682504008904274
741301187.0,2023-06-29T08:59:47.000,-0.9710313497612866,1.1112337999774624,0.20963905548176953
741301207.0,2023-06-29T09:00:07.000,-0.7237188877518008,0.32700722359946255,-0.46055820007717685
741301227.0,2023-06-29T09:00:27.000,-0.5512109613747818,1.3575619752681511,0.022514158837250164
741301247.0,2023-06-29T09:00:47.000,0.6228985594325387,1.4261775377999442,-0.07674870892149244
741301267.0,2023-06-29T09:01:07.000,-1.0124206553774329,-0.8406417488115991,0.5182997462882533
741301287.0,2023-06-29T09:01:27.000,-1.0633443947360988,0.8746493394884425,-1.221337488377383
741301307.0,2023-06-29T09:01:47.000,-1.1857181990593268,0.9508384996026464,-1.7345038839544635
741301327.0,2023-06-29T09:02:07.000,0.2244484134217295,1.8148428467035238,-0.8981604395552623
741301347.0,2023-06-29T09:02:27.000,0.016384054046802987,1.1561792995995468,0.04295967808154444
741301367.0,2023-06-29T09:02:47.000,-1.0960652418012806,-0.4182332898339247,-1.1096871688542898
741301387.0,2023-06-29T09:03:07.000,-1.911161908363379,0.2099769486285652,0.6837126690473205
741301407.0,2023-06-29T09:03:27.000,-1.4996202698291938,0.548079269768742,0.42696376820750004
741301427.0,2023-06-29T09:03:47.000,-1.1742907585987616,-0.011647113706825252,-0.7287448546278164
741301447.0,2023-06-29T09:04:07.000,-1.2239582649398173,0.42887576713335207,0.4602138482301399
741301467.0,2023-06-29T09:04:27.000,-0.25979049781410524,0.9760419454996061,-0.4552957943992908
741301487.0,2023-06-29T09:04:47.000,-1.4979333786357962,1.2947051593825698,-0.04706201754967054
741301507.0,2023-06-29T09:05:07.000,-0.6144407061814405,1.5648555539704567,0.8548926942686386
741301527.0,2023-06-29T09:05:27.000,-1.1335105408960544,0.13558457183648898,-0.6750431950086622
741301547.0,2023-06-29T09:05:47.000,-1.498344871009305,1.4276397961809906,-1.1378584261478863
741301567.0,2023-06-29T09:06:07.000,-1.3599354587445767,0.6721074869320276,-0.9107775965078169
741301587.0,2023-06-29T09:06:27.000,-0.7193150564854811,1.4845931848861404,0.03717702692362934
741301607.0,2023-06-29T09:06:47.000,-1.036482329497268,1.2917026365522055,-1.4517777296663148
741301627.0,2023-06-29T09:07:07.000,-0.7629279055842986,0.49760058157266585,1.1420929645344913
741301647.0,2023-06-29T09:07:27.000,-1.2405371385137975,-0.002362568074509852,0.6551343922023278
741301667.0,2023-06-29T09:07:47.000,-0.7982842362808107,1.4152923412558138,-1.5205305590293428
741301687.0,2023-06-29T09:08:07.000,-1.4710516644145244,0.3740827906772992,-1.7332323462126986
741301707.0,2023-06-29T09:08:27.000,-1.7533217620102626,-0.24463829332299625,0.9048572164882529
741301727.0,2023-06-29T09:08:47.000,-1.15224151350235,1.0751659346164288,-0.3155632796736363
741301747.0,2023-06-29T09:09:07.000,-0.9588442820063214,0.037911497707820985,-0.6524415506525827
741301767.0,2023-06-29T09:09:27.000,-0.49599974450975637,0.8148277140351823,-0.6127229905117382
741301787.0,2023-06-29T09:09:47.000,0.010821985574338555,0.13337897356580086,-0.5158058839382917
741301807.0,2023-06-29T09:10:07.000,-0.8513101034446358,0.3442763621186451,-0.8646665972888989
741301827.0,2023-06-29T09:10:27.000,-1.330657731168916,1.2653687868846575,-0.6069127146512976
741301847.0,2023-06-29T09:10:47.000,-2.2210559503910154,1.4253396973362698,-0.29576516649143514
741301867.0,2023-06-29T09:11:07.000,-1.4687607468921726,0.7744744676907445,-0.8615427437463907
741301887.0,2023-06-29T09:11:27.000,-0.06841011700453592,0.686917689496358,-1.1490589824303399
741301907.0,2023-06-29T09:11:47.000,-0.5204682525294935,0.2093488228771534,-0.6595817653054503
741301927.0,2023-06-29T09:12:07.000,-0.14072416645305452,0.8962801339107429,0.02386104430707192
741301947.0,2023-06-29T09:12:27.000,-0.9175988616938469,-0.45525777720989424,0.15712654604094212
741301967.0,2023-06-29T09:12:47.000,-0.7858324888476709,0.7069126306324947,-2.3670624301308507
741301987.0,2023-06-29T09:13:07.000,-2.364871549653813,0.7003549332806891,0.21009301448549067
741302007.0,2023-06-29T09:13:27.000,1.6640650727373085,1.6064365441881279,-0.8170969182597076
741302027.0,2023-06-29T09:13:47.000,-0.6079768214872772,1.247414792826529,-0.9270585888621063
741302047.0,2023-06-29T09:14:07.000,0.029774643617308527,-0.5997335573493245,-0.21799625358198682
741302067.0,2023-06-29T09:14:27.000,-1.0947451249521123,-0.11647389459579216,-0.7405212415267926
741302087.0,2023-06-29T09:14:47.000,-0.7888379164544546,0.5297222721467598,-0.4219578838005056
741302107.0,2023-06-29T09:15:07.000,0.5001991197906008,1.0131189175588418,-1.6414914276507986
741302127.0,2023-06-29T09:15:27.000,-1.1163570598937689,0.9246688318031993,-1.289948669147556
741302147.0,2023-06-29T09:15:47.000,-1.9897852491679302,0.9522508892079173,0.164251183287778
741302167.0,2023-06-29T09:16:07.000,-0.9941959667192357,1.357401919099832,0.06732161385025748
741302187.0,2023-06-29T09:16:27.000,-0.09756213510403455,2.101808763099733,-0.07669594666026569
741302207.0,2023-06-29T09:16:47.000,-0.6529149427114689,2.1046051140172217,-1.0812205916255202
741302227.0,2023-06-29T09:17:07.000,0.8713956807460121,1.7881708986866585,-0.24738714063943235
741302247.0,2023-06-29T09:17:27.000,-2.0694674896737375,0.9844824392035711,-1.4357890393279504
741302267.0,2023-06-29T09:17:47.000,0.07074455058431184,-1.639172936285238,-1.0875788183040136
741302287.0,2023-06-29T09:18:07.000,-1.7350453559883405,2.1264237872853364,-0.5358445993253191
741302307.0,2023-06-29T09:18:27.000,-0.6313175086036793,0.9727357088151756,-1.7257800718817329
741302327.0,2023-06-29T09:18:47.000,-1.3362918700243753,0.9052849191948376,-1.6576850304428348
741302347.0,2023-06-29T09:19:07.000,-0.47822660784735405,0.6227756906840298,0.15648865619999341
741302367.0,2023-06-29T09:19:27.000,-1.4595533386563275,0.04639161098607403,-2.219049029961173
741302387.0,2023-06-29T09:19:47.000,0.423773700231056,0.9086294172733211,-1.1173641023765057
741302407.0,2023-06-29T09:20:07.000,-1.3681524948294665,0.5030044466947103,-1.4621747091769777
741302427.0,2023-06-29T09:20:27.000,0.25701879351469614,1.1098388580488283,-0.6106609921396888
741302447.0,2023-06-29T09:20:47.000,-1.1895437278530707,1.5509680332703724,-0.43270189148403304
741302467.0,2023-06-29T09:21:07.000,-0.10301365750420288,0.3482790061015706,-1.3512426130346533
741302487.0,2023-06-29T09:21:27.000,-2.8253469248507024,0.21765201910772802,-0.18157105832194986
741302507.0,2023-06-29T09:21:47.000,-2.5208905650941915,0.5131578821870875,-1.4308291179543353
741302527.0,2023-06-29T09:22:07.000,-1.4815193205897081,1.626088773565293,-0.03899178303568007
741302547.0,2023-06-29T09:22:27.000,0.9645001615044002,1.27493718339311,-2.070497025030704
741302567.0,2023-06-29T09:22:47.000,-1.0632743193905725,2.107925120953258,-0.9337474094261999
741302587.0,2023-06-29T09:23:07.000,-0.3892538480543273,1.9889493032221317,-2.0846483375525082
741302607.0,2023-06-29T09:23:27.000,-0.7354337194898086,1.8456739861449911,-0.2588286959426256
741302627.0,2023-06-29T09:23:47.000,0.19674733112706733,-0.67413771235314,-0.047237447553527545
741302647.0,2023-06-29T09:24:07.000,0.43936302116520665,1.4174570954650356,-0.038308919869667335
741302667.0,2023-06-29T09:24:27.000,0.20738042340040508,0.3221294771926786,-1.3926670302977229
741302687.0,2023-06-29T09:24:47.000,-0.9979263814630102,1.0939112008556684,-0.3777553263528688
741302707.0,2023-06-29T09:25:07.000,-1.7800943349688403,-0.16453922604409144,-2.675240986105276
741302727.0,2023-06-29T09:25:27.000,0.5254176614788442,0.286860088116736,-0.8580870408225749
741302747.0,2023-06-29T09:25:47.000,-1.9070741629545473,0.5587443266730219,-2.2837210441384315
741302767.0,2023-06-29T09:26:07.000,-1.1072165495451536,1.2544197242614352,-2.9658887554573354
741302787.0,2023-06-29T09:26:27.000,0.625600513259883,0.5841287475050194,0.0346332541312222
741302807.0,2023-06-29T09:26:47.000,-1.0078081548958728,0.8634422635211969,-0.1978326658158558
741302827.0,2023-06-29T09:27:07.000,-0.7522380050861699,0.6117437483577071,-1.0061013276496666
741302847.0,2023-06-29T09:27:27.000,-0.0364059341340095,0.6356314745881164,-0.4738152056038558
741302867.0,2023-06-29T09:27:47.000,-0.60284815985856,0.5476378052704511,-0.6792004353606274
741302887.0,2023-06-29T09:28:07.000,-0.10628261021272678,-0.2630957414262447,-0.25998988528730393
741302907.0,2023-06-29T09:28:27.000,-0.6236354978428338,0.6505821078861551,-2.3567157512172088
741302927.0,2023-06-29T09:28:47.000,0.5192931868180928,1.7844583888204646,-0.7450779617945713
741302947.0,2023-06-29T09:29:07.000,-0.9095479514220628,2.2003105218493246,-1.6269070358565507
741302967.0,2023-06-29T09:29:27.000,-0.6372631741635715,2.0660418554308,-2.1824603497089257
741302987.0,2023-06-29T09:29:47.000,-0.7977226571975748,1.5020168201873574,-0.43184379089344915
741303007.0,2023-06-29T09:30:07.000,-0.5848251900419932,0.519405154486563,-1.457134534632587
741303027.0,2023-06-29T09:30:27.000,0.1462016867237459,1.5947904548285763,-0.44460433844539793
741303047.0,2023-06-29T09:30:47.000,-1.2211831504682635,0.11838935681796059,-1.763948736011045
741303067.0,2023-06-29T09:31:07.000,-0.621129873867865,2.0730165404603262,-1.4513990703290958
741303087.0,2023-06-29T09:31:27.000,-0.6220626001640639,2.745706830065142,0.5863205509437641
741303107.0,2023-06-29T09:31:47.000,1.065515828402308,0.06341319029878889,-1.130653839420681
741303127.0,2023-06-29T09:32:07.000,0.013907576257299326,-0.6538864047556103,-1.569086410901921
741303147.0,2023-06-29T09:32:27.000,0.6320819170735348,0.6371782970915341,-1.428853748286496
741303167.0,2023-06-29T09:32:47.000,-0.021953514839356814,-1.036405076626501,-1.4466085881181812
741303187.0,2023-06-29T09:33:07.000,-0.8633026703175339,0.08201743147973062,-1.838230994621881
741303207.0,2023-06-29T09:33:27.000,-1.3082991285995327,0.9605534857182185,-1.6537023502238846
741303227.0,2023-06-29T09:33:47.000,-0.23199083191149938,1.683698574528325,-0.3307218302550652
741303247.0,2023-06-29T09:34:07.000,0.19162900756208856,1.7180565490604316,-1.658396432979714
741303267.0,2023-06-29T09:34:27.000,-0.11203688540240009,1.289151392935839,-1.062597813039634
741303287.0,2023-06-29T09:34:47.000,-0.7110033215851352,-0.26511760417013974,-1.8999537459651883
741303307.0,2023-06-29T09:35:07.000,-1.3619712280310559,0.305107918097125,-0.8098957428370746
741303327.0,2023-06-29T09:35:27.000,-0.3783553251035521,0.0685580580306322,-2.480990668707328
741303347.0,2023-06-29T09:35:47.000,-0.9452123226116882,1.0961776452877992,-2.6071572910901786
741303367.0,2023-06-29T09:36:07.000,-0.7733484779226529,-0.2699920087834151,-0.43835081364740347
741303387.0,2023-06-29T09:36:27.000,0.38065408485277175,-0.057846267342842594,-0.08195225051910171
741303407.0,2023-06-29T09:36:47.000,-0.6360859608034453,0.34913596533847624,-0.4789363821533499
741303427.0,2023-06-29T09:37:07.000,0.15519207282599368,0.16073134346816786,-0.065224520617857
741303447.0,2023-06-29T09:37:27.000,0.09415740647167326,0.36101616346373433,0.07220309004019043
741303467.0,2023-06-29T09:37:47.000,-1.2184165350648257,0.00399529149763822,-1.4284327710334388
741303487.0,2023-06-29T09:38:07.000,-0.08243407116914625,1.4624477375768663,1.2181628629814867
741303507.0,2023-06-29T09:38:27.000,-0.7369132475232298,0.15360966828525946,-1.1780122643689772
741303527.0,2023-06-29T09:38:47.000,0.6403661508391778,0.24358287067371975,-0.43310328673440424
741303547.0,2023-06-29T09:39:07.000,-1.3076922626753529,1.2517447186777275,-0.7182241732350825
741303567.0,2023-06-29T09:39:27.000,0.1480860966518449,0.27857923657892414,-1.5244487046039978
741303587.0,2023-06-29T09:39:47.000,0.4153092712066986,2.2708253692105274,-1.0322065814749593
741303607.0,2023-06-29T09:40:07.000,0.2982251590344376,0.5035858788637881,-1.1329343043708917
741303627.0,2023-06-29T09:40:27.000,-0.2566372884538204,1.4035938865175623,-1.1367232390369075
741303647.0,2023-06-29T09:40:47.000,0.7575384514679762,1.9466236553355998,-0.3569973450190389
741303667.0,2023-06-29T09:41:07.000,0.3384170993769864,0.2324346251469933,-1.8230999282886629
741303687.0,2023-06-29T09:41:27.000,-1.5101794648475497,1.4934964676305285,0.013344878369014879
741303707.0,2023-06-29T09:41:47.000,0.047408894243705646,-0.19603177228155744,-0.77777637590426
741303727.0,2023-06-29T09:42:07.000,-0.012388913028793525,1.1205988962426083,-0.6262823043168275
741303747.0,2023-06-29T09:42:27.000,0.6555354716386574,0.9651588923409449,-0.6124119299011355
741303767.0,2023-06-29T09:42:47.000,-0.6895503240400558,1.6572070664411243,-0.6107674746957947
741303787.0,2023-06-29T09:43:07.000,0.19380427672688327,1.4127722591461556,-0.4121106056076407
741303807.0,2023-06-29T09:43:27.000,-0.6143646801959335,1.6197651631633114,-1.7101775383498996
741303827.0,2023-06-29T09:43:47.000,0.48694626910705807,0.8717333825125628,-1.5082634219232283
741303847.0,2023-06-29T09:44:07.000,-0.04670702414832917,0.5512820118402928,-1.3680902448909293
741303867.0,2023-06-29T09:44:27.000,-0.9957632392310067,0.6190125858229756,-1.8657409897371302
741303887.0,2023-06-29T09:44:47.000,-0.33496454806547504,1.3759339380192692,-1.4269992194226866
741303907.0,2023-06-29T09:45:07.000,0.06133434383714942,0.8816656536514422,-1.6668692041643673
741303927.0,2023-06-29T09:45:27.000,0.08100472632666111,0.7501882672733551,-0.48779055907832714
741303947.0,2023-06-29T09:45:47.000,-0.21768246358799814,1.2228620427934267,-0.04554675576695644
741303967.0,2023-06-29T09:46:07.000,-0.5187737565193196,1.517108954030011,-2.3795290520989276
741303987.0,2023-06-29T09:46:27.000,-1.0845332408471187,0.3220017408711584,-2.0167513066216003
741304007.0,2023-06-29T09:46:47.000,0.9572465728413526,2.6678946706826245,-2.4325813182457523
741304027.0,2023-06-29T09:47:07.000,0.5216759660586767,0.7045890679568956,-1.6878106726569975
741304047.0,2023-06-29T09:47:27.000,0.2964283909667742,-0.30669301478436495,-1.4491899197000002
741304067.0,2023-06-29T09:47:47.000,1.0245257280550035,0.048175502720404495,-2.441136550734857
741304087.0,2023-06-29T09:48:07.000,-0.19516618131598662,-0.15812410687487954,-2.4604294710961483
741304107.0,2023-06-29T09:48:27.000,-1.303514015660312,0.4858587874689846,-1.2523011145071372
741304127.0,2023-06-29T09:48:47.000,-0.49713437076936984,1.6488816702020515,0.5921640814365858
741304147.0,2023-06-29T09:49:07.000,0.8542169027125901,0.005038392936196345,-1.642828370840288
741304167.0,2023-06-29T09:49:27.000,0.3126386141638626,0.9193695540865576,-0.6827655646857167
741304187.0,2023-06-29T09:49:47.000,-0.01838454022351499,0.5917154878409825,-1.1636085806232543
741304207.0,2023-06-29T09:50:07.000,0.19518550136155,1.2772716076137058,-3.2109699444671236
741304227.0,2023-06-29T09:50:27.000,-0.6010157915681269,-0.2123616344107404,-1.7756738509566716
741304247.0,2023-06-29T09:50:47.000,-0.5147782398351453,1.4689936960188277,-1.088544363780919
741304267.0,2023-06-29T09:51:07.000,-0.12623026207636556,1.4466312520888813,-1.8652793657314426
741304287.0,2023-06-29T09:51:27.000,-0.051286934299454856,0.8164383912601103,-1.506128247019678
741304307.0,2023-06-29T09:51:47.000,-0.47774663055610844,1.0240922785786921,-1.4315702154377163
741304327.0,2023-06-29T09:52:07.000,-0.7932644991215376,2.167927791885127,-1.0389798472232314
741304347.0,2023-06-29T09:52:27.000,-0.27693108589632587,2.0605071708201805,-0.49653777809410826
741304367.0,2023-06-29T09:52:47.000,-0.09544467103328458,0.4608134436367983,-1.201710168807768
741304387.0,2023-06-29T09:53:07.000,-0.4154584237303638,1.2037429427902424,-0.1692233449035463
741304407.0,2023-06-29T09:53:27.000,0.2045277605278173,0.6065406860433775,-0.38595677164243725
741304427.0,2023-06-29T09:53:47.000,-0.44362176812029475,0.1133902236105655,-0.4551504043659449
741304447.0,2023-06-29T09:54:07.000,-0.45196617002307704,-0.5176275970852906,-0.7250543418990674
741304467.0,2023-06-29T09:54:27.000,0.07143597543501912,0.6830398832202711,-1.6735804506562424
741304487.0,2023-06-29T09:54:47.000,0.5593425157046639,0.9980224712990982,-1.4743710055498127
741304507.0,2023-06-29T09:55:07.000,-0.6712266693464919,0.4472421521461989,-1.880009575050412
741304527.0,2023-06-29T09:55:27.000,-0.004027256195193729,0.5225133431929763,-1.7527417754847896
741304547.0,2023-06-29T09:55:47.000,0.40745305942557764,0.21113458771315763,-1.5181536313746413
741304567.0,2023-06-29T09:56:07.000,-0.38040755249157954,0.19188605974163053,-1.227307040330139
741304587.0,2023-06-29T09:56:27.000,-0.05275610671651165,0.6420861650702214,-1.2132889893767818
741304607.0,2023-06-29T09:56:47.000,-1.482136161234937,1.564080823024394,-0.8373678053619216
741304627.0,2023-06-29T09:57:07.000,-0.7518757239144414,1.3368666235691329,-1.5016943356482848
741304647.0,2023-06-29T09:57:27.000,0.2468612272599202,0.9538783441787047,-0.26218383747389495
741304667.0,2023-06-29T09:57:47.000,1.4215881369405992,1.05672823474956,-1.3753977176511611
741304687.0,2023-06-29T09:58:07.000,-0.15667278927544714,1.2325591655315549,-1.500547363630922
741304707.0,2023-06-29T09:58:27.000,1.328724219984423,-0.10217003206802744,-1.616783007674094
741304727.0,2023-06-29T09:58:47.000,0.30657249282528554,0.8800020347754511,-1.2891366945932958
741304747.0,2023-06-29T09:59:07.000,0.3224864149720119,0.6542238000339928,-1.8538199677009537
741304767.0,2023-06-29T09:59:27.000,-0.2947075312120795,0.19777171573753805,-1.7508406817690059
741304787.0,2023-06-29T09:59:47.000,-1.2228626537047482,0.9732694564612565,-1.1055207392862698
741304807.0,2023-06-29T10:00:07.000,-0.927208748746633,-1.4309253336564076,0.03329108428928862
741304827.0,2023-06-29T10:00:27.000,-0.868051072655529,-0.20062417244171016,-0.31166882701327836
741304847.0,2023-06-29T10:00:47.000,-0.3181577074462538,0.5037093684490124,-0.06632822907581826
741304867.0,2023-06-29T10:01:07.000,-1.1845475318628118,0.3374745748851993,-1.4732824660579347
741304887.0,2023-06-29T10:01:27.000,0.5004946468267768,-0.22098886357513337,-1.546713288813617
741304907.0,2023-06-29T10:01:47.000,0.05687563456868716,1.1526579358989153,-0.16170291892159128
741304927.0,2023-06-29T10:02:07.000,0.7983683971590771,-0.25852905566337014,-1.387184374201933
741304947.0,2023-06-29T10:02:27.000,-0.13947980017636752,0.7899117777543374,-0.10532586912637143
741304967.0,2023-06-29T10:02:47.000,-0.37955508442877317,0.8060580341529011,-1.023146528966734
741304987.0,2023-06-29T10:03:07.000,0.43915449357001535,0.6025746147386712,-1.529240701303447
741305007.0,2023-06-29T10:03:27.000,0.1135465260482249,0.5824716427849097,-0.1590343373991665
741305027.0,2023-06-29T10:03:47.000,0.19438629226264936,1.5756974681702118,-2.133526082037651
741305047.0,2023-06-29T10:04:07.000,0.13043570979975883,0.05981148153422211,-2.0150837465315874
741305067.0,2023-06-29T10:04:27.000,0.7229921145768259,0.7992502712994565,-0.5797004642316139
741305087.0,2023-06-29T10:04:47.000,0.7228974301498603,0.493743579987882,-2.290916668035159
741305107.0,2023-06-29T10:05:07.000,0.08721006663492403,1.1142534390828907,-1.9167848444801017
741305127.0,2023-06-29T10:05:27.000,1.041074734919878,0.7415544842181987,-0.8504325281322167
741305147.0,2023-06-29T10:05:47.000,-0.2909673924467171,0.766656257378262,-1.8547668616974988
741305167.0,2023-06-29T10:06:07.000,-0.14147137205045013,1.445312483827621,-2.4031571916438565
741305187.0,2023-06-29T10:06:27.000,0.5790629348023657,-0.9510743738561089,-0.8831709690237943
741305207.0,2023-06-29T10:06:47.000,-0.29412445379239927,1.277638279539861,-0.13812964309023457
741305227.0,2023-06-29T10:07:07.000,-0.10871144791035903,0.3828025944230262,-0.13978208627252187
741305247.0,2023-06-29T10:07:27.000,-0.9341623327219217,1.358804275697345,-1.87301504522841
741305267.0,2023-06-29T10:07:47.000,-0.4921282014236361,-0.32295720021613405,-1.8138601885486771
741305287.0,2023-06-29T10:08:07.000,-1.1210364484037783,0.07468716461955793,-1.7816865907960278
741305307.0,2023-06-29T10:08:27.000,0.09273463370540469,1.6052764265195307,-0.808317684253268
741305327.0,2023-06-29T10:08:47.000,0.10804162667854555,-0.145725146416531,-1.5624356862642408
741305347.0,2023-06-29T10:09:07.000,0.788586153577242,-0.1243176694920578,-2.925620272975493
741305367.0,2023-06-29T10:09:27.000,-1.159151907392797,0.2513235830448046,-0.4335035622471395
741305387.0,2023-06-29T10:09:47.000,0.051953917767910696,0.3992863759960663,-1.004281827565734
741305407.0,2023-06-29T10:10:07.000,0.8525344136312007,1.386522713808791,-2.510716620707232
741305427.0,2023-06-29T10:10:27.000,0.9216675846190903,-0.30668697904578934,-1.7126498512709531
741305447.0,2023-06-29T10:10:47.000,0.3083406275306011,0.5649767403581585,-1.7377977168275827
741305467.0,2023-06-29T10:11:07.000,1.2228622763399422,0.5033411094590434,-1.4411951219095442
741305487.0,2023-06-29T10:11:27.000,-0.346293089104055,0.9088911258281485,-1.9684761670024642
741305507.0,2023-06-29T10:11:47.000,0.5002872527914981,0.5132541141761315,-0.5680239365202233
741305527.0,2023-06-29T10:12:07.000,0.8320694289909447,0.2836558209318163,-1.8823231926479167
741305547.0,2023-06-29T10:12:27.000,-0.8469281734257983,0.08006317169240162,-1.56971272493589
741305567.0,2023-06-29T10:12:47.000,0.6230190767619881,1.3432000610769101,-0.1643637223991412
741305587.0,2023-06-29T10:13:07.000,1.2175631313837698,-0.1678937231242017,-1.6435230273725843
741305607.0,2023-06-29T10:13:27.000,0.19823207129121556,0.7120640216129459,-0.9464851720708545
741305627.0,2023-06-29T10:13:47.000,1.0022116984309548,0.3201060361779362,-2.0094110122825803
741305647.0,2023-06-29T10:14:07.000,0.7253075583135704,0.9162237951332308,-0.4043201402348373
741305667.0,2023-06-29T10:14:27.000,1.019581350614196,1.6296464035558955,-1.9591867403412344
741305687.0,2023-06-29T10:14:47.000,-0.16498505278628173,0.39964360207811467,0.2753262327792605
741305707.0,2023-06-29T10:15:07.000,1.1188089701352766,-0.1809578339506679,-1.3497256738603802
741305727.0,2023-06-29T10:15:27.000,0.585819771592444,-0.20639177760184424,-1.0273675087324463
741305747.0,2023-06-29T10:15:47.000,-0.6446094606094022,-0.23985210221288966,-1.1232164527474886
741305767.0,2023-06-29T10:16:07.000,0.015161908095695509,0.49098490000343276,-1.9042129634772031
741305787.0,2023-06-29T10:16:27.000,-0.37179883678462033,0.4996690460723485,-1.0047243769628622
741305807.0,2023-06-29T10:16:47.000,-0.25373840978337725,0.9175061783661675,-1.009011460584297
741305827.0,2023-06-29T10:17:07.000,0.47997220185003187,0.9744346128992554,-1.5005466826756297
741305847.0,2023-06-29T10:17:27.000,1.2617876904985614,1.4787346412359348,-1.661574968381263
741305867.0,2023-06-29T10:17:47.000,-1.3677396623279492,0.7611379388428041,-1.1596753600739973
741305887.0,2023-06-29T10:18:07.000,1.1123962340930937,-0.46150580260695406,-1.6450318121363772
741305907.0,2023-06-29T10:18:27.000,-0.5807838369564777,0.8594887927704242,-0.8257497884467391
741305927.0,2023-06-29T10:18:47.000,-0.4160602756320131,2.7654560358025826,-0.8699138174139698
741305947.0,2023-06-29T10:19:07.000,0.6837825374916839,0.22831683736956876,-1.7521503894779578
741305967.0,2023-06-29T10:19:27.000,-0.7456170112329907,-1.3343124838360865,-1.604534727084328
741305987.0,2023-06-29T10:19:47.000,0.6699621504235864,-0.008170948551100565,-1.3527466423024492
741306007.0,2023-06-29T10:20:07.000,0.3680181228093993,0.29092864833879517,-0.2401904752424855
741306027.0,2023-06-29T10:20:27.000,1.8975603779947114,-0.17436320171038133,-1.241517046102203
741306047.0,2023-06-29T10:20:47.000,0.6693000347945954,-0.18617050244751354,-1.8135167107025119
741306067.0,2023-06-29T10:21:07.000,0.2572398268396725,0.21971097218242974,-0.7819392815577864
741306087.0,2023-06-29T10:21:27.000,0.24873452644236238,-0.5862122223310173,-0.2899177656945362
741306107.0,2023-06-29T10:21:47.000,0.15438365046360758,1.202356923424297,-1.6447045259049276
741306127.0,2023-06-29T10:22:07.000,0.28522416894993796,0.015621357507544786,-1.076881901185267
741306147.0,2023-06-29T10:22:27.000,-1.4157880456000527,-0.8995404611189528,-0.9922615207491603
741306167.0,2023-06-29T10:22:47.000,0.2266339682255314,0.051708980497444657,-1.4618291671486539
741306187.0,2023-06-29T10:23:07.000,0.06509677830113247,0.2612462603579502,-1.6633035836988164
741306207.0,2023-06-29T10:23:27.000,0.23190227874669844,0.706721796384091,-1.9751118310540328
741306227.0,2023-06-29T10:23:47.000,-0.21195857259348472,2.9634679862389213,-1.0952411899078918
741306247.0,2023-06-29T10:24:07.000,-0.461806469298498,-0.33621309083464723,-0.6438375266593077
741306267.0,2023-06-29T10:24:27.000,0.406634529381833,-0.5296371857754778,-2.620195088332
741306287.0,2023-06-29T10:24:47.000,0.1108930597348845,-1.3463024539528412,-0.35611712418948116
741306307.0,2023-06-29T10:25:07.000,0.5871226085640835,-0.9693409768196659,-1.7173966658790008
741306327.0,2023-06-29T10:25:27.000,-0.7210682324565454,-0.5201992904435571,-0.770884976752928
741306347.0,2023-06-29T10:25:47.000,1.7153973602246353,0.8627858767429331,-1.6753011957026942
741306367.0,2023-06-29T10:26:07.000,1.3520157173818603,0.20121137639383946,-1.953237668972374
741306387.0,2023-06-29T10:26:27.000,0.21974020586457144,0.3048197753208193,-3.275462422558384
741306407.0,2023-06-29T10:26:47.000,1.047240723472953,-0.30258522614179384,-2.8772450916147996
741306427.0,2023-06-29T10:27:07.000,1.3728118618883123,-1.2508014661682942,-0.4400178880259453
741306447.0,2023-06-29T10:27:27.000,0.5438026889126313,0.8591498454002533,-3.1519020865955483
741306467.0,2023-06-29T10:27:47.000,-0.9716630889555766,0.23318195011556853,-1.4142887535095738
741306487.0,2023-06-29T10:28:07.000,2.2939778460795424,-0.42781413798209655,-1.5800620728811943
741306507.0,2023-06-29T10:28:27.000,0.6031799430261664,-0.18831116179729435,-0.9324084803252752
741306527.0,2023-06-29T10:28:47.000,1.3850368623002929,-0.8264685833037078,-0.7804433808544786
741306547.0,2023-06-29T10:29:07.000,0.40729567335473504,0.09656695936222093,-2.086479695118104
741306567.0,2023-06-29T10:29:27.000,0.36945475269112293,-0.06420940772411399,-1.9296109354693947
741306587.0,2023-06-29T10:29:47.000,1.8067059049498013,-0.8567625889077668,-0.4514404646105419
741306607.0,2023-06-29T10:30:07.000,0.7452676665464786,-0.12621865945749988,-1.5388712495956192
741306627.0,2023-06-29T10:30:27.000,1.4006810029498773,0.1799182467343563,-1.9970371223365646
741306647.0,2023-06-29T10:30:47.000,-1.0145561937235925,0.7930643942555271,-1.6543346633257627
741306667.0,2023-06-29T10:31:07.000,0.5227531932994189,-0.5722368066729544,-2.0363392933875346
741306687.0,2023-06-29T10:31:27.000,1.5982002447456622,-1.1601268222416472,-1.5641485472839278
741306707.0,2023-06-29T10:31:47.000,0.483621079749863,-0.9157144289506647,-0.6350231032681286
741306727.0,2023-06-29T10:32:07.000,-0.6708469001970307,0.37116956618232777,-0.8272962154332042
741306747.0,2023-06-29T10:32:27.000,1.0943070587021708,0.14653246116491658,-1.6085931050846547
741306767.0,2023-06-29T10:32:47.000,0.4311499035791755,-0.4785011200936218,-2.3642203817342278
741306787.0,2023-06-29T10:33:07.000,0.03837746843649015,0.22167524775795755,-1.7441529582273851
741306807.0,2023-06-29T10:33:27.000,2.7611103368019307,-0.024104886287013016,-1.8134674385494876
741306827.0,2023-06-29T10:33:47.000,0.49031157430823313,-0.42317722283025105,-0.7352261444326658
741306847.0,2023-06-29T10:34:07.000,0.9691622208429784,-0.13763028193780613,-2.2178653118376523
741306867.0,2023-06-29T10:34:27.000,0.9116620951821197,0.6336644504445488,-0.22142988339579617
741306887.0,2023-06-29T10:34:47.000,1.3054773075560355,0.7230703467309141,-1.5451013963607707
741306907.0,2023-06-29T10:35:07.000,0.24315992792622865,0.09611361716510558,-1.9266941650775138
741306927.0,2023-06-29T10:35:27.000,-0.4279192299505574,0.1413415086637393,-0.7658979335745109
741306947.0,2023-06-29T10:35:47.000,0.06767094834492227,-0.0037472480118871943,-1.887561835267615
741306967.0,2023-06-29T10:36:07.000,1.1112195839158012,0.4518044847579006,-2.6855683392112972
741306987.0,2023-06-29T10:36:27.000,1.031222094682871,-0.7672647974632518,-0.48709675669611485
741307007.0,2023-06-29T10:36:47.000,0.3974249330962465,0.30075297905440834,1.2359432686626093
741307027.0,2023-06-29T10:37:07.000,0.778610425666848,0.37755534632033516,-1.6078266745322978
741307047.0,2023-06-29T10:37:27.000,0.09694729525833168,1.5020025914025403,-1.1570020492679411
741307067.0,2023-06-29T10:37:47.000,1.6435170605455518,-1.3315200851238274,-0.05378644609699279
741307087.0,2023-06-29T10:38:07.000,1.5633721833108183,-0.20583867250678622,-0.7834798418371314
741307107.0,2023-06-29T10:38:27.000,1.4222294053123363,-0.12642016037345272,-0.888449326374996
741307127.0,2023-06-29T10:38:47.000,0.2136926400164718,-0.19795912812314853,0.202153907946645
741307147.0,2023-06-29T10:39:07.000,0.7137155054959265,0.20221600514069848,-1.2971379206416778
741307167.0,2023-06-29T10:39:27.000,0.4933816069030428,-1.2332581107998841,-0.6509555031009029
741307187.0,2023-06-29T10:39:47.000,1.1049062176526903,-0.5861732985001922,-1.9686674045948926
741307207.0,2023-06-29T10:40:07.000,1.2099927661823884,-0.004790713059588114,-1.7781530907368115
741307227.0,2023-06-29T10:40:27.000,1.0346187727550138,1.0668096481536438,-1.2772688312345792
741307247.0,2023-06-29T10:40:47.000,0.26886764178390976,-0.8030805125569529,-0.6788155104020532
741307267.0,2023-06-29T10:41:07.000,0.9569405717835267,0.4469406740370552,0.4387779126369118
741307287.0,2023-06-29T10:41:27.000,-0.9558442380264154,-0.4141788336298191,-2.18261236504258
741307307.0,2023-06-29T10:41:47.000,1.8542196250082021,-0.4140637807292791,-0.3555571094882026
741307327.0,2023-06-29T10:42:07.000,0.2505249535489362,-0.5524924006627963,-1.2936184578538068
741307347.0,2023-06-29T10:42:27.000,0.8306783177647326,-0.7768740445612821,-0.9102270944305602
741307367.0,2023-06-29T10:42:47.000,0.16927155670476424,-0.3021150314252985,-0.07941786871468182
741307387.0,2023-06-29T10:43:07.000,0.7145266753938451,-0.6628234644479036,-1.976380137180822
741307407.0,2023-06-29T10:43:27.000,0.21533008879304205,0.39125093008740564,-0.8257422493440636
741307427.0,2023-06-29T10:43:47.000,0.8068280167305986,-0.2545921061303247,-1.2871709180184432
741307447.0,2023-06-29T10:44:07.000,1.39143254891394,-0.7376660632330001,-1.101450353124811
741307467.0,2023-06-29T10:44:27.000,0.07675480437896454,-0.16306029836377078,-1.6811176050568477
741307487.0,2023-06-29T10:44:47.000,0.6896388996202596,-1.3807094449092006,-1.2224750270406481
741307507.0,2023-06-29T10:45:07.000,1.1754252046358715,-0.14995633331738034,-2.229020867183795
741307527.0,2023-06-29T10:45:27.000,-0.23889824355416422,-0.4113313733289381,-1.0718052357971963
741307547.0,2023-06-29T10:45:47.000,0.8328174494698359,-0.6759974924164247,0.12038740541120418
741307567.0,2023-06-29T10:46:07.000,1.7505578462140292,1.7503602283586162,-1.1122182857037366
741307587.0,2023-06-29T10:46:27.000,1.9034503968673455,-0.03250105151675342,-1.2827965480854964
741307607.0,2023-06-29T10:46:47.000,0.8500303223968331,0.8242008140979529,-1.2144723842921756
741307627.0,2023-06-29T10:47:07.000,2.2638760081572507,-0.6014580191560093,-0.8330437479164843
741307647.0,2023-06-29T10:47:27.000,0.599286687474887,-1.4061930178943527,-1.9894419669319596
741307667.0,2023-06-29T10:47:47.000,-1.350036324232473,-0.8119385968896609,-0.10561705303668845
741307687.0,2023-06-29T10:48:07.000,1.3639152708910807,-0.5668221303323229,-1.0712426824599497
741307707.0,2023-06-29T10:48:27.000,1.6561433109574253,-1.8820651425000001,-1.5344368565428645
741307727.0,2023-06-29T10:48:47.000,0.24087122080240775,-0.8679289261293022,-0.1701893521111053
741307747.0,2023-06-29T10:49:07.000,1.8612699621889384,-0.46899763586072396,-1.1034666810960658
741307767.0,2023-06-29T10:49:27.000,0.30584155747970243,0.19350929392203398,-2.0205202688639012
741307787.0,2023-06-29T10:49:47.000,0.9995000656459752,-0.44451674318102263,-0.009494838049128873
741307807.0,2023-06-29T10:50:07.000,1.0499221651083523,0.05070600602730124,-1.3822611833802512
741307827.0,2023-06-29T10:50:27.000,0.21229348275975113,0.4757392650156511,-1.8252928652207068
741307847.0,2023-06-29T10:50:47.000,1.2115987838678954,-0.5096697579975995,-1.5750130059832834
741307867.0,2023-06-29T10:51:07.000,-0.13626268776656403,-1.029219756321087,-1.983147598805246
741307887.0,2023-06-29T10:51:27.000,-0.4147250004082892,-0.341057849595483,-2.510206403139037
741307907.0,2023-06-29T10:51:47.000,2.539354504538238,0.12706415416507966,-1.1306125753618446
741307927.0,2023-06-29T10:52:07.000,-0.8654346006164992,-1.923173551943158,-1.85680984704506
741307947.0,2023-06-29T10:52:27.000,1.0872530749717058,-0.48365090186131,-2.300308405123186
741307967.0,2023-06-29T10:52:47.000,0.05404448765178316,-1.6377002687306685,0.17642669848383363
741307987.0,2023-06-29T10:53:07.000,1.183685481231933,-0.16876409879573728,-0.976592967194545
741308007.0,2023-06-29T10:53:27.000,1.566627195870307,-1.2694166951598973,-0.8576268749838079
741308027.0,2023-06-29T10:53:47.000,-1.0732036063831885,-0.6978653303568727,-2.266478330914534
741308047.0,2023-06-29T10:54:07.000,1.5980853743657875,-1.7282035222221381,-0.8905382112067706
741308067.0,2023-06-29T10:54:27.000,0.021342785672118225,-1.8191381672361118,-2.0033742677116884
741308087.0,2023-06-29T10:54:47.000,0.3938096643452127,0.7697729016209465,-1.5420751553030243
741308107.0,2023-06-29T10:55:07.000,-0.0773867157688457,-0.09422648294954428,-0.4328391107533136
741308127.0,2023-06-29T10:55:27.000,0.3754906479414011,0.655796999238234,-1.2857395124576954
741308147.0,2023-06-29T10:55:47.000,1.4014095091718914,-0.0975348177889579,-1.7498572406071666
741308167.0,2023-06-29T10:56:07.000,1.2497022654378576,0.6128364080537629,0.025166422579214753
741308187.0,2023-06-29T10:56:27.000,1.4421574779377444,-0.2306876468849417,-0.9234592478035708
741308207.0,2023-06-29T10:56:47.000,-0.8199060496205668,-0.9608152475970577,-0.2318398681366851
741308227.0,2023-06-29T10:57:07.000,0.4122728843647394,0.329740321181049,-0.2741550517604274
741308247.0,2023-06-29T10:57:27.000,1.4135093704181756,-0.3242180235285552,-1.8502771372386206
741308267.0,2023-06-29T10:57:47.000,0.3716308711765315,-1.6504398099526085,0.3289794556105008
741308287.0,2023-06-29T10:58:07.000,0.5320339638847926,-0.6968050769051715,-1.0874246728409531
741308307.0,2023-06-29T10:58:27.000,0.5507134945070824,-0.7308240822512246,-0.708765795620625
741308327.0,2023-06-29T10:58:47.000,1.1094495870667131,-0.8028884523558766,-0.7113919888168674
741308347.0,2023-06-29T10:59:07.000,1.3316770343108075,0.01877923426762962,-0.9946340828292932
741308367.0,2023-06-29T10:59:27.000,0.8601136594954539,-0.40506228751180373,-0.031148377244161196
741308387.0,2023-06-29T10:59:47.000,0.15413913608819385,0.9496824443844254,-1.5332345068896913
741308407.0,2023-06-29T11:00:07.000,2.706119535156315,-1.5024524471551892,-1.2535685482983894
741308427.0,2023-06-29T11:00:27.000,0.41078772430314103,-1.058232239969925,-1.319460081161683
741308447.0,2023-06-29T11:00:47.000,0.6046327194919598,-0.053836253854910865,-3.154990544085301
741308467.0,2023-06-29T11:01:07.000,1.6276593765796044,-0.5149478089938597,-2.476189143763019
741308487.0,2023-06-29T11:01:27.000,0.5059233296633714,-0.5553477355979552,-1.80745505179436
741308507.0,2023-06-29T11:01:47.000,0.13402418708174935,-0.3861932664328549,-0.762433225953707
741308527.0,2023-06-29T11:02:07.000,1.0221294341583587,-0.3909605740815003,-1.7286200704846877
741308547.0,2023-06-29T11:02:27.000,0.4082657449777649,-0.6370211836359552,-1.8674040665800362
741308567.0,2023-06-29T11:02:47.000,0.6467968837853277,-0.9885427049938222,-0.2885559511334179
741308587.0,2023-06-29T11:03:07.000,-0.18896256053224647,-2.8394298495104664,-1.5413006958064912
741308607.0,2023-06-29T11:03:27.000,1.2583155327039464,0.052748758927467776,-2.5028166674823105
741308627.0,2023-06-29T11:03:47.000,-0.25193270449808125,-0.40435840419350555,-2.016690442740998
741308647.0,2023-06-29T11:04:07.000,-0.33643105514791216,-0.5307244683394607,-2.878079338752837
741308667.0,2023-06-29T11:04:27.000,1.601032121345547,-0.0456538027382436,-0.9503975475610993
741308687.0,2023-06-29T11:04:47.000,0.16252988984666317,-1.1058422446086347,-1.1191591751336105
741308707.0,2023-06-29T11:05:07.000,0.9699403236251847,0.1697084430651863,-1.722273848669964
741308727.0,2023-06-29T11:05:27.000,-0.07541766324781207,-0.6880672840825497,-0.9022309627071401
741308747.0,2023-06-29T11:05:47.000,1.1807624891169155,-0.8999603722914529,-0.21173462979584556
741308767.0,2023-06-29T11:06:07.000,1.9947559163457917,-0.9437617176422108,-2.3653291678971122
741308787.0,2023-06-29T11:06:27.000,-0.3146272163800923,-0.44842170979775275,-0.9221880706400398
741308807.0,2023-06-29T11:06:47.000,-0.005501245858852144,-1.36915404886917,-0.5844328463511239
741308827.0,2023-06-29T11:07:07.000,1.1771950493399963,-0.7462240663724806,-1.498867535054682
741308847.0,2023-06-29T11:07:27.000,1.5211135804937825,-0.9139722343953771,-1.0386521530847403
741308867.0,2023-06-29T11:07:47.000,0.9139901578580911,-0.3946655441788849,-2.1542655173734104
741308887.0,2023-06-29T11:08:07.000,1.3423036358428675,-0.8918047185391131,-2.1185434588621987
741308907.0,2023-06-29T11:08:27.000,0.5412976589624918,0.1522638614193106,-0.8576419908257193
741308927.0,2023-06-29T11:08:47.000,-0.36714662413617205,-1.5277629001220205,-1.3223415134544503
741308947.0,2023-06-29T11:09:07.000,2.0897122530061374,-1.4020493026234426,-1.2369537521594864
741308967.0,2023-06-29T11:09:27.000,0.6612774455683201,-1.1655168789093118,-0.6956619877485082
741308987.0,2023-06-29T11:09:47.000,0.8949272481406645,0.5306290473017228,-0.703098946397418
741309007.0,2023-06-29T11:10:07.000,0.20047950030077644,-0.1506984319332716,-1.0869118759360141
741309027.0,2023-06-29T11:10:27.000,1.2659769487055605,-0.23154423748339426,-1.4634446407035817
741309047.0,2023-06-29T11:10:47.000,2.5038128431242868,-0.03288249792454678,-0.5943868634283866
741309067.0,2023-06-29T11:11:07.000,0.7758890839482113,-1.709719327713799,-1.5164697387159976
741309087.0,2023-06-29T11:11:27.000,0.2633863410372861,-1.731772835533718,-0.7376362654687441
741309107.0,2023-06-29T11:11:47.000,2.312036956086949,-0.28481541591851567,-1.1730017434707918
741309127.0,2023-06-29T11:12:07.000,1.5070511197978753,-0.24141121721665826,-0.5642973247010907
741309147.0,2023-06-29T11:12:27.000,1.5087195324059444,-2.195285306605399,-1.83953224419664
741309167.0,2023-06-29T11:12:47.000,1.6861828086467412,-0.9628338560108141,-1.8186271487752315
741309187.0,2023-06-29T11:13:07.000,2.293413559528723,-0.379522254023712,-1.7594587696789787
741309207.0,2023-06-29T11:13:27.000,0.4677228446547943,-0.07991251890215878,-2.4735444084988956
741309227.0,2023-06-29T11:13:47.000,0.6294119373029261,-0.18680056451669813,-1.226770305140512
741309247.0,2023-06-29T11:14:07.000,1.428142982540237,-0.7007227782018788,-2.668466120936408
741309267.0,2023-06-29T11:14:27.000,0.17328913097802712,-0.17731111735530547,-1.2106470657635704
741309287.0,2023-06-29T11:14:47.000,-0.01775199670595029,-0.9170598676444541,-2.042980912908554
741309307.0,2023-06-29T11:15:07.000,1.1940713914970758,-0.8097926352812479,-0.6574368717093826
741309327.0,2023-06-29T11:15:27.000,2.332900059764942,-0.9997777614789705,-0.694136962975378
741309347.0,2023-06-29T11:15:47.000,0.37898455750307036,-0.22122885290354333,-1.591271612311207
741309367.0,2023-06-29T11:16:07.000,1.2712707541329138,-1.140045093495079,-0.707607169658786
741309387.0,2023-06-29T11:16:27.000,1.3736743592951406,-0.820291221848013,-1.8323674540021706
741309407.0,2023-06-29T11:16:47.000,0.8190036906663423,-0.14447238712023136,-0.5971475330879272
741309427.0,2023-06-29T11:17:07.000,2.1570951914351433,-1.2882526896573765,-0.9761869859792327
741309447.0,2023-06-29T11:17:27.000,0.9579879004739666,-2.3500198001569217,-0.8638061833154964
741309467.0,2023-06-29T11:17:47.000,0.0013746538241043993,-0.7327214531782644,-1.3891264975307571
741309487.0,2023-06-29T11:18:07.000,2.565956325883967,-1.416484190941425,-0.6532491788502348
741309507.0,2023-06-29T11:18:27.000,0.26813294294880663,0.15617722971539294,-0.8210320885493338
741309527.0,2023-06-29T11:18:47.000,0.8421899383215248,-0.722914085826698,-1.7316373893128123
741309547.0,2023-06-29T11:19:07.000,-0.3011987858125842,-1.1945828243598022,-1.0645372930828678
741309567.0,2023-06-29T11:19:27.000,0.4855162997308149,-0.27666367526935076,-2.5643962780930174
741309587.0,2023-06-29T11:19:47.000,1.1343169610933401,-0.5549459268450185,-0.7651744930337046
